question_id,dataset,question,conflict_type,correct_answer,exclusion_flag,doc_id,date,url,supported_answer,label,text
qacc-0002,qacc,Who is the only bowler to have taken a hattrick in both meaning of a test match?,misinformation,Wasim Akram,no_valid_conflict_pair,0,,en.wikipedia.org,,noise,"Australian Peter Siddle is the only bowler to take a hat-trick on his birthday, and Bangladeshi off spinner Sohag Gazi is the only player to score a century and ..."
qacc-0002,qacc,Who is the only bowler to have taken a hattrick in both meaning of a test match?,misinformation,Wasim Akram,no_valid_conflict_pair,1,,www.quora.com,,noise,"Pathan, who called time on his playing career last year, became the first bowler to take a hat-trick in the opening over of a Test match on January 29, 2006."
qacc-0002,qacc,Who is the only bowler to have taken a hattrick in both meaning of a test match?,misinformation,Wasim Akram,no_valid_conflict_pair,2,,en.wikipedia.org,,noise,Sri Lanka's Lasith Malinga is the only bowler to take three hat-tricks in a single form of international cricket with his three in ODIs. Four players have taken ...
qacc-0002,qacc,Who is the only bowler to have taken a hattrick in both meaning of a test match?,misinformation,Wasim Akram,no_valid_conflict_pair,3,,www.quora.com,,noise,The incident of taking a hattrick twice in the same test match has happened only once when Australian legspinner Jimmy Matthews took hattricks against South ...
qacc-0002,qacc,Who is the only bowler to have taken a hattrick in both meaning of a test match?,misinformation,Wasim Akram,no_valid_conflict_pair,4,,www.espncricinfo.com,,noise,"Feb 11, 2020 ... Is Rubel Hossain's bowling average the worst of all time for players who have played at least 20 Tests? asked Shardul Rawat from India"
qacc-0002,qacc,Who is the only bowler to have taken a hattrick in both meaning of a test match?,misinformation,Wasim Akram,no_valid_conflict_pair,5,,sports.stackexchange.com,,noise,"Feb 27, 2013 ... Only wickets attributed to the bowler count towards a hat-trick; ... over two different innings and becoming the only player in Test cricket ..."
qacc-0002,qacc,Who is the only bowler to have taken a hattrick in both meaning of a test match?,misinformation,Wasim Akram,no_valid_conflict_pair,6,,www.espncricinfo.com,Wasim Akram,correct,"Apr 9, 2020 ... Wasim Akram is the only bowler, apart from Malinga, to take more than two hat-tricks. He has four in international matches - two each in Tests ..."
qacc-0002,qacc,Who is the only bowler to have taken a hattrick in both meaning of a test match?,misinformation,Wasim Akram,no_valid_conflict_pair,7,,bleacherreport.com,,noise,"2, 1879, Frederick Spofforth claimed the first hat-trick in Test history. ... it had been a long way to travel to be beaten by 10 wickets in a one-off match ..."
qacc-0002,qacc,Who is the only bowler to have taken a hattrick in both meaning of a test match?,misinformation,Wasim Akram,no_valid_conflict_pair,8,,www.espncricinfo.com,Wasim Akram,correct,"Feb 1, 2006 ... Akram and Mohammad Sami are the only bowlers to take hat-tricks in both Tests and one-day internationals. Akram has a remarkable total of four ..."
qacc-0002,qacc,Who is the only bowler to have taken a hattrick in both meaning of a test match?,misinformation,Wasim Akram,no_valid_conflict_pair,9,,www.cricketweb.net,,noise,"I can remember reading somewhere that if you take a wicket with the last ball of a Test, and then say take two wickets with your next two balls in the next ..."
qacc-0014,qacc,Who plays nick dad in freaks and geeks?,misinformation,Mr. Andopolis,,0,,www.imdb.com,,noise,"Harold Weir tells Nick that Neil Peart couldn't drum his way out of a paper bag, and plays him some Buddy Rich to show him real drumming. In real life, Neil ..."
qacc-0014,qacc,Who plays nick dad in freaks and geeks?,misinformation,Mr. Andopolis,,1,,freaksandgeeks.fandom.com,Kevin Tighe,conflict,He is portrayed by Kevin Tighe. Advertisement. Character. Nick's father is a ...
qacc-0014,qacc,Who plays nick dad in freaks and geeks?,misinformation,Mr. Andopolis,,2,,en.wikipedia.org,,noise,"Sam McMurray as Dr. Vic Schweiber, Neal's father. He is initially liked by Neal, Sam, and Bill as he shares their sense of humour and television program ..."
qacc-0014,qacc,Who plays nick dad in freaks and geeks?,misinformation,Mr. Andopolis,,3,,www.rollingstone.com,,noise,"Jan 10, 2020 ... On 1999's Freaks and Geeks, he played Nick, an aspiring rock drummer ... True to his “straight dad” character, Mr. Weir tells him that Peart ..."
qacc-0014,qacc,Who plays nick dad in freaks and geeks?,misinformation,Mr. Andopolis,,4,,ew.com,,noise,"Jan 27, 2023 ... Baker found her other half in Joe Flaherty, who played Jean's husband, Harold Weir. The stereotypically traditional father watched over Lindsay ..."
qacc-0014,qacc,Who plays nick dad in freaks and geeks?,misinformation,Mr. Andopolis,,5,,criticallytouched.wordpress.com,,noise,"Apr 28, 2013 ... More setup ensues as Sam tells Bill, who ends up spilling the beans to Neal. Neal, we can tell, clearly looks up to and admires his father. A ..."
qacc-0014,qacc,Who plays nick dad in freaks and geeks?,misinformation,Mr. Andopolis,,6,,eclairefare.wordpress.com,Kevin Tighe,conflict,"Oct 28, 2009 ... Kevin Tighe, Locke's con artist father on Lost, played Nick's similarly heartless and cruel dad (he sold Nick's drum set without asking – that's ..."
qacc-0014,qacc,Who plays nick dad in freaks and geeks?,misinformation,Mr. Andopolis,,7,,criticallytouched.wordpress.com,,noise,"Jun 2, 2013 ... But here, Harold connects with Nick because he offers him advice that Nick's father didn't. Whereas Mr. Andopolis brushed away Nick's ambitions ..."
qacc-0014,qacc,Who plays nick dad in freaks and geeks?,misinformation,Mr. Andopolis,,8,,www.charactour.com,Mr. Andopolis,correct,"Grew up… under the iron fist of his strict father in Chippewa, Mich. Mr. Andopolis wants a respectable life for Nick, who seems to be far more interested in ..."
qacc-0036,qacc,Where was the biggest gold nugget ever found?,misinformation,"Moliagul, Victoria, Australia",,0,,en.wikipedia.org,"Moliagul, Victoria, Australia",correct,"Considered by most authorities to be the biggest gold nugget ever found, the Welcome Stranger was found at Moliagul, Victoria, Australia, in 1869 by John ..."
qacc-0036,qacc,Where was the biggest gold nugget ever found?,misinformation,"Moliagul, Victoria, Australia",,1,,www.bullionbypost.com,Serra Pelada,conflict,The biggest gold nuggets · 1) Pepita Canaã – 60.82kg. The Pepita Canaã is the world's largest gold nugget and was found in the Serra Pelada – the 'Naked Mountain ...
qacc-0036,qacc,Where was the biggest gold nugget ever found?,misinformation,"Moliagul, Victoria, Australia",,2,,www.goldindustrygroup.com.au,,noise,"Nov 20, 2020 ... Holtermann 'Nugget': 10,229oz. While the Welcome Stranger is the largest gold nugget ever discovered, the single biggest gold specimen ever ..."
qacc-0036,qacc,Where was the biggest gold nugget ever found?,misinformation,"Moliagul, Victoria, Australia",,3,,a-z-animals.com,,noise,"Jun 9, 2023 ... The largest gold nugget ever found was named “Welcome Stranger” and weighed 3,523.5 troy ounces when it was first pulled from the ground and ..."
qacc-0036,qacc,Where was the biggest gold nugget ever found?,misinformation,"Moliagul, Victoria, Australia",,4,,www.iflscience.com,"Moliagul, Victoria, Australia",correct,"Feb 2, 2023 ... The world's largest gold nugget was found on February 5, 1869, in Victoria, Australia. Two Cornish miners called John Deason and Richard Oats ..."
qacc-0036,qacc,Where was the biggest gold nugget ever found?,misinformation,"Moliagul, Victoria, Australia",,5,,www.bbc.com,"Moliagul, Victoria, Australia",correct,"Feb 5, 2019 ... In the 1850s and 1860s, Moliagul - where the nugget was found lodged in the roots of a tree - was a booming gold rush town with 11 pubs. Rachel ..."
qacc-0036,qacc,Where was the biggest gold nugget ever found?,misinformation,"Moliagul, Victoria, Australia",,6,,rockseeker.com,,noise,"The Pepita Canaã is the third largest gold nugget ever to be found in the world, however, it does currently take the top spot of being the largest gold ..."
qacc-0036,qacc,Where was the biggest gold nugget ever found?,misinformation,"Moliagul, Victoria, Australia",,7,,www.cnn.com,,noise,"Dec 4, 2019 ... A gold-hunter claims to have found the UK's largest gold nugget, weighing a hefty 121.3 grams (4.28 ounces), in a Scottish river."
qacc-0036,qacc,Where was the biggest gold nugget ever found?,misinformation,"Moliagul, Victoria, Australia",,8,,www.goldennugget.com,,noise,"The Hand of Faith is the biggest golden nugget in existence, the second-biggest ever discovered, and the biggest ever found with a metal detector."
qacc-0036,qacc,Where was the biggest gold nugget ever found?,misinformation,"Moliagul, Victoria, Australia",,9,,www.worldrecordacademy.org,"Moliagul, Victoria, Australia",correct,"Jan 30, 2023 ... ""Appropriately located in the Golden Nugget Hotel & Casino in downtown Las Vegas is the world's largest gold nugget. Discovered in Victoria, ..."
qacc-0049,qacc,When did the british first use gas in ww1?,outdated,25 September 1915,soft_conflict,0,,www.iwm.org.uk,September 1915,conflict,"In the first British gas attack, at Loos in September 1915, much of the gas was blown back into the faces of the British troops. From 1916, gas was employed ..."
qacc-0049,qacc,When did the british first use gas in ww1?,outdated,25 September 1915,soft_conflict,1,,www.bbc.com,,noise,"Jan 30, 2015 ... On the British side, Lt Gen Charles Ferguson noted that Britain had not been the first to use gas, but still dismissed it as ""a cowardly ..."
qacc-0049,qacc,When did the british first use gas in ww1?,outdated,25 September 1915,soft_conflict,2,,www.kumc.edu,,noise,Several chemicals were weaponized in WWI and France actually was the first to use gas - they deployed tear gas in August 1914. The agent used was either xylyl ...
qacc-0049,qacc,When did the british first use gas in ww1?,outdated,25 September 1915,soft_conflict,3,,en.wikipedia.org,25 September 1915,correct,"The first use of gas by the British was at the Battle of Loos, 25 September 1915, but the attempt was a disaster. Chlorine, codenamed Red Star, was the agent to ..."
qacc-0049,qacc,When did the british first use gas in ww1?,outdated,25 September 1915,soft_conflict,4,,www.ncbi.nlm.nih.gov,,noise,The order to release the gas was entrusted to German military ... The Germans' first use of gas mirrored their initial emphasis on the offensive aspects of ...
qacc-0049,qacc,When did the british first use gas in ww1?,outdated,25 September 1915,soft_conflict,5,,sciencehistory.org,,noise,"May 12, 2015 ... The British military uses chemical weapons for the first time against the Germans at the Battle of Loos. They release chlorine gas from ..."
qacc-0049,qacc,When did the british first use gas in ww1?,outdated,25 September 1915,soft_conflict,6,,en.wikipedia.org,,noise,Chemical weapons were widely used by the United Kingdom in World War I. The use of poison gas was suggested by Winston Churchill and others in Mesopotamia ...
qacc-0049,qacc,When did the british first use gas in ww1?,outdated,25 September 1915,soft_conflict,7,,www.loc.gov,,noise,"World War I was less than one year old when British writer H. G. Wells lamented ... A few weeks after the Germans first used poison gas in Ypres, Belgium, ..."
qacc-0049,qacc,When did the british first use gas in ww1?,outdated,25 September 1915,soft_conflict,8,,www.history.com,,noise,"Feb 9, 2010 ... This was the first major gas attack by the Germans, and it devastated the Allied line. Toxic smoke has been used occasionally in warfare ..."
qacc-0053,qacc,When did nigeria change its currency from pounds to naira?,misinformation,1 January 1973,no_valid_conflict_pair,0,,www.cbn.gov.ng,1973,conflict,"Sequel to the decision by the government to change from the metric to decimal, the name of the Nigerian currency was changed in January, 1973. The major unit of ..."
qacc-0053,qacc,When did nigeria change its currency from pounds to naira?,misinformation,1 January 1973,no_valid_conflict_pair,1,,en.wikipedia.org,1973,conflict,"The naira was introduced on 1 January 1973, replacing the Nigerian pound at a rate of £1 = ₦2. The coins of the new currency were the first coins issued by an ..."
qacc-0053,qacc,When did nigeria change its currency from pounds to naira?,misinformation,1 January 1973,no_valid_conflict_pair,2,,www.cbn.gov.ng,,noise,"The pounds and shillings were changed to Naira (N) and kobo (k),and four denominations of notes were issued as follows: 50 kobo; N1; N5 and N10."
qacc-0053,qacc,When did nigeria change its currency from pounds to naira?,misinformation,1 January 1973,no_valid_conflict_pair,3,,www.bbc.com,,noise,"Oct 28, 2022 ... D﻿is tori go chook eye inside how Nigeria naira don change through ... Naira and di major unit of currency wey used to be one pound £1 stop ..."
qacc-0053,qacc,When did nigeria change its currency from pounds to naira?,misinformation,1 January 1973,no_valid_conflict_pair,4,,www.reuters.com,,noise,"Jun 14, 2023 ... Nigeria's central bank allowed the naira currency to drop as much as 36% ... the exchange rate and scrapping a costly subsidy were the most ..."
qacc-0053,qacc,When did nigeria change its currency from pounds to naira?,misinformation,1 January 1973,no_valid_conflict_pair,5,,www.aljazeera.com,,noise,"Jun 14, 2023 ... A money changer counts Nigerian naira at a bureau de change, in Lagos, ... The new rate is equivalent to the black market rate which has ..."
qacc-0053,qacc,When did nigeria change its currency from pounds to naira?,misinformation,1 January 1973,no_valid_conflict_pair,6,,www.britannica.com,1973,conflict,"naira, monetary unit of Nigeria. The naira is divided into 100 kobo. The naira was introduced in 1973, when the country decimalized its monetary system and ..."
qacc-0053,qacc,When did nigeria change its currency from pounds to naira?,misinformation,1 January 1973,no_valid_conflict_pair,7,,dailytrust.com,1973,conflict,"Oct 31, 2022 ... 1973: The name of the Nigerian currency was changed from pound to naira ... 1979: Three new banknotes were introduced, one naira, five naira ..."
qacc-0053,qacc,When did nigeria change its currency from pounds to naira?,misinformation,1 January 1973,no_valid_conflict_pair,8,,www.ft.com,,noise,"Jun 14, 2023 ... Nigeria has abandoned its years-long currency peg and allowed the naira ... with the naira actually changing hands at local banks at about ..."
qacc-0054,qacc,When did india win the cricket world cup?,misinformation,"1983, 2011",gold_not_in_candidates,0,,en.wikipedia.org,1983,conflict,"The Indian cricket team is a two-time world champion. In addition to winning the 1983 Cricket World Cup, India was also the first country to win the Cricket ..."
qacc-0054,qacc,When did india win the cricket world cup?,misinformation,"1983, 2011",gold_not_in_candidates,1,,www.wsj.com,2011,conflict,"Apr 3, 2011 ... India won the Cricket World Cup Saturday, beating Sri Lanka by six wickets in Mumbai and sending this cricket-mad nation into a frenzy on a ..."
qacc-0054,qacc,When did india win the cricket world cup?,misinformation,"1983, 2011",gold_not_in_candidates,2,,en.wikipedia.org,,noise,"India won the tournament, defeating Sri Lanka by 6 wickets in the final at Wankhede Stadium in Mumbai, thus becoming the first country to win the Cricket World ..."
qacc-0054,qacc,When did india win the cricket world cup?,misinformation,"1983, 2011",gold_not_in_candidates,3,,www.sportsadda.com,,noise,"Jan 1, 2023 ... India have won two ODI World Cups and one T20 World Cup so far. ... The Indian cricket team is one of the most successful sides in the history of ..."
qacc-0054,qacc,When did india win the cricket world cup?,misinformation,"1983, 2011",gold_not_in_candidates,4,,www.mpl.live,1983,conflict,"May 2, 2022 ... India have won three ICC World Cups so far. They are two-time Cricket World Cup winners, doing so in 1983 and 2011. India also won the inaugural ..."
qacc-0054,qacc,When did india win the cricket world cup?,misinformation,"1983, 2011",gold_not_in_candidates,5,,byjusexamprep.com,1983,conflict,"Jun 27, 2023 ... How many times did India win the World Cup? Indian cricket team won two times in World Cup Events; one was in 1983 under Kapil dev captaincy and ..."
qacc-0054,qacc,When did india win the cricket world cup?,misinformation,"1983, 2011",gold_not_in_candidates,6,,olympics.com,,noise,"May 26, 2023 ... Australia have won the Women's ODI Cricket World Cup the most times with seven titles. India are yet to be crowned world champions."
qacc-0054,qacc,When did india win the cricket world cup?,misinformation,"1983, 2011",gold_not_in_candidates,7,,www.britannica.com,2011,conflict,"7 days ago ... Recent News ; 2011, India, 277–4, Sri Lanka, 274–6 ; 2015, Australia, 186–3, New Zealand, 183 ..."
qacc-0054,qacc,When did india win the cricket world cup?,misinformation,"1983, 2011",gold_not_in_candidates,8,,www.theguardian.com,1983,conflict,"Aug 8, 2018 ... I was four. It was 25 June 1983 – the day India won the World Cup at Lord's. It was a day that changed Indian cricket, ..."
qacc-0054,qacc,When did india win the cricket world cup?,misinformation,"1983, 2011",gold_not_in_candidates,9,,www.theatlantic.com,2011,conflict,"Apr 4, 2011 ... On Saturday, April 2nd, India won the 2011 Cricket World Cup, defeating Sri Lanka by 6 wickets in the final, played at the Wankhede Stadium ..."
qacc-0064,qacc,What did germany have to pay after ww2?,outdated,$86.8 billion,soft_conflict,0,,en.wikipedia.org,$23 billion,conflict,"After World War II, according to the Potsdam conference held between July 17 and August 2, 1945, Germany was to pay the Allies US$23 billion mainly in ..."
qacc-0064,qacc,What did germany have to pay after ww2?,outdated,$86.8 billion,soft_conflict,1,,www.cnbc.com,,noise,"Mar 18, 2015 ... Germany was required to pay the most for World War II, however, the original total still appears unclear – mainly because Allied countries ..."
qacc-0064,qacc,What did germany have to pay after ww2?,outdated,$86.8 billion,soft_conflict,2,,www.state.gov,$86.8 billion,correct,"From 1945 to 2018, the German government paid approximately $86.8 billion in restitution and compensation to Holocaust victims and their heirs."
qacc-0064,qacc,What did germany have to pay after ww2?,outdated,$86.8 billion,soft_conflict,3,,en.wikipedia.org,,noise,"After World War II both West Germany and East Germany were obliged to pay war reparations to the Allied governments, according to the Potsdam Conference."
qacc-0064,qacc,What did germany have to pay after ww2?,outdated,$86.8 billion,soft_conflict,4,,www.pbs.org,,noise,"Oct 3, 2022 ... Poland demands $1.3 trillion in World War II reparations from Germany ... WARSAW, Poland (AP) — Poland's foreign minister on Monday signed an ..."
qacc-0064,qacc,What did germany have to pay after ww2?,outdated,$86.8 billion,soft_conflict,5,,www.history.com,,noise,"Jun 27, 2019 ... How—and when—could Germany possibly pay its debt? Nobody could have ... How the Treaty of Versailles and German Guilt Led to World War II."
qacc-0064,qacc,What did germany have to pay after ww2?,outdated,$86.8 billion,soft_conflict,6,,history.state.gov,,noise,"During World War II, the United States began to provide significant ... When payment eventually did take place, the emphasis would not be on payment in ..."
qacc-0064,qacc,What did germany have to pay after ww2?,outdated,$86.8 billion,soft_conflict,7,,qz.com,,noise,"Oct 13, 2020 ... The latest reparations were secured by the Claims Conference in 2013, when the German government agreed to pay about $1 billion for the home ..."
qacc-0064,qacc,What did germany have to pay after ww2?,outdated,$86.8 billion,soft_conflict,8,,history.state.gov,,noise,"When Germany defaulted on a payment in January 1923, France and Belgium occupied the Ruhr in an effort to force payment. Instead, they met a government-backed ..."
qacc-0067,qacc,What was the name of columbo's dog?,misinformation,never given a name,,0,,www.metv.com,,noise,"Apr 11, 2019 ... Well, no murder was involved, but Henry, the canine actor who played Dog, came from a shelter. Animal trainer Ray Berwick, the man who wrangled ..."
qacc-0067,qacc,What was the name of columbo's dog?,misinformation,never given a name,,1,,en.wikipedia.org,,noise,"""Dog"" came to be an occasional regular character in the films. Columbo considered names like ""Fido"", ""Munch"" and ""Beethoven"" but ""[Dog] didn't like any of ..."
qacc-0067,qacc,What was the name of columbo's dog?,misinformation,never given a name,,2,,www.quora.com,never given a name,correct,"Columbo's dog was never given a name, much like the fact that Columbo never said his first name (it did appear on his ID - it's “Frank”) and he never used ..."
qacc-0067,qacc,What was the name of columbo's dog?,misinformation,never given a name,,3,,www.metv.com,,noise,"Jun 11, 2019 ... The vet said, ""There's a name I've always heard and I've never seen a dog that had it: Fido!"" Columbo repeats uncertain, ""Fido."
qacc-0067,qacc,What was the name of columbo's dog?,misinformation,never given a name,,4,,nationalpurebreddogday.com,never given a name,correct,"Sep 20, 2016 ... Most of us really liked Columbo, the TV detective without a first name, but we loved his Basset Hound, also apparently without a name beyond ..."
qacc-0067,qacc,What was the name of columbo's dog?,misinformation,never given a name,,5,,www.columbo-site.freeuk.com,,noise,"Etude In Black deserves a special mention because it marks the debut of the dog, Columbo's pet basset hound. Dog had his origins in NBC's persistent demands ..."
qacc-0067,qacc,What was the name of columbo's dog?,misinformation,never given a name,,6,,www.funtrivia.com,Fang,conflict,"Jan 28, 2003 ... Columbo's dog was originally called Fang. The spin-off series KATE LOVES A MYSTERY (MRS. COLUMBO)/NBC/1979 featured the wife of Detective ..."
qacc-0067,qacc,What was the name of columbo's dog?,misinformation,never given a name,,7,,www.mentalfloss.com,,noise,"Aug 20, 2018 ... Columbo a dog as a “partner.” Falk was against the idea at first; he felt that between the raincoat, cigar, and Peugeot his character had enough ..."
qacc-0067,qacc,What was the name of columbo's dog?,misinformation,never given a name,,8,,www.pinterest.com,never given a name,correct,"Mar 22, 2020 - Most of us really liked Columbo, the TV detective without a first name, but we loved his Basset Hound, also apparently without a name beyond, ..."
qacc-0073,qacc,When do riley and danny get together in baby daddy?,misinformation,Season 5,,0,,babydaddy.fandom.com,Season 5,correct,"Riley and Danny later make up, with a kiss in Season 5 Episode 17. Riley and Danny end up helping Sam and Ben get together, and when Ben plans a special night, ..."
qacc-0073,qacc,When do riley and danny get together in baby daddy?,misinformation,Season 5,,1,,en.wikipedia.org,Season 5,correct,"Danny has also been in love with Riley ever since he was six. Danny and Riley eventually end up together in seasons 5. In the season 5 finale, it is revealed ..."
qacc-0073,qacc,When do riley and danny get together in baby daddy?,misinformation,Season 5,,2,,babydaddy.fandom.com,Season 6,conflict,"At the end of season 6, episode 8, they get married. Riley gives birth to their son in season 6, episode 11. Gallery."
qacc-0073,qacc,When do riley and danny get together in baby daddy?,misinformation,Season 5,,3,,tvline.com,,noise,"Apr 6, 2016 ... Happy danny and Riley got together but they use to have better moments together before this season :( hope they get back together least fav ..."
qacc-0073,qacc,When do riley and danny get together in baby daddy?,misinformation,Season 5,,4,,www.justjaredjr.com,,noise,"Jul 14, 2016 ... Riley (Chelsea Kane) pulls Danny (Derek Theler) into a passionate kiss in this still from this week's Baby Daddy episode."
qacc-0073,qacc,When do riley and danny get together in baby daddy?,misinformation,Season 5,,5,,www.etonline.com,,noise,"Mar 18, 2015 ... “I should have just told you how I feel but I guess I'm still figuring it out too. I mean, I like Danny Wheeler,” Riley says, surprised by her ..."
qacc-0073,qacc,When do riley and danny get together in baby daddy?,misinformation,Season 5,,6,,www.tvinsider.com,,noise,"Aug 5, 2015 ... The Baby Daddy season finale saw an end to its four season-long love triangle as the episode ended with Danny Wheeler (Derek Theler) getting ..."
qacc-0073,qacc,When do riley and danny get together in baby daddy?,misinformation,Season 5,,7,,www.spoilertv.com,,noise,"Jun 18, 2015 ... Ben, Jessica, and Riley have an awkward run-in the next morning in the ... Danny does his best to comfort him by assuring Ben that he'll ..."
qacc-0073,qacc,When do riley and danny get together in baby daddy?,misinformation,Season 5,,8,,www.facebook.com,,noise,"Feb 8, 2016 ... Baby Daddy, profile picture. Join ... I really hope they stay together. ... I have been waiting for Riley and Danny to be together since the ..."
qacc-0073,qacc,When do riley and danny get together in baby daddy?,misinformation,Season 5,,9,,gr.pinterest.com,,noise,"Baby Daddy- Danny and Riley. Part of me wants them to get together, part of me thinks he deserves better. Baby Daddy- Danny and Riley."
qacc-0075,qacc,How many trillion miles in a light year?,misinformation,6 trillion miles,soft_conflict,0,,exoplanets.nasa.gov,5.88,conflict,"Light-year is the distance light travels in one year. Light zips through interstellar space at 186,000 miles (300,000 kilometers) per second and 5.88 trillion ..."
qacc-0075,qacc,How many trillion miles in a light year?,misinformation,6 trillion miles,soft_conflict,1,,earthsky.org,5.88,conflict,"Apr 27, 2023 ... So, a light-year is 5.88 trillion miles (9.46 trillion km). However, stars and nebulae – not to mention distant galaxies – are vastly farther ..."
qacc-0075,qacc,How many trillion miles in a light year?,misinformation,6 trillion miles,soft_conflict,2,,spaceplace.nasa.gov,6 trillion miles,correct,One light-year is about 6 trillion miles (9 trillion km). That is a 6 with 12 zeros behind it! Looking Back in Time. When we use powerful telescopes to look at ...
qacc-0075,qacc,How many trillion miles in a light year?,misinformation,6 trillion miles,soft_conflict,3,,en.wikipedia.org,,noise,"A light-year, alternatively spelled light year, is a unit of length used to express astronomical distances and is equivalent to about 9.46 trillion ..."
qacc-0075,qacc,How many trillion miles in a light year?,misinformation,6 trillion miles,soft_conflict,4,,www.space.com,6 trillion miles,correct,"Dec 22, 2021 ... Light-years make measuring astronomical distances much more manageable. ... Earth year, which equates to approximately 6 trillion miles (9.7 ..."
qacc-0075,qacc,How many trillion miles in a light year?,misinformation,6 trillion miles,soft_conflict,5,,www.quora.com,6 trillion miles,correct,"one answer is about 6 trillion miles. Please notice that the space is not always flat space; if an object is moving the space, the object creates a curved space ..."
qacc-0075,qacc,How many trillion miles in a light year?,misinformation,6 trillion miles,soft_conflict,6,,www.cnn.com,5.88,conflict,"Mar 31, 2023 ... A light-year is so much more – it's the distance light travels in one year, which is 5.88 trillion miles (9.46 trillion kilometers)."
qacc-0075,qacc,How many trillion miles in a light year?,misinformation,6 trillion miles,soft_conflict,7,,www.grc.nasa.gov,,noise,"How Long is a Light-Year? The light-year is a measure of distance, not time. ... The resulting distance is almost 6 trillion (6,000,000,000,000) miles!"
qacc-0075,qacc,How many trillion miles in a light year?,misinformation,6 trillion miles,soft_conflict,8,,astrobackyard.com,5.88,conflict,"Light-minute: 11,160,000 miles · Light-hour: 671 million miles · Light-year: 5.88 trillion miles ..."
qacc-0075,qacc,How many trillion miles in a light year?,misinformation,6 trillion miles,soft_conflict,9,,science.howstuffworks.com,6 trillion miles,correct,"A cubic light year is a cube that is 6 trillion miles on each side. That is 2.02E+38 cubic miles. If you multiply that by 8.48E+14, you get 1.7E+53 teaspoons in ..."
qacc-0078,qacc,When was civil peace by chinua achebe published?,misinformation,1971,no_valid_conflict_pair,0,,homework.study.com,1971,correct,"'Civil Peace,' a short story penned by Chinua Achebe with post-Civil War Nigeria as the backdrop, was published in 1971. Also known as the Biafran War, ..."
qacc-0078,qacc,When was civil peace by chinua achebe published?,misinformation,1971,no_valid_conflict_pair,1,,en.wikipedia.org,1971,correct,"Civil Peace is a 1971 short story by Chinua Achebe. It is about the effects of the Nigerian Civil War (1967–1970) on the people and the ""civil peace"" that ..."
qacc-0078,qacc,When was civil peace by chinua achebe published?,misinformation,1971,no_valid_conflict_pair,2,,thefeministbibliothecary.wordpress.com,,noise,"Jan 26, 2020 ... Civil Peace by Chinua Achebe is a realist short story published shortly following the Nigerian Civil War. The story focuses intently upon ..."
qacc-0078,qacc,When was civil peace by chinua achebe published?,misinformation,1971,no_valid_conflict_pair,3,,www.supersummary.com,1971,correct,"“Civil Peace” is a 1971 short story by Chinua Achebe, one of Africa's most prominent authors and often considered the father of the modern African novel."
qacc-0078,qacc,When was civil peace by chinua achebe published?,misinformation,1971,no_valid_conflict_pair,4,,www.encyclopedia.com,1971,correct,"CIVIL PEACE by Chinua Achebe, 1972. In the preface to his collection Girls at War (1972) Chinua Achebe has argued that his short stories have provided only ..."
qacc-0078,qacc,When was civil peace by chinua achebe published?,misinformation,1971,no_valid_conflict_pair,5,,quizlet.com,1971,correct,"""Civil Peace"" was published to encourage Nigerians to fight for independence from Britain. It helps the reader to understand British influences on Nigerian ..."
qacc-0078,qacc,When was civil peace by chinua achebe published?,misinformation,1971,no_valid_conflict_pair,6,,medium.com,,noise,"Dec 14, 2022 ... “Civil Peace,” written by a Nigerian novelist, poet, and critic Chinua Achebe in 1971, portrays the uneasy peace that followed the Biafran ..."
qacc-0078,qacc,When was civil peace by chinua achebe published?,misinformation,1971,no_valid_conflict_pair,7,,www.encyclopedia.com,1971,correct,"“Civil Peace” was first published in the Nigerian journal Okike in 1971, and it was collected in the volume Girls at War and Other Stories, published the ..."
qacc-0078,qacc,When was civil peace by chinua achebe published?,misinformation,1971,no_valid_conflict_pair,8,,www.sparknotes.com,1971,correct,Chinua Achebe Short Stories. Dead Men's Path. Published 1953. Civil Peace. Published 1971.
qacc-0080,qacc,The bill of rights applies to the states through this amendment?,misinformation,14th or Fourteenth Amendment,gold_not_in_candidates,0,,www.law.cornell.edu,indoctrination doctrine,conflict,The incorporation doctrine is a constitutional doctrine through which parts of the first ten amendments of the United States Constitution (known as the Bill ...
qacc-0080,qacc,The bill of rights applies to the states through this amendment?,misinformation,14th or Fourteenth Amendment,gold_not_in_candidates,1,,en.wikipedia.org,Fourteenth Amendment ,conflict,"Baltimore that the Bill of Rights applied only to the federal, but not any state, governments. Even years after the ratification of the Fourteenth Amendment, ..."
qacc-0080,qacc,The bill of rights applies to the states through this amendment?,misinformation,14th or Fourteenth Amendment,gold_not_in_candidates,2,,quizlet.com,Fourteenth Amendment ,conflict,Which of the ten amendments listed above does not apply to the states through the due-process clause of the Fourteenth Amendment? Second Amendment. This ...
qacc-0080,qacc,The bill of rights applies to the states through this amendment?,misinformation,14th or Fourteenth Amendment,gold_not_in_candidates,3,,www.scotusblog.com,14th Amendment,conflict,"Nov 28, 2018 ... ... the Supreme Court has ruled that most provisions of the Bill of Rights do apply to the states through the Constitution's 14th Amendment, ..."
qacc-0080,qacc,The bill of rights applies to the states through this amendment?,misinformation,14th or Fourteenth Amendment,gold_not_in_candidates,4,,www.uscourts.gov,indoctrination doctrine,conflict,"Dec 12, 2019 ... Under the doctrine of “incorporation,” Supreme Court decisions incorporated many Bill of Rights guarantees into the 14th Amendment, applying ..."
qacc-0080,qacc,The bill of rights applies to the states through this amendment?,misinformation,14th or Fourteenth Amendment,gold_not_in_candidates,5,,constitutioncenter.org,indoctrination doctrine,conflict,"The Fifth Amendment, however, applies only against the federal government. After the Civil War, ... “Incorporation” of the Bill of Rights Against the States."
qacc-0080,qacc,The bill of rights applies to the states through this amendment?,misinformation,14th or Fourteenth Amendment,gold_not_in_candidates,6,,www.cga.ct.gov,Fourteenth Amendment ,conflict,"Aug 20, 2010 ... And “the right to keep and bear arms is a privilege of American citizenship that applies to the States through the Fourteenth Amendment's ..."
qacc-0080,qacc,The bill of rights applies to the states through this amendment?,misinformation,14th or Fourteenth Amendment,gold_not_in_candidates,7,,www.archives.gov,,noise,"Feb 8, 2022 ... No State shall make or enforce any law which shall abridge the privileges or immunities of citizens of the United States; nor shall any State ..."
qacc-0080,qacc,The bill of rights applies to the states through this amendment?,misinformation,14th or Fourteenth Amendment,gold_not_in_candidates,8,,constitution.congress.gov,Fourteenth Amendment ,conflict,"An annotation about the Fourteenth Amendment, Section 1 of the Constitution of the United States."
qacc-0084,qacc,Who played the original roman on days of our lives?,misinformation,Josh Taylor,,0,,en.wikipedia.org,Wayne Northrop,conflict,"Roman Brady is a fictional character from the long-running NBC soap opera Days of Our Lives. The role was originated in 1981 by Wayne Northrop, who played ..."
qacc-0084,qacc,Who played the original roman on days of our lives?,misinformation,Josh Taylor,,1,,en.wikipedia.org,Josh Taylor,correct,"Josh Taylor (born September 25, 1943) is an American actor. He is known for playing Chris Kositchek and Roman Brady on the American dramatic serial Days of ..."
qacc-0084,qacc,Who played the original roman on days of our lives?,misinformation,Josh Taylor,,2,,collider.com,Josh Taylor,correct,"Sep 3, 2022 ... Josh Taylor as Roman Brady, Chris Kositchek ... Josh Taylor was the recast of Roman Brady in 1997 and has remained in the role ever since. But ..."
qacc-0084,qacc,Who played the original roman on days of our lives?,misinformation,Josh Taylor,,3,,www.imdb.com,,noise,"I have watched the days of our lives since I was ten years old. ... used to be Chris and now Dr north is played by the original Roman, whats up with that??"
qacc-0084,qacc,Who played the original roman on days of our lives?,misinformation,Josh Taylor,,4,,www.nickiswift.com,,noise,"Jan 31, 2023 ... In 1986, Drake Hogestyn joined the cast of ""Days of Our Lives"" known only as The Pawn, an amnesiac covered in bandages who eventually chose the ..."
qacc-0084,qacc,Who played the original roman on days of our lives?,misinformation,Josh Taylor,,5,,www.thelist.com,,noise,"Aug 23, 2022 ... Marlena Evans on ""Days of Our Lives,"" played by actress Deidre Hall, is one of the most well-known and loved characters on the NBC soap opera."
qacc-0084,qacc,Who played the original roman on days of our lives?,misinformation,Josh Taylor,,6,,soaphub.com,Josh Taylor,correct,"Aug 27, 2019 ... Josh Taylor, who has played Roman Brady since 1997, spent 10 years (1977 to '87) as Chris. Taylor vacated the role, after a full decade, ..."
qacc-0085,qacc,Where is most of the water in the body located?,misinformation,intracellular fluid,,0,,www.usgs.gov,,noise,"The skin contains 64% water, muscles and kidneys are 79%, and even the bones are watery: 31%. Each day humans must consume a certain amount of water to survive."
qacc-0085,qacc,Where is most of the water in the body located?,misinformation,intracellular fluid,,1,,homework.study.com,intracellular fluid,correct,The correct answer is b. Most of the water in the human body is located in the cells. The intracellular fluid (ICF) refers to the fluid located inside and ...
qacc-0085,qacc,Where is most of the water in the body located?,misinformation,intracellular fluid,,2,,quizlet.com,intracellular fluid,correct,"Where is most of the water in the body located? Intracellular fluid, interstitial fluid, plasma. Extracellular fluid= intracellular fluid, plasma, lymph."
qacc-0085,qacc,Where is most of the water in the body located?,misinformation,intracellular fluid,,3,,www.ncbi.nlm.nih.gov,intracellular fluid,correct,"[1] As the distribution of the fluid in the body and the substances found ... contained within the water of our body, which includes proteins, most of which ..."
qacc-0085,qacc,Where is most of the water in the body located?,misinformation,intracellular fluid,,4,,www.usbr.gov,,noise,"Nov 4, 2020 ... Where Water is Found and the Percentage ... Most lawns only need an inch of water each week. Water in the Body. Eye - 95% water; Total body ..."
qacc-0085,qacc,Where is most of the water in the body located?,misinformation,intracellular fluid,,5,,www.pearson.com,extracellular fluid,conflict,Most fluid in the body is in the extracellular fluid (ECF) compartment. 605.
qacc-0085,qacc,Where is most of the water in the body located?,misinformation,intracellular fluid,,6,,www.epa.gov,,noise,"Jun 7, 2023 ... PFAS Can Be Found in Many Places ... Pregnant and lactating women tend to drink more water per pound of body weight than the average person ..."
qacc-0085,qacc,Where is most of the water in the body located?,misinformation,intracellular fluid,,7,,svalbardi.com,,noise,"Dec 9, 2022 ... Total body water (TBW) is made up of the percentages of water present in ... They found that most had a body water percentage in the mid- to ..."
qacc-0085,qacc,Where is most of the water in the body located?,misinformation,intracellular fluid,,8,,www.wku.edu,intracellular fluid,correct,"Most of the water in the body is found within the cells of the body (about two thirds is in the intracellular space), and the rest is found in the ..."
qacc-0093,qacc,Where does the last name chambers come from?,misinformation,English,soft_conflict,0,,www.ancestry.com,English,correct,English:: from Middle English chaumbre 'room (in a house); reception room in a palace or official building' (Old French chambre). It is identical in implied ...
qacc-0093,qacc,Where does the last name chambers come from?,misinformation,English,soft_conflict,1,,en.wikipedia.org,English,correct,"Chambers is a common surname of English origin. It usually denoted either a servant who worked in his master's private chambers, or a camararius, ..."
qacc-0093,qacc,Where does the last name chambers come from?,misinformation,English,soft_conflict,2,,www.houseofnames.com,Old French,conflict,"Further research revealed that the name is derived from the Old French word ""chambre"" which means room, and refers to someone of the title chamberlain, which ..."
qacc-0093,qacc,Where does the last name chambers come from?,misinformation,English,soft_conflict,3,,forebears.io,,noise,"This surname is derived from a geographical locality. 'of the chamber.' It is invariably Chambers; why, I do not quite see, ..."
qacc-0093,qacc,Where does the last name chambers come from?,misinformation,English,soft_conflict,4,,selectsurnames.com,,noise,"A Chambers family from Ireland arrived in Pittsburgh in the 1820's. These Chambers became glassmakers, one of the largest in America at the time. Anthony ..."
qacc-0093,qacc,Where does the last name chambers come from?,misinformation,English,soft_conflict,5,,www.surnamedb.com,Old French,conflict,"The derivation is from the Old French ""cha(u)mbre"", room, chamber, ultimately from the Latin ""camera"". In medieval times, servants in royal households were held ..."
qacc-0093,qacc,Where does the last name chambers come from?,misinformation,English,soft_conflict,6,,www.blackpast.org,,noise,"Oct 25, 2016 ... Samuel and Amanda did not have children. ... the Chambers family relocated to the Millcreek area southeast of Salt Lake where they farmed."
qacc-0093,qacc,Where does the last name chambers come from?,misinformation,English,soft_conflict,7,,coadb.com,,noise,"It may have the same origins of as the surname Chamberlain, which arose from the exchequer room (bank or royal/national treasury) in which the revenue was paid."
qacc-0093,qacc,Where does the last name chambers come from?,misinformation,English,soft_conflict,8,,en.geneanet.org,English,correct,Origin of last name. CHAMBERS : English:: 1: from Middle English chaumbre 'room (in a house); reception room in a palace or official building' (Old French ...
qacc-0108,qacc,What laws directed the flow of goods between england and the colonies?,misinformation,The Navigation Acts,soft_conflict,0,,quizlet.com,,noise,"What laws directed trade between England and the colonies? ... What was a series of laws regulating the flow of goods between England and the colonies, ..."
qacc-0108,qacc,What laws directed the flow of goods between england and the colonies?,misinformation,The Navigation Acts,soft_conflict,1,,www.khanacademy.org,The Navigation Acts,correct,The Navigation Acts prevented British colonies from trading with nations other ... in order to encourage the flow of manufactured goods into North America.
qacc-0108,qacc,What laws directed the flow of goods between england and the colonies?,misinformation,The Navigation Acts,soft_conflict,2,,quizlet.com,The Navigation Acts,correct,How did the Navigation Acts Affect the colonists? it directed the flow of goods between England and the colonies. It told colonial merchants that they could not ...
qacc-0108,qacc,What laws directed the flow of goods between england and the colonies?,misinformation,The Navigation Acts,soft_conflict,3,,www.loc.gov,,noise,"The Fairfax Resolves call for non-importation of British goods, ... The forces from several colonies gathered in Cambridge and Boston become the founding ..."
qacc-0108,qacc,What laws directed the flow of goods between england and the colonies?,misinformation,The Navigation Acts,soft_conflict,4,,www.digitalhistory.uh.edu,special laws,conflict,"Instead, England passed special laws to govern the flow of ... American as well as British ships to transport goods between mother England and colonial ..."
qacc-0108,qacc,What laws directed the flow of goods between england and the colonies?,misinformation,The Navigation Acts,soft_conflict,5,,www.loc.gov,,noise,"The act was repealed, and the colonies abandoned their ban on imported British goods. Declaratory Act. The repeal of the Stamp Act did not mean that Great ..."
qacc-0108,qacc,What laws directed the flow of goods between england and the colonies?,misinformation,The Navigation Acts,soft_conflict,6,,www.bl.uk,,noise,Its cover illustrates vividly the colonial relationship between India and Britain. The magazine advertised goods that were manufactured with Indian raw ...
qacc-0110,qacc,Who dies in breaking dawn part 2 movie?,misinformation,Jasper Cullen.,soft_conflict,0,,ew.com,Jasper Cullen,correct,"Nov 16, 2012 ... Sadly, the vampire-doctor loses his head to the Italian ruler, sparking the battle between the two sides. Many end up dead, including Jasper ( ..."
qacc-0110,qacc,Who dies in breaking dawn part 2 movie?,misinformation,Jasper Cullen.,soft_conflict,1,,listofdeaths.fandom.com,Unnamed Volturi Member.,conflict,"Six Unnamed Volturi Members - Killed by Edward Cullen, Bella Swan, Emmet Cullen, Jasper Hale, Esme Cullen, and Rosalie Hale, seen in the vision. Unnamed Volturi ..."
qacc-0110,qacc,Who dies in breaking dawn part 2 movie?,misinformation,Jasper Cullen.,soft_conflict,2,,en.wikipedia.org,,noise,Seth is killed by Felix. Leah saves Esme's life but loses hers in the process. Marcus welcomes his death as he is torn to pieces by Vladimir and Stefan. Aro ...
qacc-0110,qacc,Who dies in breaking dawn part 2 movie?,misinformation,Jasper Cullen.,soft_conflict,3,,listofdeaths.fandom.com,,noise,"Breaking Dawn - Part 2 · Cougar - Throat eaten by Bella Swan. · 12 Unnamed People - Killed by a Vampire Boy, seen in a flashback. · Denail's Unnamed Mother - Torn ..."
qacc-0110,qacc,Who dies in breaking dawn part 2 movie?,misinformation,Jasper Cullen.,soft_conflict,4,,screenrant.com,,noise,"Nov 21, 2021 ... Although almost half of Twilight's recurring cast are killed off by the brutal, bloody finale of Breaking Dawn Part 2, almost all of these ..."
qacc-0110,qacc,Who dies in breaking dawn part 2 movie?,misinformation,Jasper Cullen.,soft_conflict,5,,stepheniemeyer.com,,noise,"Nov 26, 2012 ... Two weeks ago, while doing press for Breaking Dawn 2, ... a specific question on my website once everyone had had a chance to see the movie."
qacc-0110,qacc,Who dies in breaking dawn part 2 movie?,misinformation,Jasper Cullen.,soft_conflict,6,,www.looper.com,,noise,"Jul 20, 2021 ... The hype was only intensified when the movies were made with Kristen Stewart, Robert Pattinson, and Taylor Lautner in the lead roles. Stephenie ..."
qacc-0110,qacc,Who dies in breaking dawn part 2 movie?,misinformation,Jasper Cullen.,soft_conflict,7,,nerdist.com,,noise,"Nov 12, 2021 ... The last time you saw Bella and Edward, she was being killed by her own ... A promo image from Twilight Breaking Dawn Part 2 shows Edward, ..."
qacc-0112,qacc,When does the fourth season of flash come out?,misinformation,"October 10, 2017",soft_conflict,0,,en.wikipedia.org,,noise,"The fourth season of the American television series The Flash, which is based on the DC Comics character Barry Allen / Flash, premiered on The CW on October ..."
qacc-0112,qacc,When does the fourth season of flash come out?,misinformation,"October 10, 2017",soft_conflict,1,,arrow.fandom.com,"October 10, 2017",correct,"The fourth season of The Flash​​​ premiered on October 10, 2017, on The CW and concluded on May 22, 2018. The season consisted of 23 episodes."
qacc-0112,qacc,When does the fourth season of flash come out?,misinformation,"October 10, 2017",soft_conflict,2,,deadline.com,,noise,"Aug 1, 2022 ... He can run really fast. And kinda weird that the ENTIRE series follows an alternate timeline, with Eobard Thawne having come from the future, ..."
qacc-0112,qacc,When does the fourth season of flash come out?,misinformation,"October 10, 2017",soft_conflict,3,,www.netflix.com,,noise,Release year: 2014. Season 1 finds Barry ... Watch Going Rogue. Episode 4 of Season 1. ... King Shark is on the loose and determined to kill the Flash.
qacc-0112,qacc,When does the fourth season of flash come out?,misinformation,"October 10, 2017",soft_conflict,4,,bamsmackpow.com,,noise,"Feb 23, 2023 ... The Flash season 9 episode 4, titled “The Mask of the Red Death, Part 1”, airs on The CW next Wednesday, March 1, at 8:00 p.m. ET. It will ..."
qacc-0112,qacc,When does the fourth season of flash come out?,misinformation,"October 10, 2017",soft_conflict,5,,www.bestbuy.com,08/28/2018,conflict,The Flash: The Complete Fourth ; SKU:6258683. Release · SKU:6258683. Release ; Release Date:08/28/2018 · Release Date:08/28/2018 ; Rating: · Rating: TV-PG.
qacc-0112,qacc,When does the fourth season of flash come out?,misinformation,"October 10, 2017",soft_conflict,6,,www.popsugar.com,,noise,"Jun 9, 2018 ... Since the season finale was on May 22, all 23 episodes of the fourth season were made available on May 30. Happy binge-watching! TV · Netflix ..."
qacc-0116,qacc,Who presents the people's postcode lottery advert?,outdated,Jason Donovan,pending_screen,0,,www.postcodelottery.co.uk,Jason Donovan,correct,"Jul 29, 2022 ... Share the news with your Neighbours! Jason Donovan is joining the People's Postcode Lottery family as a new ambassador."
qacc-0116,qacc,Who presents the people's postcode lottery advert?,outdated,Jason Donovan,pending_screen,1,,www.postcodelottery.info,,noise,"Matt Johnson. ""I've been blown away by the work that players of People's Postcode Lottery are doing to help so many deserving causes, it's truly inspirational ..."
qacc-0116,qacc,Who presents the people's postcode lottery advert?,outdated,Jason Donovan,pending_screen,2,,www.youtube.com,,noise,Watch the latest People's Postcode Lottery TV adverts and commercials here. Sign up today at https://www.postcodelottery.co.uk/play ...More.
qacc-0116,qacc,Who presents the people's postcode lottery advert?,outdated,Jason Donovan,pending_screen,3,,www.cats.org.uk,,noise,"Dec 17, 2019 ... An adorable ginger kitten from Cats Protection's Warrington Adoption Centre is now the star of a recent television advert for People's ..."
qacc-0116,qacc,Who presents the people's postcode lottery advert?,outdated,Jason Donovan,pending_screen,4,,www.smoothradio.com,,noise,"Aug 16, 2019 ... Adverts - Someone's knockin' at the door - November Play - People's Postcode Lottery · 'Let 'Em In' - PaulMcCartney.com Track of the Week · Billy ..."
qacc-0116,qacc,Who presents the people's postcode lottery advert?,outdated,Jason Donovan,pending_screen,5,,www.novamedia.com,"Judie McCourt, Danyl Johnson, ",conflict,"Judie McCourt, Danyl Johnson, Jeff Brazier and Matt Johnson visit People's Postcode Lottery winners to present them with their cheques, host Postcode ..."
qacc-0116,qacc,Who presents the people's postcode lottery advert?,outdated,Jason Donovan,pending_screen,6,,en.wikipedia.org,,noise,Jeffrey Carl Brazier (born 27 May 1979) is an English television personality and presenter. ... Brazier is also an ambassador for People's Postcode Lottery ...
qacc-0117,qacc,Name a us president that ends with son?,misinformation,Thomas Jefferson,soft_conflict,0,,www.funtrivia.com,Thomas Jefferson,correct,"Feb 26, 2009 ... 3rd Thomas Jefferson 1801-1809 4th James Madison 1809-1817 7th Andrew Jackson 1829-1837 9th William Henry Harrison 1841"
qacc-0117,qacc,Name a us president that ends with son?,misinformation,Thomas Jefferson,soft_conflict,1,,www.familyfeudinfo.com,Thomas Jefferson,correct,"Name a U.S. President whose name ends in ""son"". 1, Thomas Jefferson, 31. 1, Thomas Jefferson, 31."
qacc-0117,qacc,Name a us president that ends with son?,misinformation,Thomas Jefferson,soft_conflict,2,,www.whitehouse.gov,Thomas Jefferson,correct,"Bush into a wartime president. The attacks put on hold many of Bush's hopes and plans, and Bush's father, George Bush, the 41st president, declared that his son ..."
qacc-0117,qacc,Name a us president that ends with son?,misinformation,Thomas Jefferson,soft_conflict,3,,qa.answers.com,Andrew Jackson,conflict,"Aug 19, 2022 ... 3. Thomas JefferSON 4. James MadiSON 7. Andrew JackSON9. William Henry HarrisSON 17. Andrew JohnSON 23. Benjamin HarrisSON28."
qacc-0117,qacc,Name a us president that ends with son?,misinformation,Thomas Jefferson,soft_conflict,4,,www.whitehouse.gov,,noise,"John Quincy Adams, son of John and Abigail Adams, served as the sixth President of the United States from 1825 to 1829. A member of multiple political ..."
qacc-0117,qacc,Name a us president that ends with son?,misinformation,Thomas Jefferson,soft_conflict,5,,www.bbc.com,,noise,"Jun 20, 2023 ... Hunter Biden, the only living son of President Joe Biden, is attracting ... Hunter was given his mother's maiden name as his first name."
qacc-0117,qacc,Name a us president that ends with son?,misinformation,Thomas Jefferson,soft_conflict,6,,www.reuters.com,,noise,"Oct 18, 2019 ... FILE PHOTO: In this file photo, former U.S. Vice President Joe Biden and his son Hunter Biden attend an NCAA basketball game between ..."
qacc-0117,qacc,Name a us president that ends with son?,misinformation,Thomas Jefferson,soft_conflict,7,,en.wikipedia.org,,noise,"George Walker Bush (born July 6, 1946) is an American politician who served as the 43rd president of the ... The eldest son of the 41st president, George H. W. Bush, ..."
qacc-0117,qacc,Name a us president that ends with son?,misinformation,Thomas Jefferson,soft_conflict,8,,edsitement.neh.gov,,noise,"In fact, these words were spoken by John Adams — our nation's second President and the father of John Quincy Adams, the sixth president of the United States."
qacc-0117,qacc,Name a us president that ends with son?,misinformation,Thomas Jefferson,soft_conflict,9,,en.wikipedia.org,,noise,"Joseph Robinette Biden Jr is an American politician who is the 46th and current president of the United States. A member of the Democratic Party, ..."
qacc-0126,qacc,Ratio of length and width of indian flag?,misinformation,2:3,pending_screen,0,,byjus.com,2:3,correct,The correct option is B 2:3. National flag of India. Design for size 900 × 600 mm. Proper ratio (2:3) · The length of the Indian National Flag is 90 cm and the ...
qacc-0126,qacc,Ratio of length and width of indian flag?,misinformation,2:3,pending_screen,1,,www.mha.gov.in,3:2,conflict,The Indian National Flag represents the hopes and aspirations of the people of ... The ratio of the length to the height (width) of the Flag shall be 3:2.
qacc-0126,qacc,Ratio of length and width of indian flag?,misinformation,2:3,pending_screen,2,,byjus.com,2:3,correct,The ratio of our National Flag is 2:3 where the length of the flag is 1.5 times that of the width. flag. Suggest Corrections.
qacc-0126,qacc,Ratio of length and width of indian flag?,misinformation,2:3,pending_screen,3,,www.quora.com,,noise,"According to it, the Indian flag has a ratio of two by three i.e length of the flag is 1.5 times that of its width. All three colour stripes are to be equal ..."
qacc-0126,qacc,Ratio of length and width of indian flag?,misinformation,2:3,pending_screen,4,,www.toppr.com,,noise,The length of the Indian National Flag is 90 cm and the breadth is 60 cm. Find the ratio of its length to breadth. Easy. Open in App Open_in_app. Solution.
qacc-0126,qacc,Ratio of length and width of indian flag?,misinformation,2:3,pending_screen,5,,en.wikipedia.org,,noise,"The national flag of India, colloquially called Tiraṅgā (the tricolour), is a horizontal ... code of India, the Indian flag has a width:height aspect ratio of 3:2."
qacc-0126,qacc,Ratio of length and width of indian flag?,misinformation,2:3,pending_screen,6,,www.toppr.com,2:3,correct,"3:2 · 2:3 · 5:4 · 4:5 · The National flag of India ""Tiranga"" i.e. having three colours in a rectangular shape. Saffron in the top, White with Navy blue wheel having ..."
qacc-0126,qacc,Ratio of length and width of indian flag?,misinformation,2:3,pending_screen,7,,www.mathsisfun.com,2:3,correct,A ratio says how much of one thing there is compared to another thing. ratio 3:1 ... The height to width ratio of the Indian Flag is 2:3.
qacc-0126,qacc,Ratio of length and width of indian flag?,misinformation,2:3,pending_screen,8,,en.wikipedia.org,2:3,correct,"The ratios most commonly used are 2:3, used by 85 of 195 sovereign states, incl. Algeria and Pakistan, followed by 1:2, used by 54 sovereign states, incl."
qacc-0126,qacc,Ratio of length and width of indian flag?,misinformation,2:3,pending_screen,9,,testbook.com,,noise,"Jul 12, 2023 ... The ratio of the width of the national flag of India to its length is two to three. Key Points. National Flag: The national flag is a horizontal ..."
qacc-0134,qacc,Who was torn apart by maenads at the end of the bacchae?,misinformation,Pentheus,,0,,en.wikipedia.org,Pentheus,correct,"At the end of the play, Pentheus is torn apart by the women of Thebes and his mother Agave bears his head on a pike to her father Cadmus. The Bacchae is ..."
qacc-0134,qacc,Who was torn apart by maenads at the end of the bacchae?,misinformation,Pentheus,,1,,www.sparknotes.com,the herd of cattle,conflict,"The cowherd barely escaped, but the herd of cattle was captured and torn apart by hand by the maenads, including Pentheus's mother Agaue."
qacc-0134,qacc,Who was torn apart by maenads at the end of the bacchae?,misinformation,Pentheus,,2,,en.wikipedia.org,Pentheus,correct,"Dionysus, Pentheus' cousin, himself lures Pentheus to the woods, where the maenads tear him apart. His corpse is mutilated by his own mother, Agave, ..."
qacc-0134,qacc,Who was torn apart by maenads at the end of the bacchae?,misinformation,Pentheus,,3,,www.sparknotes.com,,noise,"All the other maenads tear apart his body and scatter the pieces all over the hillside. The crazed mother then seizes her son's decapitated head, ..."
qacc-0134,qacc,Who was torn apart by maenads at the end of the bacchae?,misinformation,Pentheus,,4,,ancient-literature.com,Pentheus,correct,"(These possessed women are collectively known as the Maenads, as opposed to the ... the women tore the trapped Pentheus down and ripped his body apart, ..."
qacc-0134,qacc,Who was torn apart by maenads at the end of the bacchae?,misinformation,Pentheus,,5,,www.reed.edu,,noise,"... warning Pentheus not to end up like another scorner of the gods, ... Dionysus suggests that he might like to observe the maenads (776-811)."
qacc-0134,qacc,Who was torn apart by maenads at the end of the bacchae?,misinformation,Pentheus,,6,,etd.ohiolink.edu,Pentheus,correct,"Pentheus meets a similar demise in Euripides' Bacchae, performed at the end of the fifth century BCE, when he is torn apart by a group of women including ..."
qacc-0134,qacc,Who was torn apart by maenads at the end of the bacchae?,misinformation,Pentheus,,7,,www.uh.edu,,noise,"And among the Maenad cries his voice rings deep: ""Onward, Bacchants, ... You see the wretched fate of Aktaion [Actaeon], who was torn apart in the meadows ..."
qacc-0134,qacc,Who was torn apart by maenads at the end of the bacchae?,misinformation,Pentheus,,8,,brewminate.com,Pentheus,correct,"Nov 25, 2019 ... In Euripides' play The Bacchae, maenads of Thebes murder King Pentheus ... lures Pentheus to the woods, where the maenads tear him apart."
qacc-0136,qacc,Who wrote the song tell me something good?,misinformation,Stevie Wonder,pending_screen,0,,en.wikipedia.org,Stevie Wonder,correct,"""Tell Me Something Good"" is a song by Rufus, written by Stevie Wonder and released in 1974. This was the first and only hit credited to Rufus."
qacc-0136,qacc,Who wrote the song tell me something good?,misinformation,Stevie Wonder,pending_screen,1,,secondhandsongs.com,Stevie Wonder,correct,"The song Tell Me Something Good was written by Stevie Wonder and was first released by Rufus in 1974. It was covered by Phil Upchurch / Tennyson Stephens, ..."
qacc-0136,qacc,Who wrote the song tell me something good?,misinformation,Stevie Wonder,pending_screen,2,,radio.callmefred.com,Stevie Wonder,correct,The story of the song ' Tell Me Something Good ' ... This is a song written by Stevie Wonder and sung by Rufus and Chaka Khan. It was released in 1974 and was a ...
qacc-0136,qacc,Who wrote the song tell me something good?,misinformation,Stevie Wonder,pending_screen,3,,secondhandsongs.com,Stevie Wonder,correct,"The song Tell Me Something Good was written by Stevie Wonder and was first released by Rufus in 1974. It was covered by Phil Upchurch / Tennyson Stephens, ..."
qacc-0136,qacc,Who wrote the song tell me something good?,misinformation,Stevie Wonder,pending_screen,4,,therumpus.net,Stevie Wonder,correct,"Apr 16, 2017 ... And guess who wrote this song? Not only did Stevie Wonder give the song to Rufus, he showed Chaka Khan how to sing it. On YouTube, that most ..."
qacc-0136,qacc,Who wrote the song tell me something good?,misinformation,Stevie Wonder,pending_screen,5,,open.spotify.com,"Rufus, Chaka Khan",conflict,"Listen to Tell Me Something Good on Spotify. Rufus, Chaka Khan · Song · 1982."
qacc-0136,qacc,Who wrote the song tell me something good?,misinformation,Stevie Wonder,pending_screen,6,,tricklabel.bandcamp.com,,noise,"Tell Me Something Good. by Ewan McVicar · About this album · purchase options · Tell Me Something Good · 12"" Clear Vinyl · credits · supported by · tags · about."
qacc-0136,qacc,Who wrote the song tell me something good?,misinformation,Stevie Wonder,pending_screen,7,,www.discogs.com,"Rufus, Chaka Khan",conflict,"Rufus & Chaka Khan – Tell Me Something Good · Tracklist · Companies, etc. · Credits · Barcode and Other Identifiers · Recommendations · Reviews · Release · Marketplace."
qacc-0138,qacc,Who wrote the i'm lovin it jingle?,misinformation,Pusha T,,0,,www.theculturecrypt.com,Justin Timberlake,conflict,"Jun 5, 2023 ... The following year, Timberlake and Pusha T went on to collaborate on the song 'I'm Lovin' It'. Pusha T co-wrote the song and McDonald's paid ..."
qacc-0138,qacc,Who wrote the i'm lovin it jingle?,misinformation,Pusha T,,1,,en.wikipedia.org,Justin Timberlake,conflict,"""I'm Lovin' It"" is a song by American singer-songwriter Justin Timberlake. The song, originally written as a jingle for American fast food chain McDonald's, ..."
qacc-0138,qacc,Who wrote the i'm lovin it jingle?,misinformation,Pusha T,,2,,spoonuniversity.com,Pusha T,correct,"Feb 4, 2018 ... ... Pharrell Williams, and Pusha T all claim credit for the McDonald's jingle. But who is really the mastermind behind ""I'm Lovin' It""?"
qacc-0138,qacc,Who wrote the i'm lovin it jingle?,misinformation,Pusha T,,3,,www.rollingstone.com,Pusha T,correct,"Jun 2, 2016 ... Pusha T wrote the ubiquitous “I'm Lovin' It” jingle for McDonald's, his representative confirmed to Rolling Stone. That makes the rapper the ..."
qacc-0138,qacc,Who wrote the i'm lovin it jingle?,misinformation,Pusha T,,4,,www.washingtonpost.com,Pusha T,correct,"Mar 22, 2022 ... Pusha T wrote McDonald's now-famous jingle in the early 2000s while trying to make it as an up-and-coming rapper, he claimed in a recent ..."
qacc-0138,qacc,Who wrote the i'm lovin it jingle?,misinformation,Pusha T,,5,,pitchfork.com,Pusha T,correct,"Jul 14, 2016 ... Justin Timberlake and Beyoncé both sang it. Pharrell co-produced it. Some say Pusha T wrote it; others, not so much. Either way, the story ..."
qacc-0138,qacc,Who wrote the i'm lovin it jingle?,misinformation,Pusha T,,6,,www.bbc.com,Pusha T,correct,"Jun 3, 2016 ... The boss of the marketing firm that made the McDonald's jingle says rapper Pusha T composed it."
qacc-0138,qacc,Who wrote the i'm lovin it jingle?,misinformation,Pusha T,,7,,hypebeast.com,,noise,"Jun 3, 2016 ... Translation CEO Steve Stoute recently revealed that the McDonald's “I'm Lovin' It” jingle was written by none other than the human Coke ..."
qacc-0139,qacc,Who plays aang in avatar the last airbender movie?,misinformation,Noah Ringer,soft_conflict,0,,en.wikipedia.org,Noah Andrew Ringer,conflict,"Noah Andrew Ringer (born November 18, 1996) is an American martial artist and former child actor. He starred as Aang in the 2010 film The Last Airbender and ..."
qacc-0139,qacc,Who plays aang in avatar the last airbender movie?,misinformation,Noah Ringer,soft_conflict,1,,www.imdb.com,,noise,Noah Ringer · Aang ; Nicola Peltz Beckham · Katara ; Jackson Rathbone · Sokka ; Dev Patel · Prince Zuko ; Shaun Toub · Uncle Iroh.
qacc-0139,qacc,Who plays aang in avatar the last airbender movie?,misinformation,Noah Ringer,soft_conflict,2,,en.wikipedia.org,Noah Ringer,correct,"Based on the first season of the Nickelodeon animated television series Avatar: The Last Airbender, the film stars Noah Ringer as Aang, with Dev Patel playing ..."
qacc-0139,qacc,Who plays aang in avatar the last airbender movie?,misinformation,Noah Ringer,soft_conflict,3,,www.whats-on-netflix.com,,noise,"Sep 30, 2022 ... Gordon Cormier is playing Aang ... Where you've seen him before: He's also voicing Louis in Netflix's new DreamWorks animated series Team Zenko Go ..."
qacc-0139,qacc,Who plays aang in avatar the last airbender movie?,misinformation,Noah Ringer,soft_conflict,4,,variety.com,,noise,"Nov 10, 2022 ... The untitled “Avatar: The Last Airbender” movie is coming Oct. 10, 2025, and is produced by Nickelodeon Animation, Paramount Animation and ..."
qacc-0139,qacc,Who plays aang in avatar the last airbender movie?,misinformation,Noah Ringer,soft_conflict,5,,ew.com,,noise,"Aug 12, 2021 ... Kiawentiio Tarbell (who just goes by Kiawentiio) will play waterbender Katara, and Ian Ousley will play her brother Sokka. And now for their ..."
qacc-0139,qacc,Who plays aang in avatar the last airbender movie?,misinformation,Noah Ringer,soft_conflict,6,,www.netflix.com,,noise,"Jun 19, 2023 ... Who's in the cast of Avatar: The Last Airbender? Gordon Cormier will star as Aang, the fearless, easygoing 12-year-old who is keeper of the ..."
qacc-0139,qacc,Who plays aang in avatar the last airbender movie?,misinformation,Noah Ringer,soft_conflict,7,,www.cbc.ca,Noah Ringer,correct,"May 25, 2010 ... Fans of the TV series Avatar: The Last Airbender are slamming the movie ... to cast the movie, unknown Noah Ringer was picked to play Aang."
qacc-0141,qacc,Who owns the national sports center in blaine?,misinformation,State of Minnesota,no_valid_conflict_pair,0,,en.wikipedia.org,NationalSportsCenterFoundation,conflict,"The NSC is operated by the National Sports Center Foundation, a 501(c)(3) non-profit corporation. Even though the facility is a State of Minnesota facility, and ..."
qacc-0141,qacc,Who owns the national sports center in blaine?,misinformation,State of Minnesota,no_valid_conflict_pair,1,,www.nscsports.org,,noise,The National Sports Center is the largest amateur sports facility in the world.
qacc-0141,qacc,Who owns the national sports center in blaine?,misinformation,State of Minnesota,no_valid_conflict_pair,2,,victorylinks.nscsports.org,,noise,"Site of the PGA Tours 3M Open Qualifiers located at the National Sports Center in Blaine, Minnesota. The course covers 400 acres of tranquil landscape ..."
qacc-0141,qacc,Who owns the national sports center in blaine?,misinformation,State of Minnesota,no_valid_conflict_pair,3,,www.nscsports.org,NationalSportsCenterFoundation,conflict,"The NSC facility is operated by the National Sports Center Foundation, a 501(c)3 non-profit organization. Although the campus was originally purchased and ..."
qacc-0141,qacc,Who owns the national sports center in blaine?,misinformation,State of Minnesota,no_valid_conflict_pair,4,,www.anokacountymn.gov,,noise,The National Sports Center in Blaine is a 600-acre multi-sport complex that ... of customizing their own signage for the ice arenas and purchasing recycling ...
qacc-0141,qacc,Who owns the national sports center in blaine?,misinformation,State of Minnesota,no_valid_conflict_pair,5,,www.nscsports.org,,noise,"On August 24, the NSC announces it has purchased the Minnesota Deer Classic, a 30-year old expo, from long-time owner and founder Hugh Price. For most of its ..."
qacc-0141,qacc,Who owns the national sports center in blaine?,misinformation,State of Minnesota,no_valid_conflict_pair,6,,www.linkedin.com,,noise,"National Sports Center | 1508 followers on LinkedIn. ... Blaine, MN 1,508 followers ... Jersey Mike's – Lexington Blaine; The John Roberts Company; ..."
qacc-0141,qacc,Who owns the national sports center in blaine?,misinformation,State of Minnesota,no_valid_conflict_pair,7,,www.facebook.com,,noise,"National Sports Center, Blaine, Minnesota. 8463 likes · 127 talking about this · 127577 were here. The National Sports Center is the world's largest..."
qacc-0143,qacc,Who played bass on and justice for all?,outdated,Jason Newsted,no_valid_conflict_pair,0,,en.wikipedia.org,Jason Newsted,correct,And Justice for All is the first Metallica album to feature bassist Jason Newsted after the death of Cliff Burton in 1986; Newsted had previously played on ...
qacc-0143,qacc,Who played bass on and justice for all?,outdated,Jason Newsted,no_valid_conflict_pair,1,,www.guitarworld.com,Jason Newsted,correct,"Aug 30, 2021 ... And Justice For All, the bass playing of then-newcomer Jason Newsted – who replaced original bassist Cliff Burton after his tragic death in ..."
qacc-0143,qacc,Who played bass on and justice for all?,outdated,Jason Newsted,no_valid_conflict_pair,2,,www.rollingstone.com,Jason Newsted,correct,"Aug 25, 2018 ... “Jason is one hell of a bass player,” Justice co-producer Flemming Rasmussen told Rolling Stone in 2016. “I'm probably one of the only people in ..."
qacc-0143,qacc,Who played bass on and justice for all?,outdated,Jason Newsted,no_valid_conflict_pair,3,,www.spin.com,,noise,"Aug 15, 2017 ... Metal Injection points out that Rasmussen also addressed the sound of ...And Justice for All, going into particular depth about the vanishingly ..."
qacc-0143,qacc,Who played bass on and justice for all?,outdated,Jason Newsted,no_valid_conflict_pair,4,,metalinjection.net,,noise,"Aug 10, 2019 ... James Hetfield Says METALLICA's …And Justice For All Had No Bass Because The Band Was Burnt Out · LAMB OF GOD's RANDALL BLYTHE Cut Off His Dreads."
qacc-0143,qacc,Who played bass on and justice for all?,outdated,Jason Newsted,no_valid_conflict_pair,5,,loudwire.com,,noise,"Aug 25, 2017 ... And Justice for All?"" We recently had a chance to speak with one of the key figures in this mystery, Steve Thompson, who was responsible for ..."
qacc-0143,qacc,Who played bass on and justice for all?,outdated,Jason Newsted,no_valid_conflict_pair,6,,www.kerrang.com,,noise,"Aug 12, 2019 ... Metallica frontman James Hetfield reflects on the lack of bass heard throughout …And Justice For All."
qacc-0143,qacc,Who played bass on and justice for all?,outdated,Jason Newsted,no_valid_conflict_pair,7,,loudwire.com,Jason Newsted,correct,"Sep 7, 2022 ... Metallica's fourth album was their first studio record with bassist Jason Newsted. One of the biggest criticisms of '...And Justice For All' is ..."
qacc-0143,qacc,Who played bass on and justice for all?,outdated,Jason Newsted,no_valid_conflict_pair,8,,metallica.fandom.com,Jason Newsted,correct,One of the defining elements of Justice is the extremely low levels of bass. At times bassist Jason Newsted's playing is completely inaudible. This can be ...
qacc-0146,qacc,When did cassie died on young and the restless?,misinformation,"May 24, 2005",,0,,en.wikipedia.org,"May 24, 2005",correct,"Cassie died following a car crash on the episode that aired May 24, 2005. ... Grimes said that she has missed the show since leaving, and was shocked to find out ..."
qacc-0146,qacc,When did cassie died on young and the restless?,misinformation,"May 24, 2005",,1,,www.soapoperaspy.com,"Jun 11, 2020",conflict,"Jun 11, 2020 ... Cassie died after a tragic car accident in which she was driving. Although Cassie was not yet 16 and did not have a driver's license, she wound ..."
qacc-0146,qacc,When did cassie died on young and the restless?,misinformation,"May 24, 2005",,2,,www.thelist.com,"May 24, 2005",correct,"Mar 29, 2022 ... Sadly, Cassie died in 2005 when she was a young teenager, and now her legacy has been picked up with the story of Mariah, played by the same ..."
qacc-0146,qacc,When did cassie died on young and the restless?,misinformation,"May 24, 2005",,3,,soaps.sheknows.com,"May 24, 2005",correct,"May 24, 2023 ... Unfortunately, all of those things happened, culminating in the March 24, 2005, death of Sharon and Nick's daughter, played since 1997 by Emmy ..."
qacc-0146,qacc,When did cassie died on young and the restless?,misinformation,"May 24, 2005",,4,,www.soapsindepth.com,,noise,"May 4, 2023 ... But Cameron Kirsten murdered Frank and framed Sharon. After her parents told her who Frank really was, Cassie was devastated that she would ..."
qacc-0146,qacc,When did cassie died on young and the restless?,misinformation,"May 24, 2005",,5,,www.imdb.com,,noise,"Episode #1.8140 ... The Newman family is was devastated by Cassie's (Camryn Grimes) death, and Malcolm (Shemar Moore) has worries about Lily's (Christel Khalil) ..."
qacc-0146,qacc,When did cassie died on young and the restless?,misinformation,"May 24, 2005",,6,,theyoungandtherestless.fandom.com,,noise,"She collapsed and was rushed back to hospital, where she later died after whispering the partial truth about the accident to Nick. Post Mortem Appearances."
qacc-0146,qacc,When did cassie died on young and the restless?,misinformation,"May 24, 2005",,7,,www.imdb.com,"May 24, 2005",correct,"However, Sharon's most gut-wrenching moment came in 2005 when her daughter Cassie Newman (Camryn Grimes) died. Cassie sustained injuries in a car wreck after ..."
qacc-0146,qacc,When did cassie died on young and the restless?,misinformation,"May 24, 2005",,8,,soaphub.com,,noise,"Mar 17, 2022 ... Longtime fans recall she spent her first tenure on the show as Cassidy 'Cassie' Newman, who died an untimely death after suffering injuries from ..."
qacc-0146,qacc,When did cassie died on young and the restless?,misinformation,"May 24, 2005",,9,,www.thecourierdaily.com,"May 24, 2005",correct,"Jul 30, 2020 ... The Young and the Restless spoilers: How did Cassie Newman die? She dies in the episode which was aired back on May 24, 2005, but it still has ..."
qacc-0156,qacc,How many countries can us citizen travel without visa?,outdated,184,,0,,visaguide.world,146,conflict,"This means that US citizens can travel visa-free to 146 countries in the world. However, to enter the remaining countries, US passport holders must apply for a ..."
qacc-0156,qacc,How many countries can us citizen travel without visa?,outdated,184,,1,,worldpopulationreview.com,185,conflict,"As of October 1, 2021, US citizens can travel visa-free to 185 countries and territories (though a few require a visa on arrival). Note, however, that some of ..."
qacc-0156,qacc,How many countries can us citizen travel without visa?,outdated,184,,2,,en.wikipedia.org,184,correct,"As of July 2023, holders of a United States passport may travel to 184 countries and territories without a travel visa, or with a visa on arrival."
qacc-0156,qacc,How many countries can us citizen travel without visa?,outdated,184,,3,,travel.state.gov,,noise,"Jan 3, 2023 ... U.S. citizens should carry their U.S. passport at all times when ... U.S. citizen, how long can I stay in the Schengen area without a visa?"
qacc-0156,qacc,How many countries can us citizen travel without visa?,outdated,184,,4,,www.handyvisas.com,,noise,US passport holders are currently able to travel to around 180 countries and territories without obtaining a visa or with a visa on arrival.
qacc-0156,qacc,How many countries can us citizen travel without visa?,outdated,184,,5,,www.cbp.gov,,noise,"In return, those 40 countries must permit U.S. citizens and nationals to travel to their countries for a similar length of time without a visa for business ..."
qacc-0156,qacc,How many countries can us citizen travel without visa?,outdated,184,,6,,www.dhs.gov,,noise,"Jun 1, 2023 ... The VWP permits citizens of participating countries to travel to the ... for business or tourism for stays of up to 90 days without a visa."
qacc-0156,qacc,How many countries can us citizen travel without visa?,outdated,184,,7,,www.state.gov,,noise,"The following passport wizard will prepare you to apply for a U.S. passport, ... tourism or business for stays of 90 days or less without obtaining a visa."
qacc-0174,qacc,Who played ashley banks on fresh prince of bel-air?,misinformation,Tatyana Marisol Ali,pending_screen,0,,en.wikipedia.org,Tatyana Marisol Ali,correct,"Tatyana Marisol Ali (born January 24, 1979) is an American actress and singer best known for her role as Ashley Banks on the NBC sitcom The Fresh Prince of ..."
qacc-0174,qacc,Who played ashley banks on fresh prince of bel-air?,misinformation,Tatyana Marisol Ali,pending_screen,1,,variety.com,Tatyana Marisol Ali,correct,"Jan 19, 2023 ... Tatyana Ali, who played Ashley Banks in “The Fresh Prince of Bel-Air” from 1990 to 1996, has joined the cast of the Peacock reboot “Bel-Air."
qacc-0174,qacc,Who played ashley banks on fresh prince of bel-air?,misinformation,Tatyana Marisol Ali,pending_screen,2,,freshprince.fandom.com,Tatyana Marisol Ali,correct,Ashley Banks is one of the two deuteragonists (alongside Hilary Banks) of The Fresh Prince Of Bel-Air. She is portrayed by Tatyana Ali.
qacc-0174,qacc,Who played ashley banks on fresh prince of bel-air?,misinformation,Tatyana Marisol Ali,pending_screen,3,,ew.com,Akira Akbar,conflict,"Jan 19, 2023 ... Though Ashley Banks is portrayed by Akira Akbar in Bel-Air, Ali's new role will still have a connection to her original character. Ali will play ..."
qacc-0174,qacc,Who played ashley banks on fresh prince of bel-air?,misinformation,Tatyana Marisol Ali,pending_screen,4,,freshprince.fandom.com,Tatyana Marisol Ali,correct,She is known for her role as Ashley Banks on The Fresh Prince of Bel-Air. Tatyana was born to an Afro-Panamanian mother who was a nurse and an ...
qacc-0174,qacc,Who played ashley banks on fresh prince of bel-air?,misinformation,Tatyana Marisol Ali,pending_screen,5,,www.imdb.com,Tatyana Marisol Ali,correct,"Tatyana Ali. Actress: The Fresh Prince of Bel-Air. Tatyana Marisol Ali was born on January 24, 1979, in North Bellmore, New York, to Sonia, a nurse from ..."
qacc-0174,qacc,Who played ashley banks on fresh prince of bel-air?,misinformation,Tatyana Marisol Ali,pending_screen,6,,www.yahoo.com,Tatyana Marisol Ali,correct,"Jul 5, 2022 ... Tatyana Ali was essentially raised on movie and TV sets, but her biggest break was starring as Ashley Banks on The Fresh Prince of Bel-Air ..."
qacc-0174,qacc,Who played ashley banks on fresh prince of bel-air?,misinformation,Tatyana Marisol Ali,pending_screen,7,,www.newsweek.com,Tatyana Marisol Ali,correct,"Feb 23, 2023 ... Tatyana Ali was just 11 years old when ""The Fresh Prince of Bel-Air"" debuted and she played the beloved Ashley Banks right though to the ..."
qacc-0174,qacc,Who played ashley banks on fresh prince of bel-air?,misinformation,Tatyana Marisol Ali,pending_screen,8,,deadline.com,Tatyana Marisol Ali,correct,"Jan 19, 2023 ... A familiar face is about to matriculate on Bel-Air: Tatyana Ali, who played Ashley Banks in The Fresh Prince of Bel Air, is set to recur as ..."
qacc-0174,qacc,Who played ashley banks on fresh prince of bel-air?,misinformation,Tatyana Marisol Ali,pending_screen,9,,movieweb.com,,noise,"Mar 1, 2022 ... The youngest member of the Banks family, Ashley, has a major change in the Fresh Prince reboot, to the dismay of many fans. akira-akbar-bel-air ..."
qacc-0191,qacc,A polygon with all sides the same length is said to be?,misinformation,equilateral,,0,,quizlet.com,,noise,"Study with Quizlet and memorize flashcards containing terms like Complete this statement: A polygon with all sides the same length is said to be _____., ..."
qacc-0191,qacc,A polygon with all sides the same length is said to be?,misinformation,equilateral,,1,,brainly.com,equilateral,correct,"Aug 4, 2016 ... Equilateral means all sides are the same length, equiangular means all angles are the same degrees, and regular means both equiangular and ..."
qacc-0191,qacc,A polygon with all sides the same length is said to be?,misinformation,equilateral,,2,,byjus.com,equilateral,correct,An equilateral polygon is a polygon that has all the sides of same length. The following pentagon has all the side lengths as a units.
qacc-0191,qacc,A polygon with all sides the same length is said to be?,misinformation,equilateral,,3,,www.chegg.com,,noise,Question: 1. Complete this statement: A polygon with all sides the same length is said to be regular Pequilateral O equiangular O convex Aradicinin in the ...
qacc-0191,qacc,A polygon with all sides the same length is said to be?,misinformation,equilateral,,4,,www.cuemath.com,regular,conflict,Answer: A polygon with all sides of the same length is said to be a regular polygon. · All its sides are equal · All its interior angles are equal · All its ...
qacc-0191,qacc,A polygon with all sides the same length is said to be?,misinformation,equilateral,,5,,www.splashlearn.com,,noise,"When comparing different shapes, if a side of one shape is equal to the side of another, the sides are said to be congruent. If all the sides of one shape are ..."
qacc-0191,qacc,A polygon with all sides the same length is said to be?,misinformation,equilateral,,6,,en.wikipedia.org,regular,conflict,"Together with the property of equal-length sides, this implies that every regular polygon also has an inscribed circle or incircle that is tangent to every ..."
qacc-0191,qacc,A polygon with all sides the same length is said to be?,misinformation,equilateral,,7,,www.skillsyouneed.com,,noise,"Irregular Quadrilateral: a four-sided shape where no sides are equal in length and no internal angles are the same. All internal angles still add up to 360°, as ..."
qacc-0191,qacc,A polygon with all sides the same length is said to be?,misinformation,equilateral,,8,,www.splashlearn.com,,noise,A polygon is said to be an irregular polygon or non-regular polygon if all the sides are not equal in length and and all the interior angles may not be of ...
qacc-0191,qacc,A polygon with all sides the same length is said to be?,misinformation,equilateral,,9,,math.answers.com,,noise,"Apr 28, 2022 ... Q: A polygon whose sides all have the same length is said to be? Write your answer... Submit. Still have questions?"
qacc-0201,qacc,What caused the american oil crisis of 1974?,misinformation,Oil Embargo,,0,,history.state.gov,Oil Embargo,correct,The 1973 Oil Embargo acutely strained a U.S. economy that had grown ... balance of power to oil-producing states and triggered a slew of U.S. attempts to ...
qacc-0201,qacc,What caused the american oil crisis of 1974?,misinformation,Oil Embargo,,1,,www.federalreservehistory.org,Oil Embargo,correct,"October 1973–January 1974. From the vantage point of policymakers in the Federal Reserve, an oil embargo by Arab producers against the U.S. further ..."
qacc-0201,qacc,What caused the american oil crisis of 1974?,misinformation,Oil Embargo,,2,,en.wikipedia.org,Oil Embargo,correct,"Nevertheless, the embargo lasted only until January 1974, though the price of oil remained high afterwards. American production decline. By 1969, American ..."
qacc-0201,qacc,What caused the american oil crisis of 1974?,misinformation,Oil Embargo,,3,,www.theguardian.com,,noise,"Mar 3, 2011 ... The 1970s oil crisis knocked the wind out of the global economy and ... led the price of crude to rise from $3 per barrel to $12 by 1974."
qacc-0201,qacc,What caused the american oil crisis of 1974?,misinformation,Oil Embargo,,4,,www.history.com,Oil Embargo,correct,"Aug 30, 2010 ... The oil embargo was lifted in March 1974, but oil prices remained high, and the effects of the energy crisis lingered throughout the decade. In ..."
qacc-0201,qacc,What caused the american oil crisis of 1974?,misinformation,Oil Embargo,,5,,billofrightsinstitute.org,Oil Embargo,correct,"That led to a Saudi decision, backed by OPEC, to go further and place an embargo ... However, a break in the oil crisis came in January 1974 when National ..."
qacc-0201,qacc,What caused the american oil crisis of 1974?,misinformation,Oil Embargo,,6,,americanhistory.si.edu,Oil Embargo,correct,Inflation and economic stagnation produced “stagflation” and shook ... The oil embargo of 1973–1974 and subsequent crises stretched across the decade and ...
qacc-0201,qacc,What caused the american oil crisis of 1974?,misinformation,Oil Embargo,,7,,www.cfr.org,German attacks,conflict,"German attacks disrupt U.S. oil exports to Britain and France, causing oil ... Arab oil ministers agree to end the embargo on March 18, 1974, on the ..."
qacc-0201,qacc,What caused the american oil crisis of 1974?,misinformation,Oil Embargo,,8,,www.smithsonianmag.com,,noise,"May 13, 2021 ... Half a century ago, a series of oil crises caused widespread panic and led to profound shifts in U.S. culture."
qacc-0201,qacc,What caused the american oil crisis of 1974?,misinformation,Oil Embargo,,9,,www.investopedia.com,Oil Embargo,correct,"Arab oil-producing countries launched the embargo in response to U.S. support of Israel during the 1973 Yom Kippur War. OPEC lifted its embargo in March 1974, ..."
qacc-0202,qacc,When did leonardo da vinci finish painting the mona lisa?,misinformation,1519,,0,,www.britannica.com,,noise,"Jun 27, 2023 ... Mona Lisa, oil painting on a poplar wood panel by Leonardo da Vinci, probably the ... How many years did it take to paint the Mona Lisa?"
qacc-0202,qacc,When did leonardo da vinci finish painting the mona lisa?,misinformation,1519,,1,,www.jerrysartarama.com,1506,conflict,"Leonardo Da Vinci painted the Mona Lisa from 1503 to 1506, but was considered incomplete by Da Vinci until 1516. Da Vinci was never paid for the painting ..."
qacc-0202,qacc,When did leonardo da vinci finish painting the mona lisa?,misinformation,1519,,2,,en.wikipedia.org,,noise,"The Mona Lisa is a half-length portrait painting by Italian artist Leonardo da Vinci. Mona Lisa. Italian: Gioconda, Monna Lisa. See adjacent text."
qacc-0202,qacc,When did leonardo da vinci finish painting the mona lisa?,misinformation,1519,,3,,www.theguardian.com,never finished it,conflict,"Apr 30, 2005 ... Da Vinci began the Mona Lisa in 1503 but never finished it. There are varying theories as to why he kept it for himself for so long - that he ..."
qacc-0202,qacc,When did leonardo da vinci finish painting the mona lisa?,misinformation,1519,,4,,www.thecollector.com,,noise,"Jun 12, 2021 ... Despite the years of work, the painting was never finished, Da Vinci was never paid for his work, and it never went to the client that ..."
qacc-0202,qacc,When did leonardo da vinci finish painting the mona lisa?,misinformation,1519,,5,,www.artandobject.com,,noise,"May 5, 2023 ... Leonardo da Vinci's iconic Mona Lisa, the world's most famous, recognizable, and copied artwork, has a storied history. Painted between 1503 ..."
qacc-0202,qacc,When did leonardo da vinci finish painting the mona lisa?,misinformation,1519,,6,,www.pbs.org,,noise,"Leonardo begins painting the Mona Lisa, which he will work on for four years (according to Leonardo da Vinci's biographer, Giorgio Vasari.) 1504, Raphael ..."
qacc-0202,qacc,When did leonardo da vinci finish painting the mona lisa?,misinformation,1519,,7,,www.quora.com,,noise,"Yes and no…. Thing is, Da Vinci had a very bad habit. He would use unorthodox methods while making art, and he tended to not finish. With the Mona ..."
qacc-0202,qacc,When did leonardo da vinci finish painting the mona lisa?,misinformation,1519,,8,,paintona.com,1519,correct,"Leonardo da Vinci painted the Mona Lisa between the years of 1503 and 1519. However, scholars tend to debate the exact timeline of the portrait's completion ..."
qacc-0202,qacc,When did leonardo da vinci finish painting the mona lisa?,misinformation,1519,,9,,www.quora.com,,noise,"Yes and no…. Thing is, Da Vinci had a very bad habit. He would use unorthodox methods while making art, and he tended to not finish. With the Mona ..."
qacc-0227,qacc,Where does the coin go in a french drop?,misinformation,made to disappear,pending_screen,0,,www.youtube.com,made to disappear,correct,"Jan 20, 2018 ... Learn more at http://52kards.com The French Drop is a staple technique in magic and can be used to vanish any small object. This move is all ..."
qacc-0227,qacc,Where does the coin go in a french drop?,misinformation,made to disappear,pending_screen,1,,www.masterclass.com,made to disappear,correct,"Sep 2, 2022 ... A French drop, or “Le Tourniquet” in French, is a classic sleight of hand method that magicians use to “vanish” small objects. You pick up a ..."
qacc-0227,qacc,Where does the coin go in a french drop?,misinformation,made to disappear,pending_screen,2,,www.youtube.com,dropped,conflict,"Feb 13, 2012 ... As your fingers go through, the coin is dropped. The coin is then shown to appear in this hand, just by keeping your hand natural."
qacc-0227,qacc,Where does the coin go in a french drop?,misinformation,made to disappear,pending_screen,3,,www.quora.com,made to disappear,correct,The French Drop is used to vanish a small object. Any magic trick you do that could benefit from a vanish is therefore fair game.
qacc-0227,qacc,Where does the coin go in a french drop?,misinformation,made to disappear,pending_screen,4,,www.youtube.com,made to disappear,correct,"Mar 14, 2023 ... French Drop Coin Vanish. 1.1M views · 4 months ago ...more ... Go to channel ... How to do the Thumb Palm Coin Vanish. Ekaterina•378K views."
qacc-0227,qacc,Where does the coin go in a french drop?,misinformation,made to disappear,pending_screen,5,,www.ncbi.nlm.nih.gov,,noise,"In the case of (1), an onlooker, unsuspecting of the FDS about to be performed, viscerally assumes the coin is going to be transferred between hands due to ..."
qacc-0227,qacc,Where does the coin go in a french drop?,misinformation,made to disappear,pending_screen,6,,www.youtube.com,made to disappear,correct,"Jul 14, 2010 ... The French drop magic coin trick requires specific palming and vanishing ... www.weatherbeemagic.com Bio: Paul Weatherbee is a member of the ..."
qacc-0227,qacc,Where does the coin go in a french drop?,misinformation,made to disappear,pending_screen,7,,www.howcast.com,dropped,conflict,"Instructions Step 1: Show the coin Hold the coin between your thumb and fingers ... How to Do the French Drop Coin Trick. Where the coin goes, nobody knows."
qacc-0227,qacc,Where does the coin go in a french drop?,misinformation,made to disappear,pending_screen,8,,www.masterclass.com,made to disappear,correct,"In this chapter, Penn & Teller teach various coin magic tricks that ... you can't use the French Drop for this, this is a whole different move, to do both ..."
qacc-0227,qacc,Where does the coin go in a french drop?,misinformation,made to disappear,pending_screen,9,,www.wikihow.com,made to disappear,correct,The French Drop is a sleight of hand trick where you make a coin or another small object “disappear” when you transfer it between your hands.
qacc-0241,qacc,The type of thunderstorm that has the most damaging winds and precipitation is a?,misinformation,Supercell,,0,,www.weather.gov,Supercell,correct,"What makes a supercell unique from all other thunderstorm types is that it ... wind shear between the surface and about 20,000 feet is the most critical ..."
qacc-0241,qacc,The type of thunderstorm that has the most damaging winds and precipitation is a?,misinformation,Supercell,,1,,www.nssl.noaa.gov,,noise,"What is a severe thunderstorm? A thunderstorm is classified as “severe” when it contains one or more of the following: hail one inch or greater, winds gusting ..."
qacc-0241,qacc,The type of thunderstorm that has the most damaging winds and precipitation is a?,misinformation,Supercell,,2,,www.weather.gov,,noise,"By definition, if the wind damage swath extends more than 240 miles (about ... As the rain-cooled downdraft of a thunderstorm reaches the earth's surface, ..."
qacc-0241,qacc,The type of thunderstorm that has the most damaging winds and precipitation is a?,misinformation,Supercell,,3,,www.noaa.gov,,noise,"May 9, 2023 ... These ""squall lines"" can persist for many hours and produce damaging winds and hail. Updrafts, and therefore new cells, continually re-form at ..."
qacc-0241,qacc,The type of thunderstorm that has the most damaging winds and precipitation is a?,misinformation,Supercell,,4,,www.nssl.noaa.gov,,noise,"Hail is a form of precipitation consisting of solid ice that forms inside thunderstorm ... Although Florida has the most thunderstorms, Nebraska, Colorado, ..."
qacc-0241,qacc,The type of thunderstorm that has the most damaging winds and precipitation is a?,misinformation,Supercell,,5,,climatecenter.fsu.edu,,noise,"This is the most dangerous stage of the storm and is the most likely time for hail, heavy rain, lightning, strong winds and tornadoes."
qacc-0241,qacc,The type of thunderstorm that has the most damaging winds and precipitation is a?,misinformation,Supercell,,6,,forecast.weather.gov,,noise,Most of the rain produced by the thunderstorm evaporates into relatively dry ... Structural wind damage mayimply the occurrence of a severe thunderstorm.
qacc-0241,qacc,The type of thunderstorm that has the most damaging winds and precipitation is a?,misinformation,Supercell,,7,,spectrumnews1.com,,noise,"Jun 16, 2020 ... Heavy rain, hail, lightning and tornadoes can occur, but the biggest threat with these can be damaging straight-line winds. We look for a line ..."
qacc-0241,qacc,The type of thunderstorm that has the most damaging winds and precipitation is a?,misinformation,Supercell,,8,,forecast.weather.gov,Dust storm,conflict,Most of the rain produced by the thunderstorm evaporates into relatively dry ... Dust Storm: A severe weather condition characterized by strong winds and ...
qacc-0241,qacc,The type of thunderstorm that has the most damaging winds and precipitation is a?,misinformation,Supercell,,9,,en.wikipedia.org,Tornadoes,conflict,"Strong or severe thunderstorms include some of the most dangerous weather phenomena, including large hail, strong winds, and tornadoes. Some of the most ..."
qacc-0271,qacc,When was alice in chains jar of flies released?,outdated,"January 25, 1994",soft_conflict,0,,en.wikipedia.org,"January 25, 1994",correct,"Jar of Flies is the third studio EP by the American rock band Alice in Chains, released on January 25, 1994, through Columbia Records. This is Alice in ..."
qacc-0271,qacc,When was alice in chains jar of flies released?,outdated,"January 25, 1994",soft_conflict,1,,loudwire.com,"January 25, 1994",correct,"Jan 25, 2023 ... Despite being an EP, Alice in Chains' Jar of Flies, which was released on Jan. 25, 1994, has a unique, compelling story behind it, ..."
qacc-0271,qacc,When was alice in chains jar of flies released?,outdated,"January 25, 1994",soft_conflict,2,,www.revolvermag.com,1994,conflict,"Jan 25, 2019 ... Alice in Chains were already a big band when they released 1994's Jar of Flies (their appearance in Cameron Crowe's generation-defining 1992 ..."
qacc-0271,qacc,When was alice in chains jar of flies released?,outdated,"January 25, 1994",soft_conflict,3,,loudwire.com,,noise,"Jan 25, 2023 ... The lead single was ""No Excuses,"" released in early 1994. It was a change of pace for the band, the song became a radio and MTV hit; it was ..."
qacc-0271,qacc,When was alice in chains jar of flies released?,outdated,"January 25, 1994",soft_conflict,4,,www.discogs.com,1994,conflict,"Case in point is the 1994 EP Jar of Flies. Coming after two unrelentingly heavy albums like Facelift and Dirt, a laid back, almost mellow collection of material ..."
qacc-0271,qacc,When was alice in chains jar of flies released?,outdated,"January 25, 1994",soft_conflict,5,,alice-in-chains.fandom.com,"January 25, 1994",correct,"Jar of Flies is the third studio EP by the American rock band Alice In Chains, released on January 25, 1994 through Columbia Records."
qacc-0271,qacc,When was alice in chains jar of flies released?,outdated,"January 25, 1994",soft_conflict,6,,consequence.net,"January 25, 1994",correct,"Jan 25, 2020 ... Since its original release on January 25, 1994, Jar of Flies remains a gripping listen — which is quite an accomplishment, as it was done so ..."
qacc-0271,qacc,When was alice in chains jar of flies released?,outdated,"January 25, 1994",soft_conflict,7,,www.amazon.com,"January 25, 1994",correct,No Description Available No Track Information Available Media Type: CD Artist: ALICE IN CHAINS Title: JAR OF FLIES Street Release Date: 01/25/1994. Domestic
qacc-0271,qacc,When was alice in chains jar of flies released?,outdated,"January 25, 1994",soft_conflict,8,,rateyourmusic.com,"January 25, 1994",correct,"Jar of Flies, an EP by Alice in Chains. Released 25 January 1994 on Columbia (catalog no. CK 57628; CD). Genres: Acoustic Rock, Grunge, Alternative Rock."
qacc-0271,qacc,When was alice in chains jar of flies released?,outdated,"January 25, 1994",soft_conflict,9,,mikeladano.com,,noise,"Jul 5, 2013 ... For a little while, Alice In Chains were in the habit of releasing an EP before each studio album (We Die Young preceded the Facelift album ..."
qacc-0278,qacc,Who wrote remember me i'm the one who loves you?,misinformation,Stuart Hamblen,,0,,en.wikipedia.org,Stuart Hamblen,correct,"""(Remember Me) I'm The One Who Loves You"" is a song written and originally sung by Stuart Hamblen, which he released in 1950. The song was a hit for Ernest ..."
qacc-0278,qacc,Who wrote remember me i'm the one who loves you?,misinformation,Stuart Hamblen,,1,,secondhandsongs.com,Stuart Hamblen,correct,The song Remember Me (I'm the One Who Loves You) was written by Stuart Hamblen and was first recorded and released by Stuart Hamblen in 1950.
qacc-0278,qacc,Who wrote remember me i'm the one who loves you?,misinformation,Stuart Hamblen,,2,,en.wikipedia.org,,noise,"(Remember Me) I'm the One Who Loves You is a 1965 studio album by Dean Martin, produced by Jimmy Bowen and arranged by Ernie Freeman. The album was Martin's ..."
qacc-0278,qacc,Who wrote remember me i'm the one who loves you?,misinformation,Stuart Hamblen,,3,,pitchfork.com,,noise,"Jul 7, 2022 ... Check out “(Remember Me) I'm the One Who Loves You,” with piano by Benmont Tench, below (via Consequence). Sara and Sean Watkins, both formerly ..."
qacc-0278,qacc,Who wrote remember me i'm the one who loves you?,misinformation,Stuart Hamblen,,4,,genius.com,Stuart Hamblen,correct,Who wrote “(Remember Me) I'm The One Who Loves You” by Stuart Hamblen? Country & Western ( ...
qacc-0278,qacc,Who wrote remember me i'm the one who loves you?,misinformation,Stuart Hamblen,,5,,www.discogs.com,,noise,"View credits, reviews, tracks and shop for the 1965 Vinyl release of ""(Remember Me) I'm The One Who Loves You"" on Discogs."
qacc-0278,qacc,Who wrote remember me i'm the one who loves you?,misinformation,Stuart Hamblen,,6,,www.lyrics.com,Ray Price,conflict,"Remember Me (I'm the One Who Loves You) Lyrics by Ray Price from the The Honky Tonk Years (1950-1966) album - including song video, artist biography, ..."
qacc-0278,qacc,Who wrote remember me i'm the one who loves you?,misinformation,Stuart Hamblen,,7,,genius.com,,noise,"Jul 8, 2022 ... (Remember Me) I'm the One Who Loves You Lyrics: When you're all alone and blue / Not a friend to tell your troubles to / Remember me, I'm ..."
qacc-0278,qacc,Who wrote remember me i'm the one who loves you?,misinformation,Stuart Hamblen,,8,,consequence.net,,noise,"Jul 7, 2022 ... Watkins Family Hour have shared their new Fiona Apple collab ""(Remember Me) I'm the One Who Loves You."" Stream and read its Origins here."
qacc-0278,qacc,Who wrote remember me i'm the one who loves you?,misinformation,Stuart Hamblen,,9,,www.amazon.com,,noise,Amazon.com: Dean Martin: Remember Me I'm the One Who Loves You [Vinyl]: CDs & Vinyl.
qacc-0287,qacc,Who has won the us open golf 2018 title in new york?,misinformation,Brooks Koepka,,0,,en.wikipedia.org,,noise,"The 2018 United States Open Championship was the 118th U.S. Open, held June 14–17 at Shinnecock Hills Golf Club in Shinnecock Hills, New York, ... Winner of the 2017 U.S. Senior Open Championship."
qacc-0287,qacc,Who has won the us open golf 2018 title in new york?,misinformation,Brooks Koepka,,1,,en.wikipedia.org,Brooks Koepka,correct,"Brooks Koepka is an American professional golfer who plays in the LIV Golf League. He ... He won the U.S. Open in 2017 and 2018, and the PGA Championship in 2018 ..."
qacc-0287,qacc,Who has won the us open golf 2018 title in new york?,misinformation,Brooks Koepka,,2,,www.usopen.com,,noise,"Official site of the 123rd U.S. Open championship, at The Los Angeles Country Club (Calif.). Home of full coverage for one of golf's four major ..."
qacc-0287,qacc,Who has won the us open golf 2018 title in new york?,misinformation,Brooks Koepka,,3,,www.nytimes.com,Johnson,conflict,"Jun 17, 2018 ... In golf, where major championship dreams are usually dashed or fulfilled on the putting surfaces, Johnson, the world's top ranked player and one ..."
qacc-0287,qacc,Who has won the us open golf 2018 title in new york?,misinformation,Brooks Koepka,,4,,www.usga.org,,noise,"Jun 14, 2011 ... ... Golf Club, in Southampton, N.Y., has been selected by the United States Golf Association as the site of the 2018 U.S. Open Championship."
qacc-0287,qacc,Who has won the us open golf 2018 title in new york?,misinformation,Brooks Koepka,,5,,www.nytimes.com,Brooks Koepka,correct,"Jun 17, 2018 ... Koepka won the U.S. Open in part because he made several critical ... for Koepka to prepare to defend his 2017 United States Open title."
qacc-0287,qacc,Who has won the us open golf 2018 title in new york?,misinformation,Brooks Koepka,,6,,www.golfpass.com,,noise,"Jun 4, 2018 ... The 118th U.S. Open Championship on Long Island June 11-17 signals a ... Winner and runner-up of the previous edition of the U.S. Amateur"
qacc-0287,qacc,Who has won the us open golf 2018 title in new york?,misinformation,Brooks Koepka,,7,,bleacherreport.com,,noise,"He went on to shoot a 68 and win the title at Shinnecock Hills in Southampton, New York with a one-over-par 281. That allowed him to win the tournament by ..."
qacc-0287,qacc,Who has won the us open golf 2018 title in new york?,misinformation,Brooks Koepka,,8,,www.forbes.com,,noise,"Jun 13, 2018 ... The 118th U.S. Open will be played June 14-17 at Shinnecock Hills Golf Club on New York's Long Island. One of five founding member clubs of ..."
qacc-0294,qacc,Where does the last name betts come from?,misinformation,medieval personal name,soft_conflict,0,,www.houseofnames.com,Norfolk,conflict,"The surname Betts was first found in Norfolk, where they held a family seat from ancient times, long before the Norman Conquest in 1066. ""One of the principal ..."
qacc-0294,qacc,Where does the last name betts come from?,misinformation,medieval personal name,soft_conflict,1,,www.ancestry.com,medieval personal name,correct,English: variant of Bett with excrescent -s a patronymic or metronymic from the medieval personal name Bett a short form of Bartholomew Beatrice or Elizabeth.
qacc-0294,qacc,Where does the last name betts come from?,misinformation,medieval personal name,soft_conflict,2,,www.familysearch.org,medieval personal name,correct,"1489171 records ... English: variant of Bett , with excrescent -s, a patronymic or metronymic from the medieval personal name Bett, a short form of Bartholomew, ..."
qacc-0294,qacc,Where does the last name betts come from?,misinformation,medieval personal name,soft_conflict,3,,forebears.io,,noise,"From Where Does The Surname Originate? ... This surname is derived from the name of an ancestor. 'the son of Beatrice,' from the nick. Bete or Bet; v. Beaton and ..."
qacc-0294,qacc,Where does the last name betts come from?,misinformation,medieval personal name,soft_conflict,4,,en.wikipedia.org,medieval personal name,correct,"Betts is an English Patronymic surname, deriving from the medieval personal name Bett, a short form of Bartholomew, Beatrice, or Elizabeth."
qacc-0294,qacc,Where does the last name betts come from?,misinformation,medieval personal name,soft_conflict,5,,www.surnamedb.com,medieval personal name,correct,"This interesting name is of early medieval English origin, and derives from a medieval given name, ""Bett"", a short form of either ""Bartholomew, Beatrice"", ..."
qacc-0294,qacc,Where does the last name betts come from?,misinformation,medieval personal name,soft_conflict,6,,namecensus.com,,noise,The most recent statistics we have for the Betts surname is from the 2010 census data.
qacc-0294,qacc,Where does the last name betts come from?,misinformation,medieval personal name,soft_conflict,7,,www.names.org,,noise,Related Names; Pronunciation; Meanings and Origins; Notable Persons With the Last Name Betts; Regional Popularity; Ethnicity Distribution; Fun Facts ...
qacc-0294,qacc,Where does the last name betts come from?,misinformation,medieval personal name,soft_conflict,8,,playback.fm,,noise,The most famous person with last name Betts is Clive Betts. Other famous people with last name include celebrities like Denis Betts and Eddie Betts.
qacc-0294,qacc,Where does the last name betts come from?,misinformation,medieval personal name,soft_conflict,9,,en.geneanet.org,medieval personal name,correct,BETTS : 1: English: variant of Bett with excrescent -s a patronymic or metronymic from the medieval personal name Bett a short form of Bartholomew Beatrice or ...
qacc-0296,qacc,Who plays james corden's sister in gavin and stacey?,misinformation,Rudi,,0,,en.wikipedia.org,,noise,"His best friend is Neil ""Smithy"" Smith (James Corden). During the first two series Gavin lives with his parents Mick (Larry Lamb) and Pam (Alison Steadman)."
qacc-0296,qacc,Who plays james corden's sister in gavin and stacey?,misinformation,Rudi,,1,,www.imdb.com,Rudi,correct,"In the drive through scene, the first woman at the counter is James Corden's real life sister Rudi. ... On the CB, Nessa says that there's a 4 car pile up on the ..."
qacc-0296,qacc,Who plays james corden's sister in gavin and stacey?,misinformation,Rudi,,2,,www.dailymail.co.uk,Ruth and Ange,conflict,"Jan 4, 2022 ... 'He's the quietest out of the three of us!' James Corden's sisters Ruth and Ange reveal the star is the 'most introverted' in their family ..."
qacc-0296,qacc,Who plays james corden's sister in gavin and stacey?,misinformation,Rudi,,3,,en.wikipedia.org,,noise,"James Kimberley Corden OBE (born 22 August 1978) is an English actor, comedian, singer, ... For the show, Corden won Best Male Comedy Performer and Gavin & Stacey ..."
qacc-0296,qacc,Who plays james corden's sister in gavin and stacey?,misinformation,Rudi,,4,,www.comedy.co.uk,,noise,Smithy. AKA: Neil Smith. Played by: James Corden. Smithy is 26 and is Gavin's best friend. He loves Gavin's parents more than his ...
qacc-0296,qacc,Who plays james corden's sister in gavin and stacey?,misinformation,Rudi,,5,,www.mirror.co.uk,Rudi,correct,"Feb 28, 2022 ... They came together on James' show Gavin and Stacey, where he played loveable fool Smithy and Sheridan was cast as his annoying sister Rudi."
qacc-0296,qacc,Who plays james corden's sister in gavin and stacey?,misinformation,Rudi,,6,,www.thethings.com,,noise,"Dec 5, 2020 ... James Corden has a close relationship with his siblings and will more ... from being the co-writer of the comedy Gavin & Stacey to singing ..."
qacc-0296,qacc,Who plays james corden's sister in gavin and stacey?,misinformation,Rudi,,7,,www.hellomagazine.com,,noise,"Nov 23, 2021 ... The sisters of the Gavin and Stacey star appeared on the ITV daytime show and revealed the glamorous experience they shared with their ..."
qacc-0296,qacc,Who plays james corden's sister in gavin and stacey?,misinformation,Rudi,,8,,www.theguardian.com,,noise,"Jun 6, 2009 ... One minute, the creator of Gavin & Stacey could do no wrong ... the next, ... now (Sheridan Smith who plays his sister in Gavin & Stacey)."
qacc-0296,qacc,Who plays james corden's sister in gavin and stacey?,misinformation,Rudi,,9,,people.com,,noise,"Oct 25, 2016 ... James Corden's Sister on 'Surreal' NFL Bit: 'You Aren't Prepared for ... In his breakthrough BBC show Gavin and Stacey, which he co-wrote, ..."
qacc-0300,qacc,Who wrote the introduction to the voyage out?,misinformation,Phyllis Rose,soft_conflict,0,,en.wikipedia.org,Phyllis Rose,correct,"The Voyage Out is the first novel by Virginia Woolf, published in 1915 by Duckworth. ... Literary scholar Phyllis Rose writes in her introduction to the novel, ..."
qacc-0300,qacc,Who wrote the introduction to the voyage out?,misinformation,Phyllis Rose,soft_conflict,1,,www.penguinrandomhouse.com,Elisa Gabbert,conflict,"The Voyage Out by Virginia Woolf. Add The Voyage Out to bookshelf ... writers—with an introduction by Elisa Gabbert, author of The Unreality of Memory"
qacc-0300,qacc,Who wrote the introduction to the voyage out?,misinformation,Phyllis Rose,soft_conflict,2,,www.nypl.org,,noise,"Woolf began writing her first novel as early as 1907. The Voyage Out (1915) follows a twenty-four-year-old woman, Rachel, as she travels from England to an ..."
qacc-0300,qacc,Who wrote the introduction to the voyage out?,misinformation,Phyllis Rose,soft_conflict,3,,www.uah.edu,,noise,"May 4, 1998 ... Introduction. Rachel Vinrace is a heroine out of time and out of place in Virginia Woolf's novel. The Voyage Out."
qacc-0300,qacc,Who wrote the introduction to the voyage out?,misinformation,Phyllis Rose,soft_conflict,4,,www.unionsquareandco.com,,noise,"OVERVIEW. &&LDIV&&R&&LDIV&&R&&LI&&RThe Voyage Out&&L/I&&R, ... maturity when she finds her engagement to the writer Terence Hewet listing toward disaster."
qacc-0300,qacc,Who wrote the introduction to the voyage out?,misinformation,Phyllis Rose,soft_conflict,5,,www.amazon.com,,noise,"The Modern Library is proud to include Virginia Woolf's first novel, The Voyage Out--together with a new Introduction by Pulitzer Prize-winning novelist ..."
qacc-0312,qacc,Who wrote the school for good and evil?,misinformation,Soman Chainani,pending_screen,0,,www.netflix.com,Soman Chainani,correct,"Oct 20, 2022 ... 'The School for Good and Evil' Author Soman Chainani Speaks ... The writer, whose novel is now a Netflix movie, talks about seeing his words come ..."
qacc-0312,qacc,Who wrote the school for good and evil?,misinformation,Soman Chainani,pending_screen,1,,variety.com,Soman Chainani,correct,"Oct 20, 2022 ... 'The School for Good and Evil' Author Soman Chainani on Carrying the Franchise Forward, Sony's 'Beasts and Beauty' · Related Stories · More From ..."
qacc-0312,qacc,Who wrote the school for good and evil?,misinformation,Soman Chainani,pending_screen,2,,en.wikipedia.org,Paul Feig and David Magee,conflict,"The School for Good and Evil is a 2022 American fantasy film directed by Paul Feig from a screenplay he co-wrote with David Magee, based on the 2013 novel ..."
qacc-0312,qacc,Who wrote the school for good and evil?,misinformation,Soman Chainani,pending_screen,3,,firstbook.org,Soman Chainani,correct,"Nov 8, 2013 ... Does that quote seem familiar to you? It's the widely recognized first line of the book, The School For Good And Evil. Soman Chainani is the ..."
qacc-0312,qacc,Who wrote the school for good and evil?,misinformation,Soman Chainani,pending_screen,4,,somanchainani.com,Soman Chainani,correct,"Soman Chainani's debut series, THE SCHOOL FOR GOOD & EVIL, has sold more than 3.5 million copies, been translated into 32 languages across six continents, and ..."
qacc-0312,qacc,Who wrote the school for good and evil?,misinformation,Soman Chainani,pending_screen,5,,somanchainani.com,Soman Chainani,correct,"Soman Chainani's debut series, THE SCHOOL FOR GOOD & EVIL, has sold more than 3.5 million copies, been translated into 32 languages across six continents, and ..."
qacc-0312,qacc,Who wrote the school for good and evil?,misinformation,Soman Chainani,pending_screen,6,,www.imdb.com,Soman Chainani,correct,"The School for Good and Evil: Directed by Paul Feig. With Kit Young, Sophia Anne Caruso, Cate Blanchett, Liam Woon. Best friends Sophie and Agatha find ..."
qacc-0312,qacc,Who wrote the school for good and evil?,misinformation,Soman Chainani,pending_screen,7,,www.shondaland.com,Soman Chainani,correct,"Oct 21, 2022 ... Since the publication of his debut novel, The School for Good and Evil, in 2013, Soman Chainani has been praised for his ability to subvert ..."
qacc-0312,qacc,Who wrote the school for good and evil?,misinformation,Soman Chainani,pending_screen,8,,www.crackingthecover.com,Soman Chainani,correct,Soman Chainani is the author of “The School for Good and Evil.” The following is a complete transcript of his interview with Cracking the Cover.
qacc-0321,qacc,Who has won the champions league the most as a player?,misinformation,Paco Gento,,0,,www.goal.com,Paco Gento,correct,"May 29, 2022 ... Players who have won the most Champions League trophies ... Iconic Real Madrid left-winger Paco Gento currently holds the record of the player in ..."
qacc-0321,qacc,Who has won the champions league the most as a player?,misinformation,Paco Gento,,1,,www.uefa.com,,noise,"May 28, 2022 ... Ronaldo was the first player to win five Champions League titles, having first lifted the trophy with Manchester United in 2008 before adding ..."
qacc-0321,qacc,Who has won the champions league the most as a player?,misinformation,Paco Gento,,2,,the18.com,,noise,"May 31, 2022 ... #2: Paolo Maldini (AC Milan) — 5 (1989, 1990, 1994, 2003, 2007). Players with the most Champions League titles. Paolo Maldini won two European ..."
qacc-0321,qacc,Who has won the champions league the most as a player?,misinformation,Paco Gento,,3,,www.sportingnews.com,Paco Gento,correct,"May 28, 2022 ... Which player has won the most Champions League titles? Spaniard Francisco ""Paco"" Gento has won a record six Champions League titles. Read more ..."
qacc-0321,qacc,Who has won the champions league the most as a player?,misinformation,Paco Gento,,4,,en.wikipedia.org,,noise,"Clubs from ten countries have provided tournament winners. Spanish clubs have been the most successful, winning nineteen titles. England is second with fifteen ..."
qacc-0321,qacc,Who has won the champions league the most as a player?,misinformation,Paco Gento,,5,,www.sportingnews.com,,noise,"May 28, 2022 ... As Liverpool and Real Madrid face off in this year's Champions League final, The Sporting News takes a look at which players have been the ..."
qacc-0321,qacc,Who has won the champions league the most as a player?,misinformation,Paco Gento,,6,,khelnow.com,,noise,"Mar 19, 2023 ... The Champions League is Cristiano Ronaldo, in fact. No player before the Portuguese great has ever dominated the tournament as he has. He became ..."
qacc-0321,qacc,Who has won the champions league the most as a player?,misinformation,Paco Gento,,7,,en.wikipedia.org,,noise,"Cristiano Ronaldo has 183 UEFA Champions League appearances, the most in the competition. Six players scored in their 100th appearance: Thierry Henry (for ..."
qacc-0321,qacc,Who has won the champions league the most as a player?,misinformation,Paco Gento,,8,,www.sportsadda.com,,noise,"As many as 15 different players have won the UEFA Champions League four times. ... Cristiano Ronaldo, Karim Benzema, Luka Modric and Marcelo are among 10 players ..."
qacc-0321,qacc,Who has won the champions league the most as a player?,misinformation,Paco Gento,,9,,m.allfootballapp.com,Cristiano Ronaldo ,conflict,"May 29, 2023 ... Cristiano Ronaldo really is Mr. Champions League. The Portuguese superstar has dominated the competition like no player before him ever has. He ..."
qacc-0334,qacc,Who is the most subscribed vlogger on youtube?,outdated,MrBeast ,,0,,www.searchenginejournal.com,MrBeast ,correct,"Jan 2, 2023 ... MrBeast is the most-subscribed YouTuber with 116 million subscribers. PewDiePie is second with 111 million subscribers - December '22."
qacc-0334,qacc,Who is the most subscribed vlogger on youtube?,outdated,MrBeast ,,1,,influencermarketinghub.com,,noise,"Jun 20, 2022 ... Casey Neistat is an American YouTuber, filmmaker, vlogger, and founder of creative space, 368. He operates a highly popular YouTube channel that ..."
qacc-0334,qacc,Who is the most subscribed vlogger on youtube?,outdated,MrBeast ,,2,,influencermatchmaker.co.uk,PewDiePie,conflict,"Reaching the 100 million subscriber mark in August this year, PewDiePie reigns as the most subscribed individual creator on YouTube."
qacc-0334,qacc,Who is the most subscribed vlogger on youtube?,outdated,MrBeast ,,3,,en.wikipedia.org,,noise,A subscriber to a channel on the American video-sharing platform YouTube is a user who has chosen to receive the channel's content by clicking on that ...
qacc-0334,qacc,Who is the most subscribed vlogger on youtube?,outdated,MrBeast ,,4,,www.businessinsider.com,PewDiePie,conflict,"Jan 26, 2021 ... Well-known names like PewDiePie, Shane Dawson, and Smosh have racked up millions of subscribers over the years by uploading videos on YouTube ..."
qacc-0334,qacc,Who is the most subscribed vlogger on youtube?,outdated,MrBeast ,,5,,www.tastyedits.com,,noise,Who are the YouTubers with the most subscribers in 2023? Here's the latest list of the 50 most-subscribed YouTube channels.
qacc-0334,qacc,Who is the most subscribed vlogger on youtube?,outdated,MrBeast ,,6,,www.insider.com,,noise,"Mar 8, 2023 ... The compilation also skews heavily male, with just five channels fronted by women, including child vloggers Nastya, Shfa, and Maria Clara. For ..."
qacc-0334,qacc,Who is the most subscribed vlogger on youtube?,outdated,MrBeast ,,7,,filmora.wondershare.com,,noise,Part 1: 10 Best Vloggers on YouTube Channel · 1. Vagabrothers · 2. Ali Abdaal · 3. Mr. Ben Brown · 4. Nayna Florence · 5. Casey Neistat · 6. Hey Nadine · 7. Roman ...
qacc-0334,qacc,Who is the most subscribed vlogger on youtube?,outdated,MrBeast ,,8,,blogen.influence4you.com,,noise,"Germán Garmendia is Chile's biggest YouTube star. An actor and musician, he started by posting comedy sketches and vlogs, while his second channel JuegaGerman, ..."
qacc-0337,qacc,Who has scored most runs in t20 international matches?,misinformation,Gayle,pending_screen,0,,www.espncricinfo.com,,noise,"Records for T20I Matches ; V Kohli (IND). 2010-2022, 115 ; RG Sharma (IND). 2007-2022, 148 ; MJ Guptill (NZ). 2009-2022, 122 ; Babar Azam (PAK). 2016-2023, 104 ..."
qacc-0337,qacc,Who has scored most runs in t20 international matches?,misinformation,Gayle,pending_screen,1,,en.wikipedia.org,Virat Kohli,conflict,"Virat Kohli is the leading run scorer in T20 Internationals, with 4,008 runs. Shakib Al Hasan is the leading wicket taker in T20 Internationals, with 136 ..."
qacc-0337,qacc,Who has scored most runs in t20 international matches?,misinformation,Gayle,pending_screen,2,,amsivri.icar.gov.in,,noise,6 days ago ... who has scored most runs in t20 international matches -India's online casino gaming website www.42bet04.com offering the 300% on first ...
qacc-0337,qacc,Who has scored most runs in t20 international matches?,misinformation,Gayle,pending_screen,3,,en.wikipedia.org,,noise,"He scored 257 runs the third day of the match, which was the most runs scored by an individual batsman on a single day of a Test match since 1954, when Denis ..."
qacc-0337,qacc,Who has scored most runs in t20 international matches?,misinformation,Gayle,pending_screen,4,,www.gkv.ac.in,,noise,Rohit Sharma's 3853 runs from 148 matches ranks second for the most runs scored in T20 cricket history. Sharma is one of the best openers I've ever played.
qacc-0337,qacc,Who has scored most runs in t20 international matches?,misinformation,Gayle,pending_screen,5,,en.wikipedia.org,Gayle,correct,"Gayle is the only player to score more than 14,000 runs and hit more than 1,000 sixes in T20 cricket He is also the leading run scorer for West Indies in both ..."
qacc-0337,qacc,Who has scored most runs in t20 international matches?,misinformation,Gayle,pending_screen,6,,www.mykhel.com,Virat Kohli,conflict,"Virat Kohli tops the table with 4,008 runs as he has amassed in 115 T20 matches (107 innings) till date in the shortest format of the game at international ..."
qacc-0337,qacc,Who has scored most runs in t20 international matches?,misinformation,Gayle,pending_screen,7,,en.wikipedia.org,,noise,"Indian cricketer Sachin Tendulkar has scored the most runs in ODIs with a total of 18,426. Sri Lankan spinner Muttiah Muralitharan is the highest ODI ..."
qacc-0337,qacc,Who has scored most runs in t20 international matches?,misinformation,Gayle,pending_screen,8,,www.statista.com,,noise,"Jun 14, 2023 ... Sachin Tendulkar - the Little Master · ICC Rankings · Highest individual score in men's One Day International cricket as of June 2023, by player."
qacc-0337,qacc,Who has scored most runs in t20 international matches?,misinformation,Gayle,pending_screen,9,,en.wikipedia.org,,noise,"The top run scorer in the series was Andrew Strauss, 267 runs for England, who also scored most in the Ashes Test match series. Top wicket taker was Brett Lee, ..."
qacc-0338,qacc,What is the fastest roller coaster in california?,misinformation,Goliath,,0,,www.coaster101.com,Goliath,correct,"Apr 30, 2020 ... The fastest full circuit roller coaster in California is Goliath, also at Six Flags Magic Mountain. It tops out at 85mph. The park operates 8 of ..."
qacc-0338,qacc,What is the fastest roller coaster in california?,misinformation,Goliath,,1,,californiaunpublished.com,The California Screamin',conflict,"May 21, 2023 ... The California Screamin' is Disney California's longest and fastest ride at 1 1/8 miles long, 120 feet high and tops out at 55 mph. This coaster ..."
qacc-0338,qacc,What is the fastest roller coaster in california?,misinformation,Goliath,,2,,www.sixflags.com,Full Throttle,conflict,"Here it is, the latest in a long history of world records set at Six Flags Magic Mountain: Full Throttle. The number one tallest and fastest looping roller ..."
qacc-0338,qacc,What is the fastest roller coaster in california?,misinformation,Goliath,,3,,californiaglory.com,,noise,"8. Medusa ... This coaster holds the title of highest and longest in all of Northern California. This coaster actually looks terrifying- or amazing, when you look ..."
qacc-0338,qacc,What is the fastest roller coaster in california?,misinformation,Goliath,,4,,www.cagreatamerica.com,,noise,"Positioned at the front of the park, creating a grand entrance to the right of Carousel Columbia, Gold Striker is the tallest and fastest wooden roller coaster ..."
qacc-0338,qacc,What is the fastest roller coaster in california?,misinformation,Goliath,,5,,www.timeout.com,,noise,"Feb 22, 2022 ... Emperor, the state's longest, fastest and tallest dive coaster opens March 12 at SeaWorld San Diego."
qacc-0338,qacc,What is the fastest roller coaster in california?,misinformation,Goliath,,6,,www.cbs8.com,,noise,"Mar 12, 2022 ... SAN DIEGO — It's California's tallest, fastest and longest dive coaster and it's finally open to the public. The Emperor Dive Coaster is ..."
qacc-0338,qacc,What is the fastest roller coaster in california?,misinformation,Goliath,,7,,seaworld.com,,noise,"All-New at SeaWorld San Diego. Experience Emperor, the tallest, fastest, and longest dive coaster in all of California. Plunge 90 degrees and soar up to 60 ..."
qacc-0338,qacc,What is the fastest roller coaster in california?,misinformation,Goliath,,8,,duchessofdisneyland.com,The California Screamin',conflict,"Oct 13, 2016 ... Fastest Roller Coasters ; 55 mph · California Screamin' (now the Incredicoaster) ; 40 mph · Radiator Springs Racers, Splash Mountain, Guardians of ..."
qacc-0338,qacc,What is the fastest roller coaster in california?,misinformation,Goliath,,9,,seaworld.com,,noise,"Emperor is the tallest, fastest, and longest dive coaster in all of California, plunge 90 degrees and soar up to 60 miles per hour on the state's only ..."
qacc-0346,qacc,Who wrote ill never love again a star is born?,misinformation,Lady Gaga ,pending_screen,0,,mashable.com,Jackson Maine,conflict,"Oct 10, 2018 ... Lady Gaga sings ""I'll Never Love Again"" — a song written about her by her late husband Jackson Maine (Bradley Cooper) — in tribute to him."
qacc-0346,qacc,Who wrote ill never love again a star is born?,misinformation,Lady Gaga ,pending_screen,1,,www.songfacts.com,Lady Gaga,correct,"Lady Gaga wrote ""I'll Never Love Again"" as the climatic song for the 2018 A Star Is Born movie with Nashville songwriters Natalie Hemby, Hillary Lindsey and ..."
qacc-0346,qacc,Who wrote ill never love again a star is born?,misinformation,Lady Gaga ,pending_screen,2,,ew.com,Lady Gaga,correct,"Oct 19, 2018 ... ""I'll Never Love Again"" was co-written by Gaga and her ""Million Reasons"" collaborator Hillary Lindsey. Additional writing and production credits ..."
qacc-0346,qacc,Who wrote ill never love again a star is born?,misinformation,Lady Gaga ,pending_screen,3,,genius.com,,noise,Who wrote “I'll Never Love Again (Film Version)” by Lady Gaga? A Star is Born ...
qacc-0346,qacc,Who wrote ill never love again a star is born?,misinformation,Lady Gaga ,pending_screen,4,,ladygaga.fandom.com,Lady Gaga,correct,"""I'll Never Love Again"" is a song performed by Lady Gaga from the soundtrack to the 2018 musical A Star Is Born. The track was written by Lady Gaga, ..."
qacc-0346,qacc,Who wrote ill never love again a star is born?,misinformation,Lady Gaga ,pending_screen,5,,www.cinemablend.com,,noise,"Nov 28, 2018 ... While ""I'll Never Love Again"" provided the moment Ally's star was born, it turns out that Bradley Cooper wasn't sure which track to put in ..."
qacc-0346,qacc,Who wrote ill never love again a star is born?,misinformation,Lady Gaga ,pending_screen,6,,observer.com,,noise,"Oct 22, 2018 ... Warner Bros. is campaigning “Shallow,” “I'll Never Love Again,” and “Always Remember Us This Way” as A STAR IS BORN's Best Original Song ..."
qacc-0361,qacc,Who sings as long as he needs me in oliver?,misinformation,Nancy,pending_screen,0,,en.wikipedia.org,Nancy,correct,"""As Long as He Needs Me"" is a torch song sung by the character of Nancy in the 1960 musical Oliver! and written by Lionel Bart."
qacc-0361,qacc,Who sings as long as he needs me in oliver?,misinformation,Nancy,pending_screen,1,,thefilmexperience.net,,noise,"Oct 28, 2013 ... As long as he needs me. The climactic lines are sung in far away profile and the song ends with Nancy's back to the camera as she walks slowly ..."
qacc-0361,qacc,Who sings as long as he needs me in oliver?,misinformation,Nancy,pending_screen,2,,genius.com,,noise,"Written by Lionel Bart for the 1960 musical 'Oliver!', this song is described as: “a love ballad… Read More."
qacc-0361,qacc,Who sings as long as he needs me in oliver?,misinformation,Nancy,pending_screen,3,,www.stlyrics.com,,noise,As Long As He Needs Me (Reprise) Click to play this song! Lyrics. Oliver! Soundtrack · Send corrections. MR. BROWNLOW ( ...
qacc-0361,qacc,Who sings as long as he needs me in oliver?,misinformation,Nancy,pending_screen,4,,www.billboard.com,Aaron Tveit,conflict,"Apr 5, 2016 ... Watch Aaron Tveit Perform 'As Long As He Needs Me' From 'Oliver!' at Miscast 2016: Exclusive Video. Aaron Tveit had always wanted to sing a ..."
qacc-0361,qacc,Who sings as long as he needs me in oliver?,misinformation,Nancy,pending_screen,5,,www.discogs.com,Shirley Bassey,conflict,"The complete title on the cover is: Shirley Bassey Sings The Hit Song From Oliver! ""As Long As He Needs Me"" Plus Other Popular Selections. On the spine the ..."
qacc-0361,qacc,Who sings as long as he needs me in oliver?,misinformation,Nancy,pending_screen,6,,singingcarrots.com,,noise,Find best way to sing As Long as He Needs Me by/from Oliver!. Learn what is your optimal key for this song and how to transpose it based on your vocal ...
qacc-0361,qacc,Who sings as long as he needs me in oliver?,misinformation,Nancy,pending_screen,7,,www.mtishows.com,,noise,"Nancy doesn't want to take Oliver away from his new home, but her love for Sikes compels her to do as she has been told (""As Long As He Needs Me"")."
qacc-0365,qacc,Who played bob in elvira mistress of the dark?,misinformation,Joe Bob Briggs,,0,,en.wikipedia.org,Robert Redding,conflict,"Peterson was dealt a crushing blow with the 1986 AIDS-related death of Robert Redding, to whom she dedicated the film and named the character of Bob after. She ..."
qacc-0365,qacc,Who played bob in elvira mistress of the dark?,misinformation,Joe Bob Briggs,,1,,horror.fandom.com,,noise,Elvira: Mistress of the Dark is a 1988 American comedy horror film directed by James Signorelli. Cassandra Peterson plays the role of horror hostess Elvira ...
qacc-0365,qacc,Who played bob in elvira mistress of the dark?,misinformation,Joe Bob Briggs,,2,,www.imdb.com,,noise,Elvira: Mistress of the Dark: Directed by James Signorelli. ... Play trailer1:49 ... But cinema owner Bob Redding and the local teenagers help Elvira.
qacc-0365,qacc,Who played bob in elvira mistress of the dark?,misinformation,Joe Bob Briggs,,3,,dailyillini.com,,noise,"Oct 12, 2022 ... Elvira, played by Cassandra Peterson, travels to the small conservative town of Fallwell, Mass., in order to claim her inheritance left by ..."
qacc-0365,qacc,Who played bob in elvira mistress of the dark?,misinformation,Joe Bob Briggs,,4,,www.facebook.com,Joe Bob Briggs,correct,"Sep 16, 2018 ... With the amazing Elvira, Mistress of the Dark (official) ... Joe Bob Briggs, profile picture. Join. or."
qacc-0365,qacc,Who played bob in elvira mistress of the dark?,misinformation,Joe Bob Briggs,,5,,horrorobsessive.com,,noise,"Apr 23, 2020 ... Elvira, our iconic main character, played by Cassandra Peterson, is forced out of her steady job when her creep of a boss sexually harasses her."
qacc-0365,qacc,Who played bob in elvira mistress of the dark?,misinformation,Joe Bob Briggs,,6,,www.facebook.com,,noise,tbt Doing a Bob Hope TV Special with Morgan Fairchild & Donna Mills. #throwback #1980s #elviramistressofthedark #morganfairchild #donnamills #bobhope...
qacc-0365,qacc,Who played bob in elvira mistress of the dark?,misinformation,Joe Bob Briggs,,7,,www.instagram.com,,noise,"1M Followers, 293 Following, 1622 Posts - See Instagram photos and videos from Elvira, Mistress Of The Dark (@therealelvira)"
qacc-0365,qacc,Who played bob in elvira mistress of the dark?,misinformation,Joe Bob Briggs,,8,,tvtropes.org,,noise,Elvira: Mistress of the Dark is a 1988 Horror Comedy film starring the ... MST: Elvira and Bob play Attack of the Killer Tomatoes! for the kids one night at ...
qacc-0376,qacc,When does the new episode of arrow come out?,outdated,Arrow has been cancelled,,0,,people.com,,noise,"Jan 4, 2023 ... Arrow star Stephen Amell will reprise his role as Oliver Queen (a.k.a. the Green Arrow) in the upcoming ninth and final season of The CW's ..."
qacc-0376,qacc,When does the new episode of arrow come out?,outdated,Arrow has been cancelled,,1,,en.wikipedia.org,,noise,"Arrow is an American superhero television series developed by Greg Berlanti, Marc Guggenheim, and Andrew Kreisberg based on the DC Comics character Green ..."
qacc-0376,qacc,When does the new episode of arrow come out?,outdated,Arrow has been cancelled,,2,,wbsche.org,Arrow has been cancelled,correct,"May 2, 2023 ... Thus, for those who were waiting to watch the other seasons, sorry to disappoint you but Arrow has been cancelled and the show has finished its ..."
qacc-0376,qacc,When does the new episode of arrow come out?,outdated,Arrow has been cancelled,,3,,www.syfy.com,,noise,"Jan 10, 2023 ... Yes, Stephen Amell is most certainly reprising the role of Oliver Queen/Green Arrow in the ninth and final season of The Flash."
qacc-0376,qacc,When does the new episode of arrow come out?,outdated,Arrow has been cancelled,,4,,www.episodate.com,2012-10-10,conflict,"Stay in touch with Arrow next episode Air Date and your favorite TV Shows. ... It is based on the DC Comics character Green Arrow, ... Start: 2012-10-10."
qacc-0376,qacc,When does the new episode of arrow come out?,outdated,Arrow has been cancelled,,5,,ew.com,,noise,"Oct 15, 2019 ... Thea shows off her new fighting skills, and Oliver reminds us he knows how to use a gun and reveals he can MacGyver-up a bow and arrow out ..."
qacc-0376,qacc,When does the new episode of arrow come out?,outdated,Arrow has been cancelled,,6,,thecwhen.com,"Tuesday, August 22, 2023",conflict,"There is no official info about 9th season of Arrow TV Show yet. If a renewal will be confirmed it will back on Tuesday, August 22, 2023 near the same time."
qacc-0402,qacc,What is the meaning of the name apoorva?,misinformation, Unique,soft_conflict,0,,en.wikipedia.org,,noise,"In Sanskrit apūrva and apūrvā are respectively the masculine and feminine forms of the adjective meaning 'unprecedented', 'like none other', 'like never before' ..."
qacc-0402,qacc,What is the meaning of the name apoorva?,misinformation, Unique,soft_conflict,1,,www.theparentz.com, Unique,correct,"Meaning of Apoorva: Name Apoorva in the Indian, Sanskrit origin, means Unique, Extraordinary. Name Apoorva is of Indian, Sanskrit origin and is a Girl name."
qacc-0402,qacc,What is the meaning of the name apoorva?,misinformation, Unique,soft_conflict,2,,en.wikipedia.org,,noise,"MeaningEdit ... The Sanskrit word apūrva in its common usage means 'one of a kind', 'unique', 'like none-other', 'like never before' or 'unprecedented', it is ..."
qacc-0402,qacc,What is the meaning of the name apoorva?,misinformation, Unique,soft_conflict,3,,www.moonastro.com,Quite new,conflict,Apoorva meaning - Astrology for Baby Name Apoorva with meaning Quite new. This name is from the Bengali; Hindu; Indian;Gujarati;Hindi;Kannada;Malayalam ...
qacc-0402,qacc,What is the meaning of the name apoorva?,misinformation, Unique,soft_conflict,4,,www.kidpaw.com, Unique,correct,"Apoorva is a Hindu baby boy name. Its meaning is ""One Of A Kind Or Rare, Quite New, Exquisite, Unprecedented, Like Never Before"". Apoorva name origin is ..."
qacc-0402,qacc,What is the meaning of the name apoorva?,misinformation, Unique,soft_conflict,5,,www.indiachildnames.com,,noise,"Name Apoorva belongs to rashi Mesh (Aries) with dominant planet Mars (Mangal) and Nakshatra (stars) Krithika. Name Apoorva is of Indian origin, ..."
qacc-0402,qacc,What is the meaning of the name apoorva?,misinformation, Unique,soft_conflict,6,,myfirstname.rocks,,noise,Secret Meaning of Apoorva The true meaning of 'Apoorva' cannot be described with just a few words. · Heart Desire of Apoorva Your heart's desire is an adventure!
qacc-0402,qacc,What is the meaning of the name apoorva?,misinformation, Unique,soft_conflict,7,,tulanehullabaloo.com, Unique,correct,"Mar 25, 2020 ... My name, “Apoorva,” means “unique” in Malayalam, my native language. When my parents named me, they didn't just choose a name but an ..."
qacc-0402,qacc,What is the meaning of the name apoorva?,misinformation, Unique,soft_conflict,8,,angelsname.com, Unique,correct,"Apoorva Name Detail Analysis · Apoorva is a Girl name. · Apoorva name meaning is Unique, Never Before, Special, Abnormal; Exquisite, Abnormal, Exquisite, ..."
qacc-0402,qacc,What is the meaning of the name apoorva?,misinformation, Unique,soft_conflict,9,,www.babynology.com,,noise,"Apoorva comes from the Indian word which means, ""Not seen before; Different; Special; Best; Unmatchable."" Name Analysis of Apoorva. Character Analysis of ..."
qacc-0404,qacc,Who sings 'fever dog' in 'almost famous'?,misinformation,Marti Fredericksen,,0,,ew.com,,noise,"Sep 21, 2000 ... What's more, '70s vet Peter Frampton penned several of the Stillwater tunes heard in the movie, and Wilson and Crowe cowrote the band's bass ..."
qacc-0404,qacc,Who sings 'fever dog' in 'almost famous'?,misinformation,Marti Fredericksen,,1,,en.wikipedia.org,Nancy Wilson,conflict,"6. ""Fever Dog"", Nancy Wilson · Stillwater, 3:10. 7. ""Every Picture Tells a Story"", Rod Stewart, ..."
qacc-0404,qacc,Who sings 'fever dog' in 'almost famous'?,misinformation,Marti Fredericksen,,2,,uproxx.com,Nancy Wilson,conflict,"Aug 13, 2021 ... Ahead, Nancy Wilson explains how the song “Fever Dog” happened and what '70s band she based the style on. And she explains why they had to teach ..."
qacc-0404,qacc,Who sings 'fever dog' in 'almost famous'?,misinformation,Marti Fredericksen,,3,,www.npr.org,,noise,"Oct 29, 2022 ... Cameron Crowe's ""Almost Famous"" is now a musical. ... UNIDENTIFIED ACTOR #2: (As character, singing) Fever dog - papa showed no mercy (ph)."
qacc-0404,qacc,Who sings 'fever dog' in 'almost famous'?,misinformation,Marti Fredericksen,,4,,www.theuncool.com,Marti Fredericksen,correct,"Lead singing duties went to Marti Fredericksen. Fredericksen has produced and written songs with many artists including Aerosmith, Def Leppard, Carrie Underwood ..."
qacc-0404,qacc,Who sings 'fever dog' in 'almost famous'?,misinformation,Marti Fredericksen,,5,,answers.google.com,Nancy Wilson,conflict,"Dec 14, 2004 ... ""Fever Dog"", Stillwater Written by Russell Hammond. Produced by Nancy Wilson. Vocals: Marti Frederiksen Guitars: Mike McCready & Nancy Wilson ..."
qacc-0404,qacc,Who sings 'fever dog' in 'almost famous'?,misinformation,Marti Fredericksen,,6,,screenrant.com,,noise,"Mar 26, 2023 ... “Fever Dog” by Stillwater; “Every Picture Tells a Story” by Rod Stewart; “Mr. Farmer” by The Seeds; “One Way Out” by The Allman Brothers ..."
qacc-0420,qacc,Converting stereo signal to mono signal is called?,misinformation,Mono/Stereo Conversions,soft_conflict,0,,www.ableton.com,Mono/Stereo Conversions,correct,"1 Mono/Stereo Conversions. When a mono signal is chosen as an audio track's input, the track will record mono samples; otherwise it will record stereo samples."
qacc-0420,qacc,Converting stereo signal to mono signal is called?,misinformation,Mono/Stereo Conversions,soft_conflict,1,,unlockyoursound.com,,noise,"It's technically still mono information, but that same mono signal is now sent ... a stereo track, you're actually turning one channel up and turning the ..."
qacc-0420,qacc,Converting stereo signal to mono signal is called?,misinformation,Mono/Stereo Conversions,soft_conflict,2,,www.pianodreamers.com,,noise,"May 22, 2023 ... Common Uses: as a headphone splitter, converting mono outputs into a single stereo signal or vice versa (e.g. if your digital piano only has ..."
qacc-0420,qacc,Converting stereo signal to mono signal is called?,misinformation,Mono/Stereo Conversions,soft_conflict,3,,www.head-fi.org,Mono Summing,conflict,You can certainly put an audio signal into one speaker though this will not ... This is also known as Mono Summing where a Stereo signal gets converted &/or ...
qacc-0420,qacc,Converting stereo signal to mono signal is called?,misinformation,Mono/Stereo Conversions,soft_conflict,4,,electronics.stackexchange.com,,noise,"Feb 21, 2021 ... I'm trying to convert a stereo signal to a mono signal. It would come from a 3.5 mm stereo audio jack. The jack could be from just a dollar ..."
qacc-0420,qacc,Converting stereo signal to mono signal is called?,misinformation,Mono/Stereo Conversions,soft_conflict,5,,gearspace.com,,noise,Alright - So I've been searching around and can't find anything on converting a stereo signal to mono and what exactly happens. Now taking the L or R c.
qacc-0420,qacc,Converting stereo signal to mono signal is called?,misinformation,Mono/Stereo Conversions,soft_conflict,6,,stackoverflow.com,,noise,"Oct 3, 2012 ... The implementation is one correct implementation of ""panning"" a mono signal into a stereo field. If you pan, instead all the way left or all ..."
qacc-0424,qacc,How are leaders of the two parties in congress chosen?,misinformation,leaders are the elected,soft_conflict,0,,www.senate.gov,leaders are the elected,correct,The practice has been to choose the leader for a two-year term at the beginning of each Congress. The majority and minority leaders are the elected ...
qacc-0424,qacc,How are leaders of the two parties in congress chosen?,misinformation,leaders are the elected,soft_conflict,1,,www.archives.gov,,noise,"May 3, 2023 ... First, the political parties in each State choose slates of potential ... winner receives two electors and the winner of each congressional ..."
qacc-0424,qacc,How are leaders of the two parties in congress chosen?,misinformation,leaders are the elected,soft_conflict,2,,www.senate.gov,Depending on party in power,conflict,"Depending on which party is in power, one party leader serves as majority leader and the other as minority leader. Both party leaders, also called floor ..."
qacc-0424,qacc,How are leaders of the two parties in congress chosen?,misinformation,leaders are the elected,soft_conflict,3,,www.house.gov,leaders are the elected,correct,The majority party members and the minority party members meet separately to select their leaders. Third parties rarely have had enough members to elect ...
qacc-0424,qacc,How are leaders of the two parties in congress chosen?,misinformation,leaders are the elected,soft_conflict,4,,www.senate.gov,,noise,"The most visible role of parties in Congress at this time came in presidential election years, when party members from both the House of Representatives and ..."
qacc-0424,qacc,How are leaders of the two parties in congress chosen?,misinformation,leaders are the elected,soft_conflict,5,,www.ushistory.org,,noise,"Political parties choose all top leadersip positions. Speaker of the House. The Speaker is the most powerful member of the House of Representatives, and ..."
qacc-0424,qacc,How are leaders of the two parties in congress chosen?,misinformation,leaders are the elected,soft_conflict,6,,history.house.gov,,noise,"The last time a Speaker election required two or more votes on the floor happened in 1923. Congress (Years), Name, State, Final Ballot. 3rd Congress (1793–1795) ..."
qacc-0424,qacc,How are leaders of the two parties in congress chosen?,misinformation,leaders are the elected,soft_conflict,7,,www.usa.gov,,noise,Primaries and caucuses are two ways that people help states and political parties choose presidential nominees. Learn how they work and the differences between ...
qacc-0424,qacc,How are leaders of the two parties in congress chosen?,misinformation,leaders are the elected,soft_conflict,8,,www.loc.gov,,noise,"Though these conventions were attended by delegates sent from their respective states, delegates were often chosen by state and party bosses with sway over ..."
qacc-0424,qacc,How are leaders of the two parties in congress chosen?,misinformation,leaders are the elected,soft_conflict,9,,kids-clerk.house.gov,,noise,The minority leader is selected every two years during minority party meetings before the start of a new Congress. The minority leader serves as the floor ...
qacc-0433,qacc,What is the inner core of the earth made from?,misinformation,iron–nickel,soft_conflict,0,,www.nationalgeographic.org,metal,conflict,"Jun 12, 2023 ... Unlike the mineral-rich crust and mantle, the core is made almost entirely of metal—specifically, iron (Fe) and nickel (Ni). The shorthand used ..."
qacc-0433,qacc,What is the inner core of the earth made from?,misinformation,iron–nickel,soft_conflict,1,,en.wikipedia.org,iron–nickel,correct,The inner core is believed to be composed of an iron–nickel alloy with some other elements. The temperature at the inner core's surface is estimated to be ...
qacc-0433,qacc,What is the inner core of the earth made from?,misinformation,iron–nickel,soft_conflict,2,,www.sciencenews.org,iron–nickel,correct,"Mar 16, 2023 ... Earth's heart may have a secret chamber. The planet's inner core isn't just a solid ball of nickel and iron, researchers say, but contains ..."
qacc-0433,qacc,What is the inner core of the earth made from?,misinformation,iron–nickel,soft_conflict,3,,www.space.com,,noise,"Apr 30, 2023 ... Earth is made up of several layers: the lithosphere, asthenosphere, lower mantle (also known as mesospheric mantle), outer core and inner ..."
qacc-0433,qacc,What is the inner core of the earth made from?,misinformation,iron–nickel,soft_conflict,4,,www.amnh.org,,noise,"At the time, geophysicists believed Earth to be made up of a liquid core surrounded by a solid mantle, itself surrounded by a crust, all separated by abrupt ..."
qacc-0433,qacc,What is the inner core of the earth made from?,misinformation,iron–nickel,soft_conflict,5,,www.scientificamerican.com,,noise,"Oct 6, 1997 ... The bottom line here is simply that a large part of the interior of the planet (the outer core) is composed of somewhat impure molten iron alloy ..."
qacc-0433,qacc,What is the inner core of the earth made from?,misinformation,iron–nickel,soft_conflict,6,,www.wonderopolis.org,iron–nickel,correct,"The inner core, which is about 750 miles thick, is made primarily of iron. Unlike the outer core, the inner core is mostly solid. Although the iron in the inner ..."
qacc-0433,qacc,What is the inner core of the earth made from?,misinformation,iron–nickel,soft_conflict,7,,solarsystem.nasa.gov,,noise,"This layer is about 1,400 miles (2,300 kilometers) thick, made of iron and nickel fluids. In between the outer core and crust is the mantle, the thickest layer."
qacc-0433,qacc,What is the inner core of the earth made from?,misinformation,iron–nickel,soft_conflict,8,,www.nbcnews.com,iron–nickel,correct,"Feb 24, 2023 ... The inner core's outer shell and its newly confirmed innermost sphere both are hot enough to be molten but are a solid iron-nickel alloy because ..."
qacc-0435,qacc,Who wrote the book my country my life?,misinformation,Ehud Barak,,0,,en.wikipedia.org,L. K. Advani,conflict,"My Country My Life is an autobiographical book by L. K. Advani, an Indian politician who served as the Deputy Prime Minister of India from 2002 to 2004, ..."
qacc-0435,qacc,Who wrote the book my country my life?,misinformation,Ehud Barak,,1,,www.amazon.com,Ehud Barak,correct,"My Country, My Life, by Ehud Barak, is an interesting book about Israel. It is highly informative. I highly recommend this book. Helpful."
qacc-0435,qacc,Who wrote the book my country my life?,misinformation,Ehud Barak,,2,,sofiaalikhan.com,,noise,A Good Country: My Life in Twelve Towns and the Devastating Battle for a White America is the book that happened when I was at the end of my rope.
qacc-0435,qacc,Who wrote the book my country my life?,misinformation,Ehud Barak,,3,,www.amazon.com,,noise,"A “quintessentially American” (Policy Magazine) memoir of politics and history from Chris Matthews, New York Times bestselling author and long-time host of ..."
qacc-0435,qacc,Who wrote the book my country my life?,misinformation,Ehud Barak,,4,,www.goodreads.com,Ehud Barak,correct,"This is a truly fascinating autobiography, written by a former prime minister ... My Country, My Life, by Ehud Barak, is an interesting book about Israel."
qacc-0435,qacc,Who wrote the book my country my life?,misinformation,Ehud Barak,,5,,www.toppr.com,,noise,The author of the book My Country My Life is? A. Sonia Gandhi. B. L.K. Advanti. C. Jaswant Singh. D. Pervez Musharraf. Medium. Open in App Open_in_app.
qacc-0436,qacc,Who does the voice of amy on futurama?,misinformation,Lauren Tom,soft_conflict,0,,www.slashfilm.com,Lauren Tom,correct,"Jul 31, 2022 ... Lauren Tom, the voice of Amy Wong on ""Futurama,"" is one such performance. No space travel show is complete without an engineer character, ..."
qacc-0436,qacc,Who does the voice of amy on futurama?,misinformation,Lauren Tom,soft_conflict,1,,en.wikipedia.org,,noise,"The Joy Luck Club, Julie in the NBC sitcom ; Friends, Dot in the final season of ; Grace Under Fire, and the voices for Amy Wong in ; Futurama, Dana Tan in ; Batman ..."
qacc-0436,qacc,Who does the voice of amy on futurama?,misinformation,Lauren Tom,soft_conflict,2,,www.imdb.com,Lauren,conflict,Tran on Supernatural. Lauren also lent her voice talents on the animated series Futurama as the much loved character of Amy.
qacc-0436,qacc,Who does the voice of amy on futurama?,misinformation,Lauren Tom,soft_conflict,3,,futurama.fandom.com,,noise,"Lauren Tom (born Lauren Chan, August 4, 1961) is one of the most prominent Asian voice actors (Lauren Tom is Chinese) in American voice-acting."
qacc-0436,qacc,Who does the voice of amy on futurama?,misinformation,Lauren Tom,soft_conflict,4,,www.behindthevoiceactors.com,Lauren Tom,correct,Lauren Tom is the voice of Amy Wong in Futurama. TV Show: Futurama Franchise: Futurama. Incarnations. View all 6 versions of Amy Wong on BTVA.
qacc-0436,qacc,Who does the voice of amy on futurama?,misinformation,Lauren Tom,soft_conflict,5,,www.syfy.com,Lauren Tom,correct,"Jul 25, 2023 ... Actress Lauren Tom is the voice behind so many beloved animation characters from Amy Wong on Futurama to Dana on Batman Beyond."
qacc-0436,qacc,Who does the voice of amy on futurama?,misinformation,Lauren Tom,soft_conflict,6,,screenrant.com,Lauren Tom,correct,"Jul 31, 2023 ... Lauren Tom As Amy Wong ... Lauren Tom's Futurama cast character is Amy Wong. Amy is a somewhat klutzy and naive intern working at Planet Express."
qacc-0436,qacc,Who does the voice of amy on futurama?,misinformation,Lauren Tom,soft_conflict,7,,www.voquent.com,Lauren Tom,correct,"Lauren Tom (Amy Wong) ... Amy comes from a Martian billionaire family that own half of Mars. She is an assistant to The Professor, as an intern. Amy is ..."
qacc-0436,qacc,Who does the voice of amy on futurama?,misinformation,Lauren Tom,soft_conflict,8,,www.giantfreakinrobot.com,Lauren,conflict,"Aug 3, 2023 ... Leo Wong is the father of main character Amy Wong, voiced in the series by Lauren ..."
qacc-0436,qacc,Who does the voice of amy on futurama?,misinformation,Lauren Tom,soft_conflict,9,,www.looper.com,,noise,"Dec 9, 2020 ... In a video interview retrospective with People Magazine, cast member Lauren Tom, who played Planet Express intern and applied physics Ph.D. Amy ..."
qacc-0438,qacc,Who did the us share the oregon country with?,misinformation,British,soft_conflict,0,,www.washington.edu,British,correct,"In 1840 there were about 150 Americans residing in the Oregon Country. ... Britain and the U.S., agreed to share it for an indefinite time—the so-called ..."
qacc-0438,qacc,Who did the us share the oregon country with?,misinformation,British,soft_conflict,1,,smithsonianeducation.org,British,correct,"However, by the mid-1820s, only the American and British claims endured. ... As with Texas, popular opinion over the Oregon Country was divided."
qacc-0438,qacc,Who did the us share the oregon country with?,misinformation,British,soft_conflict,2,,www.whitehouse.gov,England,conflict,"Serving under President Monroe, Adams was one of America's great Secretaries of State, arranging with England for the joint occupation of the Oregon country ..."
qacc-0438,qacc,Who did the us share the oregon country with?,misinformation,British,soft_conflict,3,,www.thecanadianencyclopedia.ca,British,correct,"Jul 23, 2021 ... The British were also disinclined to fight a war with the United States over this territory, so they agreed to the terms of the Oregon Treaty. ( ..."
qacc-0438,qacc,Who did the us share the oregon country with?,misinformation,British,soft_conflict,4,,en.wikipedia.org,,noise,"The Territory of Oregon was an organized incorporated territory of the United States that existed from August 14, 1848, until February 14, 1859, when the ..."
qacc-0438,qacc,Who did the us share the oregon country with?,misinformation,British,soft_conflict,5,,www.nps.gov,,noise,"Aug 6, 2022 ... Its capital city was located in Oregon City, not far from Portland. This vast, new territory had a sparse population of American settlers; ..."
qacc-0438,qacc,Who did the us share the oregon country with?,misinformation,British,soft_conflict,6,,www.britannica.com,,noise,"Meanwhile, in the Oregon Territory, federal authorities were trying to force the Nez Percé, one of the largest and most powerful tribes in the Pacific Northwest ..."
qacc-0453,qacc,Who sang heard it thru the grapevine first?,misinformation,Marvin Gaye,,0,,en.wikipedia.org,,noise,"""I Heard It Through the Grapevine"" is a song written by Norman Whitfield and Barrett Strong for Motown Records in 1966. The first recording of the song to ..."
qacc-0453,qacc,Who sang heard it thru the grapevine first?,misinformation,Marvin Gaye,,1,,www.udiscovermusic.com,Marvin Gaye,correct,"Even among the tall trees without number in the Motown songbook, “I Heard It Through The Grapevine” · Marvin Gaye ; The song had first been recorded at Motown, in ..."
qacc-0453,qacc,Who sang heard it thru the grapevine first?,misinformation,Marvin Gaye,,2,,sites.google.com,Marvin Gaye,correct,"""I Heard It Through the Grapevine"" was originally written by Norman Whitfield and Barrett Strong for Motown Records in 1966, and made famous by Marvin Gaye in a ..."
qacc-0453,qacc,Who sang heard it thru the grapevine first?,misinformation,Marvin Gaye,,3,,www.udiscovermusic.com,Marvin Gaye,correct,"The first recording of the song, by the Miracles, was in the summer of 1966, but it wasn't even deemed worthy of release. Then Gaye took his first go at it, but ..."
qacc-0453,qacc,Who sang heard it thru the grapevine first?,misinformation,Marvin Gaye,,4,,somuchgreatmusic.com,,noise,"Gladys Knight & The Pips “I Heard It Through The Grapevine”. July 18, 2018; 3. gladys-knight-william-guest-pips-2015-billboard-650-."
qacc-0453,qacc,Who sang heard it thru the grapevine first?,misinformation,Marvin Gaye,,5,,simple.wikipedia.org,,noise,"""I Heard It Through the Grapevine"" is a 1967 song written by Norman Whitfield and Barrett Strong for Motown Records. It was first recorded by Gladys Knight ..."
qacc-0453,qacc,Who sang heard it thru the grapevine first?,misinformation,Marvin Gaye,,6,,secondhandsongs.com,,noise,"Language: English ; First recorded on: August 16, 1966 ; Released on · Ultimate Rarities Collection Number #1 - Motown Sings Motown Treasures Album September 22, ..."
qacc-0453,qacc,Who sang heard it thru the grapevine first?,misinformation,Marvin Gaye,,7,,99wfmk.com,Miracles,conflict,"Mar 29, 2016 ... A: That song was first recorded by Smokey Robinson & The Miracles in 1966 but Motown big shot Berry Gordy didn't like it (he said it lacked ..."
qacc-0453,qacc,Who sang heard it thru the grapevine first?,misinformation,Marvin Gaye,,8,,www.quora.com,,noise,Originally I think it was Gladys Knight and the Pips though it's been covered many times. Most notably it was done by Credence Clearwater.
qacc-0453,qacc,Who sang heard it thru the grapevine first?,misinformation,Marvin Gaye,,9,,variety.com,Marvin Gaye,correct,"Jan 29, 2023 ... ... which include Marvin Gaye's “I Heard It Through the Grapevine,” and Edwin Starr's “War,” along with several songs performed by the ..."
qacc-0456,qacc,When did the tv show the waltons first air?,misinformation,1971,,0,,apnews.com,1972,conflict,"Sep 13, 2022 ... So when “The Waltons,” set in 1932 and running through World War II, debuted on CBS on Sept. 14, 1972, the Currys identified closely with the ..."
qacc-0456,qacc,When did the tv show the waltons first air?,misinformation,1971,,1,,ew.com,1972,conflict,"Mar 25, 2016 ... When The Waltons debuted in September 1972, the divorce rate in America was already above 30 percent, on its way to 50. The Watergate break-in ..."
qacc-0456,qacc,When did the tv show the waltons first air?,misinformation,1971,,2,,www.metv.com,1971,correct,"Jul 25, 2022 ... ""The Foundling” kicked off The Waltons series, but audiences first met the seven Walton children in the 1971 TV movie The Homecoming: A ..."
qacc-0456,qacc,When did the tv show the waltons first air?,misinformation,1971,,3,,www.ajc.com,1971,correct,"Nov 23, 2021 ... ""The Waltons"" was one of the most successful TV dramas of the 1970s. The CW decided to redo the original 1971 movie in advance of Christmas ..."
qacc-0456,qacc,When did the tv show the waltons first air?,misinformation,1971,,4,,www.imdb.com,,noise,"In one scene, the Waltons listen to ""The Johnson Wax program"": ""Fibber McGee and Molly"" on the radio. However, the film takes place in 1933 and that program did ..."
qacc-0456,qacc,When did the tv show the waltons first air?,misinformation,1971,,5,,deadline.com,1971,correct,"Nov 10, 2021 ... Thomas reflected on what the world was like when the original CBS series about faith and family aired from 1971-82 and why now is the ..."
qacc-0457,qacc,Where does the sweetness of fruit come from?,misinformation,Sugars ,soft_conflict,0,,extension.psu.edu,Sugars. ,correct,"May 7, 2020 ... The sweetness of a fruit is influenced by the quantity and composition of sugars. Higher contents of sugar in the fruit increases the ..."
qacc-0457,qacc,Where does the sweetness of fruit come from?,misinformation,Sugars ,soft_conflict,1,,foodinsight.org,,noise,"Oct 27, 2021 ... Monk fruit, also known as lo han guo or Swingle fruit, is a small round fruit native to southern China. Monk fruit sweeteners are no-calorie ..."
qacc-0457,qacc,Where does the sweetness of fruit come from?,misinformation,Sugars ,soft_conflict,2,,www.medicalnewstoday.com,Sugars. ,correct,"All fruit contains sugar, although some varieties have a higher content than others. Low-sugar fruits include strawberries, blackberries, and peaches. Of course ..."
qacc-0457,qacc,Where does the sweetness of fruit come from?,misinformation,Sugars ,soft_conflict,3,,www.healthline.com,fruit's extract,conflict,Monk fruit sweeteners are made from the fruit's extract. They may be blended with dextrose or other ingredients to balance sweetness. Monk fruit extract is 150 ...
qacc-0457,qacc,Where does the sweetness of fruit come from?,misinformation,Sugars ,soft_conflict,4,,www.quora.com,Sugars. ,correct,"The free sugars responsible for sweetness come from the hydrolysis of starch,and function to make the fruit attractive to seed distributing birds and animals."
qacc-0457,qacc,Where does the sweetness of fruit come from?,misinformation,Sugars ,soft_conflict,5,,www.halegroves.com,Sugars. ,correct,"Dec 27, 2021 ... One of the most appealing things about fruit flavor is its sweetness. Even the tangiest fruits contain fructose, a natural sugar that gives ..."
qacc-0457,qacc,Where does the sweetness of fruit come from?,misinformation,Sugars ,soft_conflict,6,,www.wsj.com,,noise,"Jul 22, 2023 ... The sweetness of fruit depends not just on how it is bred but also on growing conditions (more sun means more sweetness), yield (higher yield ..."
qacc-0457,qacc,Where does the sweetness of fruit come from?,misinformation,Sugars ,soft_conflict,7,,health.clevelandclinic.org,,noise,"Aug 5, 2021 ... Monk fruit is a small, round fruit native to southern China. Monk fruit sweetener comes from the mogroside, which is the sweetest part of the ..."
qacc-0462,qacc,Who is the first indian climber of mount everest?,misinformation,Avatar Singh Cheema,,0,,en.wikipedia.org,Avatar Singh Cheema,correct,Avatar Singh Cheema (1933–1989) was the first Indian man and sixteenth person in world to climb Mount Everest. Along with 8 others he was a part of the ...
qacc-0462,qacc,Who is the first indian climber of mount everest?,misinformation,Avatar Singh Cheema,,1,,www.quora.com,Nawang Gombu,conflict,"Nawang Gombu, the renowned Sherpa mountaineer was the first Indian to summit Mt. Everest on 1st May 1963 with Jim Whittaker on the 1st American Mount Everest ..."
qacc-0462,qacc,Who is the first indian climber of mount everest?,misinformation,Avatar Singh Cheema,,2,,en.wikipedia.org,Captain M.S. Kohli,conflict,The first Indians to reach the summit were a group led by Captain M.S. Kohli in 1965. 422 Indians made a total of 465 attempts between 1965 and 2018. These ...
qacc-0462,qacc,Who is the first indian climber of mount everest?,misinformation,Avatar Singh Cheema,,3,,www.scmp.com,,noise,"Jun 4, 2022 ... Narender Singh Yadav claimed to have reached the top of the 8,849-metre (29,032-foot) mountain in May 2016. But photos of the 26-year-old at the ..."
qacc-0462,qacc,Who is the first indian climber of mount everest?,misinformation,Avatar Singh Cheema,,4,,www.nationalgeographic.org,,noise,"May 8, 2023 ... Mount Everest is the highest point on Earth. ... The first ever recorded people to climb Everest were Edmund Hillary (a mountaineer from New ..."
qacc-0462,qacc,Who is the first indian climber of mount everest?,misinformation,Avatar Singh Cheema,,5,,www.nationalgeographic.com,,noise,"Oct 28, 2022 ... Now, She's Inspiring Others to Explore. Tine Mena is the first woman from North East India to summit Mount Everest. Now, Mena shares her ..."
qacc-0462,qacc,Who is the first indian climber of mount everest?,misinformation,Avatar Singh Cheema,,6,,www.nytimes.com,,noise,"Aug 31, 2016 ... They claimed they were the first Indian couple to ascend the world's ... we climb Mount Everest,” Mr. Rathod told reporters at the briefing."
qacc-0465,qacc,Who took the first steps on the moon in 1969?,misinformation,Neil Armstrong,no_valid_conflict_pair,0,,www.nasa.gov,Neil Armstrong,correct,"Jul 20, 2019 ... At 10:56 p.m. EDT Neil Armstrong is ready to plant the first human ... made a bold decision to send Apollo 8 all the way to the moon on the ..."
qacc-0465,qacc,Who took the first steps on the moon in 1969?,misinformation,Neil Armstrong,no_valid_conflict_pair,1,,airandspace.si.edu,,noise,"Jul 8, 2019 ... The Apollo 11 mission was not the first time television signals returned from the orbit of the Moon, but the landing in July 1969 was by far ..."
qacc-0465,qacc,Who took the first steps on the moon in 1969?,misinformation,Neil Armstrong,no_valid_conflict_pair,2,,www.nasa.gov,Neil Armstrong,correct,"Jan 16, 2008 ... On July 20, 1969, Neil Armstrong became the first human to step on the moon. He and Aldrin walked around for three hours. They did ..."
qacc-0465,qacc,Who took the first steps on the moon in 1969?,misinformation,Neil Armstrong,no_valid_conflict_pair,3,,www.rmg.co.uk,,noise,The first crewed lunar landing in 1969 was a historic triumph for the USA ... remembered for taking humankind's first small step on a world beyond our own.
qacc-0465,qacc,Who took the first steps on the moon in 1969?,misinformation,Neil Armstrong,no_valid_conflict_pair,4,,www.history.com,Neil Armstrong,correct,"Aug 23, 2018 ... As he took his first step, Armstrong famously said, ""That's one small step for man, one giant leap for mankind."" The Apollo 11 mission occurred ..."
qacc-0465,qacc,Who took the first steps on the moon in 1969?,misinformation,Neil Armstrong,no_valid_conflict_pair,5,,www.sciencefocus.com,,noise,"In 1969, the Apollo 11 lunar module landed on the moon and Neil Armstrong took man's first steps on the moon, but who was holding the camera?"
qacc-0465,qacc,Who took the first steps on the moon in 1969?,misinformation,Neil Armstrong,no_valid_conflict_pair,6,,www.dkfindout.com,Neil Armstrong,correct,"At 2:56am on July 21, 1969, Apollo 11 astronaut, Neil Armstrong, stepped onto the lunar surface to become the first human to walk on the moon."
qacc-0465,qacc,Who took the first steps on the moon in 1969?,misinformation,Neil Armstrong,no_valid_conflict_pair,7,,www.fox29.com,Neil Armstrong,correct,"Jul 18, 2019 ... NEW YORK - When Neil Armstrong and Buzz Aldrin took their first steps on the moon in 1969, the whole world was watching."
qacc-0465,qacc,Who took the first steps on the moon in 1969?,misinformation,Neil Armstrong,no_valid_conflict_pair,8,,en.wikipedia.org,,noise,"""First Moon landing"" redirects here. For earlier uncrewed Moon landings, see Moon landing. This article is about the 1969 crewed lunar mission. For other uses, ..."
qacc-0466,qacc,What were the two causes of the dust bowl?,misinformation,federal land policies,pending_screen,0,,www.fldoe.org,,noise,"Depression played a role, it was hardly the only guilty party. What circumstances conspired to cause the. Dust Bowl? Economic depression coupled with ..."
qacc-0466,qacc,What were the two causes of the dust bowl?,misinformation,federal land policies,pending_screen,1,,drought.unl.edu,,noise,Farmers also started to abandon soil conservation practices. These events laid the groundwork for the severe soil erosion that would cause the Dust Bowl. 1929 ...
qacc-0466,qacc,What were the two causes of the dust bowl?,misinformation,federal land policies,pending_screen,2,,www.history.com,federal land policies,correct,"Oct 27, 2009 ... The Dust Bowl was caused by several economic and agricultural factors, including federal land policies, changes in regional weather, farm ..."
qacc-0466,qacc,What were the two causes of the dust bowl?,misinformation,federal land policies,pending_screen,3,,www.ncbi.nlm.nih.gov,,noise,"Aug 28, 2013 ... What were “the Dust Bowl” and the “Dirty Thirties”? The phrase “Dust Bowl” originated ... Looking back on the human causes of soil erosion."
qacc-0466,qacc,What were the two causes of the dust bowl?,misinformation,federal land policies,pending_screen,4,,public.wmo.int,,noise,Some 40% of aerosols in the troposphere (the lowest layer of Earth's atmosphere) are dust particles from wind erosion. The main sources of these mineral ...
qacc-0466,qacc,What were the two causes of the dust bowl?,misinformation,federal land policies,pending_screen,5,,science.howstuffworks.com,poverty,conflict,"Apr 20, 2022 ... The biggest causes for the dust bowl were poverty that led to poor agricultural techniques, extremely high temperatures, long periods of drought ..."
qacc-0466,qacc,What were the two causes of the dust bowl?,misinformation,federal land policies,pending_screen,6,,www.kennedy-center.org,,noise,"A second major cause of the Dust Bowl catastrophe was related to farming practices. To gain insight into this part of the causal equation, ..."
qacc-0468,qacc,Who do you meet at the gates of heaven?,conflicting_opinions,People ,,0,,en.wikipedia.org,,noise,"For other uses, see Pearly Gates (disambiguation). Pearly gates is an informal name for the gateway to Heaven according to some Christian ... You can help Wikipedia by expanding it."
qacc-0468,qacc,Who do you meet at the gates of heaven?,conflicting_opinions,People ,,1,,www.amazon.com,,noise,"Picking up where bestselling 90 Minutes in Heaven left off, Don Piper reveals for the first time the sacred, intimate details of the people who met him at ..."
qacc-0468,qacc,Who do you meet at the gates of heaven?,conflicting_opinions,People ,,2,,www.beliefnet.com,,noise,Are there sufficient Bible verses to tell us who will be waiting for us at the gates of heaven? Can we know for sure who will see or recognize in heaven ...
qacc-0468,qacc,Who do you meet at the gates of heaven?,conflicting_opinions,People ,,3,,www.amazon.com,,noise,"Picking up where bestselling 90 Minutes in Heaven left off, Don Piper reveals for the first time the sacred, intimate details of the people who met him at ..."
qacc-0468,qacc,Who do you meet at the gates of heaven?,conflicting_opinions,People ,,4,,www.shopguideposts.org,People ,correct,"Don's best-selling book about how he spent 90 minutes in heaven has riveted more than eight million readers. In People I Met at the Gates of Heaven, ..."
qacc-0468,qacc,Who do you meet at the gates of heaven?,conflicting_opinions,People ,,5,,letterpile.com,Saint Peter,conflict,"Aug 5, 2013 ... When a soul enters Heaven, he/she is sent to Saint Peter. Saint Peter will look through the Book of Life and make sure that you are allowed. If ..."
qacc-0470,qacc,Who was the viceroy when the simon commission visited india?,misinformation,Lord Irwin,,0,,www.toppr.com,Lloyd George,conflict,"When the Simon Commission visited India, the Viceroy of India was ___. · Lloyd George · Lord Irwin · Lord Reading · Lord Ripon · Simon Commission was a group ..."
qacc-0470,qacc,Who was the viceroy when the simon commission visited india?,misinformation,Lord Irwin,,1,,en.wikipedia.org,Lord Irwin,correct,"He also ensured that there were no Indians in the commission, as he believed the Labour MPs and Indian members would join. The Viceroy of India Lord Irwin ..."
qacc-0470,qacc,Who was the viceroy when the simon commission visited india?,misinformation,Lord Irwin,,2,,testbook.com,Lord Irwin,correct,Simon Commission was appointed by the British government in 1927 and visited India in 1928 during the tenure of Viceroy Lord Irwin (1926 - 1931).
qacc-0470,qacc,Who was the viceroy when the simon commission visited india?,misinformation,Lord Irwin,,3,,www.gktoday.in,Lord Irwin,correct,"Notes: During the viceroyship of Lord Irwin (1926 – 1931), the Simon Commission visited India in 1928 and the First Round Table Conference held in England ..."
qacc-0470,qacc,Who was the viceroy when the simon commission visited india?,misinformation,Lord Irwin,,4,,www.open.ac.uk,Lord Irwin,correct,"The Simon Commission was dispatched to India in 1928 to review the the Government ... Even the Viceroy, Lord Irwin, made it clear that the Report stood no ..."
qacc-0470,qacc,Who was the viceroy when the simon commission visited india?,misinformation,Lord Irwin,,5,,www.vedantu.com,Lord Irwin,correct,The Viceroy of India at the time of the Simon Commission was Lord Irwin. All the parties boycotted this commission since all the members of the commission ...
qacc-0470,qacc,Who was the viceroy when the simon commission visited india?,misinformation,Lord Irwin,,6,,www.nottingham.ac.uk,Lord Irwin,correct,"The 'Simon Commission' visited India for a reconnaissance tour. ... From December 1928 to October 1929, Viceroy Irwin put together his Round Table ..."
qacc-0470,qacc,Who was the viceroy when the simon commission visited india?,misinformation,Lord Irwin,,7,,www.mkgandhi.org,,noise,"In 1928 the Viceroy invited Gandhi to see him. He informed Gandhi of the appointment of an official British Commission, led by Sir John Simon, ..."
qacc-0470,qacc,Who was the viceroy when the simon commission visited india?,misinformation,Lord Irwin,,8,,www.oxfordreference.com,,noise,"It recommended giving greater autonomy to Indian provincial governments, but maintaining a veto for the Viceroy. It also rejected parliamentary government for ..."
qacc-0470,qacc,Who was the viceroy when the simon commission visited india?,misinformation,Lord Irwin,,9,,gandhiashramsabarmati.org,,noise,"17 February, 1915, Visited Santiniketan. ... 8 October, 1919, First issue of 'Young India' published. ... 3 February, 1928, Boycott of Simon Commission."
qacc-0473,qacc,When was the electronic funds transfer act signed into law?,misinformation,1978,,0,,www.consumerfinance.gov,,noise,"Dec 13, 2021 ... The questions and answers below pertain to compliance with the Electronic Fund Transfer Act (EFTA) and Regulation E."
qacc-0473,qacc,When was the electronic funds transfer act signed into law?,misinformation,1978,,1,,www.investopedia.com,1978,correct,The Electronic Fund Transfer Act (EFTA) is a federal law that was passed in 1978. It provides important protections to consumers when they transfer funds ...
qacc-0473,qacc,When was the electronic funds transfer act signed into law?,misinformation,1978,,2,,en.wikipedia.org,1978,correct,"The Electronic Fund Transfer Act was passed by the U.S. Congress in 1978 and signed by President Jimmy Carter, to establish the rights and liabilities of ..."
qacc-0473,qacc,When was the electronic funds transfer act signed into law?,misinformation,1978,,3,,ncua.gov,", 2000",conflict,"Mar 2, 2021 ... (E-Sign Act), signed into law June 30, 2000, provides a general rule ... Act;; Regulation E, implementing the Electronic Fund Transfer Act; ..."
qacc-0473,qacc,When was the electronic funds transfer act signed into law?,misinformation,1978,,4,,www.congress.gov,,noise,Introduced in House (05/18/1978). Electronic Fund Transfer Act - Amends the Consumer Credit Protection Act to add the following title: Title IX: Electronic Fund ...
qacc-0473,qacc,When was the electronic funds transfer act signed into law?,misinformation,1978,,5,,files.consumerfinance.gov,,noise,"Nov 23, 2015 ... obligations under the Electronic Fund Transfer Act (EFTA) and ... current law will assist entities in complying with EFTA and Regulation E."
qacc-0474,qacc,Who sings good night on the beatles white album?,misinformation,Ringo Star,gold_not_in_candidates,0,,www.youtube.com,,noise,"Jun 17, 2018 ... Good Night (Remastered 2009) ... I can't imagine any other Beatle singing this. ... 11-The Beatles - White Album (full album)."
qacc-0474,qacc,Who sings good night on the beatles white album?,misinformation,Ringo Star,gold_not_in_candidates,1,,en.wikipedia.org, Lennon,conflict,"Written for Lennon's five-year-old son Julian, ""Good Night"" is the final song on the White Album. ""Good Night"". Cover of the song's sheet music. Song by the ..."
qacc-0474,qacc,Who sings good night on the beatles white album?,misinformation,Ringo Star,gold_not_in_candidates,2,,www.cheatsheet.com, Ringo Starr,conflict,"Sep 1, 2019 ... 'Good Night,' the moving ballad by John Lennon, closes out the Beatles' 'White Album.' Here's why Ringo sang it instead of John."
qacc-0474,qacc,Who sings good night on the beatles white album?,misinformation,Ringo Star,gold_not_in_candidates,3,,www.rollingstone.com, Ringo Starr,conflict,"Nov 9, 2018 ... It's a tender ballad from John, one he always meant for Ringo Starr to sing, without ever explaining to Ringo (or anyone else) why. Many fans ..."
qacc-0474,qacc,Who sings good night on the beatles white album?,misinformation,Ringo Star,gold_not_in_candidates,4,,www.beatlesbible.com, Ringo Starr,conflict,"'Good Night', the tender closing song on the White Album, was written by John Lennon as a lullaby for his son Julian, and sung by Ringo Starr."
qacc-0474,qacc,Who sings good night on the beatles white album?,misinformation,Ringo Star,gold_not_in_candidates,5,,www.thebeatles.com, Ringo Starr,conflict,"""Good Night"" is the final song by the Beatles on their 1968 album The Beatles (also known as The White Album). It is sung by Ringo Starr, the only Beatle to ..."
qacc-0474,qacc,Who sings good night on the beatles white album?,misinformation,Ringo Star,gold_not_in_candidates,6,,www.beatlesebooks.com,,noise,"""Good Night"" premiered for the world as the closing number to the highly anticipated and world renowned album ""The Beatles,"" popularly known as the ""White Album ..."
qacc-0474,qacc,Who sings good night on the beatles white album?,misinformation,Ringo Star,gold_not_in_candidates,7,,www.reddit.com,,noise,"Apr 8, 2022 ... On the White Album, we have Paul singing Helter Skelter. ... Ranked against other Beatle's songs that have great melodies after great ..."
qacc-0474,qacc,Who sings good night on the beatles white album?,misinformation,Ringo Star,gold_not_in_candidates,8,,somethingelsereviews.com, Ringo Starr,conflict,"Dec 21, 2018 ... Our multi-column salute to the White Album kicks off with the double LP's end: the tender lullaby “Good Night,” sung memorably by Ringo ..."
qacc-0474,qacc,Who sings good night on the beatles white album?,misinformation,Ringo Star,gold_not_in_candidates,9,,www.the-paulmccartney-project.com,,noise,"Sep 11, 2021 ... Good Night” is a song by the English rock band the Beatles from their 1968 double album The Beatles (also known as the “White Album”)...."
qacc-0476,qacc,How many times has lake placid hosted the winter olympics?,misinformation,13th,soft_conflict,0,,www.governing.com,,noise,"Dec 23, 2021 ... Located in upstate New York with a population of less than 4000, Lake Placid was not an obvious choice for the 1932 Winter Olympics."
qacc-0476,qacc,How many times has lake placid hosted the winter olympics?,misinformation,13th,soft_conflict,1,,olympics.com,,noise,Olympic Winter Games Lake Placid 1980 ... many snow machines were used to produce artificial snow—the first time this had been done at the Olympic Games.
qacc-0476,qacc,How many times has lake placid hosted the winter olympics?,misinformation,13th,soft_conflict,2,,en.wikipedia.org,,noise,"Lake Placid was elected as the host city for the 1980 Winter Games at the 75th International Olympic Committee (IOC) Session in Vienna, Austria in 1974."
qacc-0476,qacc,How many times has lake placid hosted the winter olympics?,misinformation,13th,soft_conflict,3,,lakeplacidlegacysites.com,two,conflict,"As the only North American location to have hosted two Winter Olympics, it is the responsibility of the museum and its staff to tell the stories and preserve ..."
qacc-0476,qacc,How many times has lake placid hosted the winter olympics?,misinformation,13th,soft_conflict,4,,www.theadkx.org,two,conflict,"Lake Placid has had the privilege of hosting two Winter Olympic games, first in 1932 and again in 1980. While games in the past were much smaller in scale ..."
qacc-0476,qacc,How many times has lake placid hosted the winter olympics?,misinformation,13th,soft_conflict,5,,www.britannica.com,13th,correct,The Lake Placid Games were the 13th occurrence of the Winter Olympic Games. The 1980 Games marked the second time the small upstate New York town had hosted ...
qacc-0476,qacc,How many times has lake placid hosted the winter olympics?,misinformation,13th,soft_conflict,6,,www.nbcnewyork.com,,noise,"Aug 8, 2021 ... Two cities in the United States have hosted the Olympic Games twice: Lake Placid and Los Angeles. Lake Placid hosted the Winter Olympics in ..."
qacc-0476,qacc,How many times has lake placid hosted the winter olympics?,misinformation,13th,soft_conflict,7,,www.nytimes.com,13th,correct,"Feb 3, 2005 ... 13 that Lake Placid was host to the 1980 Winter Games. Much has changed about the Olympics since -- larger and longer, more costly and more ..."
qacc-0476,qacc,How many times has lake placid hosted the winter olympics?,misinformation,13th,soft_conflict,8,,spectrumlocalnews.com,,noise,"May 26, 2022 ... More than 40 years after Lake Placid last hosted a Winter Olympics, ... Games will have twice as many competitions as the 1980 Olympics, ..."
qacc-0476,qacc,How many times has lake placid hosted the winter olympics?,misinformation,13th,soft_conflict,9,,www.northcountrypublicradio.org,,noise,"Jun 1, 2022 ... Jun 01, 2022 — Lake Placid hosted the 1932 and 1980 Winter Olympics. Now, a group of New York lawmakers want the Adirondack village to team ..."
qacc-0477,qacc,Who wrote the song oh lord won't you buy me a mercedes benz?,misinformation,Joplin,,0,,performingsongwriter.com,Joplin,correct,"Jan 19, 2016 ... Mostly what they remembered was the first line: “Oh Lord, won't you buy me a Mercedes-Benz?” Joplin loved it and began singing along herself."
qacc-0477,qacc,Who wrote the song oh lord won't you buy me a mercedes benz?,misinformation,Joplin,,1,,en.wikipedia.org,Joplin,correct,The song was originally recorded by Joplin. ... A straightforward reading of the song lyrics indicate that the song is about the desire for possessions and ...
qacc-0477,qacc,Who wrote the song oh lord won't you buy me a mercedes benz?,misinformation,Joplin,,2,,genius.com,,noise,"Mercedes Benz Lyrics: I'd like to do a song of great social and political import / It goes like this / Oh Lord, won't you buy me a Mercedes Benz?"
qacc-0477,qacc,Who wrote the song oh lord won't you buy me a mercedes benz?,misinformation,Joplin,,3,,secondhandsongs.com,,noise,(Oh Lord Won't You Buy Me a) Mercedes Benz by Goose Creek Symphony · Originals · Mercedes Benz · Adaptations · Versions · Web covers · SecondHandSongs · About · Get ...
qacc-0477,qacc,Who wrote the song oh lord won't you buy me a mercedes benz?,misinformation,Joplin,,4,,www.wsj.com,Michael McClure's,conflict,"Jul 7, 2015 ... At some point, Janis sang out, “Oh Lord, won't you buy me a Mercedes Benz.” Earlier, in San Francisco, Janis had heard Michael McClure's song ..."
qacc-0477,qacc,Who wrote the song oh lord won't you buy me a mercedes benz?,misinformation,Joplin,,5,,songmeanings.com,,noise,"I'd like to do a song. Of great social and political import. It goes like this. Oh Lord, won't you buy me a Mercedes Benz? My friends all drive Porsches, ..."
qacc-0477,qacc,Who wrote the song oh lord won't you buy me a mercedes benz?,misinformation,Joplin,,6,,www.songfacts.com,Michael McClure's,conflict,"Joplin started reciting the line, ""Oh, Lord won't you buy me a Mercedes Benz"" - the first line of McClure's song. The four started banging beer mugs on the ..."
qacc-0477,qacc,Who wrote the song oh lord won't you buy me a mercedes benz?,misinformation,Joplin,,7,,christianminimalism.com,Joplin,correct,"Sep 28, 2020 ... So oh Lord, won't you buy me a Mercedes Benz? Obviously a tongue-in-cheek song, I always kind of giggled at it. It seemed absurd, Joplin asking ..."
qacc-0477,qacc,Who wrote the song oh lord won't you buy me a mercedes benz?,misinformation,Joplin,,8,,www.songfacts.com,,noise,"Janis Joplin is the best female artist (voice IS NOT everything). Jon from Oakridge, OrThough I like Joe Cocker's version, that song belongs to The Beatles."
qacc-0477,qacc,Who wrote the song oh lord won't you buy me a mercedes benz?,misinformation,Joplin,,9,,www.azlyrics.com,,noise,"Janis Joplin ""Mercedes Benz"": Oh Lord, won't you buy me a Mercedes Benz? My friends all drive Porsches, I must make amends Worked..."
qacc-0485,qacc,Who plays the robot on the orville show?,misinformation,Jackson,pending_screen,0,,orville.fandom.com,Jackson,correct,"Jackson received word of a television audition for a ""robot"" from his agent knowing only that the show was a Seth MacFarlane science-fiction project. Unlike ..."
qacc-0485,qacc,Who plays the robot on the orville show?,misinformation,Jackson,pending_screen,1,,www.pinterest.com,Jackson,correct,"Nov 4, 2017 - Mark Jackson is the actor who plays Isaac the artificial life form on The Orville. He also does the voice, not Brent Spiner, as some people ..."
qacc-0485,qacc,Who plays the robot on the orville show?,misinformation,Jackson,pending_screen,2,,orville.fandom.com,,noise,"Isaac continued to serve on the Bridge of the Orville but was never ... in their respective shows, with Jerald playing Kasidy Yates on Star Trek: Deep Space ..."
qacc-0485,qacc,Who plays the robot on the orville show?,misinformation,Jackson,pending_screen,3,,www.cbr.com,,noise,"Feb 28, 2021 ... The Orville: Who Plays Isaac on Seth MacFarlane's Sci-Fi Comedy ... a Kaylon robot whose character arc would become an integral part of ..."
qacc-0485,qacc,Who plays the robot on the orville show?,misinformation,Jackson,pending_screen,4,,winteriscoming.net,Jackson,correct,"Jul 7, 2022 ... English actor Mark Jackson plays Isaac on The Orville. Jackson doesn't just voice Isaac, he also wears the suit to actually portray the ..."
qacc-0485,qacc,Who plays the robot on the orville show?,misinformation,Jackson,pending_screen,5,,www.express.co.uk,Isaac,conflict,"Feb 13, 2019 ... Isaac the robot has been a fan favourite character since the show began last year. On The Orvile season two this week, the cast will face ..."
qacc-0491,qacc,The world's tallest jain statue is located in which state of india?,misinformation,Mangi Tungi,,0,,en.wikipedia.org,Mangi Tungi,correct,"The Statue of Ahimsa is located at Mangi-Tungi, in Nashik, in the Indian state of Maharashtra. It is the tallest Jain statue in the world as per Guinness ..."
qacc-0491,qacc,The world's tallest jain statue is located in which state of india?,misinformation,Mangi Tungi,,1,,www.gktoday.in,,noise,"Mar 13, 2016 ... A 108-feet tall idol of Lord Rishabhdeva, the first Teerthankar of Jains, carved out of a single rock, has entered the “Guinness World Records” ..."
qacc-0491,qacc,The world's tallest jain statue is located in which state of india?,misinformation,Mangi Tungi,,2,,en.wikipedia.org,,noise,The Gommateshwara statue is a 57-foot (17 m) high monolithic statue on Vindhyagiri Hill in the town of Shravanbelagola in the Indian state of Karnataka. ... It was regarded the tallest Jain statue until 2016.
qacc-0491,qacc,The world's tallest jain statue is located in which state of india?,misinformation,Mangi Tungi,,3,,testbook.com,Kevadia,conflict,"Mar 31, 2023 ... ​The Statue of Unity is the tallest statue in the world, with a height of 182 meters (597 ft), located near Kevadia in the Indian state of ..."
qacc-0491,qacc,The world's tallest jain statue is located in which state of india?,misinformation,Mangi Tungi,,4,,www.walkthroughindia.com,Mangi Tungi,correct,"The tallest tallest Jain statue in the world is located in Mangi Tungi and Sravanabelagola. Statue of Ahimsa, Mangi Tungi. The Statue of Ahimsa is the tallest ..."
qacc-0491,qacc,The world's tallest jain statue is located in which state of india?,misinformation,Mangi Tungi,,5,,www.india.com,,noise,"Mar 29, 2018 ... India is home to a number of Jain temples that are worth a visit. However, did you know that the world's tallest Jain statue is located in ..."
qacc-0491,qacc,The world's tallest jain statue is located in which state of india?,misinformation,Mangi Tungi,,6,,www.thehindu.com,,noise,"Mar 7, 2016 ... ... entered the “Guinness World Records” as the world's tallest Jain statue. The impressive statue is located atop Mangi Tungi mountain near ..."
qacc-0491,qacc,The world's tallest jain statue is located in which state of india?,misinformation,Mangi Tungi,,7,,www.quora.com,,noise,Worlds Tallest Monolithic Statue of Lord Bahubali —”The Gommateshwara ... is located on Vindyagiri hill at Shravanbelagola town in the Indian state of K...
qacc-0491,qacc,The world's tallest jain statue is located in which state of india?,misinformation,Mangi Tungi,,8,,www.facebook.com,,noise,"May 25, 2018 ... a gateway to the state of enlightenment. In February 2016, one world's tallest Jain statue with height 108 feet(113 feet including pedestal) ..."
qacc-0492,qacc,What are the toll roads called in mexico?,misinformation,Cuota,soft_conflict,0,,tollguru.com,Cuota,correct,"Mexico has extensive toll roads, highways and other toll facilities across all its states except in Aguascalientes. The toll roads are called 'Cuota' while ..."
qacc-0492,qacc,What are the toll roads called in mexico?,misinformation,Cuota,soft_conflict,1,,en.wikipedia.org,Cuota,correct,"This is a list of autopistas, or tolled (cuota) highways, in Mexico. Tolled roads are often ... Normally, Mexican federal highways that are on toll roads have the letter ..."
qacc-0492,qacc,What are the toll roads called in mexico?,misinformation,Cuota,soft_conflict,2,,www.mexperience.com,highways,conflict,"Aug 3, 2023 ... Most of Mexico's major tolled trunk roads are four-lane highways, except in very mountainous regions (or stretches of a mountainous route), ..."
qacc-0492,qacc,What are the toll roads called in mexico?,misinformation,Cuota,soft_conflict,3,,wikitravel.org,,noise,"Using toll roads in Mexico can be expensive: the tolls range from about 25 to 150 Mexican pesos (approximately 2.50-15 American dollars) for passenger cars, ..."
qacc-0492,qacc,What are the toll roads called in mexico?,misinformation,Cuota,soft_conflict,4,,www.mexperience.com,highways,conflict,"Most of Mexico's major toll trunk roads are four-lane highways, except in very mountainous regions (or stretches of a mountainous route), where at times the ..."
qacc-0492,qacc,What are the toll roads called in mexico?,misinformation,Cuota,soft_conflict,5,,www.sanborns.com,,noise,Mexico toll roads are the safest way to get to your destination. They are well maintained and traffic flow is better. And CAPUFE does all it can to help keep ...
qacc-0492,qacc,What are the toll roads called in mexico?,misinformation,Cuota,soft_conflict,6,,whatsupsancarlos.com,Cuota,correct,"You need to pay a fee (called a “cuota”). The fee can only be paid in Mexican pesos, so come prepared (US dollars and credit cards are not accepted). mexico ..."
qacc-0492,qacc,What are the toll roads called in mexico?,misinformation,Cuota,soft_conflict,7,,www.bajabound.com,,noise,Map Your Toll Road Route · Playas de Tijuana - $40 Pesos (appx U.S. $2.00) · Rosarito - $40 Pesos (appx U.S. $2.00) · Ensenada - $44 Pesos (appx U.S. $2.20) ...
qacc-0492,qacc,What are the toll roads called in mexico?,misinformation,Cuota,soft_conflict,8,,www.discoverbaja.com,,noise,Toll Roads · Playas de Tijuana ($38 pesos) · Rosarito ($38 pesos) · Ensenada/El Sauzal ($42 pesos) · Tecate ($80 pesos) · El Hongo ($82 pesos) · Esperanzas ($118 ...
qacc-0492,qacc,What are the toll roads called in mexico?,misinformation,Cuota,soft_conflict,9,,highways.dot.gov,,noise,"In little more than 12 months, beginning in late 2004, the following events occurred: A Spanish toll road company proposed to invest $7.2 billion to build ..."
qacc-0495,qacc,First day collection of mission china assamese film?,misinformation,₹ 39.97 lakh,soft_conflict,0,,en.wikipedia.org,₹ 39.97 lakh,correct,"The first, second and third day collections were ₹ 39.97 lakh, ₹ 39.50 lakh and ₹ 49 lakh respectively. The fourth day collection was ₹ 39 lakh and that of ..."
qacc-0495,qacc,First day collection of mission china assamese film?,misinformation,₹ 39.97 lakh,soft_conflict,1,,m.facebook.com,"38,25700.00",conflict,"Sep 8, 2017 ... First Day Box Office Collection Of Mission China 38,25700.00 #Zubeen Power.. #Revolution in Assamese Film Industry.. #Zubeen_Garg."
qacc-0495,qacc,First day collection of mission china assamese film?,misinformation,₹ 39.97 lakh,soft_conflict,2,,www.hindustantimes.com,,noise,"Oct 10, 2017 ... Mission China, the costliest Assamese produced by Garima Saikia Garg ... film with a touch of China beat Baahubali's first-day collection."
qacc-0495,qacc,First day collection of mission china assamese film?,misinformation,₹ 39.97 lakh,soft_conflict,3,,www.telegraphindia.com,Rs 40,conflict,"Sep 12, 2017 ... On the first day of its release, Mission China had earned around Rs 40 ... a record opening-day collection in the history of Assamese films."
qacc-0495,qacc,First day collection of mission china assamese film?,misinformation,₹ 39.97 lakh,soft_conflict,4,,thenortheasttoday.com,₹ 39.97 lakh,correct,"Sep 10, 2017 ... The first day collection of the film was around 39 lakh. Day two collected more then 40 lakh. It is expected to be the biggest blockbuster in ..."
qacc-0495,qacc,First day collection of mission china assamese film?,misinformation,₹ 39.97 lakh,soft_conflict,5,,juksun.com,,noise,"Assamese cinema, also known as Jollywood, is an Indian film industry of Assamese-language motion pictures. It is based in Assam, India. The industry was born in ..."
qacc-0495,qacc,First day collection of mission china assamese film?,misinformation,₹ 39.97 lakh,soft_conflict,6,,www.wikiwand.com,,noise,Mission China is a 2017 Indian Assamese-language action drama film directed by Zubeen ... Mission China has also beaten the first-day collection record of ...
qacc-0495,qacc,First day collection of mission china assamese film?,misinformation,₹ 39.97 lakh,soft_conflict,7,,www.addatoday.com,,noise,"Jul 3, 2023 ... Mission China (2017) - 6 crores. Sri Raghupati Box Office Collection Details -. Week 1 (Day 1 to 7) - 3.2 crores approx."
qacc-0495,qacc,First day collection of mission china assamese film?,misinformation,₹ 39.97 lakh,soft_conflict,8,,www.amazing-assam.com,,noise,"Oct 13, 2019 ... 49.5 lakhs. Ratnakar has managed to dethroned other Hindi films from Cinema Hall in Assam. Firstly, Zubeen Garg's movies 'Mission China' and ' ..."
qacc-0498,qacc,China in chinese is called zhongguo which means?,misinformation,state,gold_not_in_candidates,0,,www.quora.com,central kingdom,conflict,"China is called Chūgoku (中国), meaning central kingdom. However, the central part of Japan (The western most part of the main Island Honshū) is also called ..."
qacc-0498,qacc,China in chinese is called zhongguo which means?,misinformation,state,gold_not_in_candidates,1,,en.wikipedia.org,,noise,"The names of China include the many contemporary and historical appellations given in various languages for the East Asian country known as Zhōngguó (中國/中国, ... Chinese names for China, aside from Zhongguo, include Zhōnghuá (中華/中华 ..."
qacc-0498,qacc,China in chinese is called zhongguo which means?,misinformation,state,gold_not_in_candidates,2,,blog.oup.com,central state or states,conflict,"Feb 25, 2018 ... The Chinese word for China, Zhongguo, literally means 'central state or states' (there is no plural inflection in Chinese), giving rise to ..."
qacc-0498,qacc,China in chinese is called zhongguo which means?,misinformation,state,gold_not_in_candidates,3,,www.linkedin.com,,noise,"Nov 30, 2015 ... China is called ZhongGuo in Mandarin Chinese (Simplified Chinese: 中国, Traditional Chinese: 中國; also romanized as Jhongguo or Chung-kuo), ..."
qacc-0498,qacc,China in chinese is called zhongguo which means?,misinformation,state,gold_not_in_candidates,4,,www.cfr.org,the Middle Kingdom,conflict,"The concept of zhongguo—the Middle Kingdom, as China calls itself—is not simply geographic. It implies that China is the cultural, political, and economic ..."
qacc-0498,qacc,China in chinese is called zhongguo which means?,misinformation,state,gold_not_in_candidates,5,,theculturetrip.com,,noise,"Dec 21, 2017 ... China's national identity reaches back many thousands of years – and in ... called China, but in its own language it's known as 'Zhongguo', ..."
qacc-0498,qacc,China in chinese is called zhongguo which means?,misinformation,state,gold_not_in_candidates,6,,www.nytimes.com,,noise,"Feb 4, 2022 ... Zhongguo is the Chinese name for China; referring to the Taiwanese delegation as such implies that the athletes and the island they ..."
qacc-0498,qacc,China in chinese is called zhongguo which means?,misinformation,state,gold_not_in_candidates,7,,quizlet.com,,noise,"Study with Quizlet and memorize flashcards containing terms like China in Chinese is called Zhongguo. Which means ______., The Chinese national language, ..."
qacc-0498,qacc,China in chinese is called zhongguo which means?,misinformation,state,gold_not_in_candidates,8,,en.chinaculture.org,central state or states,conflict,"In ancient China,Guo referred to city or state.Zhonguo (now it means China) meant the central city or the central state. According to historical books, ..."
qacc-0504,qacc,Who is the longest railway station in india?,misinformation,Hubbali,pending_screen,0,,en.wikipedia.org,Hubbali,correct,"The world's longest station platform is at Hubbali Junction in India at 1,507 metres (4,944 ft). ... The Appalachian Trail station or Benson station in the United ..."
qacc-0504,qacc,Who is the longest railway station in india?,misinformation,Hubbali,pending_screen,1,,www.livemint.com,Hubbali,correct,"Mar 12, 2023 ... Hubballi is a major hub of trade and commerce in the North Karnataka region. This station is situated on the junction connecting railway lines ..."
qacc-0504,qacc,Who is the longest railway station in india?,misinformation,Hubbali,pending_screen,2,,timesofindia.indiatimes.com,Karnataka,conflict,"Mar 13, 2023 ... Karnataka is now home to the world's longest railway station. If reports are to go by, Indian Railways' South Western Railway(SWR) zone's ..."
qacc-0504,qacc,Who is the longest railway station in india?,misinformation,Hubbali,pending_screen,3,,www.walkthroughindia.com,,noise,"Kharagpur Railway Platform, West Bengal – 1,072.5 metres (3,519 ft). Kharagpur-Railway-Platform. Kharagpur Junction railway station is the third longest railway ..."
qacc-0504,qacc,Who is the longest railway station in india?,misinformation,Hubbali,pending_screen,4,,www.wionews.com,,noise,"Mar 12, 2023 ... Indian Prime Minister Narendra Modi on Sunday inaugurated the world's longest railway platform of 1.5 kilometres at Sri Siddhaarooda railway ..."
qacc-0504,qacc,Who is the longest railway station in india?,misinformation,Hubbali,pending_screen,5,,www.adda247.com,,noise,"Gorakhpur Railway Station is situated in the Indian state of Uttar Pradesh. It became the World's longest railway platform on 6th October, 2013 with a length of ..."
qacc-0504,qacc,Who is the longest railway station in india?,misinformation,Hubbali,pending_screen,6,,www.guinnessworldrecords.com,Hubbali,correct,"Jan 13, 2023 ... The longest railway platform is 1,507 metres and was achieved by South Western Railway Hubballi division (India), at Hubballi Railway ..."
qacc-0504,qacc,Who is the longest railway station in india?,misinformation,Hubbali,pending_screen,7,,www.holidify.com,,noise,"Howrah Junction is the oldest and largest railway station in India. Along with this, it is one of the busiest Railway stations in India."
qacc-0504,qacc,Who is the longest railway station in india?,misinformation,Hubbali,pending_screen,8,,www.thehindu.com,,noise,"Apr 14, 2019 ... Earlier, the honour for the longest station name in India belonged to Venkatanarasimharajuvaripeta in Andhra Pradesh. The honour now belongs to ..."
qacc-0504,qacc,Who is the longest railway station in india?,misinformation,Hubbali,pending_screen,9,,indianexpress.com,,noise,"Mar 22, 2023 ... The longest railway platform in the world at Shree Siddharoodha Swamiji Hubballi station in Karnataka was inaugurated by Prime Minister ..."
qacc-0505,qacc,Where does the last name hansen come from?,misinformation,Denmark,soft_conflict,0,,en.wikipedia.org,Denmark,correct,"Hansen or Hanssen is a Scandinavian patronymic surname, meaning son of Hans. As of 2008, it is the third most common surname in Denmark, shared by 4.3% of ..."
qacc-0505,qacc,Where does the last name hansen come from?,misinformation,Denmark,soft_conflict,1,,www.ancestry.com,,noise,Danish Norwegian Dutch Flemish and North German: patronymic from the personal name Hans . This is the most common surname in Norway.
qacc-0505,qacc,Where does the last name hansen come from?,misinformation,Denmark,soft_conflict,2,,forebears.io,Scandinavian,conflict,"From Where Does The Surname Originate? ... Scandinavian form of Hanson, q.v. ... Abbreviation for Johannson. See also Jansen. ... (Danish, Norwegian, Swedish) The son ..."
qacc-0505,qacc,Where does the last name hansen come from?,misinformation,Denmark,soft_conflict,3,,www.houseofnames.com,,noise,"The surname Hansen is a patronymic name, derived from the German personal name Johannes, and ultimately from the personal name Johan or John."
qacc-0505,qacc,Where does the last name hansen come from?,misinformation,Denmark,soft_conflict,4,,selectsurnames.com,Denmark,correct,"Hans Thomsen Hansen came to Minden, Nebraska from Denmark in 1889 at the age of just nineteen. His eldest son, Hans Lloyd Hansen, was born five years later. By ..."
qacc-0505,qacc,Where does the last name hansen come from?,misinformation,Denmark,soft_conflict,5,,www.lifeinnorway.net,,noise,"Feb 14, 2020 ... As a result of this, surnames like Larsen, Hansen and Johansen ... Occupational: names derived from the occupation or job of an ancestor."
qacc-0505,qacc,Where does the last name hansen come from?,misinformation,Denmark,soft_conflict,6,,www.quora.com,Scandinavian,conflict,"Hansen is a Scandinavian, common surname. In the past when we had the norse naming system, which is still in use in Iceland,it would mean “son of Hans"". I don ..."
qacc-0505,qacc,Where does the last name hansen come from?,misinformation,Denmark,soft_conflict,7,,coadb.com,,noise,"This surname is of Danish, Norwegian, Swedish, German and Scandinavian origins and is a patronymic or metronymic meaning and is derived from the personal name “ ..."
qacc-0505,qacc,Where does the last name hansen come from?,misinformation,Denmark,soft_conflict,8,,www.surnamedb.com,,noise,"Last name meaning Hansen: This is a true European surname. It can be either a patronymic or a metronymic, meaning it may be derived from the father or ..."
qacc-0505,qacc,Where does the last name hansen come from?,misinformation,Denmark,soft_conflict,9,,thednatests.com,,noise,"Surnames like Hansen evolved from patronymic naming conventions, indicating a familial relationship. The name Hansen has variations in spelling, such as ..."
qacc-0508,qacc,Where was the italian episode of everybody loves raymond filmed?,misinformation,Anguillara Sabazia,pending_screen,0,,en.wikipedia.org,Anguillara Sabazia,correct,It was filmed in July 2000 in the town Anguillara Sabazia outside of Rome. ... Romano first hinted of the episode in an interview published that same month in the ...
qacc-0508,qacc,Where was the italian episode of everybody loves raymond filmed?,misinformation,Anguillara Sabazia,pending_screen,1,,www.imdb.com,Anguillara Sabazia,correct,This two-part episode was filmed in July 2000 in the town of Anguillara Sabazia outside of Rome. · The song played when Ray starts to kick the ball back to the ...
qacc-0508,qacc,Where was the italian episode of everybody loves raymond filmed?,misinformation,Anguillara Sabazia,pending_screen,2,,en.wikipedia.org,Anguillara Sabazia,correct,"Anguillara Sabazia is a town and comune in the Metropolitan City of Rome, Lazio, central Italy, around 30 kilometres (19 mi) northwest of Rome."
qacc-0508,qacc,Where was the italian episode of everybody loves raymond filmed?,misinformation,Anguillara Sabazia,pending_screen,3,,www.cheatsheet.com,Anguillara Sabazia,correct,"Jun 2, 2021 ... The two-parter called “Italy” were the premiere episodes of the show's fifth season and were filmed in July 2000 in the town of Anguillara ..."
qacc-0508,qacc,Where was the italian episode of everybody loves raymond filmed?,misinformation,Anguillara Sabazia,pending_screen,4,,www.hollywoodreporter.com,Rome,conflict,"Jun 7, 2018 ... After some convincing of CBS and a reluctant Raymond, we filmed two episodes of Everybody Loves Raymond in Rome."
qacc-0508,qacc,Where was the italian episode of everybody loves raymond filmed?,misinformation,Anguillara Sabazia,pending_screen,5,,www.tripadvisor.com,Anguillara Sabazia,correct,I have found out that the show was filmed in Anguillara Sabazia but not exactly where. The scene where Ray and his wife are on the side of a hill overlooking ...
qacc-0508,qacc,Where was the italian episode of everybody loves raymond filmed?,misinformation,Anguillara Sabazia,pending_screen,6,,www.pinterest.com,,noise,"It is a small town 45 minutes north of Rome on Lake Bracciano.This is the town where ""Everybody Loves Raymond' filmed the two episodes in Italy. I have to admit ..."
qacc-0508,qacc,Where was the italian episode of everybody loves raymond filmed?,misinformation,Anguillara Sabazia,pending_screen,7,,www.fodors.com,Anguillara Sabazia,correct,"Hi Deepa, I got this from one of the Raymond web sites. Where was the Italy episode filmed? Anguillara, a small fisherman's village on ..."
qacc-0508,qacc,Where was the italian episode of everybody loves raymond filmed?,misinformation,Anguillara Sabazia,pending_screen,8,,www.manic-expression.com,,noise,"Feb 8, 2014 ... Yes this was filmed on location in Italy. My Thoughts-Why???? Why did they have to make Ray the jerk of the universe here? Here's the thing-in ..."
qacc-0508,qacc,Where was the italian episode of everybody loves raymond filmed?,misinformation,Anguillara Sabazia,pending_screen,9,,www.tripadvisor.com,Anguillara Sabazia,correct,I have found out that the show was filmed in Anguillara Sabazia but not exactly where. The scene where Ray and his wife are on the side of a hill overlooking ...
qacc-0511,qacc,Who does betty end up with on riverdale?,misinformation,Archie,,0,,decider.com,Archie,correct,"Jun 5, 2023 ... Probably the most heavily debated topic in the Riverdale fandom, and heck, the Archie Comics fandom as well is who Archie will end up with."
qacc-0511,qacc,Who does betty end up with on riverdale?,misinformation,Archie,,1,,www.dexerto.com,,noise,"Jul 6, 2023 ... But will this lead guy end the series with the not-so-innocent girl next door? Let's get into it, but first: Warning! Riverdale spoilers up ..."
qacc-0511,qacc,Who does betty end up with on riverdale?,misinformation,Archie,,2,,tvline.com,,noise,"Jul 31, 2022 ... Betty gets an offer to head up the FBI's serial killer division with Agent Drake, but she turns it down, saying she's “moving towards the light."
qacc-0511,qacc,Who does betty end up with on riverdale?,misinformation,Archie,,3,,www.tvinsider.com,Jughead,conflict,"Oct 7, 2021 ... Betty & Jughead. Status: Broken up. Betty and Jughead's relationship fell apart before they went off to college after he found out about her and ..."
qacc-0511,qacc,Who does betty end up with on riverdale?,misinformation,Archie,,4,,www.fresherslive.com,Jughead,conflict,"Jul 6, 2023 ... It is unclear whether Betty and Jughead end up together in the regular Riverdale continuity. The events described occur within the context of ..."
qacc-0511,qacc,Who does betty end up with on riverdale?,misinformation,Archie,,5,,movieweb.com,Archie,correct,"Sep 23, 2022 ... Tabitha also realized there were an equal number of universes where Archie ended up with either Betty or Veronica. As the show enters its ..."
qacc-0511,qacc,Who does betty end up with on riverdale?,misinformation,Archie,,6,,hiddenremote.com,Archie,correct,"Dec 14, 2021 ... When we're reunited with Betty and Archie as a couple in “Chapter One Hundred: The Jughead Paradox,” Archie's death is described as a dream ..."
qacc-0511,qacc,Who does betty end up with on riverdale?,misinformation,Archie,,7,,collider.com,,noise,"Jul 17, 2023 ... With Riverdale's seventh and final season coming to a close, ... biggest question on our minds is actually this: who will end up with whom?"
qacc-0511,qacc,Who does betty end up with on riverdale?,misinformation,Archie,,8,,www.popsugar.com,Archie,correct,"Mar 28, 2023 ... when Archie proposes to and marries Betty. Yes, we're suddenly thrust into an alternate universe that shows everything that would happen if ..."
qacc-0517,qacc,Who played stonewall jackson in gods and generals?,misinformation,Stephen Lang,,0,,en.wikipedia.org,Russell Crowe,conflict,"Russell Crowe was the original choice to play Stonewall Jackson, but scheduling conflicts prevented his availability in the summer and fall of 2001 when the ..."
qacc-0517,qacc,Who played stonewall jackson in gods and generals?,misinformation,Stephen Lang,,1,,www.imdb.com,,noise,"The rise and fall of confederate general Thomas ""Stonewall"" Jackson, as he meets with military success against the Union from 1861 to 1863, ..."
qacc-0517,qacc,Who played stonewall jackson in gods and generals?,misinformation,Stephen Lang,,2,,ehistory.osu.edu,Stephen Lang,correct,"Now, Stephen Lang takes the lead in Ron Maxwell's prequel entitled Gods and Generals. Stephen shared with me many of this thoughts and perspectives on these two ..."
qacc-0517,qacc,Who played stonewall jackson in gods and generals?,misinformation,Stephen Lang,,3,,www.imdb.com,Stephen Lang,correct,Stephen Lang: Gen. Stonewall Jackson. Showing all 25 items. Jump to: Photos (12); Quotes (13) ...
qacc-0517,qacc,Who played stonewall jackson in gods and generals?,misinformation,Stephen Lang,,4,,m.imdb.com,Stephen Lang,correct,Gods and Generals (2003) “Cast” credits. ... Robert Byrd. Confederate General (as Robert C. Byrd) ... Stephen Lang. Gen. Stonewall Jackson ...
qacc-0517,qacc,Who played stonewall jackson in gods and generals?,misinformation,Stephen Lang,,5,,www.imdb.com,Russell Crowe,conflict,"Russell Crowe was the first choice to play Stonewall Jackson. Crowe expressed initial interest but eventually declined, citing a need to return to Australia ..."
qacc-0517,qacc,Who played stonewall jackson in gods and generals?,misinformation,Stephen Lang,,6,,www.rogerebert.com,Stephen Lang,correct,"Feb 21, 2003 ... Stephen Lang, playing Jackson, has a deathbed scene so wordy, as he issues commands to imaginary subordinates and then prepares himself to cross ..."
qacc-0517,qacc,Who played stonewall jackson in gods and generals?,misinformation,Stephen Lang,,7,,www.americanrhetoric.com,,noise,Full text and audio mp3 of Movie Speech: gods and generals - Stonewall Jackson addresses the 33rd regiment of Virginia.
qacc-0517,qacc,Who played stonewall jackson in gods and generals?,misinformation,Stephen Lang,,8,,www.rottentomatoes.com,,noise,"May 29, 2012 ... This is a movie specifically about Thomas Stonewall Jackson. It gets lost on other unsatisfying plots along the way, but it is a story about an ..."
qacc-0518,qacc,Who sang the theme song for laverne and shirley?,misinformation,Cyndi Greeco,gold_not_in_candidates,0,,en.wikipedia.org,Cyndi Grecco ,conflict,"Cyndi Grecco (born May 19, 1952) is an American singer best-known for performing the theme tune to the popular 1970s American television show Laverne ..."
qacc-0518,qacc,Who sang the theme song for laverne and shirley?,misinformation,Cyndi Greeco,gold_not_in_candidates,1,,americansongwriter.com,the stars and cyndi greeco,conflict,"Jan 31, 2023 ... That only part of the song that featured the stars of the show was the beginning, while the remainder of the song was sung by Cyndi Grecco, ..."
qacc-0518,qacc,Who sang the theme song for laverne and shirley?,misinformation,Cyndi Greeco,gold_not_in_candidates,2,,thetvprofessor.com,Cyndi Grecco ,conflict,"Apr 16, 2022 ... The Woman Who Sang the “Laverne & Shirley” theme song. Cyndi Grecco was a musician from Denver, Colorado, and had been living in Los Angeles for ..."
qacc-0518,qacc,Who sang the theme song for laverne and shirley?,misinformation,Cyndi Greeco,gold_not_in_candidates,3,,www.metv.com,Cyndi Grecco ,conflict,"Jan 21, 2016 ... Schlemiel! Schlimazel! Hasenpfeffer Incorporated! Grecco performed the uplifting theme ""Making Our Dreams Come True"" for Laverne & Shirley. The ..."
qacc-0518,qacc,Who sang the theme song for laverne and shirley?,misinformation,Cyndi Greeco,gold_not_in_candidates,4,,mentalitch.com,Cyndi Grecco ,conflict,Cyndi Grecco Sings the Theme Song for “Laverne & Shirley” · Short career summary on Cyndi Grecco · After the success of “Making Our Dreams Come True”… · More info ...
qacc-0518,qacc,Who sang the theme song for laverne and shirley?,misinformation,Cyndi Greeco,gold_not_in_candidates,5,,www.newsweek.com,,noise,"Dec 18, 2018 ... 'Laverne & Shirley' Song Explained ... Penny Marshall and Cindy Williams pose backstage with their Working Stiff of the Year award for ..."
qacc-0518,qacc,Who sang the theme song for laverne and shirley?,misinformation,Cyndi Greeco,gold_not_in_candidates,6,,www.quora.com,Cyndi Grecco ,conflict,"The original version was sung by Richard 'Ringo Starr' Starkey. HOWEVER… The version that you are asking about, the one used as a theme song for the television ..."
qacc-0518,qacc,Who sang the theme song for laverne and shirley?,misinformation,Cyndi Greeco,gold_not_in_candidates,7,,cyndigrecco.bandcamp.com,,noise,Cyndi Grecco is an American traditional pop singer who performed the theme tune to the popular 1970s American television show Laverne & Shirley.
qacc-0518,qacc,Who sang the theme song for laverne and shirley?,misinformation,Cyndi Greeco,gold_not_in_candidates,8,,www.rhino.com,,noise,"Aug 22, 2018 ... Most of the songs feature Marshall and Williams singing together ... theme song, the most notable thing about LAVERNE & SHIRLEY SING is the ..."
qacc-0521,qacc,When did the sims 4 toddlers come out?,misinformation,March 14,pending_screen,0,,sims.fandom.com,,noise,"However, they were added to the game about two years later via the January 12, 2017 patch. Unlike The Sims 2 and The Sims 3, toddlers in The Sims 4 stand by ..."
qacc-0521,qacc,When did the sims 4 toddlers come out?,misinformation,March 14,pending_screen,1,,www.ea.com,,noise,"Mar 14, 2023 ... Toddlers and Children will be able to interact with new family members ... Sims can get kept out with door permissions, and now, Infants and ..."
qacc-0521,qacc,When did the sims 4 toddlers come out?,misinformation,March 14,pending_screen,2,,www.polygon.com,March 14,correct,"Jan 31, 2023 ... One of The Sims 4's most anticipated updates will arrive in-game on March 14, developer Maxis announced during its Behind The Sims Summit ..."
qacc-0521,qacc,When did the sims 4 toddlers come out?,misinformation,March 14,pending_screen,3,,www.ea.com,,noise,"Adding more depth and gameplay to the lifestage, among other life stages including toddler and children, The Sims 4 Growing Together Expansion Pack will add ..."
qacc-0521,qacc,When did the sims 4 toddlers come out?,misinformation,March 14,pending_screen,4,,www.eurogamer.net,24th August,conflict,"Aug 16, 2017 ... The Sims 4: Toddler Stuff Pack is due for release 24th August but no price has been announced yet. From Assassin's Creed to Zoo Tycoon, we ..."
qacc-0521,qacc,When did the sims 4 toddlers come out?,misinformation,March 14,pending_screen,5,,www.ggrecon.com,,noise,"Mar 15, 2023 ... Now, babies will age into infants and will navigate through the world, learning as they go. The above interactions and animations will come with ..."
qacc-0521,qacc,When did the sims 4 toddlers come out?,misinformation,March 14,pending_screen,6,,primagames.com,,noise,"Jan 31, 2023 ... In the Behind the Sims Summit Event, Infants were initially revealed to be introduced in early 2023, which usually means from January to April."
qacc-0521,qacc,When did the sims 4 toddlers come out?,misinformation,March 14,pending_screen,7,,simscommunity.info,,noise,"Oct 19, 2022 ... Infants will be a new life stage, not a revamp of Sims 4 babies as we previously thought. The Sims 4 infant update will come in early 2023."
qacc-0532,qacc,Wolf of wall street number of f words?,misinformation,506,pending_screen,0,,collider.com,569,conflict,"Apr 13, 2023 ... 3 'The Wolf of Wall Street' (2013) – 569 f-words ... Like in Casino, Martin Scorsese uses an almost three-hour runtime to get the most swear words ..."
qacc-0532,qacc,Wolf of wall street number of f words?,misinformation,506,pending_screen,1,,www.vulture.com,506,correct,"Jan 8, 2014 ... On January 2, a Variety piece, citing Wikipedia, declared that Martin Scorsese's The Wolf of Wall Street used the F-word 506 times, ..."
qacc-0532,qacc,Wolf of wall street number of f words?,misinformation,506,pending_screen,2,,en.wikipedia.org,569,conflict,"ListEdit ; Swearnet: The Movie, 2014, 935 ; Fuck (documentary), 2005, 857 ; The Wolf of Wall Street, 2013, 569 ; Uncut Gems, 2019, 560 ..."
qacc-0532,qacc,Wolf of wall street number of f words?,misinformation,506,pending_screen,3,,www.guinnessworldrecords.com,506,correct,"Jan 16, 2014 ... The same f-word expletive is used 506 times – an average of 2.81 times per minute. The film, starring Scorsese's regular go-to star Leonardo ..."
qacc-0532,qacc,Wolf of wall street number of f words?,misinformation,506,pending_screen,4,,inshorts.com,506,correct,the leonardo dicapriostarrer the wolf of wall street has 506 fword expletives according to the guinness world records in total the film has 687 expletives ...
qacc-0532,qacc,Wolf of wall street number of f words?,misinformation,506,pending_screen,5,,slate.com,506,correct,"Jan 7, 2014 ... 25 ScreenIt.com review (subscription only), which says that the movie contains “at least 506 'f' words.” But is ScreenIt.com—a source not ..."
qacc-0532,qacc,Wolf of wall street number of f words?,misinformation,506,pending_screen,6,,entertainment.time.com,506,correct,"Jan 3, 2014 ... The f-word is uttered 506 times in the movie, Variety reports. Think that's too many f#$*s? Then you should stay away from Jordan Belfort's ..."
qacc-0532,qacc,Wolf of wall street number of f words?,misinformation,506,pending_screen,7,,www.theguardian.com,506,correct,"Jan 3, 2014 ... Martin Scorsese has broken a record. The Wolf of Wall Street contains 506 instances of the word ""fuck"", which is – as noted by Variety – a solid ..."
qacc-0532,qacc,Wolf of wall street number of f words?,misinformation,506,pending_screen,8,,www.rollingstone.com,,noise,"Jan 3, 2014 ... The Wolf of Wall Street has reportedly set the record for the number of times people say “fuck” in a non-documentary movie, according to ..."
qacc-0532,qacc,Wolf of wall street number of f words?,misinformation,506,pending_screen,9,,www.theguardian.com,,noise,"Jan 12, 2014 ... One F-word remains, possibly because – having run the gamut from freakin', fruitless, fruitful, frizzin, froozin and freezin' to flip, faking, ..."
qacc-0535,qacc,Which british city is farthest from the sea?,misinformation,lichfield,,0,,www.theguardian.com,lichfield,correct,"Apr 25, 2012 ... Lichfield in Staffordshire has a plaque indicating England's furthest point from the sea – a distance of 84 miles. Richard Haywood, Lichfield, ..."
qacc-0535,qacc,Which british city is farthest from the sea?,misinformation,lichfield,,1,,en.wikipedia.org,,noise,"Coton in the Elms is a village and parish in the English county of Derbyshire. At 70 miles (110 km) from the coast, it is the one of the furthest places in ..."
qacc-0535,qacc,Which british city is farthest from the sea?,misinformation,lichfield,,2,,www.theguardian.com,shortheath,conflict,"The furthest point from the sea in the uk is a little place called shortheath,near Moira,which is near ashby.Take a drive through and have a look at the plaque."
qacc-0535,qacc,Which british city is farthest from the sea?,misinformation,lichfield,,3,,blogs.oxford-royale.com,,noise,"Aug 12, 2017 ... Oxford is no longer the furthest UK city from the seaside! ... After such a fantastic night in London last night watching 'The Phantom of the ..."
qacc-0535,qacc,Which british city is farthest from the sea?,misinformation,lichfield,,4,,www.shuttercraft.co.uk,lichfield,correct,"Lichfield has a plaque naming it to be England's furthest point from the sea – a distance of 84 miles. There is some debate about this claim however, ..."
qacc-0535,qacc,Which british city is farthest from the sea?,misinformation,lichfield,,5,,www.quora.com,,noise,"Chincha Alta, Peru – Siem Reap, Cambodia : 20,010 km (the world's two furthest cities apart!) Cordoba, Spain and Hamilton, New Zealand : 20,000 km; Pakanbaru, ..."
qacc-0538,qacc,Who claimed land in south america for portugal?,misinformation,papal bull,pending_screen,0,,www.nationalgeographic.org,,noise,"Oct 4, 2022 ... The 1494 Treaty of Tordesillas neatly divided the ""New World"" into land, resources, and people claimed by Spain and Portugal."
qacc-0538,qacc,Who claimed land in south america for portugal?,misinformation,papal bull,pending_screen,1,,www.loc.gov,,noise,"Europeans Along the South Atlantic. Portugal's claim to Brazil resulted not only from Cabral's 1500 landing, but also from the 1494 Treaty of Tordesillas."
qacc-0538,qacc,Who claimed land in south america for portugal?,misinformation,papal bull,pending_screen,2,,en.wikipedia.org,papal bull,correct,To resolve the conflict that arose from the 1481 papal bull Aeterni regis which affirmed Portuguese claims to all non-Christian lands south of the Canary ...
qacc-0538,qacc,Who claimed land in south america for portugal?,misinformation,papal bull,pending_screen,3,,www.khanacademy.org,the Portuguese king,conflict,"In the 1480s, Pope Sixtus IV had granted Portugal the right to all land south of the Cape Verde islands, leading the Portuguese king to claim that the lands ..."
qacc-0538,qacc,Who claimed land in south america for portugal?,misinformation,papal bull,pending_screen,4,,en.wikipedia.org,,noise,"Portugal colonized parts of South America (Brazil, Colónia do Sacramento, Uruguay, Guanare, Venezuela), but also made some unsuccessful attempts to colonize ..."
qacc-0538,qacc,Who claimed land in south america for portugal?,misinformation,papal bull,pending_screen,5,,www.britannica.com,,noise,"Treaty of Tordesillas, agreement in 1494 between Spain and Portugal aimed at ... basis for Brazil's claims to vast areas of the interior of South America."
qacc-0538,qacc,Who claimed land in south america for portugal?,misinformation,papal bull,pending_screen,6,,kids.britannica.com,,noise,"Spain claimed and settled Mexico, most of Central and South America, several islands in the ... The new land was of little interest to Portugal until 1530."
qacc-0538,qacc,Who claimed land in south america for portugal?,misinformation,papal bull,pending_screen,7,,education.nationalgeographic.org,,noise,"Jun 2, 2022 ... Spanish conquistadors had better success in South America, where they conquered the Aztec and Inca Empires and claimed the land for Spain."
qacc-0538,qacc,Who claimed land in south america for portugal?,misinformation,papal bull,pending_screen,8,,www.history.com,,noise,"Jul 21, 2010 ... On October 12, the expedition sighted land, probably Watling Island in the Bahamas, and went ashore the same day, claiming it for Spain. Later ..."
qacc-0539,qacc,What type of dog was laika the spacedog?,misinformation,a stray mixed breed,soft_conflict,0,,www.ovrs.com,a stray mixed breed,correct,"Jul 25, 2017 ... Before she was a space dog, Laika was a stray mixed breed (Siberian Husky and terrier) living on the streets of Moscow."
qacc-0539,qacc,What type of dog was laika the spacedog?,misinformation,a stray mixed breed,soft_conflict,1,,www.smithsonianmag.com,a stray mixed breed,correct,"Apr 11, 2018 ... A stray Moscow pup traveled into orbit in 1957 with one meal and only a seven-day oxygen supply."
qacc-0539,qacc,What type of dog was laika the spacedog?,misinformation,a stray mixed breed,soft_conflict,2,,en.wikipedia.org,Soviet space dog,conflict,"Laika was a Soviet space dog who was one of the first animals in space and the first to ... Breed · Mongrel, possibly part-husky (or part-Samoyed) and part-terrier."
qacc-0539,qacc,What type of dog was laika the spacedog?,misinformation,a stray mixed breed,soft_conflict,3,,www.britannica.com,a stray mixed breed,correct,"Sputnik 2, launched on November 3, 1957, carried the dog Laika, the first living creature to be shot into space and orbit Earth. Laika was a stray dog found on ..."
qacc-0539,qacc,What type of dog was laika the spacedog?,misinformation,a stray mixed breed,soft_conflict,4,,www.space.com,a stray mixed breed,correct,"Jan 14, 2022 ... Laika, a mixed-breed dog, became the first living being in orbit when the Soviet Union launched her on the Sputnik 2 mission on Nov."
qacc-0539,qacc,What type of dog was laika the spacedog?,misinformation,a stray mixed breed,soft_conflict,5,,www.history.com,part Siberian husky,conflict,"Feb 9, 2010 ... Laika, part Siberian husky, lived as a stray on the Moscow streets ... URL: https://www.history.com/this-day-in-history/the-soviet-space-dog."
qacc-0539,qacc,What type of dog was laika the spacedog?,misinformation,a stray mixed breed,soft_conflict,6,,www.nonfictionminute.org,,noise,"Laika the Space Dog - -Sarah Towle. On November 3, 1957, a tiny capsule rocketed into space. Inside was a diminutive, 14-pound, black and white dog named ..."
qacc-0539,qacc,What type of dog was laika the spacedog?,misinformation,a stray mixed breed,soft_conflict,7,,www.amazon.com,,noise,"Laika the Space Dog: First Hero in Outer Space (Animal Heroes) [Wittrock, Jeni, Toth, Erika Shannon] on Amazon.com. *FREE* shipping on qualifying offers."
qacc-0540,qacc,What was the name of the horse in steptoe and son?,misinformation,Hercules and Samson,pending_screen,0,,www.quora.com,Hercules,conflict,"The horse in the British sitcom ""Steptoe and Son"" was named Hercules. Continue reading."
qacc-0540,qacc,What was the name of the horse in steptoe and son?,misinformation,Hercules and Samson,pending_screen,1,,en.wikipedia.org,,noise,"The series revolved around father-and-son duo Albert and Harold Steptoe, the titular father and son, who live together in their rag-and-bone yard with their ..."
qacc-0540,qacc,What was the name of the horse in steptoe and son?,misinformation,Hercules and Samson,pending_screen,2,,www.bbc.com,Hercules,conflict,"Image: Harry H. Corbett as Harold, Hercules the horse and Wilfrid Brambell as Albert. The first series of Steptoe and Son began on 7 June 1962, ..."
qacc-0540,qacc,What was the name of the horse in steptoe and son?,misinformation,Hercules and Samson,pending_screen,3,,www.funtrivia.com,,noise,"Mar 27, 2004 ... What was the name of the horse in Steptoe and Son - trivia question /questions answer / answers."
qacc-0540,qacc,What was the name of the horse in steptoe and son?,misinformation,Hercules and Samson,pending_screen,4,,www.imdb.com,,noise,"Harold buys another horse which he names Samson, but then this horse also appears to fall ill. When Albert gets up to tend to the horse ... Read all ..."
qacc-0540,qacc,What was the name of the horse in steptoe and son?,misinformation,Hercules and Samson,pending_screen,5,,nostalgiacentral.com,Hercules,conflict,"Even Hercules, the Steptoe's horse, achieved stardom. A genuine rag and bone man's horse – he belonged to Shepherd's Bush brothers Arthur and Chris Arnold ..."
qacc-0540,qacc,What was the name of the horse in steptoe and son?,misinformation,Hercules and Samson,pending_screen,6,,www.facebook.com,Delilah,conflict,"Mar 29, 2011 ... Delilah the horse... successor of Hercules and star of Steptoe and Son."
qacc-0540,qacc,What was the name of the horse in steptoe and son?,misinformation,Hercules and Samson,pending_screen,7,,www.theguardian.com,,noise,"Aug 18, 2002 ... I was brought up watching Steptoe and Son and, ever since, ... By day, Harold Steptoe bought and sold antique junk from a horse-drawn cart."
qacc-0540,qacc,What was the name of the horse in steptoe and son?,misinformation,Hercules and Samson,pending_screen,8,,tvtropes.org,Hercules and Samson,correct,"After the Steptoes' horse, Hercules, dies of a heart attack at the ripe old age of 39, Harold purchases a replacement whom he names Samson... unaware that the ..."
qacc-0540,qacc,What was the name of the horse in steptoe and son?,misinformation,Hercules and Samson,pending_screen,9,,www.imdb.com,,noise,"Is That Your Horse Outside: Directed by Duncan Wood. With Wilfrid Brambell, Harry H. Corbett, Patricia Haines, Richard Shaw. Harold meets and falls for ..."
qacc-0550,qacc,Who votes in the baseball hall of fame?,misinformation,BBWAA,pending_screen,0,,baseballhall.org,,noise,Any candidate receiving votes on seventy-five percent (75%) of the ballots cast shall be elected to membership in the National Baseball Hall of Fame. Ticket for ...
qacc-0550,qacc,Who votes in the baseball hall of fame?,misinformation,BBWAA,pending_screen,1,,en.wikipedia.org,,noise,"Players are currently inducted into the Hall of Fame through election by either the Baseball Writers' Association of America (or BBWAA), or the Veterans ..."
qacc-0550,qacc,Who votes in the baseball hall of fame?,misinformation,BBWAA,pending_screen,2,,en.wikipedia.org,BBWAA,correct,"As in the past, the Baseball Writers' Association of America (BBWAA) voted by mail to select from a ballot of recently retired players, with the results ..."
qacc-0550,qacc,Who votes in the baseball hall of fame?,misinformation,BBWAA,pending_screen,3,,bbwaa.com,BBWAA,correct,Below is a list of the 394 members of the BBWAA who cast ballots in the 2022 Hall of Fame election. Ballots from voters who opted to make them public will ...
qacc-0550,qacc,Who votes in the baseball hall of fame?,misinformation,BBWAA,pending_screen,4,,www.espn.com,BBWAA,correct,"Jan 24, 2023 ... The 2023 Baseball Writers' Association of America vote is in -- and Scott Rolen is the newest member of the Baseball Hall of Fame."
qacc-0550,qacc,Who votes in the baseball hall of fame?,misinformation,BBWAA,pending_screen,5,,bbwaa.com," Jim Alexander, John Fay, ",conflict,"2020 Hall of Fame voters ; Jim Alexander, John Fay, Steve Kornacki, Scott Priestle ; Edward Almada, Mark Feinsand, Dejan Kovacevic, Brendan Prunty ; John Altavilla ..."
qacc-0550,qacc,Who votes in the baseball hall of fame?,misinformation,BBWAA,pending_screen,6,,www.batterypower.com,,noise,"Jan 16, 2023 ... Voting shall be based upon the player's record, playing ability, integrity, sportsmanship, character, and contributions to the team(s) on which ..."
qacc-0550,qacc,Who votes in the baseball hall of fame?,misinformation,BBWAA,pending_screen,7,,fansided.com,BBWAA,correct,"Jan 23, 2023 ... Per the Hall of Fame website, “Only active and honorary members of the Baseball Writers' Association of America, who have been active baseball ..."
qacc-0551,qacc,Who plays brad pitt's daughter in moneyball?,misinformation,Kerris Lilla Dorsey,pending_screen,0,,www.sho.com,Kerris Lilla Dorsey,correct,Kerris Lilla Dorsey is best known for her roles as Brad Pitt's daughter in the Oscar® nominated film MONEYBALL and as Steve Carell and Jennifer Garner's ...
qacc-0551,qacc,Who plays brad pitt's daughter in moneyball?,misinformation,Kerris Lilla Dorsey,pending_screen,1,,www.imdb.com,Kerris Lilla Dorsey,correct,"She is known for her roles as Paige Whedon in the television series Brothers & Sisters, Casey Beane, Billy Beane's (Brad Pitt) daughter, in the 2011 film ..."
qacc-0551,qacc,Who plays brad pitt's daughter in moneyball?,misinformation,Kerris Lilla Dorsey,pending_screen,2,,people.com,,noise,"Jul 2, 2015 ... Kerris Dorsey has worked with several of Hollywood's most famous dads. She currently plays Liev Schreiber's daughter on Ray Donovan and got ..."
qacc-0551,qacc,Who plays brad pitt's daughter in moneyball?,misinformation,Kerris Lilla Dorsey,pending_screen,3,,www.imdb.com,Casey Beane,conflict,"She is known for her roles as Paige Whedon in the television series Brothers & Sisters, Casey Beane, Billy Beane's (Brad Pitt) daughter, in the 2011 film ..."
qacc-0551,qacc,Who plays brad pitt's daughter in moneyball?,misinformation,Kerris Lilla Dorsey,pending_screen,4,,www.sportskeeda.com,,noise,"Feb 11, 2023 ... All about Casey Beane, who was pictured in Moneyball as a young girl ... The 2011 film Moneyball was one of the most popular baseball movies ever ..."
qacc-0551,qacc,Who plays brad pitt's daughter in moneyball?,misinformation,Kerris Lilla Dorsey,pending_screen,5,,en.wikipedia.org,,noise,"Moneyball is a 2011 American biographical sports drama film directed by Bennett Miller with ... In the film, Beane (Brad Pitt) and assistant general manager Peter Brand ..."
qacc-0551,qacc,Who plays brad pitt's daughter in moneyball?,misinformation,Kerris Lilla Dorsey,pending_screen,6,,www.latimes.com,,noise,"Sep 10, 2011 ... And “Moneyball” is all about Brad Pitt. ... And while you get a couple of glimpses of Pitt's daughter, played by 13-year-old Kerris Dorsey, ..."
qacc-0551,qacc,Who plays brad pitt's daughter in moneyball?,misinformation,Kerris Lilla Dorsey,pending_screen,7,,www.pinterest.com,,noise,"Jan 9, 2020 ... ... (played by Brad Pitt) daughter, in the 2011 film Moneyball, ... Dorsey plays Bridget Donovan, the daughter of the title character, ..."
qacc-0553,qacc,Who is the girl that played darlene in roseanne?,misinformation,Sara Gilbert,soft_conflict,0,,en.wikipedia.org,Sara Gilbert,correct,"Sara Gilbert is an American actress best known for her role as Darlene Conner on the ABC sitcom Roseanne (1988–1997; 2018), for which she received two ..."
qacc-0553,qacc,Who is the girl that played darlene in roseanne?,misinformation,Sara Gilbert,soft_conflict,1,,en.wikipedia.org,,noise,"Daniel ""Dan"" Conner is played by John Goodman. Dan is Roseanne's husband and father of Becky, Darlene, D.J., and Jerry. Dan is a lovable, good-natured, ..."
qacc-0553,qacc,Who is the girl that played darlene in roseanne?,misinformation,Sara Gilbert,soft_conflict,2,,deadline.com,Sara Gilbert,correct,"Sep 21, 2017 ... She has been set to play the daughter of Darlene and David Connor in the revival of the series; Sara Gilbert is returning as Darlene and Big ..."
qacc-0553,qacc,Who is the girl that played darlene in roseanne?,misinformation,Sara Gilbert,soft_conflict,3,,www.vanityfair.com,Gilbert,conflict,"Mar 22, 2019 ... As the fired actress mulls whether she should sue ABC, Roseanne and The ... Gilbert returned to play Darlene Conner in the revival and also ..."
qacc-0553,qacc,Who is the girl that played darlene in roseanne?,misinformation,Sara Gilbert,soft_conflict,4,,www.goodhousekeeping.com,,noise,"Apr 4, 2018 ... Harris Conner-Healy, the teenage daughter of Darlene, had major conflicts with grandma Roseanne over not respecting her elders — and eventually ..."
qacc-0553,qacc,Who is the girl that played darlene in roseanne?,misinformation,Sara Gilbert,soft_conflict,5,,www.vanityfair.com,,noise,"May 15, 2018 ... Early in Roseanne's original run, it was tough to predict what kind of woman Darlene Conner would one day become. The younger of Roseanne ..."
qacc-0553,qacc,Who is the girl that played darlene in roseanne?,misinformation,Sara Gilbert,soft_conflict,6,,www.wired.com,,noise,"Mar 27, 2018 ... For nine seasons, the character played by Sara Gilbert on ABC's Roseanne was, however subtly, a role model for people who looked at her and saw ..."
qacc-0553,qacc,Who is the girl that played darlene in roseanne?,misinformation,Sara Gilbert,soft_conflict,7,,www.biography.com,Sara Gilbert,correct,Sara Gilbert is an actress best known for her role as Darlene Conner-Healy in the sitcom 'Roseanne' and as the creator of the series 'The Talk.'.
qacc-0553,qacc,Who is the girl that played darlene in roseanne?,misinformation,Sara Gilbert,soft_conflict,8,,ew.com,Sara Gilbert,correct,"Jan 20, 2023 ... Chalke played Andrea, a rich woman who (ironically) wanted Becky to be her surrogate. ... Sara Gilbert (Darlene Conner). Then a child star, Sara ..."
qacc-0561,qacc,Where does the last name tavarez come from?,misinformation,Dominican Republic,pending_screen,0,,forebears.io,Dominican Republic,correct,"This surname is most frequently occurring in The Dominican Republic, where it is held by 27,409 people, or 1 in 381. Apart from The Dominican Republic Tavarez ..."
qacc-0561,qacc,Where does the last name tavarez come from?,misinformation,Dominican Republic,pending_screen,1,,www.familysearch.org,Dominican Republic,correct,3385493 records ... Hispanic: variant of Portuguese and western Spanish Tavares . The surname Tavarez is found mainly in the Dominican Republic. Similar ...
qacc-0561,qacc,Where does the last name tavarez come from?,misinformation,Dominican Republic,pending_screen,2,,www.ancestry.com,Dominican Republic,correct,"The surname Tavarez is found mainly in the Dominican Republic. Source: Dictionary of American Family Names 2nd edition, 2022. Similar surnames: Tavares, Labare, ..."
qacc-0561,qacc,Where does the last name tavarez come from?,misinformation,Dominican Republic,pending_screen,3,,namecensus.com,,noise,The most recent statistics we have for the Tavarez surname is from the 2010 census data.
qacc-0561,qacc,Where does the last name tavarez come from?,misinformation,Dominican Republic,pending_screen,4,,www.houseofnames.com,Spain,conflict,"Early Origins of the Tavarez family. The surname Tavarez was first found in Castile, in north central Spain."
qacc-0561,qacc,Where does the last name tavarez come from?,misinformation,Dominican Republic,pending_screen,5,,www.legacy.com,,noise,Results 1 - 262 of 262 ... Search Tavarez family obituaries and memoriams on Legacy.com. There are 262 obituaries and memoriams for the surname Tavarez.
qacc-0561,qacc,Where does the last name tavarez come from?,misinformation,Dominican Republic,pending_screen,6,,en.geneanet.org,Dominican Republic,correct,"The surname Tavarez is found mainly in the Dominican Republic. Source : DAFN2 : Dictionary of American Family Names 2nd edition, ©2022 by Patrick Hanks and ..."
qacc-0561,qacc,Where does the last name tavarez come from?,misinformation,Dominican Republic,pending_screen,7,,en.wikipedia.org,Portuguese,conflict,Tavares is a Portuguese surname. The Spanish version of this name is Tavárez. This surname was adopted by Sephardic Jews as well.
qacc-0562,qacc,The duluth model is an intervention program that emphasizes?,misinformation,programs are facilitated at ,no_valid_conflict_pair,0,,quizlet.com,the development of critical ,conflict,"The Duluth model is an intervention program that emphasizes. the development of critical thinking skills. One form of abuse in same-sex couples is ""outing,"" ..."
qacc-0562,qacc,The duluth model is an intervention program that emphasizes?,misinformation,programs are facilitated at ,no_valid_conflict_pair,1,,www.theduluthmodel.org,,noise,(CCR) is a criminal justice intervention model that was developed to monitor ... This training emphasizes a multidisciplinary coordinated approach to ...
qacc-0562,qacc,The duluth model is an intervention program that emphasizes?,misinformation,programs are facilitated at ,no_valid_conflict_pair,2,,www.ojp.gov,feminist educational model,conflict,Program Models. Most pioneers in batterer intervention established programs based on a feminist educational model. The Duluth model.
qacc-0562,qacc,The duluth model is an intervention program that emphasizes?,misinformation,programs are facilitated at ,no_valid_conflict_pair,3,,www.theduluthmodel.org,,noise,"Domestic Abuse Intervention Programs, 202 East Superior Street, Duluth, MN 55805, ... community interventions together around the primary goal of protecting ..."
qacc-0562,qacc,The duluth model is an intervention program that emphasizes?,misinformation,programs are facilitated at ,no_valid_conflict_pair,4,,www.ncbi.nlm.nih.gov,,noise,... Domestic Abuse Intervention Project in Minnesota and is also known as the Duluth Model. These programs emphasize two interrelated themes about IPV: (a) ...
qacc-0562,qacc,The duluth model is an intervention program that emphasizes?,misinformation,programs are facilitated at ,no_valid_conflict_pair,5,,www.theduluthmodel.org,,noise,"the effectiveness of batterer intervention programs, most specifically the ... continue to emphasize is that teaching a batterer to control his anger will ..."
qacc-0562,qacc,The duluth model is an intervention program that emphasizes?,misinformation,programs are facilitated at ,no_valid_conflict_pair,6,,www.ncbi.nlm.nih.gov,,noise,"Nov 2, 2022 ... The Duluth model (Domestic Abuse Intervention Project [DAIP], ... emphasized that programs are facilitated at the very last stage, ..."
qacc-0562,qacc,The duluth model is an intervention program that emphasizes?,misinformation,programs are facilitated at ,no_valid_conflict_pair,7,,catalystlifeservices.org,,noise,"Dialectical Behavior Therapy: Treatment program that emphasizes validation of ... DOVE Treatment for Domestic Violence Offenders: Based on the Duluth Model, ..."
qacc-0562,qacc,The duluth model is an intervention program that emphasizes?,misinformation,programs are facilitated at ,no_valid_conflict_pair,8,,www.ncbi.nlm.nih.gov,,noise,"Many treatment programs use a confrontational approach that emphasizes male ... The Duluth model is the most prominent model advocating this approach, ..."
qacc-0562,qacc,The duluth model is an intervention program that emphasizes?,misinformation,programs are facilitated at ,no_valid_conflict_pair,9,,www.researchinpsychotherapy.org,,noise,"The Duluth model is implemented in many intervention programs with batterers, lasting 8-36 weeks, and emphasizes re-education of men with the goal of ..."
qacc-0573,qacc,What does the c stand for chrysler 300c?,misinformation,coupe,,0,,www.vehiclehistory.com,,noise,Chrysler brought back this letter designation with the 300C and the C here indicates that You have the 5.7L hemi engine in it. This is more powerful than the ...
qacc-0573,qacc,What does the c stand for chrysler 300c?,misinformation,coupe,,1,,www.300cforums.com,,noise,"Oct 16, 2012 ... Yep, if you have a 5.7 then it's a C. ... Here's my understanding of what the ""C"" stands for.... The first 300 was in 1955 and it began the "" ..."
qacc-0573,qacc,What does the c stand for chrysler 300c?,misinformation,coupe,,2,,www.darcarschryslerjeepdodgeofmarlowheights.com,,noise,"The 2023 Chrysler 300C is the final version of Chrysler's iconic full-size sedan. ... What does the ""C"" stand for in Chrysler 300C? The ""C"" in the Chrysler ..."
qacc-0573,qacc,What does the c stand for chrysler 300c?,misinformation,coupe,,3,,en.wikipedia.org,,noise,"The Chrysler 300 ""letter series"" are high-performance personal luxury cars that were built ... After the initial year, which was named C-300 for its standard 300 hp ..."
qacc-0573,qacc,What does the c stand for chrysler 300c?,misinformation,coupe,,4,,www.lxforums.com,chrysler,conflict,"Aug 2, 2009 ... The C 300's go back a long way and as far as I know, the 'C' just stands for Chrysler. Rick. [SIGPIC] [/SIGPIC]​."
qacc-0573,qacc,What does the c stand for chrysler 300c?,misinformation,coupe,,5,,www.autozine.org,coupe,correct,"The first generation was introduced in 1955 in the name C-300, whose C stands for Coupe and 300 is the horsepower count. It was the first American car to ..."
qacc-0573,qacc,What does the c stand for chrysler 300c?,misinformation,coupe,,6,,www.driveandreview.com,,noise,The Chrysler 300 is a gangster looking car. I mean that in the most flattering way possible! I mostly appreciate the fact that it doesn't look like a melted ...
qacc-0573,qacc,What does the c stand for chrysler 300c?,misinformation,coupe,,7,,www.caranddriver.com,,noise,"Jul 3, 2023 ... HIGHS: Riotous tail-happy antics, mean-as-ever exhaust note, a fitting finale for the 300. The C stands apart from the pack with a specific ..."
qacc-0573,qacc,What does the c stand for chrysler 300c?,misinformation,coupe,,8,,www.chrysler.com,,noise,Drive like you mean it in the Chrysler 300S with the available 5.7L HEMI® V8 engine that offers a formidable 363 horsepower and 394 pound-feet of torque for ...
qacc-0573,qacc,What does the c stand for chrysler 300c?,misinformation,coupe,,9,,www.kendalldodgechryslerjeepram.com,,noise,"May 8, 2018 ... Where Can I Find the Chrysler 300? The Chrysler 300, whether you side with the 300 Touring or 300 C trim, we have them both at Kendall Dodge ..."
qacc-0574,qacc,Who was the first executive president of guyana?,misinformation, Linden Forbes Sampson Burnham,,0,,en.wikipedia.org,,noise,"Under the Constitution of 1970, the first constitution of the Republic of Guyana, the president replaced the monarch as ceremonial head of state."
qacc-0574,qacc,Who was the first executive president of guyana?,misinformation, Linden Forbes Sampson Burnham,,1,,en.wikipedia.org,,noise,Linden Forbes Sampson Burnham OE (20 February 1923 – 6 August 1985) was a Guyanese politician and the leader of the Co-operative Republic of Guyana from ...
qacc-0574,qacc,Who was the first executive president of guyana?,misinformation, Linden Forbes Sampson Burnham,,2,,pdba.georgetown.edu,,noise,"Feb 25, 2005 ... Guyana / Guyana Chronology of Prime Ministers Chronología de Primeros Ministros ; 1997, Samuel Hinds, Janet Jagan ; 1992-1997, Cheddi Jagan ..."
qacc-0574,qacc,Who was the first executive president of guyana?,misinformation, Linden Forbes Sampson Burnham,,3,,www.facebook.com, Linden Forbes Sampson Burnham,correct,"Aug 6, 2019 ... An image of first Prime Minister and first Executive President of the Cooperative Republic of Guyana, Linden Forbes Sampson Burnham."
qacc-0574,qacc,Who was the first executive president of guyana?,misinformation, Linden Forbes Sampson Burnham,,4,,2009-2017.state.gov,Cheddi Jagan,conflict,"Cheddi Jagan became the first premier of British Guiana, a position he held for 7 years. At a constitutional conference in London in 1963, the U.K. Government ..."
qacc-0574,qacc,Who was the first executive president of guyana?,misinformation, Linden Forbes Sampson Burnham,,5,,www.whitehouse.gov,,noise,"Jul 27, 2022 ... Vice President Kamala Harris today spoke with President Mohamed Irfaan Ali of Guyana as part of the Biden-Harris Administration's ongoing ..."
qacc-0574,qacc,Who was the first executive president of guyana?,misinformation, Linden Forbes Sampson Burnham,,6,,www.state.gov,,noise,"Jul 6, 2023 ... PRESIDENT ALI: Thank you very much. First of all, allow me to welcome Secretary Blinken and his team to Guyana. We are very pleased to have ..."
qacc-0574,qacc,Who was the first executive president of guyana?,misinformation, Linden Forbes Sampson Burnham,,7,,www.bbc.com, Linden Forbes Sampson Burnham,correct,"Feb 11, 2019 ... A chronology of key events in the history of Guyana, from Christopher ... and Burnham becomes the country's first executive president."
qacc-0574,qacc,Who was the first executive president of guyana?,misinformation, Linden Forbes Sampson Burnham,,8,,www.nytimes.com,,noise,"Jul 20, 2018 ... This facility, the first of its kind in Guyana, supports offshore drilling ... Guyana's president, David A. Granger, a retired military ..."
qacc-0582,qacc,What city was zeus the patron god of?,misinformation,Olympia,pending_screen,0,,www.thorpehesleyprimary.rotherham.sch.uk,Olympia,correct,"Examples of patron gods include Athena for. Athens, Ares and Artimis for Sparta, Zeus for Olympia, and Poseidon for Corinth. Page 5. Theater. Many Greek cities ..."
qacc-0582,qacc,What city was zeus the patron god of?,misinformation,Olympia,pending_screen,1,,unbound.com,Olympia,correct,"Feb 11, 2018 ... Olympia was the city of Zeus, and held the Olympic games in his honour. Corinth was under the protection of the sea god Poseidon; Argos of the ..."
qacc-0582,qacc,What city was zeus the patron god of?,misinformation,Olympia,pending_screen,2,,greekgodsandgoddesses.net,,noise,"Zeus is king of Mount Olympus, the home of Greek gods, where he rules the world and imposes his will onto gods and mortals alike. Zeus was the last child of ..."
qacc-0582,qacc,What city was zeus the patron god of?,misinformation,Olympia,pending_screen,3,,mythus.fandom.com,Olympia,correct,"These gods were the patrons of Greek cities (e.g., Apollo of Delos, Zeus of Olympia and Poseidon of Corinth). To add an article to this category, ..."
qacc-0582,qacc,What city was zeus the patron god of?,misinformation,Olympia,pending_screen,4,,www.ducksters.com,Olympia,correct,"Examples of patron gods include Athena for Athens, Ares and Artimis for Sparta, Zeus for Olympia, and Poseidon for Corinth. Theater Many Greek cities had a ..."
qacc-0582,qacc,What city was zeus the patron god of?,misinformation,Olympia,pending_screen,5,,www.thecollector.com,,noise,"May 19, 2021 ... As the contest's winner, Athena became the city's patron deity, ... Athena, or Minerva for the Roman, was the Greek Goddess of wisdom and ..."
qacc-0582,qacc,What city was zeus the patron god of?,misinformation,Olympia,pending_screen,6,,www.quora.com, Elis,conflict,"They certainly had patron deities for cities. Athens - Athena; Corinth - Poseidon; Elis - Zeus; Ephesus - Artemis; Argos and Samos — Hera etc.,."
qacc-0582,qacc,What city was zeus the patron god of?,misinformation,Olympia,pending_screen,7,,www.ducksters.com,,noise,Athena jumped out of Zeus's head. She was full-grown and armed with a spear and shield. Protector of the City of Athens Athena became the patron goddess of the ...
qacc-0582,qacc,What city was zeus the patron god of?,misinformation,Olympia,pending_screen,8,,www.britannica.com,,noise,"Aug 2, 2023 ... Zeus, in ancient Greek religion, chief deity of the pantheon, ... Dike (Justice)—Zeus was the protector of cities, the home, property, ..."
qacc-0583,qacc,Who makes the important government decisions in an autocracy?,misinformation,Ruler,soft_conflict,0,,quizlet.com,,noise,"POWER IS SHARED AMONG THE DIFFERENT LEVELS OF GOVERNMENT; THE CITIZENS. In an autocracy, who makes most of the important governmental decisions?"
qacc-0583,qacc,Who makes the important government decisions in an autocracy?,misinformation,Ruler,soft_conflict,1,,education.nationalgeographic.org, ruler,correct,An autocracy is a form of government in which one ruler has absolute control and decision-making power in all matters of state and over all the country's ...
qacc-0583,qacc,Who makes the important government decisions in an autocracy?,misinformation,Ruler,soft_conflict,2,,brainly.com, ruler,correct,"Oct 2, 2017 ... When it makes most of the important governmental decisions in an autocracy The ruler · When do the individual voters then have more power in a ..."
qacc-0583,qacc,Who makes the important government decisions in an autocracy?,misinformation,Ruler,soft_conflict,3,,www.nationalgeographic.org, ruler,correct,"May 19, 2022 ... Autocracy. An autocracy is a form of government in which one ruler has absolute control and decision-making power in all matters of state and ..."
qacc-0583,qacc,Who makes the important government decisions in an autocracy?,misinformation,Ruler,soft_conflict,4,,www.wgu.edu,autocratic leader,conflict,"Sep 29, 2020 ... An autocratic leader makes all the decisions with little to no input from ... It's important to distinguish dictators from these leaders."
qacc-0583,qacc,Who makes the important government decisions in an autocracy?,misinformation,Ruler,soft_conflict,5,,www.chathamhouse.org,,noise,"May 13, 2021 ... What is the myth? It is tempting to believe that Vladimir Putin makes all important decisions in Russia on his own; that politicians and ..."
qacc-0584,qacc,Who wrote the song if i were a boy?,misinformation,"Toby Gad, BC Jean ",pending_screen,0,,simple.wikipedia.org,"Toby Gad, BC Jean ",correct,"""If I Were a Boy"" is a song by American singer Beyoncé, written by Toby Gad, BC Jean and Beyoncé Knowles for her third studio album, I Am.."
qacc-0584,qacc,Who wrote the song if i were a boy?,misinformation,"Toby Gad, BC Jean ",pending_screen,1,,en.wikipedia.org,"Toby Gad, BC Jean ",correct,"Brittany Jean Carlson (born April 22, 1987), better known by her stage name BC Jean, is an American singer-songwriter, best known for writing and singing ..."
qacc-0584,qacc,Who wrote the song if i were a boy?,misinformation,"Toby Gad, BC Jean ",pending_screen,2,,www.cheatsheet.com,"Toby Gad, BC Jean ",correct,"May 19, 2020 ... Thanks to this exchange, Jean and Gad wrote the song together. It's a sad lament about gendered double standards. Jean's version of the track is ..."
qacc-0584,qacc,Who wrote the song if i were a boy?,misinformation,"Toby Gad, BC Jean ",pending_screen,3,,genius.com,Beyonce ,conflict,"Jan 30, 2009 ... Sasha Fierce, Beyoncé said of this track: You can hear with 'If I Were A Boy,' it's not a traditional R&B song. It's difficult to grow and to ..."
qacc-0584,qacc,Who wrote the song if i were a boy?,misinformation,"Toby Gad, BC Jean ",pending_screen,4,,www.iheartradio.ca,,noise,"Jun 3, 2019 ... The song was included on McEntire's album All the Woman I Am and peaked at No. 22 on the Billboard Country chart in early 2011."
qacc-0584,qacc,Who wrote the song if i were a boy?,misinformation,"Toby Gad, BC Jean ",pending_screen,5,,genius.com,Beyonce ,conflict,Who wrote “If I Were a Boy” by Reba McEntire? All The Women I ...
qacc-0584,qacc,Who wrote the song if i were a boy?,misinformation,"Toby Gad, BC Jean ",pending_screen,6,,www.youtube.com,,noise,"Oct 2, 2009 ... Beyoncé's official video for 'If I Were A Boy'. Click to listen to Beyoncé on Spotify: http://smarturl.it/BeyonceSpotIQid=Be."
qacc-0584,qacc,Who wrote the song if i were a boy?,misinformation,"Toby Gad, BC Jean ",pending_screen,7,,tunebat.com,,noise,"Beyoncé. If I Were a Boy. F# Major. key. 2B. camelot. 90. BPM. 4:09. duration. Release Date: November 17, 2008. Explicit: No. Album: I AM...SASHA FIERCE."
qacc-0585,qacc,A drug that might be used in surgery for its amnesic properties is?,misinformation,Ketamine,soft_conflict,0,,www.ncbi.nlm.nih.gov,Diazepam,conflict,BZDs are also used intraoperatively because of their amnesic and ... The pharmacokinetic properties of a drug determine its onset of action and the duration ...
qacc-0585,qacc,A drug that might be used in surgery for its amnesic properties is?,misinformation,Ketamine,soft_conflict,1,,emedicine.medscape.com,,noise,"Apr 5, 2021 ... When drugs are used as adjuncts, decreasing the dose of each respective ... amnesia, and sedation; if a particular procedure is painful, ..."
qacc-0585,qacc,A drug that might be used in surgery for its amnesic properties is?,misinformation,Ketamine,soft_conflict,2,,www.ncbi.nlm.nih.gov,Diazepam,conflict,"Jun 12, 2017 ... Diazepam causes anterograde amnesia and is devoid of emetic side effects. Its main disadvantages are a variable and unpredictable anxiolytic and ..."
qacc-0585,qacc,A drug that might be used in surgery for its amnesic properties is?,misinformation,Ketamine,soft_conflict,3,,adf.org.au,Ketamine,correct,"Aug 16, 2022 ... Dissociatives are a class of psychedelic drug. ... Ketamine – dissociative anaesthetic that is used in surgery and veterinary medicine."
qacc-0585,qacc,A drug that might be used in surgery for its amnesic properties is?,misinformation,Ketamine,soft_conflict,4,,www.ncbi.nlm.nih.gov,Ketamine,correct,"[3,4] However, ketamine because of its unique properties and newly found clinical ... [20] Ketamine can be used in combination with propofol for burns ..."
qacc-0585,qacc,A drug that might be used in surgery for its amnesic properties is?,misinformation,Ketamine,soft_conflict,5,,pubmed.ncbi.nlm.nih.gov,Midazolam,conflict,Midazolam is a good premedicant for general or regional anesthesia. Its greatest use will probably be for conscious sedation during surgical or diagnostic ...
qacc-0585,qacc,A drug that might be used in surgery for its amnesic properties is?,misinformation,Ketamine,soft_conflict,6,,www.villageoralandimplantsurgery.com,,noise,Here are some of the most common drugs used in oral conscious sedation: Valium® – This sedative has amnesic properties and a long half-life.
qacc-0585,qacc,A drug that might be used in surgery for its amnesic properties is?,misinformation,Ketamine,soft_conflict,7,,www.mayoclinic.org,,noise,"Nov 18, 2022 ... The memory loss is usually brief. Risk factors. The chance of developing amnesia might increase if you've experienced: Brain surgery, head ..."
qacc-0589,qacc,Love yourself by justin bieber is about who?,misinformation,"Selena Gomez, ",no_valid_conflict_pair,0,,www.nme.com,,noise,"Mar 29, 2016 ... The evidence: There's a lyric in the song that goes, “If you like the way you look that much / You should learn to love yourself”, which sort of ..."
qacc-0589,qacc,Love yourself by justin bieber is about who?,misinformation,"Selena Gomez, ",no_valid_conflict_pair,1,,www.billboard.com,,noise,"Jan 9, 2017 ... It's no secret that Ed Sheeran had a hand in writing Justin Bieber's megahit “Love Yourself,” but the British singer-songwriter recently ..."
qacc-0589,qacc,Love yourself by justin bieber is about who?,misinformation,"Selena Gomez, ",no_valid_conflict_pair,2,,www.nme.com,Rihanna,conflict,"Mar 7, 2017 ... Ed Sheeran has revealed that the song he wrote for Justin Bieber, 'Love Yourself', was originally penned with Rihanna in mind."
qacc-0589,qacc,Love yourself by justin bieber is about who?,misinformation,"Selena Gomez, ",no_valid_conflict_pair,3,,www.hit.com.au,,noise,Selena released her new hit 'Lose You To Love Me' apparently written about Justin and their sometimes tumultuous relationship. In the clip we see Sel belting ...
qacc-0589,qacc,Love yourself by justin bieber is about who?,misinformation,"Selena Gomez, ",no_valid_conflict_pair,4,,genius.com,,noise,Love Yourself Lyrics · My mama don't like you and she likes everyone. And I never like to admit that I was wrong · 'Cause if you like the way you look that much
qacc-0589,qacc,Love yourself by justin bieber is about who?,misinformation,"Selena Gomez, ",no_valid_conflict_pair,5,,www.bustle.com,woman,conflict,"Nov 13, 2015 ... ""Love Yourself"" tells the tale of a woman who's clearly wronged Bieber by using his name to up her own profile, thinking too highly of herself, ..."
qacc-0589,qacc,Love yourself by justin bieber is about who?,misinformation,"Selena Gomez, ",no_valid_conflict_pair,6,,en.wikipedia.org,,noise,"Lyrically, the song is a kiss-off to a narcissistic ex-lover who did the protagonist wrong. ""Love Yourself"". Single by Justin Bieber. from the album Purpose."
qacc-0589,qacc,Love yourself by justin bieber is about who?,misinformation,"Selena Gomez, ",no_valid_conflict_pair,7,,genius.com,,noise,"Jul 13, 2021 ... Many fans interpreted the lyrics as a shot at Bieber's ex Selena Gomez, although Sheeran had written much of the song before he handed it off."
qacc-0589,qacc,Love yourself by justin bieber is about who?,misinformation,"Selena Gomez, ",no_valid_conflict_pair,8,,www.quora.com,,noise,"In Bieber's song 'Love Yourself', there's a sentence 'my mama dont like you, and she likes everyone'. it means that his mama don't like the girl (bcs some ..."
qacc-0589,qacc,Love yourself by justin bieber is about who?,misinformation,"Selena Gomez, ",no_valid_conflict_pair,9,,www.youtube.com,,noise,"Nov 14, 2015 ... IQid=VEVO1113 Follow Justin: http://facebook.com/justinbieber ... Love Yourself Justin Bieber Guitar Tutorial // Love Yourself Guitar Lesson ..."
qacc-0598,qacc,Mention the chemical change that proinsulin undergo to be able to act as mature insulin?,misinformation,disulphide bridges,soft_conflict,0,,byjus.com,the 'C' peptide is cleaved,conflict,The proinsulin undergoes a chemical change where in the 'C' peptide is cleaved and removed. The removal is essential for proinsulin to be able to function as ...
qacc-0598,qacc,Mention the chemical change that proinsulin undergo to be able to act as mature insulin?,misinformation,disulphide bridges,soft_conflict,1,,www.toppr.com,,noise,"Mention the chemical change that proinsulin undergoes, to be able to act as mature insulin. · Figure 1: Conversion of proinsulin to insulin. Proinsulin is the ..."
qacc-0598,qacc,Mention the chemical change that proinsulin undergo to be able to act as mature insulin?,misinformation,disulphide bridges,soft_conflict,2,,www.shaalaa.com,disulphide bridges,correct,"The proinsulin contains polypeptide chain A, chain B, which are linked together by disulphide bridges, and another polypeptide called C peptide."
qacc-0598,qacc,Mention the chemical change that proinsulin undergo to be able to act as mature insulin?,misinformation,disulphide bridges,soft_conflict,3,,brainly.in,,noise,"Mar 26, 2018 ... Insulin Biosynthesis is act as a mature insulin. Explore all similar answers."
qacc-0598,qacc,Mention the chemical change that proinsulin undergo to be able to act as mature insulin?,misinformation,disulphide bridges,soft_conflict,4,,www.vedantu.com,disulphide bridges,correct,Proinsulin attains the correct conformation by the formation of three disulfide bonds and gets transported to the Golgi complex where it undergoes maturation to ...
qacc-0598,qacc,Mention the chemical change that proinsulin undergo to be able to act as mature insulin?,misinformation,disulphide bridges,soft_conflict,5,,brainly.in,,noise,"Dec 24, 2018 ... Find an answer to your question Mention the chemical change that proinsulin undergo to be able to act as mature insulin."
qacc-0598,qacc,Mention the chemical change that proinsulin undergo to be able to act as mature insulin?,misinformation,disulphide bridges,soft_conflict,6,,www.sarthaks.com,,noise,"Oct 8, 2018 ... Insulin is synthesized as a pro-hormone, which needs to be processed before it becomes a fully mature and functional hormone."
qacc-0598,qacc,Mention the chemical change that proinsulin undergo to be able to act as mature insulin?,misinformation,disulphide bridges,soft_conflict,7,,www.ncbi.nlm.nih.gov,disulphide bridges,correct,"Proinsulin then undergoes folding and formation of three disulfide bonds [31], ... The factors leading to a change in β-cell function (decreased insulin ..."
qacc-0598,qacc,Mention the chemical change that proinsulin undergo to be able to act as mature insulin?,misinformation,disulphide bridges,soft_conflict,8,,www.sciencedirect.com,,noise,"Proinsulin travels to the Golgi where it is packaged into granules and undergoes cleavage to form mature insulin (Meyerovich et al., 2016)."
qacc-0598,qacc,Mention the chemical change that proinsulin undergo to be able to act as mature insulin?,misinformation,disulphide bridges,soft_conflict,9,,www.ncbi.nlm.nih.gov,disulphide bridges,correct,"Within the cisternae of the rER, proinsulin undergoes rapid folding and disulfide ... E work together to convert proinsulin to mature insulin and C-peptide."
qacc-0601,qacc,How many rooms is there in buckingham palace?,misinformation,It is the most common answer.,gold_not_in_candidates,0,,www.royal.uk,775 rooms,conflict,"Buckingham Palace has 775 rooms. These include 19 State rooms, 52 Royal and guest bedrooms, 188 staff bedrooms, 92 offices and 78 bathrooms. In measurements, ..."
qacc-0601,qacc,How many rooms is there in buckingham palace?,misinformation,It is the most common answer.,gold_not_in_candidates,1,,www.rct.uk,775 rooms,conflict,The State Rooms · The Throne Room · The Ballroom · Music Room · The Picture Gallery · The Grand Staircase · Palace Garden · Changing the Guard.
qacc-0601,qacc,How many rooms is there in buckingham palace?,misinformation,It is the most common answer.,gold_not_in_candidates,2,,metro.co.uk,775 rooms,conflict,"May 8, 2023 ... Buckingham Palace has a jaw-dropping 775 rooms. According to the Royal Family's official website, that includes 19 State rooms, 52 royal and ..."
qacc-0601,qacc,How many rooms is there in buckingham palace?,misinformation,It is the most common answer.,gold_not_in_candidates,3,,en.wikipedia.org,775 rooms,conflict,"The palace has 775 rooms, and the garden is the largest private garden in London. The state rooms, used for official and state entertaining, are open to the ..."
qacc-0601,qacc,How many rooms is there in buckingham palace?,misinformation,It is the most common answer.,gold_not_in_candidates,4,,thelatch.com.au,775 rooms,conflict,"Sep 9, 2022 ... Buckingham Palace has grand total of 775 rooms, including 188 staff bedrooms, 92 offices, 78 bathrooms, 52 principal bedrooms and 19 state ..."
qacc-0601,qacc,How many rooms is there in buckingham palace?,misinformation,It is the most common answer.,gold_not_in_candidates,5,,www.hellomagazine.com,775 rooms,conflict,"Dec 27, 2018 ... Buckingham Palace is so big, you could easily lose count tallying up the number of rooms: there are 775 to be exact. According to the official ..."
qacc-0601,qacc,How many rooms is there in buckingham palace?,misinformation,It is the most common answer.,gold_not_in_candidates,6,,www.tootbus.com,,noise,"Buckingham Palace features 775 rooms. These include 188 staff bedrooms, 92 offices, 78 bathrooms, 52 royal and guest bedrooms, and 19 state rooms. In total, the ..."
qacc-0601,qacc,How many rooms is there in buckingham palace?,misinformation,It is the most common answer.,gold_not_in_candidates,7,,scenetherapy.com,,noise,"Nov 5, 2022 ... Though making up a small portion of the palace's 775 rooms, the monarch's apartment is made ..."
qacc-0601,qacc,How many rooms is there in buckingham palace?,misinformation,It is the most common answer.,gold_not_in_candidates,8,,www.stuff.co.nz,,noise,"Sep 12, 2022 ... With 19 state rooms, 240 bedrooms, 92 offices and 78 bathrooms, the building is so big, the plan is divided into sections. Break In. The late ..."
qacc-0601,qacc,How many rooms is there in buckingham palace?,misinformation,It is the most common answer.,gold_not_in_candidates,9,,www.veranda.com,,noise,"May 4, 2023 ... Many people know about Buckingham Palace, Kensington Palace, ... Designed in a Neoclassical style, the palace has a total of 775 rooms, ..."
qacc-0605,qacc,What's in a beam me up scotty?,misinformation,Coffee ,no_valid_conflict_pair,0,,www.thespruceeats.com,coffee,correct,"Oct 19, 2021 ... A Star Trek fan had to have created this Beam Me Up Scotty shooter. It's an interesting mix of coffee, banana, and Irish cream liqueurs that ..."
qacc-0605,qacc,What's in a beam me up scotty?,misinformation,Coffee ,no_valid_conflict_pair,1,,en.wikipedia.org,,noise,"The quote ""Beam me up, Scotty!"" has been extended beyond its original meaning to describe an expression of ""the desire to be elsewhere"", or the desire to be out ..."
qacc-0605,qacc,What's in a beam me up scotty?,misinformation,Coffee ,no_valid_conflict_pair,2,,www.dictionary.com,,noise,"Mar 1, 2018 ... What does Beam me up, Scotty mean? ... Beam me up, Scotty is a catchphrase from the television show and film series Star Trek. It can stand on its ..."
qacc-0605,qacc,What's in a beam me up scotty?,misinformation,Coffee ,no_valid_conflict_pair,3,,en.wikipedia.org,,noise,"Beam Me Up Scotty is the third mixtape by rapper Nicki Minaj. It was released on April 18, 2009. The mixtape features guest verses from rappers Brinx, ..."
qacc-0605,qacc,What's in a beam me up scotty?,misinformation,Coffee ,no_valid_conflict_pair,4,,cocktailsandshots.com,coffee,correct,"How to make a Beam me up scotty shot drink with ingredients Coffee liqueur, Crème de banane and Baileys with the best Beam me up scotty recipe."
qacc-0605,qacc,What's in a beam me up scotty?,misinformation,Coffee ,no_valid_conflict_pair,5,,www.diffordsguide.com,coffee,correct,"to make a beam-me-up scotty use coffee liqueur, crème de banane liqueur, irish cream liqueur and garnish with none refrigerate ingredients then layer in ..."
qacc-0605,qacc,What's in a beam me up scotty?,misinformation,Coffee ,no_valid_conflict_pair,6,,recipes.net,coffee,correct,"A beaming glass of layered coffee cocktail shot, Beam Me Up Scotty is a delicious mix of coffee liquor, banana liquor, and Irish cream liquor."
qacc-0605,qacc,What's in a beam me up scotty?,misinformation,Coffee ,no_valid_conflict_pair,7,,www.rollingstone.com,,noise,"May 14, 2021 ... Nicki Minaj's 'Beam Me Up Scotty' mixtape is now on streaming services, and it includes new song ""Seeing Green"" with Drake and Lil Wayne."
qacc-0605,qacc,What's in a beam me up scotty?,misinformation,Coffee ,no_valid_conflict_pair,8,,www.cocktailbuilder.com,coffee,correct,"This creme de bananes-based team's favorite is made with 2 other ingredients: bailey's irish cream, kahlua coffee liqueur."
qacc-0606,qacc,What percentage of global man-made co2 emissions comes from worldwide aviation?,misinformation,0.04,soft_conflict,0,,ourworldindata.org,,noise,"Oct 22, 2020 ... The second is how aviation emissions are attributed to countries. ... International flights are not – instead they are counted as their own ..."
qacc-0606,qacc,What percentage of global man-made co2 emissions comes from worldwide aviation?,misinformation,0.04,soft_conflict,1,,www.iea.org,small,conflict,"Jul 11, 2023 ... Aviation accounts for a relatively small share of global emissions but is one of the most challenging sectors to decarbonise."
qacc-0606,qacc,What percentage of global man-made co2 emissions comes from worldwide aviation?,misinformation,0.04,soft_conflict,2,,ourworldindata.org,,noise,"How much of CO2 emissions come from electricity, transport, or land use? What activities do our greenhouse gases comes from?"
qacc-0606,qacc,What percentage of global man-made co2 emissions comes from worldwide aviation?,misinformation,0.04,soft_conflict,3,,www.bbc.com,,noise,"Dec 17, 2018 ... Cement is the source of about 8% of the world's carbon dioxide ... Concrete is the most widely used man-made material in existence."
qacc-0606,qacc,What percentage of global man-made co2 emissions comes from worldwide aviation?,misinformation,0.04,soft_conflict,4,,www.un.org,,noise,95 per cent of the world's transport energy still comes from fossil fuels. ... of developed countries and about 23% in the case of the total man-made CO2.
qacc-0606,qacc,What percentage of global man-made co2 emissions comes from worldwide aviation?,misinformation,0.04,soft_conflict,5,,www.eesi.org,,noise,"Jun 9, 2022 ... Airline Energy Intensity and Emissions; A Snapshot of Aviation Emissions; Regulating Aircraft Emissions; Carbon Emissions from International ..."
qacc-0606,qacc,What percentage of global man-made co2 emissions comes from worldwide aviation?,misinformation,0.04,soft_conflict,6,,www.worldbank.org,,noise,"Sep 23, 2019 ... The fashion industry is responsible for 10 % of annual global carbon emissions, more than all international flights and maritime shipping ..."
qacc-0606,qacc,What percentage of global man-made co2 emissions comes from worldwide aviation?,misinformation,0.04,soft_conflict,7,,gama.aero,0.04,correct,a global sectoral approach for aviation emissions in a post-Kyoto Agreement on ... global approach is needed to avoid ... 0.04% of global man-made carbon.
qacc-0612,qacc,Who sang from russia with love james bond?,misinformation,The Lightning Thief ,gold_not_in_candidates,0,,en.wikipedia.org,,noise,"No, would be the dominant Bond series composer for most of its history and the inspiration for fellow series composer, David Arnold (who uses cues from this ..."
qacc-0612,qacc,Who sang from russia with love james bond?,misinformation,The Lightning Thief ,gold_not_in_candidates,1,,www.rollingstone.com,Matt Monro,conflict,"Oct 5, 2012 ... It was in those final pre-Beatlemania months of 1963 that Monro was hired to sing the From Russia With Love title theme."
qacc-0612,qacc,Who sang from russia with love james bond?,misinformation,The Lightning Thief ,gold_not_in_candidates,2,,jamesbond.fandom.com,Matt Monro,conflict,"It was composed by Lionel Bart, and performed by English singer Matt Monro. Advertisement. Lyrics. From Russia with love ..."
qacc-0612,qacc,Who sang from russia with love james bond?,misinformation,The Lightning Thief ,gold_not_in_candidates,3,,secondhandsongs.com,,noise,The James Bond Theme - Live and Let Die - Goldfinger - From Russia with Love - You Only Live Twice … The Frank Barber Orchestra with the Dave Carey Singers ...
qacc-0612,qacc,Who sang from russia with love james bond?,misinformation,The Lightning Thief ,gold_not_in_candidates,4,,www.quora.com,Matt Monro,conflict,"From Russia With Love, the theme song to the 1963 James Bond film of the same name, was sung by Matt Monro and was composed by Lionel Bart of Oliver! fame."
qacc-0612,qacc,Who sang from russia with love james bond?,misinformation,The Lightning Thief ,gold_not_in_candidates,5,,www.imdb.com,,noise,"From Russia with Love: Directed by Terence Young. With Sean Connery, Daniela Bianchi, Pedro Armendáriz, Lotte Lenya. James Bond willingly falls into an ..."
qacc-0612,qacc,Who sang from russia with love james bond?,misinformation,The Lightning Thief ,gold_not_in_candidates,6,,www.amazon.com,Matt Monro,conflict,"The wonderful 007 theme is here, used for the first time, and remains as rousing as ever. A wonderful song performed by Matt Munro makes this a time capsule of ..."
qacc-0612,qacc,Who sang from russia with love james bond?,misinformation,The Lightning Thief ,gold_not_in_candidates,7,,www.thejamesbonddossier.com,Matt Monro,conflict,"Dec 3, 2009 ... In the meantime, Saltzman had committed himself to Bart and that is why the theme song From Russia With Love is a Lionel Bart composition."
qacc-0612,qacc,Who sang from russia with love james bond?,misinformation,The Lightning Thief ,gold_not_in_candidates,8,,www.rogerebert.com,,noise,"Aug 2, 2013 ... ""From Russia with Love"" (1963) is one of the best James Bond movies and one of the first sequels to surpass the success of an original entry ..."
qacc-0612,qacc,Who sang from russia with love james bond?,misinformation,The Lightning Thief ,gold_not_in_candidates,9,,bluray.highdefdigest.com,,noise,"Nov 7, 2008 ... 'From Russia with Love' has the first James Bond theme song, though only an instrumental version plays at the film's beginning; ..."
qacc-0615,qacc,Where does the grapes of wrath take place?,misinformation,Oklahoma,soft_conflict,0,,steinbeckintheschools.com,Oklahoma,correct,"The Grapes of Wrath takes place during the Dust Bowl era of the 1930s, opening on an Oklahoma landscape where the sun is severe, crops scarce."
qacc-0615,qacc,Where does the grapes of wrath take place?,misinformation,Oklahoma,soft_conflict,1,,www.arts.gov,,noise,"Dec 8, 2020 ... In fact, in many communities The Grapes of Wrath was banned and burned, ... and took to carrying a gun in public, just in case."
qacc-0615,qacc,Where does the grapes of wrath take place?,misinformation,Oklahoma,soft_conflict,2,,study.com,Oklahoma,correct,"Oct 24, 2022 ... When did The Grapes of Wrath take place? ... The Grapes of Wrath takes place first in Oklahoma, then along Route 66, and finally in California. It ..."
qacc-0615,qacc,Where does the grapes of wrath take place?,misinformation,Oklahoma,soft_conflict,3,,www.cliffsnotes.com,America ,conflict,"The Grapes of Wrath at a Glance · The Grapes of Wrath takes place during America's Great Depression, which lasted from the Stock Market Crash of October 1929 ..."
qacc-0615,qacc,Where does the grapes of wrath take place?,misinformation,Oklahoma,soft_conflict,4,,study.com,United States ,conflict,"Jan 6, 2023 ... When and Where Does The Grapes of Wrath Take Place? ''The Grapes of Wrath'' takes place in the United States, specifically in the Dust Bowl ..."
qacc-0615,qacc,Where does the grapes of wrath take place?,misinformation,Oklahoma,soft_conflict,5,,www.visaliatimesdelta.com,,noise,"Aug 8, 2014 ... %22The Grapes of Wrath%22 was banned in Kern County but not in ... of the book taking place in Kern and Tulare counties during the 1930s."
qacc-0619,qacc,Who played major hochstetter in hogan's heroes?,misinformation,Howard Caine,pending_screen,0,,en.wikipedia.org,Howard Caine,correct,"Howard Caine was an American character actor, probably best known as Gestapo Major Wolfgang Hochstetter in the television series Hogan's Heroes (1965–71)."
qacc-0619,qacc,Who played major hochstetter in hogan's heroes?,misinformation,Howard Caine,pending_screen,1,,hogansheroes.fandom.com,Howard Caine,correct,He was played by Howard Caine. Advertisement. About Major Wolfgang Hochstetter. Wolfgang ...
qacc-0619,qacc,Who played major hochstetter in hogan's heroes?,misinformation,Howard Caine,pending_screen,2,,www.nytimes.com,Howard Caine,correct,"Jan 4, 1994 ... The actor Howard Caine, who portrayed the often flustered Major Hochstedder in the ""Hogan's Heroes"" television comedy series, ..."
qacc-0619,qacc,Who played major hochstetter in hogan's heroes?,misinformation,Howard Caine,pending_screen,3,,villains.fandom.com,Wolfgang Hochstetter,conflict,"Major Wolfgang Hochstetter is a recurring antagonist on the 1960s sitcom Hogan's Heroes. An ill-tempered officer of the dreaded Nazi Gestapo, Hochstetter ..."
qacc-0619,qacc,Who played major hochstetter in hogan's heroes?,misinformation,Howard Caine,pending_screen,4,,www.facebook.com,Howard Caine,correct,"This page focuses on the career of Howard Caine, best known for his role as Major Hochstetter in the television series Hogan's Heroes, both as an actor..."
qacc-0619,qacc,Who played major hochstetter in hogan's heroes?,misinformation,Howard Caine,pending_screen,5,,www.itsabouttv.com,Wolfgang Hochstetter,conflict,"Jun 17, 2015 ... See, in the Hogan's Heroes that I remember, Major Hochstetter was the one recurring Nazi character who was not a comic foil - indeed, he was the ..."
qacc-0619,qacc,Who played major hochstetter in hogan's heroes?,misinformation,Howard Caine,pending_screen,6,,bluegrasstoday.com,Howard Caine,correct,"May 5, 2010 ... Caine was the actor who portrayed Maj. Wolfgang Hochstetter on Hogan's Heroes, the popular CBS comedy that ran from 1965 to 1971."
qacc-0627,qacc,What is cain and abel software used for?,misinformation,password recovery tool,soft_conflict,0,,en.wikipedia.org,password recovery tool,correct,Cain and Abel (often abbreviated to Cain) was a password recovery tool for Microsoft Windows. It could recover many kinds of passwords using methods such as ...
qacc-0627,qacc,What is cain and abel software used for?,misinformation,password recovery tool,soft_conflict,1,,techyrick.com,password cracking tool,conflict,"Jul 27, 2021 ... Cain and Abel is a password cracking tool, This tool is more effective in Microsoft operating system. And the tool itself is only available for ..."
qacc-0627,qacc,What is cain and abel software used for?,misinformation,password recovery tool,soft_conflict,2,,www.cs.toronto.edu,password recovery tool,correct,"Cain and Abel is a password recovery tool. It is very broad, that is it does not get passwords in only one way but utilizes many possible attacks to get the ..."
qacc-0627,qacc,What is cain and abel software used for?,misinformation,password recovery tool,soft_conflict,3,,sectools.org,password recovery tool,correct,"They are usually right, but Cain & Abel is a glaring exception. This Windows-only password recovery tool handles an enormous variety of tasks."
qacc-0627,qacc,What is cain and abel software used for?,misinformation,password recovery tool,soft_conflict,4,,www.pcworld.com,password recovery tool,correct,"Dec 17, 2012 ... What is Cain & Abel? It's described as a Windows-based password recovery tool, but it does much, much more than just password recovery. The ..."
qacc-0627,qacc,What is cain and abel software used for?,misinformation,password recovery tool,soft_conflict,5,,www.cyberpratibha.com,password recovery tool,correct,"Jul 19, 2023 ... According to the official website http://www.oxid.it/cain.html , Cain and Abel software is a password recovery tool for Microsoft Operating ..."
qacc-0627,qacc,What is cain and abel software used for?,misinformation,password recovery tool,soft_conflict,6,,software-tips.wonderhowto.com,,noise,"Apr 8, 2010 ... One of these is it's hash cracking feature. Cain can use either dictionary, rainbow tables, or pure brute-force attack vectors for analyzing and ..."
qacc-0627,qacc,What is cain and abel software used for?,misinformation,password recovery tool,soft_conflict,7,,ivanitlearning.wordpress.com,,noise,"Apr 3, 2019 ... This is an odd lab. It centres around Cain & Abel (shortened to Cain), a Windows 32-bit tool used for LAN poisoning, sniffing, ..."
qacc-0627,qacc,What is cain and abel software used for?,misinformation,password recovery tool,soft_conflict,8,,whisperlab.org,password recovery tool,correct,"Cain & Abel is by far one of the best password recovery utilities out there, it is a very powerful tool that was originally used for password recovery."
qacc-0627,qacc,What is cain and abel software used for?,misinformation,password recovery tool,soft_conflict,9,,www.reddit.com,,noise,"Jan 10, 2022 ... What is the best network/wifi password cracking/hacking software in 2022? ... Cain and Abel used to be the best go-to software for network ..."
qacc-0640,qacc,New mexico was admitted to the union as the . . . state?,misinformation,47th,pending_screen,0,,guides.loc.gov,47th,correct,"Mar 14, 2023 ... Eventually on January 6, 1912, New Mexico became the 47th state admitted to the Union when President William Taft signed the New Mexico ..."
qacc-0640,qacc,New mexico was admitted to the union as the . . . state?,misinformation,47th,pending_screen,1,,www.archives.gov,47th,correct,"Aug 17, 2016 ... However, after much effort, on January 6, 1912 New Mexico became the 47th state and on February 14, 1912 Arizona became the 48th state in the ..."
qacc-0640,qacc,New mexico was admitted to the union as the . . . state?,misinformation,47th,pending_screen,2,,en.wikipedia.org,,noise,These states are presented in the order in which each ratified the 1787 Constitution and joined the others in the new (and current) federal government. The date ...
qacc-0640,qacc,New mexico was admitted to the union as the . . . state?,misinformation,47th,pending_screen,3,,www.politico.com,,noise,"Sep 9, 2015 ... On this day in 1850 Congress recognizes both states, and California is admitted to the Union as a free state."
qacc-0640,qacc,New mexico was admitted to the union as the . . . state?,misinformation,47th,pending_screen,4,,www.history.com,47th,correct,"Feb 9, 2010 ... On January 6, 1912, New Mexico is admitted into the United States as the 47th state. Spanish explorers passed through the area that would ..."
qacc-0640,qacc,New mexico was admitted to the union as the . . . state?,misinformation,47th,pending_screen,5,,history.house.gov,,noise,"Twenty–five years after its annexation by the United States, New Mexico remained ... after Chaves's death, New Mexico was admitted to the Union as a state."
qacc-0640,qacc,New mexico was admitted to the union as the . . . state?,misinformation,47th,pending_screen,6,,www.senate.gov,47th,correct,January 6. New Mexico was admitted as the 47th state in the Union. 1912. Thomas Catron (R-NM). April 2.
qacc-0640,qacc,New mexico was admitted to the union as the . . . state?,misinformation,47th,pending_screen,7,,viantenm.org,,noise,"Aug 10, 2018 ... Finally, New Mexico was admitted into the Union as a state on January 6, 1912. Admission to Statehood. This is a political cartoon by Clifford ..."
qacc-0640,qacc,New mexico was admitted to the union as the . . . state?,misinformation,47th,pending_screen,8,,www.parks.ca.gov," free, nonslavery state",conflict,"In February of 1848, Mexico and the United States signed a treaty which ended ... entered the Union as a free, nonslavery state by the Compromise of 1850."
qacc-0647,qacc,Who was the captain of the mayflower which brought the pilgrims to plymouth?,misinformation,Christopher Jones,,0,,abilenetx.gov,,noise,The Mayflower is the name of the cargo ship that brought the Puritan separatists (known as pilgrims) to North America in 1620 CE.
qacc-0647,qacc,Who was the captain of the mayflower which brought the pilgrims to plymouth?,misinformation,Christopher Jones,,1,,www.mayflower400uk.org,Christopher Jones,correct,"He was the man who captained the Mayflower and without him the Pilgrims ... But who was Captain Christopher Jones, where did he come from and how did he ..."
qacc-0647,qacc,Who was the captain of the mayflower which brought the pilgrims to plymouth?,misinformation,Christopher Jones,,2,,plimoth.org,,noise,"Learn all about the Pilgrims' 1620 journey on a ship called Mayflower and the ... Fortunately, the passengers had brought along a “great iron screw,” which ..."
qacc-0647,qacc,Who was the captain of the mayflower which brought the pilgrims to plymouth?,misinformation,Christopher Jones,,3,,www.mayflower400uk.org,,noise,"Nov 13, 2020 ... The Mayflower set sail on 16th September 1620 from Plymouth, UK, ... They would go on to be known as the Pilgrims and influence the future ..."
qacc-0647,qacc,Who was the captain of the mayflower which brought the pilgrims to plymouth?,misinformation,Christopher Jones,,4,,en.wikipedia.org,Christopher Jones,correct,1570 – about 5 March 1622) was the captain of the 1620 voyage of the Pilgrim ship Mayflower. Christopher Jones. Mayflower in Plymouth Harbor by William Halsall ...
qacc-0647,qacc,Who was the captain of the mayflower which brought the pilgrims to plymouth?,misinformation,Christopher Jones,,5,,www.worldhistory.org,Christopher Jones,correct,"Oct 27, 2020 ... Christopher Jones (l. c. 1570-1622 CE) was the English captain and ... brought the religious separatists (now known as pilgrims) to the New ..."
qacc-0647,qacc,Who was the captain of the mayflower which brought the pilgrims to plymouth?,misinformation,Christopher Jones,,6,,www.history.com,,noise,"Mar 4, 2010 ... The Separatists who founded the Plymouth Colony referred to themselves as “Saints,” not “Pilgrims.” The use of the word “Pilgrim” to describe ..."
qacc-0647,qacc,Who was the captain of the mayflower which brought the pilgrims to plymouth?,misinformation,Christopher Jones,,7,,www.britannica.com,Myles Standish,conflict,"Mayflower, the ship that carried the Pilgrims from England to Plymouth, Massachusetts, ... voyagers were William Bradford and Captain Myles Standish."
qacc-0647,qacc,Who was the captain of the mayflower which brought the pilgrims to plymouth?,misinformation,Christopher Jones,,8,,en.wikipedia.org,,noise,"Motivations for the voyage. See also: Pilgrims (Plymouth Colony) § History. A congregation of approximately 400 English Protestants living in exile in Leiden, ..."
qacc-0647,qacc,Who was the captain of the mayflower which brought the pilgrims to plymouth?,misinformation,Christopher Jones,,9,,study.com,,noise,"Nov 4, 2021 ... The Pilgrims predominately made up the first company of settlers who went on to found Plymouth Colony. Standish, who was renowned for his ..."
qacc-0649,qacc,When did marathon change its name to snickers?,misinformation,1990,soft_conflict,0,,www.independent.co.uk,UK 30 years ...,conflict,"Aug 12, 2020 ... Marathon is the original name for a Snickers bar, made up of nougat, peanuts, caramel and chocolate. The name was changed in the UK 30 years ..."
qacc-0649,qacc,When did marathon change its name to snickers?,misinformation,1990,soft_conflict,1,,en.wikipedia.org,1990,correct,"In the United Kingdom, Snickers was sold under the brand name Marathon until 1990. ... A Marathon retro edition was sold exclusively at Morrisons for three months ..."
qacc-0649,qacc,When did marathon change its name to snickers?,misinformation,1990,soft_conflict,2,,www.womanandhome.com,,noise,"Feb 23, 2021 ... This means that the victim must have been killed before the chocolate bar changed its name to Snickers. Unforgotten. (Image credit: ITV ). When ..."
qacc-0649,qacc,When did marathon change its name to snickers?,misinformation,1990,soft_conflict,3,,metro.co.uk,1990,correct,"Sep 15, 2019 ... Until July 1990 they were sold in the UK as Marathon bars, when Mars decided to change the name of the product to bring it in line with the ..."
qacc-0649,qacc,When did marathon change its name to snickers?,misinformation,1990,soft_conflict,4,,news.sky.com,,noise,"Sep 14, 2019 ... Marathon chocolate bars will return almost 30 years after being renamed Snickers. The nut-packed snack will be called Marathon once more in ..."
qacc-0649,qacc,When did marathon change its name to snickers?,misinformation,1990,soft_conflict,5,,www.snickers.co.uk,1990,correct,The satisfying product came to the UK in 1968 but was named the iconic MARATHON. This was then later changed to SNICKERS in 1990.
qacc-0649,qacc,When did marathon change its name to snickers?,misinformation,1990,soft_conflict,6,,www.quora.com,,noise,"Oct 12, 2019 ... It was changed because in the rest of the world (not just the USA) it was already called Snickers so changing its name to match in the UK meant ..."
qacc-0649,qacc,When did marathon change its name to snickers?,misinformation,1990,soft_conflict,7,,entertainment.ie,,noise,"Jul 19, 2019 ... Marathon was originally created in 1930 and named Snickers after the name of the Mars family's favourite horse. That's right, folks."
qacc-0649,qacc,When did marathon change its name to snickers?,misinformation,1990,soft_conflict,8,,twitter.com,,noise,"Apr 28, 2019 ... Snickers were NOT originally called Marathons. They have been Snickers since 1930 and were named after a horse on the Mars family farm. They ..."
qacc-0649,qacc,When did marathon change its name to snickers?,misinformation,1990,soft_conflict,9,,insights.fluidbranding.com,,noise,"Marathon becomes Snickers. Waaay back in 1990, the UK was left reeling after one of it's most beloved chocolate bars decided to change its name. But why?"
qacc-0652,qacc,When does closure of the ductus arteriosus occur?,misinformation,"few days after birth,",soft_conflict,0,,www.ncbi.nlm.nih.gov,,noise,"This occurs by contraction of the muscles of the ductus; which are sensitive to oxygen, acetylcholine, bradykinin, and endothelin. While the functional closure ..."
qacc-0652,qacc,When does closure of the ductus arteriosus occur?,misinformation,"few days after birth,",soft_conflict,1,,emedicine.medscape.com,,noise,"Nov 20, 2018 ... Until functional closure is complete and PVR is lower than SVR, some residual left-to-right flow occurs from the aorta through the ductus and ..."
qacc-0652,qacc,When does closure of the ductus arteriosus occur?,misinformation,"few days after birth,",soft_conflict,2,,www.mayoclinic.org,shortly after birth,conflict,"Jan 25, 2023 ... It usually closes shortly after birth. ... Patent ductus arteriosus occurs more commonly in babies who are born too early than in babies who ..."
qacc-0652,qacc,When does closure of the ductus arteriosus occur?,misinformation,"few days after birth,",soft_conflict,3,,www.nationwidechildrens.org,"few days after birth,",correct,"Within minutes or up to a few days after birth, the ductus arteriosus closes (Picture 1). This change is normal in newborns. A normal heart after the ductus ..."
qacc-0652,qacc,When does closure of the ductus arteriosus occur?,misinformation,"few days after birth,",soft_conflict,4,,www.mottchildren.org,,noise,Patent ductus arteriosus (PDA) occurs when a blood vessel that is normal while a ... Many children will have spontaneous closure of the ductus during the ...
qacc-0652,qacc,When does closure of the ductus arteriosus occur?,misinformation,"few days after birth,",soft_conflict,5,,www.ahajournals.org,within 24 to 48 hours of birth,conflict,Functional complete closure usually occurs within 24 to 48 hours of birth in ... Although the ductus arteriosus usually is functionally closed within 48 ...
qacc-0652,qacc,When does closure of the ductus arteriosus occur?,misinformation,"few days after birth,",soft_conflict,6,,www.nature.com,,noise,"Jan 1, 1999 ... Therefore, the premature ductus is resistant to developing ... In full-term infants, closure of the ductus arteriosus occurs in three steps ..."
qacc-0652,qacc,When does closure of the ductus arteriosus occur?,misinformation,"few days after birth,",soft_conflict,7,,www.heart.org,"few days after birth,",correct,"Every baby is born with a ductus arteriosus. After birth, the opening is no longer needed and it usually narrows and closes within the first few days. Sometimes ..."
qacc-0652,qacc,When does closure of the ductus arteriosus occur?,misinformation,"few days after birth,",soft_conflict,8,,www.frontiersin.org,,noise,"Jul 21, 2020 ... Functional closure of the ductus occurs by 8 h in 44% of normal term infants and almost 100% are closed by 72 h. (25). The rate and degree of ..."
qacc-0657,qacc,When did the philadelphia eagles play in the super bowl last?,misinformation,2022 at Super Bowl LVII,,0,,www.dazn.com,Super bowl LII,conflict,"Apr 7, 2023 ... This came at Super Bowl LII when the Eagles overcame the New England Patriots. When was the last Philadelphia Eagles Super Bowl win? The ..."
qacc-0657,qacc,When did the philadelphia eagles play in the super bowl last?,misinformation,2022 at Super Bowl LVII,,1,,en.wikipedia.org,,noise,"The latter game had been called the ""Johnny Rodgers Bowl,"" because the loser, in finishing last in the league, would gain the first overall pick in the 1973 NFL ..."
qacc-0657,qacc,When did the philadelphia eagles play in the super bowl last?,misinformation,2022 at Super Bowl LVII,,2,,www.phl.org,2018 at Super Bowl XV,conflict,"To Philadelphia's great disappointment, the final score was Raiders 27 – Eagles 10 in Super Bowl XV. Not until the 2004 season were the Eagles able to get back ..."
qacc-0657,qacc,When did the philadelphia eagles play in the super bowl last?,misinformation,2022 at Super Bowl LVII,,3,,champsorchumps.us,2018 at Super Bowl XV,conflict,"The Philadelphia Eagles won the Super Bowl once, in 2017. Philadelphia Eagles Postseason Results. Year ..."
qacc-0657,qacc,When did the philadelphia eagles play in the super bowl last?,misinformation,2022 at Super Bowl LVII,,4,,www.youtube.com,2022 at Super Bowl LVII,correct,"Feb 12, 2023 ... Kansas City Chiefs vs. Philadelphia Eagles | 2023 Super Bowl Game Highlights. 10M views · 6 months ago #NFL #AmericanFootball #Football"
qacc-0657,qacc,When did the philadelphia eagles play in the super bowl last?,misinformation,2022 at Super Bowl LVII,,5,,www.sportskeeda.com,2022 at Super Bowl LVII,correct,The game was played on the 4th of February 2018. The Eagles face the Kansas City Chiefs in Super Bowl LVII. What teams did Philadelphia Eagles lose the ...
qacc-0657,qacc,When did the philadelphia eagles play in the super bowl last?,misinformation,2022 at Super Bowl LVII,,6,,www.britannica.com,2018 at Super Bowl XV,conflict,"4 days ago ... The Eagles have won three NFL championships (1948, 1949, and 1960) and have won one Super Bowl (2018). Jalen Hurts."
qacc-0657,qacc,When did the philadelphia eagles play in the super bowl last?,misinformation,2022 at Super Bowl LVII,,7,,www.si.com,2018 at Super Bowl XV,conflict,"Jan 21, 2018 ... Philadelphia's debut in the championship game came against the Oakland Raiders in Super Bowl XV. The Eagles, led by quarterback Ron Jaworski and ..."
qacc-0657,qacc,When did the philadelphia eagles play in the super bowl last?,misinformation,2022 at Super Bowl LVII,,8,,www.statmuse.com,2022 at Super Bowl LVII,correct,The Philadelphia Eagles played in 1 game in Super Bowl LVII against the Chiefs on February 12. ; PHI ; KC.
qacc-0658,qacc,When did united states enter world war i?,misinformation,"1917, ",,0,,history.state.gov,"1917, ",correct,"On April 2, 1917, President Woodrow Wilson went before a joint session of Congress to request a declaration of war against Germany. Wilson cited Germany's ..."
qacc-0658,qacc,When did united states enter world war i?,misinformation,"1917, ",,1,,www.rochester.edu,,noise,"Apr 5, 2017 ... Germany sank many American merchant ships around the British Isles which prompted the American entry into the war. Rochester political scientist ..."
qacc-0658,qacc,When did united states enter world war i?,misinformation,"1917, ",,2,,www.loc.gov, 1941,conflict,"On December 7, 1941, following the Japanese bombing of Pearl Harbor, the United States declared war on Japan. Three days later, after Germany and Italy ..."
qacc-0658,qacc,When did united states enter world war i?,misinformation,"1917, ",,3,,en.wikipedia.org,"1917, ",correct,"The United States entered into World War I in April 1917, more than two and a half years after the war began in Europe. President Woodrow Wilson before ..."
qacc-0658,qacc,When did united states enter world war i?,misinformation,"1917, ",,4,,www.history.com,"1917, ",correct,"Apr 6, 2017 ... The United States entered World War I in 1917, following the sinking of the British ocean liner Lusitania and the shocking discovery of the ..."
qacc-0658,qacc,When did united states enter world war i?,misinformation,"1917, ",,5,,www.history.com,"1917, ",correct,"Feb 9, 2010 ... The United States officially enters World War I ... April 6, 1917: Two days after the U.S. Senate voted 82 to 6 to declare war against Germany, ..."
qacc-0659,qacc,Which film won the oscar for best animated feature in 2007?,misinformation,Ratatouille,,0,,en.wikipedia.org,,noise,"George Miller won in 2007 for Happy Feet. Pete Docter holds the record for most wins in this category, winning three times for Up in 2010, Inside Out ..."
qacc-0659,qacc,Which film won the oscar for best animated feature in 2007?,misinformation,Ratatouille,,1,,www.billboard.com,Ratatouille,correct,"Mar 13, 2023 ... 2007: Ratatouille ... Notes: Bird was the first two-time winner in the category. He also won for The Incredibles (2004)."
qacc-0659,qacc,Which film won the oscar for best animated feature in 2007?,misinformation,Ratatouille,,2,,www.goldderby.com,,noise,"Mar 12, 2023 ... The film received four additional Oscar nominations including Best Original Screenplay and Original Score. 2007 Best Animated Feature ..."
qacc-0659,qacc,Which film won the oscar for best animated feature in 2007?,misinformation,Ratatouille,,3,,www.imdb.com,Ratatouille,correct,"Ratatouille (2007) - Awards, nominations, and wins. ... 2008 Winner Oscar. Best Animated Feature Film of the Year ... 2008 Winner Critics Choice Award. Best ..."
qacc-0659,qacc,Which film won the oscar for best animated feature in 2007?,misinformation,Ratatouille,,4,,nighthawknews.wordpress.com,Ratatouille,correct,"Jul 30, 2017 ... The History of the Academy Awards: Best Animated Film – 2007 · Ratatouille (****, Bird, Disney (Pixar)) · Persepolis (****, Paronnaud / Satrapi, ..."
qacc-0659,qacc,Which film won the oscar for best animated feature in 2007?,misinformation,Ratatouille,,5,,www.theguardian.com,,noise,"Feb 26, 2007 ... -- Best actor. Forest Whitaker, The Last King of Scotland ; -- Best actress. Helen Mirren, The Queen ; -- Best supporting actor. Alan Arkin, ..."
qacc-0659,qacc,Which film won the oscar for best animated feature in 2007?,misinformation,Ratatouille,,6,,www.festival-cannes.com,Happy Feet,conflict,George Miller wins the Best Animated Feature Film Oscar for Happy Feet – 2007. published on 21.01.2016. George Miller wins the Best Animated Feature Film ...
qacc-0659,qacc,Which film won the oscar for best animated feature in 2007?,misinformation,Ratatouille,,7,,www.imdb.com,,noise,"What is the 'best of the best' Oscar winning Animated Feature Film among these? Discuss the poll here. ... Best Animated Feature Film, Oscars 2007 ..."
qacc-0663,qacc,Who played mark on the show the rifleman?,misinformation,Johnny Crawford,,0,,www.usatoday.com,Johnny Crawford,correct,"May 1, 2021 ... Johnny Crawford, known for his role as Mark McCain as a child actor on ""The Rifleman,"" has died. He was 75."
qacc-0663,qacc,Who played mark on the show the rifleman?,misinformation,Johnny Crawford,,1,,en.wikipedia.org,Johnny Crawford,correct,"At age 12, Crawford rose to prominence playing Mark McCain in the series The Rifleman, for which he was nominated for a Best Supporting Actor Emmy Award at ..."
qacc-0663,qacc,Who played mark on the show the rifleman?,misinformation,Johnny Crawford,,2,,www.nytimes.com,Johnny Crawford,correct,"May 5, 2021 ... Johnny Crawford, a Western Hero's Son on 'The Rifleman,' Dies at 75 ... For five TV seasons he was at the side of Chuck Connors's widowed ..."
qacc-0663,qacc,Who played mark on the show the rifleman?,misinformation,Johnny Crawford,,3,,en.wikipedia.org,,noise,"Mark McCain is the son of fictitious rancher Lucas McCain in the ABC Western television series The Rifleman, starring Chuck Connors, which ran from 1958 to ..."
qacc-0663,qacc,Who played mark on the show the rifleman?,misinformation,Johnny Crawford,,4,,www.imdb.com,,noise,"Patricia Blair (Lou) later plays Daniel Boone's wife in that series. ... When the gunsmith picks a rifle for Mark he suggests a Winchester 73, and hands him an ..."
qacc-0663,qacc,Who played mark on the show the rifleman?,misinformation,Johnny Crawford,,5,,www.metv.com,,noise,"Dec 15, 2021 ... Karen Sue Trent appeared in two iconic shows during her short Hollywood career. ... The very last episode of The Rifleman opens with Mark riding ..."
qacc-0663,qacc,Who played mark on the show the rifleman?,misinformation,Johnny Crawford,,6,,www.facebook.com,Kevin McCarthy,conflict,"Rifleman Easter Egg! Kevin McCarthy played Mark Twain in The Rifleman episode ""The Shattered Idol"". - And like the show the real Mark Twain did have a..."
qacc-0663,qacc,Who played mark on the show the rifleman?,misinformation,Johnny Crawford,,7,,www.imdb.com,,noise,"""The Rifleman"" Mark's Rifle (TV Episode 1962) cast and crew credits, including actors, actresses, directors, writers and more."
qacc-0663,qacc,Who played mark on the show the rifleman?,misinformation,Johnny Crawford,,8,,www.metv.com,Johnny Crawford,correct,"Apr 30, 2021 ... Johnny Crawford, best known for co-starring in The Rifleman along Chuck Connors, has passed away at the age of 75."
qacc-0663,qacc,Who played mark on the show the rifleman?,misinformation,Johnny Crawford,,9,,www.hollywoodreporter.com,Johnny Crawford,correct,"Apr 29, 2021 ... Crawford was 12 when he appeared for the first time as Mark McCain, son of the widower Lucas McCain, on The Rifleman. The Four Star Television ..."
qacc-0668,qacc,Who was kat slater's sisters in eastenders?,misinformation,"Zoe, Lynne ",soft_conflict,0,,en.wikipedia.org,,noise,"Yorke selected Jessie Wallace (Kat Slater), Elaine Lordan (Lynne Slater), Kacey Ainsworth (Little Mo Morgan) and Michelle Ryan (Zoe Slater) to play four of the ..."
qacc-0668,qacc,Who was kat slater's sisters in eastenders?,misinformation,"Zoe, Lynne ",soft_conflict,1,,www.liverpoolecho.co.uk,,noise,"Mar 14, 2022 ... The character of Kat Slater made quite an impression in Walford. Outspoken and sexy, she seemed like ..."
qacc-0668,qacc,Who was kat slater's sisters in eastenders?,misinformation,"Zoe, Lynne ",soft_conflict,2,,en.wikipedia.org,,noise,"Zoe Slater is a fictional character from the BBC soap opera EastEnders, played by Michelle Ryan. She made her first appearance on 18 September 2000."
qacc-0668,qacc,Who was kat slater's sisters in eastenders?,misinformation,"Zoe, Lynne ",soft_conflict,3,,www.mirror.co.uk,,noise,"Jun 20, 2022 ... Kat Slater (Jessie Wallace) ... Jessie Wallace continued working in soapland, even when the Slater family dwindled from London and has starred on ..."
qacc-0668,qacc,Who was kat slater's sisters in eastenders?,misinformation,"Zoe, Lynne ",soft_conflict,4,,www.express.co.uk,Lynne Hobbs,conflict,"Mar 27, 2018 ... The eldest Slater sister, Lynne Hobbs, was best known for her turbulent relationship with Garry Hobbs (Ricky Groves). Their relationship was ..."
qacc-0668,qacc,Who was kat slater's sisters in eastenders?,misinformation,"Zoe, Lynne ",soft_conflict,5,,eastenders.fandom.com,,noise,"Lynne Slater (daughter of Charlie and Viv. Married to Garry Hobbs (2001-2004) ) · Kat Slater (daughter of Charlie and Viv. Married to Alfie Moon (2003-2013, 2014 ..."
qacc-0668,qacc,Who was kat slater's sisters in eastenders?,misinformation,"Zoe, Lynne ",soft_conflict,6,,www.walesonline.co.uk,Lynne Hobbs,conflict,"Sep 15, 2019 ... The Slater sisters — Kat, Zoe, Lynne and Maureen (or Little Mo) — arrived in Albert Square at the turn of the millennium and immediately started ..."
qacc-0668,qacc,Who was kat slater's sisters in eastenders?,misinformation,"Zoe, Lynne ",soft_conflict,7,,metro.co.uk,"Zoe, Lynne ",correct,"Nov 27, 2018 ... In an iconic EastEnders storyline from the early noughties, Kat told 'sister' Zoe Slater that she is actually her mother after Harry raped ..."
qacc-0668,qacc,Who was kat slater's sisters in eastenders?,misinformation,"Zoe, Lynne ",soft_conflict,8,,eastenders.fandom.com,"Zoe, Lynne ",correct,"Belinda Peacock (née Slater), is the sister of Kat, Lynne and Little Mo Slater and daughter of Viv Slater and Charlie Slater. She is the only Slater sister ..."
qacc-0676,qacc,What area of san diego is sdsu in?,misinformation,The College Area,pending_screen,0,,admissions.sdsu.edu,the heart,conflict,"Jul 19, 2023 ... SDSU's campus is within a 15-minute drive of downtown San Diego, the Pacific Ocean, and the mountains. In the heart of San Diego. How Close? 10 ..."
qacc-0676,qacc,What area of san diego is sdsu in?,misinformation,The College Area,pending_screen,1,,en.wikipedia.org,The College Area,correct,"The College Area is dominated by San Diego State University (SDSU; once known as San Diego State College), after which the area is named."
qacc-0676,qacc,What area of san diego is sdsu in?,misinformation,The College Area,pending_screen,2,,www.sdsu.edu,,noise,... and a federally-designated Hispanic-serving Institution. Dr. Adela de la Torre is the current president of San Diego State University (SDSU).
qacc-0676,qacc,What area of san diego is sdsu in?,misinformation,The College Area,pending_screen,3,,en.wikipedia.org,South Bay,conflict,"SDSU formerly operated a campus in North County (San Diego area), which was later converted into California State University San Marcos. In the South Bay, ..."
qacc-0676,qacc,What area of san diego is sdsu in?,misinformation,The College Area,pending_screen,4,,www.calstate.edu,,noise,"San Diego State University, founded in 1897, is a public research university. Its 300-acre campus is located in San Diego. Email: admissions@sdsu.edu ..."
qacc-0676,qacc,What area of san diego is sdsu in?,misinformation,The College Area,pending_screen,5,,www.collegefactual.com,,noise,"Check out this map to learn where San Diego State University is and the type of location setting the school is in. Also, get information about the area ..."
qacc-0676,qacc,What area of san diego is sdsu in?,misinformation,The College Area,pending_screen,6,,www.trippy.com,,noise,"Kensington Park is a neighborhood in the City of San Diego. I'm not as familiar with La Mesa as I am with Kensington Park, but if I were working at SDSU I would ..."
qacc-0676,qacc,What area of san diego is sdsu in?,misinformation,The College Area,pending_screen,7,,as.sdsu.edu,,noise,"Viejas Arena follows all current California Department of Public Health, San Diego County, as well as San Diego State University guidelines for events."
qacc-0676,qacc,What area of san diego is sdsu in?,misinformation,The College Area,pending_screen,8,,www.usnews.com,,noise,"SDSU is an academically comprehensive university that provides endless possibilities for students including bachelor's degrees in 97 areas, master's degrees in ..."
qacc-0677,qacc,How many episodes of on my block are there?,misinformation,38,pending_screen,0,,en.wikipedia.org,,noise,"On My Block is an American teen comedy-drama streaming television series, created by Lauren Iungerich, Eddie Gonzalez, and Jeremy Haft."
qacc-0677,qacc,How many episodes of on my block are there?,misinformation,38,pending_screen,1,,www.teenvogue.com,,noise,"Apr 13, 2023 ... On My Block, which debuted on Netflix in 2018 and ran for four seasons before ending in 2021, followed four quirky and street-savvy friends as ..."
qacc-0677,qacc,How many episodes of on my block are there?,misinformation,38,pending_screen,2,,www.imdb.com,38,correct,On My Block · Episodes38 · Videos16 · Photos125 · Top cast · More like this · Storyline · Did you know · User reviews191.
qacc-0677,qacc,How many episodes of on my block are there?,misinformation,38,pending_screen,3,,www.netflix.com,,noise,"On My Block. 2018 | Maturity Rating:TV-14 | 4 Seasons | Comedies. In a rough Los Angeles neighborhood, four smart, funny and streetwise teens find their ..."
qacc-0677,qacc,How many episodes of on my block are there?,misinformation,38,pending_screen,4,,www.newsweek.com,ten,conflict,"Oct 4, 2021 ... All ten episodes of On My Block Season 4 are available to watch on Netflix now. On my Block cast. The cast of ""On My Block"" ..."
qacc-0677,qacc,How many episodes of on my block are there?,misinformation,38,pending_screen,5,,www.whats-on-netflix.com,,noise,"Dec 16, 2022 ... “The stories of Freeridge continue in this ON MY BLOCK spinoff following a new crew of friends who may or may not have unleashed a deadly ..."
qacc-0677,qacc,How many episodes of on my block are there?,misinformation,38,pending_screen,6,,netflixlife.com,,noise,"Oct 4, 2021 ... How many seasons of On My Block are there? So far, there are four seasons of On My Block. You can watch each season of the Netflix original ..."
qacc-0677,qacc,How many episodes of on my block are there?,misinformation,38,pending_screen,7,,www.hitc.com,ten,conflict,"Oct 4, 2021 ... On My Block consists of ten episodes in total. The titles of the ten episodes are as follows: Chapter Twenty-Nine; Chapter Thirty; Chapter ..."
qacc-0679,qacc,Who did tim allen play in toy story?,misinformation,Buzz,no_valid_conflict_pair,0,,www.latimes.com,Buzz,correct,"Feb 9, 2023 ... Tim Allen confirmed this week that he will reprise his role as Buzz Lightyear in the newly announced “Toy Story” sequel."
qacc-0679,qacc,Who did tim allen play in toy story?,misinformation,Buzz,no_valid_conflict_pair,1,,www.cnet.com,Buzz,correct,"Jul 5, 2022 ... Tim Allen voiced the toy version of Buzz in the four Toy Story movies, the latest being Toy Story 4 in 2019. Why didn't he reprise his role for ..."
qacc-0679,qacc,Who did tim allen play in toy story?,misinformation,Buzz,no_valid_conflict_pair,2,,www.usatoday.com,Buzz,correct,"Jul 5, 2022 ... ""Toy Story"" stars Tom Hanks and Tim Allen have questioned the decision ... Evans drew inspiration from Allen's Buzz, but ultimately did not ..."
qacc-0679,qacc,Who did tim allen play in toy story?,misinformation,Buzz,no_valid_conflict_pair,3,,en.wikipedia.org,Buzz,correct,He voices Buzz Lightyear for the Toy Story franchise for which he won an Annie Award and played Scott Calvin and Santa Claus in The Santa Clause franchise ...
qacc-0679,qacc,Who did tim allen play in toy story?,misinformation,Buzz,no_valid_conflict_pair,4,,www.thehindu.com,Buzz,correct,"Feb 10, 2023 ... Tim Allen to return as Buzz Lightyear in 'Toy Story 5'. Allen has been the voice of the popular animated character since the 1995 debut of the ..."
qacc-0679,qacc,Who did tim allen play in toy story?,misinformation,Buzz,no_valid_conflict_pair,5,,deadline.com,,noise,"Jul 10, 2022 ... Made 100% complete since the movie was the “movie” that Andy watched in the 1990's not the toy that Tim Allen played. Quit comparing the two."
qacc-0679,qacc,Who did tim allen play in toy story?,misinformation,Buzz,no_valid_conflict_pair,6,,screenrant.com,Buzz,correct,"Mar 16, 2022 ... Since Toy Story first premiered in 1995, actor Tim Allen has voiced the animated Buzz Lightyear toy character in every sequel, with the most ..."
qacc-0679,qacc,Who did tim allen play in toy story?,misinformation,Buzz,no_valid_conflict_pair,7,,pixar.fandom.com,Buzz,correct,"Tim Allen (born June 13, 1953) is an American actor and comedian who performed the voice of Buzz Lightyear in the Toy Story films - Toy Story, Toy Story 2, ..."
qacc-0679,qacc,Who did tim allen play in toy story?,misinformation,Buzz,no_valid_conflict_pair,8,,www.foxbusiness.com,Buzz,correct,"Feb 11, 2023 ... Tim Allen, who played the voice of ""Buzz Lightyear"" in four of five films featuring the iconic space-faring soldier announced on Wednesday he'd ..."
qacc-0679,qacc,Who did tim allen play in toy story?,misinformation,Buzz,no_valid_conflict_pair,9,,movieweb.com,,noise,"Jun 30, 2022 ... Many Toy Story fans were unhappy about Chris Evans voicing Buzz in Lightyear, but Tim Allen understands the decision."
qacc-0683,qacc,Which delta is the largest delta in the world?,misinformation,Ganges,no_valid_conflict_pair,0,,www.esa.int,Ganges,correct,"This Envisat image highlights the Ganges Delta, the world's largest delta, in the south Asia area of Bangladesh (visible) and India. The delta plain, about ..."
qacc-0683,qacc,Which delta is the largest delta in the world?,misinformation,Ganges,no_valid_conflict_pair,1,,byjus.com,,noise,Sunderbans delta formed by the rivers Ganga and Brahmaputra is the largest delta in the world. flag. Suggest Corrections.
qacc-0683,qacc,Which delta is the largest delta in the world?,misinformation,Ganges,no_valid_conflict_pair,2,,eos.org,,noise,"Apr 1, 2019 ... The Triassic Boreal Ocean delta plain, whose deposits are currently located in the Barents Sea, is around 230 million years old and is the ..."
qacc-0683,qacc,Which delta is the largest delta in the world?,misinformation,Ganges,no_valid_conflict_pair,3,,www.worldatlas.com,Ganges,correct,"Covering an area of 75000 square km, the Ganges-Brahmaputra Delta in India and Bangladesh is the world's largest."
qacc-0683,qacc,Which delta is the largest delta in the world?,misinformation,Ganges,no_valid_conflict_pair,4,,a-z-animals.com,Ganges,correct,"Oct 7, 2022 ... The largest delta on Earth is the Ganges-Brahmaputra Delta in India, Asia. It has an area of 105,645 square kilometers. It is no surprise that ..."
qacc-0683,qacc,Which delta is the largest delta in the world?,misinformation,Ganges,no_valid_conflict_pair,5,,en.wikipedia.org,,noise,"It is the world's largest river delta and it empties into the Bay of Bengal with the combined waters of several river systems, mainly those of the ..."
qacc-0683,qacc,Which delta is the largest delta in the world?,misinformation,Ganges,no_valid_conflict_pair,6,,news.delta.com,,noise,"Apr 20, 2022 ... Delta, LAX's largest global and leading carrier, has long been committed to modernizing and upgrading the airport experience for customers ..."
qacc-0683,qacc,Which delta is the largest delta in the world?,misinformation,Ganges,no_valid_conflict_pair,7,,pubs.geoscienceworld.org,,noise,"Mar 22, 2019 ... The largest modern delta plain is associated with the Amazon River and covers ∼1.08 × 105 km2 (Fig. 4A), more than an order of magnitude ..."
qacc-0683,qacc,Which delta is the largest delta in the world?,misinformation,Ganges,no_valid_conflict_pair,8,,ui.adsabs.harvard.edu,,noise,The Mekong delta is the third's largest delta in the world. It is home to almost 20 million people and an important region for the food security in South ...
qacc-0683,qacc,Which delta is the largest delta in the world?,misinformation,Ganges,no_valid_conflict_pair,9,,www.nationalgeographic.org,Ganges,correct,"Deltas have a rich accumulation of silt, so they are usually fertile agricultural areas. The world's largest delta is the Ganges–Brahmaputra delta in India and ..."
qacc-0684,qacc,Who wrote the song come a little bit closer?,misinformation,Tommy Boyce and Bobby Hart,,0,,en.wikipedia.org,Jay and the Americans,conflict,"""Come a Little Bit Closer"" is a song by the 1960s rock and roll band Jay and the Americans. It reached number 3 on the Billboard Hot 100 on November 21, ..."
qacc-0684,qacc,Who wrote the song come a little bit closer?,misinformation,Tommy Boyce and Bobby Hart,,1,,www.songfacts.com,Tommy Boyce and Bobby Hart,correct,"'Come A Little Bit Closer' was written by Tommy Boyce and Bobby Hart, and I think that Jerry Leiber re-wrote the last verse and he never got credit for that."
qacc-0684,qacc,Who wrote the song come a little bit closer?,misinformation,Tommy Boyce and Bobby Hart,,2,,secondhandsongs.com,Willy DeVille,conflict,Come a Little Bit Closer by Willy DeVille · Originals · Come a Little Bit Closer · SecondHandSongs · About · Get involved · Popular performances · Popular artists.
qacc-0684,qacc,Who wrote the song come a little bit closer?,misinformation,Tommy Boyce and Bobby Hart,,3,,www.springsteenlyrics.com,Tommy Boyce and Bobby Hart,correct,"Feb 27, 2012 ... COME A LITTLE BIT CLOSER is a song written by Tommy Boyce, Bobby Hart, and Wes Farrel and was first released by Jay And The Americans as a ..."
qacc-0684,qacc,Who wrote the song come a little bit closer?,misinformation,Tommy Boyce and Bobby Hart,,4,,americansongwriter.com,Tommy Boyce and Bobby Hart,correct,"Feb 24, 2023 ... “Come A Little Bit Closer” was written by Tommy Boyce and Bobby Hart, alongside Wes Farrell. The song became Boyce and Hart's first Top 10 hit."
qacc-0684,qacc,Who wrote the song come a little bit closer?,misinformation,Tommy Boyce and Bobby Hart,,5,,poparchives.com.au,,noise,"Writers of this song, Leiber & Stoller, produced another Come A Little Bit Closer, for Jay & the Americans, but it was a different song, written by Boyce, ..."
qacc-0684,qacc,Who wrote the song come a little bit closer?,misinformation,Tommy Boyce and Bobby Hart,,6,,genius.com,,noise,Come a Little Bit Closer Lyrics: In a little cafe / Just the other side of the border / She was just sitting there givin' me looks / That made my mouth ...
qacc-0684,qacc,Who wrote the song come a little bit closer?,misinformation,Tommy Boyce and Bobby Hart,,7,,www.livingbetweennotes.com,Tommy Boyce and Bobby Hart,correct,"Songwriter: Tommy Boyce, Bobby Hart, Wes Farrell. ""Come a Little Bit Closer"" is a song by the 1960s rock and roll band Jay and the Americans."
qacc-0684,qacc,Who wrote the song come a little bit closer?,misinformation,Tommy Boyce and Bobby Hart,,8,,genius.com,,noise,Come a Little Bit Closer Lyrics: I'm dancing to the music / Of a simple melody / And I wonder are you thinking / Of a single memory / And I know when I see ...
qacc-0691,qacc,Who played trapper john in the movie mash?,misinformation,Rogers,no_valid_conflict_pair,0,,en.wikipedia.org,Rogers,correct,"William Wayne McMillan Rogers III (April 7, 1933 – December 31, 2015) was an American actor, known for playing the role of Captain ""Trapper"" John McIntyre ..."
qacc-0691,qacc,Who played trapper john in the movie mash?,misinformation,Rogers,no_valid_conflict_pair,1,,screenrant.com,,noise,"Jul 3, 2020 ... Wayne Rogers played ""Trapper"" John on classic comedy series M*A*S*H but here's why the character departed the show after three seasons. mash ..."
qacc-0691,qacc,Who played trapper john in the movie mash?,misinformation,Rogers,no_valid_conflict_pair,2,,www.tallahassee.com,,noise,"Elliott Gould was same character in the ""M.A.S.H."" feature film that preceded the TV show, and Pernell Roberts played the title character in the 1980s spinoff ..."
qacc-0691,qacc,Who played trapper john in the movie mash?,misinformation,Rogers,no_valid_conflict_pair,3,,www.npr.org,Rogers,correct,"Jan 1, 2016 ... Wayne Rogers, Trapper John On 'M.A.S.H.', Dies At 82. January 1, 20161:46 AM ET."
qacc-0691,qacc,Who played trapper john in the movie mash?,misinformation,Rogers,no_valid_conflict_pair,4,,www.nytimes.com,,noise,"Dec 31, 2015 ... Wayne Rogers, the affable actor who starred as Trapper John in the hit television series “M*A*S*H” in the 1970s, died on Thursday in Los ..."
qacc-0691,qacc,Who played trapper john in the movie mash?,misinformation,Rogers,no_valid_conflict_pair,5,,mash.fandom.com,,noise,"1970 MASH film and M*A*S*H and Trapper John, M.D. TV series ... McIntyre is portrayed by Elliott Gould in the 1970 film, by Wayne Rogers in the first three ..."
qacc-0691,qacc,Who played trapper john in the movie mash?,misinformation,Rogers,no_valid_conflict_pair,6,,www.facebook.com,Rogers,correct,"Nov 15, 2020 ... Wayne Rogers nearly played the same character in House Calls as he did in ... like either the movie or TV version of MASH's Trapper John."
qacc-0691,qacc,Who played trapper john in the movie mash?,misinformation,Rogers,no_valid_conflict_pair,7,,bamfstyle.com,,noise,"Aug 29, 2020 ... The TV series would establish a favorite aloha shirt among all of its principal leads, though it's solely Elliott Gould's Trapper John who we ..."
qacc-0691,qacc,Who played trapper john in the movie mash?,misinformation,Rogers,no_valid_conflict_pair,8,,www.reuters.com,,noise,"Dec 31, 2015 ... Wayne Rogers, the actor who played wisecracking U.S. Army surgeon ... which was inspired by Robert Altman's hit 1970 movie “MASH” and ..."
qacc-0695,qacc,Who played the baby in superman the movie?,misinformation,Aaron Smolinski,no_valid_conflict_pair,0,,en.wikipedia.org,Aaron Smolinski,correct,Aaron Smolinski is a Canadian actor. His first acting role was as at the age of two in the 1978 film Superman as the infant Clark Kent.
qacc-0695,qacc,Who played the baby in superman the movie?,misinformation,Aaron Smolinski,no_valid_conflict_pair,1,,www.supermanhomepage.com,,noise,"Jan 18, 2017 ... However their Trivia page for the film also states: “The first baby who played Kal-El in the flight sequence of the escape capsule was Elizabeth ..."
qacc-0695,qacc,Who played the baby in superman the movie?,misinformation,Aaron Smolinski,no_valid_conflict_pair,2,,www.warpedfactor.com,,noise,"Mar 11, 2016 ... Lee, from Eastbourne, played the baby version on Kal-El in Superman: The Movie. He was seven months old at the time and was the first ..."
qacc-0695,qacc,Who played the baby in superman the movie?,misinformation,Aaron Smolinski,no_valid_conflict_pair,3,,www.thatmomentin.com,,noise,"Mar 18, 2016 ... In the film, the Kal-El (Superman's Kryptonian name) begins as a baby, placed into a small capsule and released into space by his parents just ..."
qacc-0695,qacc,Who played the baby in superman the movie?,misinformation,Aaron Smolinski,no_valid_conflict_pair,4,,www.imdb.com,Aaron Smolinski,correct,"Aaron Smolinski was born on 30 May 1974 in Calgary, Alberta, Canada. He is an actor, known for Superman (1978), Man of Steel (2013) and Superman II: The ..."
qacc-0695,qacc,Who played the baby in superman the movie?,misinformation,Aaron Smolinski,no_valid_conflict_pair,5,,www.capedwonder.com,Aaron Smolinski,correct,"Superman movie fans all over the world fondly remember young Aaron Smolinski's charming, heart-warming performance as baby Superman in the Smallville scenes in ..."
qacc-0699,qacc,Who originally sang counting flowers on the wall?,misinformation,The Statler Brothers,,0,,en.wikipedia.org,,noise,"Written and composed by Lew DeWitt, the group's original tenor vocalist, the song peaked in popularity in January 1966, spending four weeks at number two on the ..."
qacc-0699,qacc,Who originally sang counting flowers on the wall?,misinformation,The Statler Brothers,,1,,roughstock.com,Eric Heatherly,conflict,"Jul 20, 2014 ... ""Flowers On The Wall"" was moody, quirky and retro-cool just like its singer Eric Heatherly. Perhaps that was too much to sustain for Country ..."
qacc-0699,qacc,Who originally sang counting flowers on the wall?,misinformation,The Statler Brothers,,2,,www.youtube.com,The Statler Brothers,correct,"Dec 4, 2015 ... The Statler Brothers - Flowers On the Wall (Man in Black: Live in Denmark) · Comments681."
qacc-0699,qacc,Who originally sang counting flowers on the wall?,misinformation,The Statler Brothers,,3,,wyrk.com,,noise,"Aug 5, 2019 ... Although some may not remember singer-songwriter Eric Heatherly, many do remember his debut single, ""Flowers On the Wall."" The song was not ..."
qacc-0699,qacc,Who originally sang counting flowers on the wall?,misinformation,The Statler Brothers,,4,,secondhandsongs.com,,noise,The Statler Brothers won two Grammy awards on the strength of 'Flowers on the Wall'; one Grammy in the category 'Best Contemporary Performance Group' (Vocal or ...
qacc-0699,qacc,Who originally sang counting flowers on the wall?,misinformation,The Statler Brothers,,5,,www.songfacts.com,,noise,"The song was written by Lew DeWitt, who was a founding member of the Statler Brothers and the original tenor. He sufferd from Crohn's disease which I'm guessing ..."
qacc-0699,qacc,Who originally sang counting flowers on the wall?,misinformation,The Statler Brothers,,6,,lessonswithmarcel.com,Trey Hensley,conflict,"Counting Flowers on the Wall, Trey Hensley (Advanced) ... As performed in this YouTube video! This guitar break was transcribed during a livestream. You can order ..."
qacc-0700,qacc,What is the meaning of ci in police?,misinformation,Confidential Informant,pending_screen,0,,www.quora.com,Circle Inspector,conflict,"In police terms, especially in Indian context, it may also mean Circle Inspector. In traffic department, a traffic district is divided into Circles and circle ..."
qacc-0700,qacc,What is the meaning of ci in police?,misinformation,Confidential Informant,pending_screen,1,,www.ojp.gov,,noise,"A CONFIDENTIAL INFORMANT IS A SECRET SOURCE WHO, THROUGH A CONTACT OFFICER, SUPPLIES INFORMATION ON CRIMINAL ACTIVITY TO THE POLICE OR LAW ENFORCEMENT AGENT ..."
qacc-0700,qacc,What is the meaning of ci in police?,misinformation,Confidential Informant,pending_screen,2,,byjus.com,Circle Inspector,conflict,A wide urban or rural area in a smaller district is headed by the Superintendent of Police (S.P.). CI – Circle inspector. A traffic district is divided into ...
qacc-0700,qacc,What is the meaning of ci in police?,misinformation,Confidential Informant,pending_screen,3,,dictionary.cambridge.org,,noise,7 days ago ... abbreviation for confidential informant: a person who secretly gives information to the police about criminal activity: She worked for years as ...
qacc-0700,qacc,What is the meaning of ci in police?,misinformation,Confidential Informant,pending_screen,4,,www.allacronyms.com,Confidential Informant,correct,"CI Police Abbreviation ; 18. CI. Confidential Informant · Law Enforcement, Government, Criminal ; 1. C . I . Confidential Informant. Informant, Crime, Law ; 1. CI."
qacc-0700,qacc,What is the meaning of ci in police?,misinformation,Confidential Informant,pending_screen,5,,unacademy.com,,noise,CI means the Circle Inspector. Circle inspector is known to be a police officer in charge of a police circle. The police circle consists of more than just ...
qacc-0700,qacc,What is the meaning of ci in police?,misinformation,Confidential Informant,pending_screen,6,,homework.study.com,,noise,CI stands for criminal informant. A criminal informant is a criminal who cooperates with the police on an investigation. The criminal usually does this in ...
qacc-0700,qacc,What is the meaning of ci in police?,misinformation,Confidential Informant,pending_screen,7,,majorcrimesdivision.fandom.com,,noise,The Criminal Intelligence Division (CI) of the Los Angeles Police Department (LAPD) is responsible for gathering and analyzing intelligence and criminal ...
qacc-0700,qacc,What is the meaning of ci in police?,misinformation,Confidential Informant,pending_screen,8,,en.wikipedia.org,Confidential Informant,correct,"The term is usually used within the law-enforcement world, where informants are officially known as confidential human sources (CHS), or criminal informants (CI) ..."
qacc-0700,qacc,What is the meaning of ci in police?,misinformation,Confidential Informant,pending_screen,9,,www.swilliams-law.net,,noise,"Aug 4, 2020 ... The CI is assigned a CI number and agrees to provide information about your case to the police. The CI may do “controlled buys.” This means that ..."
qacc-0706,qacc,Where is michelangelo's david in florence italy?,misinformation,Accademia Gallery ,no_valid_conflict_pair,0,,www.florence-museum.com,Accademia Gallery ,correct,Michelangelo's David is currently in the Accademia Gallery of Florence (Galleria dell'Accademia di Firenze) in Florence and is definitely a goal you can not ...
qacc-0706,qacc,Where is michelangelo's david in florence italy?,misinformation,Accademia Gallery ,no_valid_conflict_pair,1,,en.wikipedia.org,,noise,"David is a masterpiece of Italian Renaissance sculpture, created from 1501 to 1504 by Michelangelo. With a height of 5.17 metres (17 ft 0 in), the David was ..."
qacc-0706,qacc,Where is michelangelo's david in florence italy?,misinformation,Accademia Gallery ,no_valid_conflict_pair,2,,theromanguy.com,,noise,"Dec 7, 2022 ... You'll find the third statue of David on the hillside at Piazzale Michelangelo, overlooking a breathtaking view of the city. In the 1860s, ..."
qacc-0706,qacc,Where is michelangelo's david in florence italy?,misinformation,Accademia Gallery ,no_valid_conflict_pair,3,,www.contexttravel.com,,noise,"10 Facts about Michelangelo's Statue of David in Florence, Italy ... Michelangelo's David at its home in the Galleria dell'Accademia in Florence. Italy is ..."
qacc-0706,qacc,Where is michelangelo's david in florence italy?,misinformation,Accademia Gallery ,no_valid_conflict_pair,4,,thetourguy.com,Accademia Gallery ,correct,"Jul 7, 2023 ... Michelangelo's statue of David is housed in Florence's Galleria dell'Accademia or Accademia Gallery. In this article, we'll cover the best ways ..."
qacc-0706,qacc,Where is michelangelo's david in florence italy?,misinformation,Accademia Gallery ,no_valid_conflict_pair,5,,www.accademia.org,Accademia Gallery ,correct,"Accademia.org is a guide dedicated to the Accademia Gallery Museum in Florence, Italy. Admire Michelangelo's David, reserve your tickets, book your tour."
qacc-0706,qacc,Where is michelangelo's david in florence italy?,misinformation,Accademia Gallery ,no_valid_conflict_pair,6,,alittleadrift.com,,noise,"Apr 21, 2023 ... A replica of Michelangelo's statue of David in the Piazza della Signoria—there is a second replica on the hillside at Piazzale Michelangelo."
qacc-0706,qacc,Where is michelangelo's david in florence italy?,misinformation,Accademia Gallery ,no_valid_conflict_pair,7,,www.accademia.org,,noise,"This astonishing Renaissance sculpture was created between 1501 and 1504. It is a 14.0 ft marble statue depicting the Biblical hero David, represented as a ..."
qacc-0706,qacc,Where is michelangelo's david in florence italy?,misinformation,Accademia Gallery ,no_valid_conflict_pair,8,,www.cnn.com,,noise,"Mar 27, 2023 ... Florence's mayor has invited Hope Carrasquilla, the former principal of a ... lesson on Michelangelo's nude ""David"" statue, to visit Italy."
qacc-0706,qacc,Where is michelangelo's david in florence italy?,misinformation,Accademia Gallery ,no_valid_conflict_pair,9,,apnews.com,Accademia Gallery ,correct,"Mar 28, 2023 ... Visitors stand in front of Michelangelo's “David statue” in the Accademia Gallery in Florence, Italy, Tuesday, March 28, 2023."
qacc-0711,qacc,Who sings the chorus in eminem song space bound?,misinformation,Mcewen,no_valid_conflict_pair,0,,www.quora.com,Mcewen,correct,"First of all the singer in Space Bound is named Steve Mcewen. But as for the question, Eminem has been known for being an asshole when it comes to credit."
qacc-0711,qacc,Who sings the chorus in eminem song space bound?,misinformation,Mcewen,no_valid_conflict_pair,1,,en.wikipedia.org,Mcewen,correct,"The chorus is sung by McEwan, who also provided guitars. ... The song was recorded by Robert Marks in Parkland Playhouse and Mike Strange and Joe Strange in ..."
qacc-0711,qacc,Who sings the chorus in eminem song space bound?,misinformation,Mcewen,no_valid_conflict_pair,2,,genius.com,,noise,"Feb 28, 2018 ... Space Bound. Eminem. Lyrics About Tracklist Comments. A summer love song that gets pretty visceral. Em describes a budding relationship that ..."
qacc-0711,qacc,Who sings the chorus in eminem song space bound?,misinformation,Mcewen,no_valid_conflict_pair,3,,www.imdb.com,,noise,"""Space Bound"" is a song by Eminem from 4 years ago and these 4.5 minutes are the music video for it. It's basically the usual Eminem: attempts to be truly ..."
qacc-0711,qacc,Who sings the chorus in eminem song space bound?,misinformation,Mcewen,no_valid_conflict_pair,4,,clizbeats.com,,noise,"Apr 28, 2011 ... As we have mentioned in many previous posts, the album allowed us to be introduced to singer/song writer, Skylar Grey, who helped Alex Da Kid ..."
qacc-0711,qacc,Who sings the chorus in eminem song space bound?,misinformation,Mcewen,no_valid_conflict_pair,5,,popcrush.com,,noise,"Feb 18, 2011 ... ' Anthemic, strummed acoustic guitars and a glacially paced rhythm section serve as the skeleton, while Eminem half-sings, half-raps ..."
qacc-0711,qacc,Who sings the chorus in eminem song space bound?,misinformation,Mcewen,no_valid_conflict_pair,6,,www.last.fm,Mcewen,correct,"Jun 16, 2021 ... The chorus is sung by McEwan, who also provided guitars. The song was recorded by Robert Marks in Parkland Playhouse and Mike Strange and Joe ..."
qacc-0711,qacc,Who sings the chorus in eminem song space bound?,misinformation,Mcewen,no_valid_conflict_pair,7,,www.fuse.tv,,noise,"The chorus of ""Space Bound,"" though, isn't a song anyone's heard before (although ... ballads that John himself famously sang the chorus at the Grammys)."
qacc-0711,qacc,Who sings the chorus in eminem song space bound?,misinformation,Mcewen,no_valid_conflict_pair,8,,www.reddit.com,Mcewen,correct,"Feb 21, 2022 ... The chorus is sung by McEwan, who also provided the guitars. It was mixed by Eminem, Mike Strange and Marks. In July 2011, producer Jim Jonsin ..."
qacc-0713,qacc,Who composed the famous song 'sare jahan se acha'?,misinformation,Allama Muhammad Iqbal,no_valid_conflict_pair,0,,en.wikipedia.org,Allama Muhammad Iqbal,correct,"Sare Jahan se Accha formally known as ""Tarānah-e-Hindi is an Urdu language patriotic song for children written by poet Allama Muhammad Iqbal in the ghazal ..."
qacc-0713,qacc,Who composed the famous song 'sare jahan se acha'?,misinformation,Allama Muhammad Iqbal,no_valid_conflict_pair,1,,www.quora.com,,noise,"It was written by Allama Iqbal, the ideologue and father of Pakistan and Pan-Islamism of radical variety. He wrote 'Saare Jahan Se Accha' when he was 19, but ..."
qacc-0713,qacc,Who composed the famous song 'sare jahan se acha'?,misinformation,Allama Muhammad Iqbal,no_valid_conflict_pair,2,,byjus.com,Allama Muhammad Iqbal,correct,"Q. Allama Muhammad Iqbal, composed the famous song 'Saare jaha se accha'. What was this song about?"
qacc-0713,qacc,Who composed the famous song 'sare jahan se acha'?,misinformation,Allama Muhammad Iqbal,no_valid_conflict_pair,3,,www.toppr.com,,noise,Mohammed lqbal composed the famous song 'Sare Jahan Se Achha.' Was this answer helpful? upvote 0.
qacc-0713,qacc,Who composed the famous song 'sare jahan se acha'?,misinformation,Allama Muhammad Iqbal,no_valid_conflict_pair,4,,byjusexamprep.com,Allama Muhammad Iqbal,correct,"Aug 9, 2023 ... Allama Muhammad Iqbal wrote the song 'Saare Jahan Se Achha'. He was an Urdu poet, philosopher and politician. 'Sare Jahan Se Achha' is one ..."
qacc-0713,qacc,Who composed the famous song 'sare jahan se acha'?,misinformation,Allama Muhammad Iqbal,no_valid_conflict_pair,5,,www.ndtv.com,Allama Muhammad Iqbal,correct,"May 27, 2023 ... Born in 1877 in Sialkot in undivided India, Muhammad Allama Iqbal wrote the famous song 'Saare jahan se achha'. He is also known for giving ..."
qacc-0713,qacc,Who composed the famous song 'sare jahan se acha'?,misinformation,Allama Muhammad Iqbal,no_valid_conflict_pair,6,,www.thehindu.com,,noise,"May 31, 2023 ... I agree that he served India by composing the popular song 'Sare Jahan Se Acha' but never believed in that."" Earlier, on Friday, Mr. Singh ..."
qacc-0713,qacc,Who composed the famous song 'sare jahan se acha'?,misinformation,Allama Muhammad Iqbal,no_valid_conflict_pair,7,,www.hindustantimes.com,Allama Muhammad Iqbal,correct,"May 27, 2023 ... Iqbal who wrote the popular song “Sare jahan se acha Hindustan hamara” is one of the most prominent Urdu and Persian poets of the Indian ..."
qacc-0714,qacc,Is there any twins in the duggar family?,misinformation,Jana and John David ,no_valid_conflict_pair,0,,encyclopediaofarkansas.net,Jana and John David ,correct,"Twins Jana and John David were born in 1990, Jill in 1991, Jessa in 1992, Jinger in 1993, Joseph in 1995, Josiah in 1996, Joy-Anna in 1997, twins Jedidiah and ..."
qacc-0714,qacc,Is there any twins in the duggar family?,misinformation,Jana and John David ,no_valid_conflict_pair,1,,www.intouchweekly.com,,noise,"Jul 29, 2020 ... With a total of 19 children, the Duggars are bound to have at least one set of twins — right? Believe it or not, the Counting On brood has ..."
qacc-0714,qacc,Is there any twins in the duggar family?,misinformation,Jana and John David ,no_valid_conflict_pair,2,,www.usmagazine.com,Jana and John David ,correct,"Jun 2, 2023 ... John-David and Abbie Duggar ... Jana arrived with twin brother, John-David. He married Abbie in 2018. Eight months after their nuptials, the pair ..."
qacc-0714,qacc,Is there any twins in the duggar family?,misinformation,Jana and John David ,no_valid_conflict_pair,3,,www.cheatsheet.com,,noise,"Dec 12, 2018 ... And like so many other huge families, the Duggar clan is made up of more than one set of twins. But there are some things about the Duggar ..."
qacc-0714,qacc,Is there any twins in the duggar family?,misinformation,Jana and John David ,no_valid_conflict_pair,4,,www.nickiswift.com,,noise,"Apr 4, 2021 ... Jed (also known as Jedidiah) and Jeremiah are the second set of twins in the Duggar family; the first set of Duggar twins are John-David ..."
qacc-0714,qacc,Is there any twins in the duggar family?,misinformation,Jana and John David ,no_valid_conflict_pair,5,,www.the-sun.com,Jana and John David ,correct,"Jan 13, 2022 ... DUGGAR twins Jana and John David were majorly snubbed by their ... Despite having a large family, no one reached out to celebrate with Jana ..."
qacc-0714,qacc,Is there any twins in the duggar family?,misinformation,Jana and John David ,no_valid_conflict_pair,6,,www.facebook.com,,noise,"Happy birthday to our twins, Jedidiah and Jeremiah! They are our second set of twins, and have been a dynamic duo for 21 years now! Jed, you are one of..."
qacc-0714,qacc,Is there any twins in the duggar family?,misinformation,Jana and John David ,no_valid_conflict_pair,7,,time.com,Jana and John David ,correct,"May 22, 2015 ... Josh Duggar's molestation accusations are casting a new light on his ... Jana and John-David (who are twins), Jill, Jessa, Jinger, Joseph, ..."
qacc-0729,qacc,When was the last time the guillotine was used for execution?,misinformation,1977,,0,,en.wikipedia.org,1940,conflict,"In Switzerland, it was used for the last time by the canton of Obwalden in the execution of murderer Hans Vollenweider in 1940. In Greece, the guillotine ..."
qacc-0729,qacc,When was the last time the guillotine was used for execution?,misinformation,1977,,1,,www.history.com,,noise,"Sep 15, 2014 ... It was last used in the 1970s. ... The guillotine remained France's state method of capital punishment well into the late 20th century. Convicted ..."
qacc-0729,qacc,When was the last time the guillotine was used for execution?,misinformation,1977,,2,,www.wired.com,1977,correct,"Sep 10, 2007 ... 1977: France stages its last execution using the guillotine.A Tunisian immigrant living in Marseilles, Hamida Djandoubi, was executed for ..."
qacc-0729,qacc,When was the last time the guillotine was used for execution?,misinformation,1977,,3,,en.wikipedia.org,,noise,"Eugen Weidmann, the last person to be publicly executed by guillotine in France in 1939. Further readingEdit. Mercer, Jeremy (2008). When the ..."
qacc-0729,qacc,When was the last time the guillotine was used for execution?,misinformation,1977,,4,,www.history.com,1977,correct,"Mar 3, 2010 ... Use of the guillotine continued in France in the 19th and 20th centuries, and the last execution by guillotine occurred in 1977."
qacc-0729,qacc,When was the last time the guillotine was used for execution?,misinformation,1977,,5,,dailytelegraph.com.au,1977,correct,"Sep 7, 2017 ... Hamida Djandoubi, in 1977, the last man executed by guillotine in France. Machines for decollation (beheading) had been around since ancient ..."
qacc-0729,qacc,When was the last time the guillotine was used for execution?,misinformation,1977,,6,,www.tn.gov,,noise,"From 1913 to 1915, there was no capital punishment in Tennessee. C. Rye was Governor during the first execution by electrocution. From 1916 until 1960, 125 ..."
qacc-0729,qacc,When was the last time the guillotine was used for execution?,misinformation,1977,,7,,www.ncbi.nlm.nih.gov,,noise,"Jan 16, 2023 ... If many executions were necessary, the use of a sword or axe became even ... The last official death by guillotine was of Hamida Djandoubi, ..."
qacc-0733,qacc,Where are the queen's crown jewels kept?,misinformation,Tower of London,no_valid_conflict_pair,0,,www.hrp.org.uk,,noise,"Following their use in the Coronation ceremony of Their Majesties King Charles III and Queen Camilla on 6 May, the regalia is back on display in the Treasury of ..."
qacc-0733,qacc,Where are the queen's crown jewels kept?,misinformation,Tower of London,no_valid_conflict_pair,1,,en.wikipedia.org,,noise,"The Crown Jewels of the United Kingdom, originally the Crown Jewels of England, are a collection of royal ceremonial objects kept in ... Wives of kings, known as queens consort, are invested with a plainer set ..."
qacc-0733,qacc,Where are the queen's crown jewels kept?,misinformation,Tower of London,no_valid_conflict_pair,2,,www.hrp.org.uk,Tower of London,correct,"Coronation portrait of Queen Elizabeth II, 2 June 1953. ... The Crown Jewels are kept under armed guard in the Jewel House at the Tower of London."
qacc-0733,qacc,Where are the queen's crown jewels kept?,misinformation,Tower of London,no_valid_conflict_pair,3,,www.rct.uk,Tower of London,correct,"Kept under the watchful eye of the Yeoman Warders at the Tower of London, they constitute the most complete collection of royal regalia in the world. Their long ..."
qacc-0733,qacc,Where are the queen's crown jewels kept?,misinformation,Tower of London,no_valid_conflict_pair,4,,www.edinburghcastle.scot,,noise,"On display in the Crown Room, they are the oldest Crown jewels in Britain. ... The crown was made for James V, who first wore it at the coronation of Queen ..."
qacc-0733,qacc,Where are the queen's crown jewels kept?,misinformation,Tower of London,no_valid_conflict_pair,5,,www.bbc.com,,noise,"Sep 19, 2022 ... What's the story behind the most iconic item in the Crown Jewels? ... While the Queen was lying in state, on top of her coffin rested the ..."
qacc-0733,qacc,Where are the queen's crown jewels kept?,misinformation,Tower of London,no_valid_conflict_pair,6,,www.thejewelleryeditor.com,,noise,"Sep 16, 2022 ... They are stashed 40 feet under Buckingham Palace in a converted air raid shelter with an alarm connected to the palace's own police station. The ..."
qacc-0733,qacc,Where are the queen's crown jewels kept?,misinformation,Tower of London,no_valid_conflict_pair,7,,freetoursbyfoot.com,Tower of London,correct,"Jan 17, 2023 ... Guarded by Yeomen Warders, the jewels are kept in The Jewel House at the Tower of London, where this precious collection has been held since the ..."
qacc-0733,qacc,Where are the queen's crown jewels kept?,misinformation,Tower of London,no_valid_conflict_pair,8,,www.smithsonianmag.com,,noise,"Aug 30, 2017 ... A star of London's Crown Jewels, the Indian gem has a bloody history ... set at the front of the crown made for the Queen Mother Elizabeth, ..."
qacc-0733,qacc,Where are the queen's crown jewels kept?,misinformation,Tower of London,no_valid_conflict_pair,9,,www.royal.uk,,noise,"Dec 3, 2022 ... St Edward's Crown, the historic centrepiece of the Crown Jewels, ... The King and The Queen Consort mark Holocaust Memorial Day."
qacc-0738,qacc,Who wrote the book of romans in the new testament?,misinformation,apostle Paul,no_valid_conflict_pair,0,,insight.org,apostle Paul,correct,"The apostle Paul wrote to the Romans from the Greek city of Corinth in AD 57, just three years after the 16-year-old Nero had ascended to the throne as Emperor ..."
qacc-0738,qacc,Who wrote the book of romans in the new testament?,misinformation,apostle Paul,no_valid_conflict_pair,1,,www.churchofjesuschrist.org,apostle Paul,correct,"Who Wrote This Book? The Apostle Paul is the author of the Epistle to the Romans (see Romans 1:1). In writing this epistle, Paul used the assistance of a ..."
qacc-0738,qacc,Who wrote the book of romans in the new testament?,misinformation,apostle Paul,no_valid_conflict_pair,2,,zondervanacademic.com,apostle Paul,correct,"Jun 11, 2019 ... The book of Romans was written by the Apostle Paul. There's been almost no debate about this in the scholarly world over the years."
qacc-0738,qacc,Who wrote the book of romans in the new testament?,misinformation,apostle Paul,no_valid_conflict_pair,3,,www.alabasterco.com,apostle Paul,correct,"Who Wrote the Book of Romans? ... The book of Romans was written by the apostle Paul in approximately 57-58 C.E. as a letter, or epistle, to the church in Rome."
qacc-0738,qacc,Who wrote the book of romans in the new testament?,misinformation,apostle Paul,no_valid_conflict_pair,4,,en.wikipedia.org,apostle Paul,correct,Biblical scholars agree that it was composed by Paul the Apostle to explain that salvation is offered through the gospel of Jesus Christ. Romans 4:23–5:3 on ...
qacc-0738,qacc,Who wrote the book of romans in the new testament?,misinformation,apostle Paul,no_valid_conflict_pair,5,,www.biblestudytools.com,apostle Paul,correct,"May 5, 2023 ... It is to this church the Apostle Paul, who wrote Romans, writes this letter. Who is the Author of Romans? In the opening line of this letter the ..."
qacc-0738,qacc,Who wrote the book of romans in the new testament?,misinformation,apostle Paul,no_valid_conflict_pair,6,,www.christianitytoday.com,,noise,"I Tertius, the writer of this letter, greet you in the Lord” (NRSV). Of course, Romans 1:1 indicates that Paul was the author. So who was this “Tertius,” ..."
qacc-0738,qacc,Who wrote the book of romans in the new testament?,misinformation,apostle Paul,no_valid_conflict_pair,7,,www.gotquestions.org,apostle Paul,correct,"Jan 4, 2022 ... Author: Romans 1:1 identifies the author of the Book of Romans as the apostle Paul. Romans 16:22 indicates that Paul used a man named ..."
qacc-0738,qacc,Who wrote the book of romans in the new testament?,misinformation,apostle Paul,no_valid_conflict_pair,8,,www.history.com,,noise,"Jul 17, 2020 ... For at least 1,000 years, both Jewish and Christian tradition held that a single author wrote the first five books of the Bible—Genesis, ..."
qacc-0739,qacc,Who was leading the space race in april of 1961?,misinformation,Soviet Union,no_valid_conflict_pair,0,,www.history.com,Soviet Union,correct,"Feb 22, 2010 ... In 1959, the Soviet space program took another step forward with the launch of Luna 2, the first space probe to hit the moon. In April 1961, the ..."
qacc-0739,qacc,Who was leading the space race in april of 1961?,misinformation,Soviet Union,no_valid_conflict_pair,1,,www.rmg.co.uk,Soviet Union,correct,It carried experimental equipment that led to the discovery of the Van Allen ... 12 April 1961: The Soviet Union achieve a clear triumph in the space race.
qacc-0739,qacc,Who was leading the space race in april of 1961?,misinformation,Soviet Union,no_valid_conflict_pair,2,,history.nasa.gov,Soviet Union,correct,"... Union in the ""space race."" Four years after the Sputnik shock of 1957, the cosmonaut Yuri Gagarin had become the first human in space on April 12, 1961, ..."
qacc-0739,qacc,Who was leading the space race in april of 1961?,misinformation,Soviet Union,no_valid_conflict_pair,3,,www.nasa.gov,,noise,"Apr 13, 2011 ... April 12 was already a huge day in space history twenty years before the launch of the first shuttle mission. On that day in 1961, ..."
qacc-0739,qacc,Who was leading the space race in april of 1961?,misinformation,Soviet Union,no_valid_conflict_pair,4,,www.jfklibrary.org,,noise,"The Kennedy Administration and the ""Space Race""; April 12, 1961 telegram ... will be the world leader”—and major achievements in space are identified as a ..."
qacc-0739,qacc,Who was leading the space race in april of 1961?,misinformation,Soviet Union,no_valid_conflict_pair,5,,en.wikipedia.org,,noise,"It gained momentum when the USSR sent the first human, Yuri Gagarin, into space with the orbital flight of Vostok 1 on April 12, 1961. These were followed by a ..."
qacc-0739,qacc,Who was leading the space race in april of 1961?,misinformation,Soviet Union,no_valid_conflict_pair,6,,www.jfklibrary.org,,noise,"The Kennedy Administration and the “Space Race”. • April 12, 1961 telegram from President Kennedy to Premier Khrushchev. • April 20, 1961 memo from ..."
qacc-0739,qacc,Who was leading the space race in april of 1961?,misinformation,Soviet Union,no_valid_conflict_pair,7,,www.space.com,Soviet Union,correct,"May 14, 2023 ... September 12, 1959: The Soviet Union launches Lunar 2, the first spacecraft to successfully land on the surface of the moon. April 12, 1961: ..."
qacc-0739,qacc,Who was leading the space race in april of 1961?,misinformation,Soviet Union,no_valid_conflict_pair,8,,millercenter.org,,noise,"Soviet cosmonaut Yuri Gagarin becomes the first man in space. In-Depth Exhibits. The Space Race. April 17, 1961."
qacc-0739,qacc,Who was leading the space race in april of 1961?,misinformation,Soviet Union,no_valid_conflict_pair,9,,en.wikipedia.org,Soviet Union,correct,"Travelling on Vostok 1, Gagarin completed one orbit of Earth on 12 April 1961. By achieving this major milestone for the Soviet Union amidst the Space Race, ..."
qacc-0741,qacc,First chief of army staff of independent india?,misinformation,Shri Rajendrasinhji Jadeja,,0,,en.wikipedia.org,Shri Rajendrasinhji Jadeja,correct,"General Maharaj Shri Rajendrasinhji Jadeja DSO (15 June 1899 – 1 January 1964), also known as K.S. Rajendrasinhji, was the first Chief of Army Staff of the ..."
qacc-0741,qacc,First chief of army staff of independent india?,misinformation,Shri Rajendrasinhji Jadeja,,1,,www.britannica.com,,noise,"Jul 3, 2023 ... After India's independence, Cariappa was appointed the deputy chief of general staff with the rank of major general. On promotion to the rank of ..."
qacc-0741,qacc,First chief of army staff of independent india?,misinformation,Shri Rajendrasinhji Jadeja,,2,,en.wikipedia.org,,noise,The Chief of Army Staff (COAS) is a statutory position in the Indian Army held by a four star general. As the highest ranking officer to serve solely in the ...
qacc-0741,qacc,First chief of army staff of independent india?,misinformation,Shri Rajendrasinhji Jadeja,,3,,www.nam.ac.uk,,noise,"The birth of India and Pakistan as independent states in 1947 was a key moment ... including General Sir Robert Lockhart, India's first Chief of Army Staff, ..."
qacc-0741,qacc,First chief of army staff of independent india?,misinformation,Shri Rajendrasinhji Jadeja,,4,,www.jagranjosh.com,General Sir Robert Lockhart,conflict,List of Indian Chief of Army Staff (1947-2021) ; 1. General Sir Robert Lockhart. 15 Aug 1947 – 31 Dec 1947 ; 2. General Sir Roy Bucher. 01 Jan 1948 – 14 Jan 1949.
qacc-0741,qacc,First chief of army staff of independent india?,misinformation,Shri Rajendrasinhji Jadeja,,5,,indiancc.nic.in,,noise,"Immediately after independence, India was confronted with problems of formidable magnitude ... Then Colonel (later Chief of Army Staff) GG Bewoor. First ..."
qacc-0741,qacc,First chief of army staff of independent india?,misinformation,Shri Rajendrasinhji Jadeja,,6,,indianairforce.nic.in,,noise,"The post-independence Indian Air Force owes its independent status to one man, ... was the first Commander-in-Chief of the Indian Air Force of Free India."
qacc-0741,qacc,First chief of army staff of independent india?,misinformation,Shri Rajendrasinhji Jadeja,,7,,www.facebook.com,Shri Rajendrasinhji Jadeja,correct,"Jul 9, 2020 ... General Maharaj Shri Rajendrasinhji Jadeja ***First Chief of Army staff of Independent India*** *Jadeja Rajputs *Rajendrasinhji was born on ..."
qacc-0741,qacc,First chief of army staff of independent india?,misinformation,Shri Rajendrasinhji Jadeja,,8,,www.jcs.mil,,noise,"The official website of the Joint Chiefs of Staff, U.S. Department of Defense."
qacc-0741,qacc,First chief of army staff of independent india?,misinformation,Shri Rajendrasinhji Jadeja,,9,,www.usmcu.edu,,noise,"The first two commanders in chief of the Pakistan Army were British, and upon independence in 1947 there were 120 British officers serving in the Pakistan ..."
qacc-0742,qacc,When was the first time joshua was mentioned in the bible?,misinformation,Exodus 17 ,no_valid_conflict_pair,0,,www.gotquestions.org,Exodus 17 ,correct,"Jan 4, 2022 ... The first time we see Joshua is in Exodus 17 in the battle against the Amalekites. Exodus 17:13 tells us that Joshua ""overwhelmed Amalek and ..."
qacc-0742,qacc,When was the first time joshua was mentioned in the bible?,misinformation,Exodus 17 ,no_valid_conflict_pair,1,,www.jewishvirtuallibrary.org,Exodus 17 ,correct,"The first appearance of Joshua in the Bible is in Exodus 17, where he is called Hosea. When the Israelites are attacked by the Amalekites immediately after ..."
qacc-0742,qacc,When was the first time joshua was mentioned in the bible?,misinformation,Exodus 17 ,no_valid_conflict_pair,2,,www.learnreligions.com,Exodus 17 ,correct,"Jun 6, 2020 ... Bible References: Joshua is mentioned in the Bible in Exodus 17, 24, 32, 33; Numbers, Deuteronomy, Joshua, Judges 1:1-2:23; 1 Samuel 6:14-18 ..."
qacc-0742,qacc,When was the first time joshua was mentioned in the bible?,misinformation,Exodus 17 ,no_valid_conflict_pair,3,,www.chabad.org,,noise,"In fact, the very first time Joshua is mentioned in the Bible is when, shortly after the Jewish People were redeemed from Egypt and were traveling in the ..."
qacc-0742,qacc,When was the first time joshua was mentioned in the bible?,misinformation,Exodus 17 ,no_valid_conflict_pair,4,,kingjamesbibledictionary.com,Exodus 17 ,correct,"He is mentioned first in connection with the fight against Amalek at Rephidim, when he was chosen by Moses to lead the Isr'lites. (Exodus 17:9) Soon afterward ..."
qacc-0742,qacc,When was the first time joshua was mentioned in the bible?,misinformation,Exodus 17 ,no_valid_conflict_pair,5,,davidschrock.com,,noise,"Sep 6, 2019 ... Understanding the name of Joshua helps us understand Joshua's role in history and in the Bible. As Jesus himself said, Moses spoke of him ..."
qacc-0742,qacc,When was the first time joshua was mentioned in the bible?,misinformation,Exodus 17 ,no_valid_conflict_pair,6,,thebiblesays.com,,noise,This is the first mention of Joshua in the Scriptures. ... and recite it to Joshua.” This is the first time the LORD has been mentioned in this passage.
qacc-0742,qacc,When was the first time joshua was mentioned in the bible?,misinformation,Exodus 17 ,no_valid_conflict_pair,7,,www.biblicalcyclopedia.com,,noise,"In the Bible he is first mentioned as being the victorious commander of the ... for the first time (compare Ex 24:13; Ex 33:11) the two Tables, Joshua, ..."
qacc-0742,qacc,When was the first time joshua was mentioned in the bible?,misinformation,Exodus 17 ,no_valid_conflict_pair,8,,biblehub.com,,noise,"He is mentioned first in connection with the fight against Amalek at Rephidim, when he was chosen by Moses to lead the Israelites."
qacc-0743,qacc,When were the teenage mutant ninja turtles created?,misinformation,1983,gold_not_in_candidates,0,,www.nytimes.com,November 1983,conflict,"Aug 8, 2022 ... Originally created in 1983 by the comic book artists Kevin Eastman and Peter Laird, the Teenage Mutant Ninja Turtles were imagined as a kind ..."
qacc-0743,qacc,When were the teenage mutant ninja turtles created?,misinformation,1983,gold_not_in_candidates,1,,www.britannica.com,November 1983,conflict,"Aug 13, 2023 ... The series and its characters were created in 1983 by cartoonists Kevin Eastman and Peter Laird, who published the first TMNT comic book (1984) ..."
qacc-0743,qacc,When were the teenage mutant ninja turtles created?,misinformation,1983,gold_not_in_candidates,2,,www.dover.nh.gov,,noise,"Jun 19, 2021 ... ... comic book studio that created the Teenage Mutant Ninja Turtles (TMNT) ... of the lot where Mirage Studios was founded on Union Street."
qacc-0743,qacc,When were the teenage mutant ninja turtles created?,misinformation,1983,gold_not_in_candidates,3,,www.wmur.com,,noise,"May 4, 2023 ... The story surrounding the world-famous “Teenage Mutant Ninja Turtles” was created on a chilly evening in Dover decades ago."
qacc-0743,qacc,When were the teenage mutant ninja turtles created?,misinformation,1983,gold_not_in_candidates,4,,www.mentalfloss.com,November 1983,conflict,"Jun 27, 2015 ... Struggling artists Kevin Eastman and Peter Laird were living in Northampton, Massachusetts, when they came up with the Turtles in November 1983."
qacc-0743,qacc,When were the teenage mutant ninja turtles created?,misinformation,1983,gold_not_in_candidates,5,,turtlepedia.fandom.com,1984,conflict,Teenage Mutant Ninja Turtles originated in an American comic book published by Mirage Studios in 1984 in New Hampshire. The concept arose from a humorous ...
qacc-0745,qacc,How many times has australia won the cricket world cup?,misinformation,five,no_valid_conflict_pair,0,,en.wikipedia.org,five,correct,"Australia has won the tournament five times, India and West Indies twice each, while Pakistan, Sri Lanka and England have won it once each."
qacc-0745,qacc,How many times has australia won the cricket world cup?,misinformation,five,no_valid_conflict_pair,1,,www.careerpower.in,five,correct,Australia is the most successful country which won 5 World Cups. India & West Indies are the only two countries that have won the world cup 2 times each.
qacc-0745,qacc,How many times has australia won the cricket world cup?,misinformation,five,no_valid_conflict_pair,2,,en.wikipedia.org,five,correct,"The Australian cricket team is the most successful team in the Cricket World Cup winning the 1987, 1999, 2003, 2007 and 2015 editions."
qacc-0745,qacc,How many times has australia won the cricket world cup?,misinformation,five,no_valid_conflict_pair,3,,byjusexamprep.com,five,correct,"Jun 27, 2023 ... As far as country-wise winners are concerned, Australia has won the ICC ODI World Cup trophy five times, which makes them the most ..."
qacc-0745,qacc,How many times has australia won the cricket world cup?,misinformation,five,no_valid_conflict_pair,4,,www.quora.com,five,correct,"Australia has won the ICC Cricket World Cup five times, in 1987, 1999, 2003, 2007, and 2015. Continue reading."
qacc-0745,qacc,How many times has australia won the cricket world cup?,misinformation,five,no_valid_conflict_pair,5,,www.britannica.com,,noise,"Jun 26, 2023 ... In 1975 the first Cricket World Cup was contested in England as a ... In 2007 Australia became the first team to win three consecutive World ..."
qacc-0745,qacc,How many times has australia won the cricket world cup?,misinformation,five,no_valid_conflict_pair,6,,www.topendsports.com,,noise,"In the eleven ICC Cricket World Cups held so far, five different teams have won the tournament. Australia is the most successful World Cup team having won ..."
qacc-0745,qacc,How many times has australia won the cricket world cup?,misinformation,five,no_valid_conflict_pair,7,,www.nytimes.com,,noise,"Mar 29, 2015 ... Australian captain Michael Clarke lifted the Cricket World Cup championship ... The long pool stage has nothing to do with the number of ..."
qacc-0745,qacc,How many times has australia won the cricket world cup?,misinformation,five,no_valid_conflict_pair,8,,www.mpl.live,five,correct,"Sep 26, 2022 ... They have won the Cricket World Cup on five occasions, in 1987, 1999, 2003, 2007, and 2015. Which team has won the most ICC T20 World Cups? West ..."
qacc-0745,qacc,How many times has australia won the cricket world cup?,misinformation,five,no_valid_conflict_pair,9,,www.aljazeera.com,,noise,"Feb 26, 2023 ... T20 women's World Cup cricket match between South Africa and Australia ... Australia has won the T20 World Cup five times out of seven ..."
qacc-0746,qacc,Who laid the foundation of road transport industry in madras?,misinformation,MMLPs,,0,,en.wikipedia.org,TVS group,conflict,He laid foundation for road transport industry in the erstwhile Madras Presidency through the state's first bus service. The TVS group he thus started now ...
qacc-0746,qacc,Who laid the foundation of road transport industry in madras?,misinformation,MMLPs,,1,,pib.gov.in,MMLPs,correct,"Nov 11, 2022 ... MMLPs by MoRTH also lays the foundation of development of such ... Chennai Port Authority & Tamil Nadu Industrial Development Corporation."
qacc-0746,qacc,Who laid the foundation of road transport industry in madras?,misinformation,MMLPs,,2,,www.freepressjournal.in,,noise,"Apr 27, 2023 ... He laid the foundation for road transport industry in the erstwhile Madras Presidency through the state's first bus service."
qacc-0746,qacc,Who laid the foundation of road transport industry in madras?,misinformation,MMLPs,,3,,www.rediff.com,,noise,"Dec 9, 2011 ... He laid foundation for road transport industry in the erstwhile Madras Presidency through the State's first bus service, and by his in 1955, ..."
qacc-0746,qacc,Who laid the foundation of road transport industry in madras?,misinformation,MMLPs,,4,,swarajyamag.com,,noise,"Nov 11, 2022 ... It is awarded to Reliance Industries Limited, for which Prime Minister Modi laid the foundation stone on 26 May 2022."
qacc-0746,qacc,Who laid the foundation of road transport industry in madras?,misinformation,MMLPs,,5,,www.thehindubusinessline.com,,noise,"Nov 11, 2022 ... The Ministry of Road Transport & Highways on Friday said it has awarded ... Minister laid the foundation stone on May 26, 2022,” the Road ..."
qacc-0746,qacc,Who laid the foundation of road transport industry in madras?,misinformation,MMLPs,,6,,timesofindia.indiatimes.com,,noise,"Nov 11, 2022 ... ... Reliance Industries Ltd for which prime minister laid the foundation stone,"" the ministry of road transport & highways (MoRTH) said in a ..."
qacc-0746,qacc,Who laid the foundation of road transport industry in madras?,misinformation,MMLPs,,7,,m.economictimes.com,MMLPs,correct,"Nov 11, 2022 ... Reliance Industries Ltd (RIL) has been awarded the work to develop the ... These MMLPs lay the foundation of development of large-scale ..."
qacc-0746,qacc,Who laid the foundation of road transport industry in madras?,misinformation,MMLPs,,8,,in.linkedin.com,,noise,Hear it first-hand from the visionary who laid the foundation for a novel ... Welcoming Madras Engineering Industries Private Limited to our growing ...
qacc-0746,qacc,Who laid the foundation of road transport industry in madras?,misinformation,MMLPs,,9,,www.ndtv.com,,noise,"Apr 9, 2023 ... PM Modi on Saturday launched and laid the foundation stone for nearly Rs 5000 crore worth new projects in Tamil Nadu in the transport sector ..."
qacc-0751,qacc,Where does the process of oxidative phosphorylation get the energy to form atp?,misinformation,electron transport chain,pending_screen,0,,www.ncbi.nlm.nih.gov,proton,conflict,Electron transport and oxidative phosphorylation are critical activities of ... that ATP is generated by the use of energy stored in the form of proton ...
qacc-0751,qacc,Where does the process of oxidative phosphorylation get the energy to form atp?,misinformation,electron transport chain,pending_screen,1,,www.ncbi.nlm.nih.gov,oxidative breakdown,conflict,"Because the energy to drive ATP synthesis in mitochondria ultimately derives from the oxidative breakdown of food molecules, the phosphorylation of ADP to form ..."
qacc-0751,qacc,Where does the process of oxidative phosphorylation get the energy to form atp?,misinformation,electron transport chain,pending_screen,2,,www.khanacademy.org,electron transport chain,correct,Oxidative phosphorylation is the process where energy is harnessed through a ... (called the electron transport chain and ATP synthase) to create ATP.
qacc-0751,qacc,Where does the process of oxidative phosphorylation get the energy to form atp?,misinformation,electron transport chain,pending_screen,3,,learn.genetics.utah.edu,,noise,"Our cells have two ways to make ATP: substrate-level phosphorylation and oxidative phosphorylation. Plants have a third. During photosynthesis, they use energy ..."
qacc-0751,qacc,Where does the process of oxidative phosphorylation get the energy to form atp?,misinformation,electron transport chain,pending_screen,4,,bio.libretexts.org,,noise,"Sep 4, 2021 ... Cells can store the extracted energy in the form of ATP (adenosine ... Finally, During the process of oxidative phosphorylation, ..."
qacc-0751,qacc,Where does the process of oxidative phosphorylation get the energy to form atp?,misinformation,electron transport chain,pending_screen,5,,www.sciencedirect.com,electron transport chain,correct,"Oxidative phosphorylation (OXPHOS) is defined as an electron transfer chain ... process through which energy, in the form of adenosine triphosphate (ATP), ..."
qacc-0751,qacc,Where does the process of oxidative phosphorylation get the energy to form atp?,misinformation,electron transport chain,pending_screen,6,,medlineplus.gov,,noise,"Jun 1, 2018 ... Oxidative phosphorylation is a process that uses oxygen and simple sugars to create adenosine triphosphate (ATP), the cell's main energy ..."
qacc-0751,qacc,Where does the process of oxidative phosphorylation get the energy to form atp?,misinformation,electron transport chain,pending_screen,7,,www.nature.com,,noise,"Humans obtain energy from three classes of fuel molecules: carbohydrates, ... of ATP synthesis: 1. oxidative phosphorylation, the process by which ATP is ..."
qacc-0754,qacc,When did the magician's nephew take place?,misinformation,1800's ,no_valid_conflict_pair,0,,www.amazon.com,,noise,"The Magician's Nephew [Lewis, C. S., Baynes, Pauline] on Amazon.com. ... This was a wonderful read and a great start to the Chronicles of Narnia."
qacc-0754,qacc,When did the magician's nephew take place?,misinformation,1800's ,no_valid_conflict_pair,1,,www.narniaweb.com,,noise,"Lewis, British editions of the books began appearing that were numbered according to the order the stories take place: The Magician's Nephew; The Lion, the ..."
qacc-0754,qacc,When did the magician's nephew take place?,misinformation,1800's ,no_valid_conflict_pair,2,,www.tor.com,,noise,"Jan 6, 2021 ... The last time I read The Magician's Nephew was thirty years ago. ... the longest to get onto the page: five years from start to finish."
qacc-0754,qacc,When did the magician's nephew take place?,misinformation,1800's ,no_valid_conflict_pair,3,,www.fantasybookreview.co.uk,1800's ,correct,"Set in the 1800's The Magicians Nephew is the first sequential story in the Chronicles of Narnia series and follows the adventures of Polly and Digory, two ..."
qacc-0754,qacc,When did the magician's nephew take place?,misinformation,1800's ,no_valid_conflict_pair,4,,www.quora.com,,noise,"The events of The Magician's Nephew take place before the events of any of the other books in the series, and it describes the creation of Narnia and the ..."
qacc-0754,qacc,When did the magician's nephew take place?,misinformation,1800's ,no_valid_conflict_pair,5,,ossuslibrary.tripod.com,1800's ,correct,"The story takes place in London in the late 1800s or so, before cars, but with lampposts, but I'm not sure if they are electric or gas. Regardless, the children ..."
qacc-0761,qacc,Where was the first mcdonald's in phoenix built?,misinformation,Central Avenue and Indian Sch,no_valid_conflict_pair,0,,www.azcentral.com,Central Avenue and Indian Sch,correct,"Aug 29, 2016 ... 1953: Phoenix becomes home to the first McDonald's franchise. The restaurant at Central Avenue and Indian School Road is the first to sport the ..."
qacc-0761,qacc,Where was the first mcdonald's in phoenix built?,misinformation,Central Avenue and Indian Sch,no_valid_conflict_pair,1,,www.historyadventuring.com,Central Avenue and Indian Sch,correct,"Dec 21, 2017 ... At the McDonalds in Phoenix in 1954, Central Avenue and Indian School Road ... and soon a new McDonald's had to be built further east."
qacc-0761,qacc,Where was the first mcdonald's in phoenix built?,misinformation,Central Avenue and Indian Sch,no_valid_conflict_pair,2,,www.fox10phoenix.com,,noise,"Feb 10, 2020 ... Taking a look at Sierra Vista's place in fast food history. SIERRA VISTA, Ariz. - Sierra Vista, located about three hours southeast of Phoenix, ..."
qacc-0761,qacc,Where was the first mcdonald's in phoenix built?,misinformation,Central Avenue and Indian Sch,no_valid_conflict_pair,3,,en.wikipedia.org,,noise,"The oldest McDonald's restaurant is a drive-up hamburger stand at 10207 Lakewood Boulevard at Florence Avenue in Downey, California, United States."
qacc-0761,qacc,Where was the first mcdonald's in phoenix built?,misinformation,Central Avenue and Indian Sch,no_valid_conflict_pair,4,,www.phoenixmag.com,Central Avenue and Indian Sch,correct,"Aug 1, 2016 ... Then in May 1953, they opened the first franchise at Central Avenue and Indian School Road in Phoenix. Mac and Dick assumed Fox would name the ..."
qacc-0761,qacc,Where was the first mcdonald's in phoenix built?,misinformation,Central Avenue and Indian Sch,no_valid_conflict_pair,5,,www.doney.net,,noise,"Feb 13, 2006 ... Built in 1953, it is the world's oldest McDonald's and still serves guests at walk up windows under the Golden Arches invented for the Arizona ..."
qacc-0761,qacc,Where was the first mcdonald's in phoenix built?,misinformation,Central Avenue and Indian Sch,no_valid_conflict_pair,6,,www.roadarch.com,,noise,"The first building to include the twin golden arches was built in Phoenix, AZ. It opened on May 15, 1953 but was demolished long ago. The second Golden Arches ..."
qacc-0761,qacc,Where was the first mcdonald's in phoenix built?,misinformation,Central Avenue and Indian Sch,no_valid_conflict_pair,7,,www.thevintagenews.com,,noise,"Sep 15, 2016 ... The first franchisee was Occidental Petroleum executive Neil Fox, who opened a restaurant at 4050 North Central Avenue in Phoenix, Arizona, in ..."
qacc-0761,qacc,Where was the first mcdonald's in phoenix built?,misinformation,Central Avenue and Indian Sch,no_valid_conflict_pair,8,,www.onlyinyourstate.com,,noise,"Jun 27, 2022 ... Sierra Vista, a mid-sized city about three hours southeast of Phoenix, is where the concept of the McDonald's drive-thru originated."
qacc-0763,qacc,Why did the united states pursue a policy of containment?,misinformation,Fearing that the Soviet Union,soft_conflict,0,,history.state.gov,it was influenced by the views,conflict,"“The main element of any United States policy toward the Soviet Union,” Kennan ... Even within the Truman administration there was a rift over containment ..."
qacc-0763,qacc,Why did the united states pursue a policy of containment?,misinformation,Fearing that the Soviet Union,soft_conflict,1,,www.archives.gov,Fearing that the Soviet Union,correct,"May 19, 2021 ... Fearing that the Soviet Union intended to ""export"" communism to other nations, America centered its foreign policy on the ""containment"" of ..."
qacc-0763,qacc,Why did the united states pursue a policy of containment?,misinformation,Fearing that the Soviet Union,soft_conflict,2,,www.thoughtco.com,Fearing that the Soviet Union,correct,"Aug 8, 2019 ... Kennan in 1947, the policy stated that communism needed to be contained and isolated, or else it would spread to neighboring countries. American ..."
qacc-0763,qacc,Why did the united states pursue a policy of containment?,misinformation,Fearing that the Soviet Union,soft_conflict,3,,www.studentsofhistory.com,Fearing that the Soviet Union,correct,"The Truman Doctrine, also known as the policy of containment, was President Harry Truman's foreign policy that the US would provide political, military, ..."
qacc-0763,qacc,Why did the united states pursue a policy of containment?,misinformation,Fearing that the Soviet Union,soft_conflict,4,,www.cliffsnotes.com,Fearing that the Soviet Union,correct,"The ""containment policy"" was the U.S. approach to containing, or preventing, the spread of Communism after World War II. The idea was to make other ..."
qacc-0763,qacc,Why did the united states pursue a policy of containment?,misinformation,Fearing that the Soviet Union,soft_conflict,5,,www.britannica.com,it was influenced by the views,conflict,"Containment, strategic foreign policy pursued by the United States beginning in ... by the U.S. diplomat George F. Kennan, the policy was implemented in the ..."
qacc-0763,qacc,Why did the united states pursue a policy of containment?,misinformation,Fearing that the Soviet Union,soft_conflict,6,,2001-2009.state.gov,,noise,Kennan's articulations of the policy of containment had a major influence on ... the Soviet Union as the justifications for the United States to pursue a ...
qacc-0763,qacc,Why did the united states pursue a policy of containment?,misinformation,Fearing that the Soviet Union,soft_conflict,7,,www.khanacademy.org,Fearing that the Soviet Union,correct,Truman pledged that the United States would help any nation resist communism in order to prevent its spread. His policy of containment is known as the Truman ...
qacc-0763,qacc,Why did the united states pursue a policy of containment?,misinformation,Fearing that the Soviet Union,soft_conflict,8,,clintonwhitehouse5.archives.gov,,noise,The Administration has pursued a policy towards Iraq that rests on three ... to working with U.S. allies to maintain the United Nations Security Council ...
qacc-0763,qacc,Why did the united states pursue a policy of containment?,misinformation,Fearing that the Soviet Union,soft_conflict,9,,irp.fas.org,,noise,"One is a policy which we would probably pursue even if there were no Soviet ... As for the policy of ""containment,"" it is one which seeks by all means short ..."
qacc-0764,qacc,Which layer of the epidermis is not found in all types of human skin?,misinformation,basal layer,,0,,www.ncbi.nlm.nih.gov,Hairless skin,conflict,"It is made up of three layers, the epidermis, dermis, and the hypodermis, all ... Hairless skin found in the palms of the hands and soles of the feet is ..."
qacc-0764,qacc,Which layer of the epidermis is not found in all types of human skin?,misinformation,basal layer,,1,,my.clevelandclinic.org,,noise,"Oct 19, 2021 ... Your epidermis is the outermost layer of skin on your body. It contains five different layers, and it helps protect your body, ..."
qacc-0764,qacc,Which layer of the epidermis is not found in all types of human skin?,misinformation,basal layer,,2,,www.stanfordchildrens.org,,noise,"Your skin takes on different thickness, color, and texture all over your body. ... are found just under the squamous cells, at the base of the epidermis."
qacc-0764,qacc,Which layer of the epidermis is not found in all types of human skin?,misinformation,basal layer,,3,,my.clevelandclinic.org,,noise,"Feb 7, 2022 ... Your dermis is the middle layer of skin in your body. It contains two different layers, and it helps support your epidermis, ..."
qacc-0764,qacc,Which layer of the epidermis is not found in all types of human skin?,misinformation,basal layer,,4,,www.dana-farber.org,,noise,"May 15, 2023 ... Not all changes in the skin are a sign of basal cell carcinoma, ... are found in the squamous cell or basal cell layer of the epidermis."
qacc-0764,qacc,Which layer of the epidermis is not found in all types of human skin?,misinformation,basal layer,,5,,training.seer.cancer.gov,basal layer,correct,"The thickness of the epidermis varies in different types of skin; it is only .05 mm thick on ... The squamous cell layer is located above the basal layer, ..."
qacc-0764,qacc,Which layer of the epidermis is not found in all types of human skin?,misinformation,basal layer,,6,,www.skincancer.org,,noise,"Melanomas present in many different shapes, sizes and colors. ... confined to the epidermis (the top layer of skin), and 97,610 cases will be invasive, ..."
qacc-0764,qacc,Which layer of the epidermis is not found in all types of human skin?,misinformation,basal layer,,7,,www.sciencedirect.com,basal layer,correct,Pegged skin has solid epidermal pegs of different size anchoring the ... Merkel cells are rare and are found in the basal layer of the epidermis and around ...
qacc-0777,qacc,When was the dollar coin introduced in australia?,misinformation,14 February 1966,,0,,www.ramint.gov.au,14 May 1984,conflict,The one dollar coin was first introduced on 14 May 1984. Planning for a one dollar coin commenced as early as the mid-1970s.
qacc-0777,qacc,When was the dollar coin introduced in australia?,misinformation,14 February 1966,,1,,en.wikipedia.org,14 May 1984,conflict,"It was first issued on 14 May 1984 to replace the one-dollar note which was then in circulation, although plans to introduce a dollar coin had existed since the ..."
qacc-0777,qacc,When was the dollar coin introduced in australia?,misinformation,14 February 1966,,2,,www.ramint.gov.au,14 February 1966,correct,"This side also shows the year the coin was minted. On 14 February 1966, Australia's first decimal coins (and dollar notes) were introduced. They were."
qacc-0777,qacc,When was the dollar coin introduced in australia?,misinformation,14 February 1966,,3,,en.wikipedia.org,14 February 1966,correct,"The coins of the Australian dollar were introduced on 14 February 1966, although they did not at that time include the one-dollar or two-dollar coins."
qacc-0777,qacc,When was the dollar coin introduced in australia?,misinformation,14 February 1966,,4,,www.bbc.com,,noise,"May 5, 2023 ... The limited edition two-dollar coin was issued to mark 50 years since Australia pulled out its forces from Vietnam. The yellow flag in the ..."
qacc-0777,qacc,When was the dollar coin introduced in australia?,misinformation,14 February 1966,,5,,en.wikipedia.org,,noise,"The 2012 Remembrance reverse $2 coin. In 2012, the Australian mint released the first ever different designed two-dollar coin. It features a poppy flower, with ..."
qacc-0777,qacc,When was the dollar coin introduced in australia?,misinformation,14 February 1966,,6,,theconversation.com,,noise,"Apr 25, 2022 ... The Royal Australian Mint has released a $2 collectors' coin to celebrate 200 years since the introduction of the European honeybee."
qacc-0777,qacc,When was the dollar coin introduced in australia?,misinformation,14 February 1966,,7,,www.australiangeographic.com.au,,noise,"May 19, 2016 ... Decimal currency was first introduced in Australia on 14 February 1966, with the Australian dollar replacing the pound. Prime Minister Robert ..."
qacc-0777,qacc,When was the dollar coin introduced in australia?,misinformation,14 February 1966,,8,,www.nma.gov.au,,noise,"1814: Introduction of Australia's first coin, the holey dollar. ... By having the centres stamped out of the coins, Macquarie distinguished them as ..."
qacc-0777,qacc,When was the dollar coin introduced in australia?,misinformation,14 February 1966,,9,,www.amazon.com,,noise,Recently Released by the Perth Mint in Australia. This brilliant uncirculated silver coin bar weighs 1 troy ounce and holds a face value of $1.
qacc-0778,qacc,In fhss the sequence of changing frequencies is called the?,misinformation,frequency hopping spread spec,pending_screen,0,,quizlet.com,,noise,The bit pattern used in direct sequence spread spectrum (DSSS) Modulation. channel ... The sequence of changing frequencies in FHSS. Upgrade to remove ads.
qacc-0778,qacc,In fhss the sequence of changing frequencies is called the?,misinformation,frequency hopping spread spec,pending_screen,1,,www.coursehero.com,hopping code,conflict,"... 10.0 Points A signal unit that represents two bits is known as a dibit. ... In FHSS, the sequence of changing frequencies is called the hoppingcode."
qacc-0778,qacc,In fhss the sequence of changing frequencies is called the?,misinformation,frequency hopping spread spec,pending_screen,2,,en.wikipedia.org,frequency hopping spread spec,correct,Frequency-hopping spread spectrum (FHSS) is a method of transmitting radio signals by rapidly changing the carrier frequency among many frequencies ... Both FHSS and direct-sequence spread-spectrum (DSSS) systems can transmit ...
qacc-0778,qacc,In fhss the sequence of changing frequencies is called the?,misinformation,frequency hopping spread spec,pending_screen,3,,quizlet.com,,noise,"Which type of RF signal uses only a single frequency for transmission? ... With FHSS, the sequence of changing frequencies is called the ______ code."
qacc-0778,qacc,In fhss the sequence of changing frequencies is called the?,misinformation,frequency hopping spread spec,pending_screen,4,,www.techtarget.com,,noise,"In FHSS, the transmitter hops between available narrowband frequencies within a specified broad channel in a pseudo-random sequence known to both sender and ..."
qacc-0778,qacc,In fhss the sequence of changing frequencies is called the?,misinformation,frequency hopping spread spec,pending_screen,5,,www.bluetooth.com,frequency hopping spread spec,correct,"Nov 15, 2020 ... ... of frequency-hopping spread spectrum (FHSS) called adaptive frequency hopping (AFH). Bluetooth divides the frequency band into smaller ..."
qacc-0778,qacc,In fhss the sequence of changing frequencies is called the?,misinformation,frequency hopping spread spec,pending_screen,6,,resources.system-analysis.cadence.com,frequency hopping spread spec,correct,The implementation of DSSS at radio frequencies with a high transmission ... or sequence injected is called the frequency hopping spread spectrum (FHSS) ...
qacc-0778,qacc,In fhss the sequence of changing frequencies is called the?,misinformation,frequency hopping spread spec,pending_screen,7,,www.sciencedirect.com,,noise,"This method provides greater rates of transmission than FHSS, which uses a limited number of frequencies, but fewer channels in a given frequency range. And, ..."
qacc-0778,qacc,In fhss the sequence of changing frequencies is called the?,misinformation,frequency hopping spread spec,pending_screen,8,,www.analog.com,frequency hopping spread spec,correct,... code sequence generator is shown. Spectral plots illustrate direct-sequence spread-spectrum (DSSS) and frequency-hopping spread-spectrum (FHSS) methods.
qacc-0778,qacc,In fhss the sequence of changing frequencies is called the?,misinformation,frequency hopping spread spec,pending_screen,9,,www.americanscientist.org,,noise,The old adage that “every discovery is named for the last person who ... are shifted in a pseudorandom sequence to higher frequencies by a switching matrix ...
qacc-0780,qacc,Who plays the white dog in secret life of pets?,misinformation,Gidget,no_valid_conflict_pair,0,,ew.com,,noise,"Jul 12, 2022 ... Eric Stonestreet voiced the Newfoundland Duke for The Secret Life of Pets, a large dog who disrupts Max's life. The Modern Family actor also has ..."
qacc-0780,qacc,Who plays the white dog in secret life of pets?,misinformation,Gidget,no_valid_conflict_pair,1,,www.imdb.com,,noise,"The Secret Life of Pets (2016) cast and crew credits, including actors, actresses, directors, writers and more."
qacc-0780,qacc,Who plays the white dog in secret life of pets?,misinformation,Gidget,no_valid_conflict_pair,2,,thesecretlifeofpets.fandom.com,Gidget,correct,Gidget is a white Pomeranian and a main character in The Secret Life of Pets and The Secret Life of Pets 2. She also plays a starring role in the mini-movie ...
qacc-0780,qacc,Who plays the white dog in secret life of pets?,misinformation,Gidget,no_valid_conflict_pair,3,,www.hollywoodreporter.com,,noise,"Jul 5, 2016 ... The Modern Family actor voices Secret Life of Pets' rescue dog Duke, who comes in to ruin a very comfortable lifestyle for Louis C.K.'s Max."
qacc-0780,qacc,Who plays the white dog in secret life of pets?,misinformation,Gidget,no_valid_conflict_pair,4,,hero.fandom.com,Gidget,correct,"Gidget is a white Pomeranian who is the tritagonist of the 2016 Illumination Entertainment comedy adventure The Secret Life of Pets, and a major character of ..."
qacc-0780,qacc,Who plays the white dog in secret life of pets?,misinformation,Gidget,no_valid_conflict_pair,5,,www.hollywoodreporter.com,,noise,"Jun 7, 2019 ... Secret Life of Pets, Chris Renaud's animated film about what pets do ... The actress will again be playing Gidget, a white Pomeranian who ..."
qacc-0780,qacc,Who plays the white dog in secret life of pets?,misinformation,Gidget,no_valid_conflict_pair,6,,en.wikipedia.org,Gidget,correct,"Patton Oswalt as Max, a Jack Russell Terrier. · Jenny Slate as Gidget, a white Pomeranian dog · Harrison Ford as Rooster, a welsh sheepdog · Tiffany Haddish as ..."
qacc-0781,qacc,When does the new season of el senor de los cielos start?,outdated,2023,,0,,www.forbes.com,,noise,"Feb 15, 2022 ... Two new anthology series going into production are Cuando Habla una Mujer (When a Woman Speaks – working titles,) the first on-screen adaptation ..."
qacc-0781,qacc,When does the new season of el senor de los cielos start?,outdated,2023,,1,,topmovierankings.com,2023,correct,"Jul 10, 2023 ... According to thewrap, “El Señor de los Cielos” Season 9 is scheduled for release in 2023. However, the specific date of its release is not ..."
qacc-0781,qacc,When does the new season of el senor de los cielos start?,outdated,2023,,2,,www.forbes.com,,noise,"May 11, 2023 ... Rafael Amaya and and Fernando Colunga are part of the network's star power for the new season, which will also see an expansion into reality ..."
qacc-0781,qacc,When does the new season of el senor de los cielos start?,outdated,2023,,3,,www.multivu.com,,noise,"In the new season of “El Señor de los Cielos”, Rafael Amaya's Aurelio Casillas returns to prepare for an impending war with his nephew."
qacc-0781,qacc,When does the new season of el senor de los cielos start?,outdated,2023,,4,,www.telemundo.com,,noise,"Nov 28, 2022 ... Telemundo To Kick Off 2023 with The Premiere of 'EL SEÑOR DE LOS CIELOS'. A sweeping narrative of vengeance and burning emotional drama nears as ..."
qacc-0781,qacc,When does the new season of el senor de los cielos start?,outdated,2023,,5,,en.wikipedia.org,,noise,"It stars Rafael Amaya as the titular character, Aurelio Casillas. El Señor de los Cielos. Season six title card. Genre, Crime Drama. Created by ..."
qacc-0781,qacc,When does the new season of el senor de los cielos start?,outdated,2023,,6,,www.si.com,,noise,"Jan 17, 2023 ... How to Watch El Señor de los Cielos: Season 8 Premiere Today: ; Date: Jan. 17, 2023 ; Time: 9:00 p.m. ET ; TV Channel: Telemundo ; Live Stream El ..."
qacc-0781,qacc,When does the new season of el senor de los cielos start?,outdated,2023,,7,,otakukart.com,2020,conflict,"May 6, 2022 ... Season 7 of the Spanish crime drama premiered on 14th October in 2019 and last aired on 31st January in 2020. All the episodes were telecasted ..."
qacc-0782,qacc,What's the average life expectancy of an american male?,misinformation,73.2 years,no_valid_conflict_pair,0,,www.cdc.gov,79.9,conflict,"Aug 31, 2022 ... Life expectancy at birth for women in the United States dropped 0.8 years from 79.9 years in 2020 to 79.1 in 2021, while life expectancy for men ..."
qacc-0782,qacc,What's the average life expectancy of an american male?,misinformation,73.2 years,no_valid_conflict_pair,1,,www.worlddata.info,79.3,conflict,"This puts the male citizens of the US in 43rd place in this ranking. On average, US women are 5.8 years older, reaching an age of 79.3. The world average age of ..."
qacc-0782,qacc,What's the average life expectancy of an american male?,misinformation,73.2 years,no_valid_conflict_pair,2,,www.health.harvard.edu,,noise,"Oct 20, 2022 ... For women and men, life expectancy of 79.1 years and 73.2 years reflects a long-apparent, significant gap. It's important to remember that these ..."
qacc-0782,qacc,What's the average life expectancy of an american male?,misinformation,73.2 years,no_valid_conflict_pair,3,,www.cdc.gov,,noise,Both sexes: 76.4 years · Males: 73.5 years · Females: 79.3 years.
qacc-0782,qacc,What's the average life expectancy of an american male?,misinformation,73.2 years,no_valid_conflict_pair,4,,www.verywellhealth.com,,noise,"Jun 23, 2023 ... Average Life Expectancy of U.S. Males · 6.6 years for American Indian and Alaska Native populations · 4.2 years for Hispanic Americans · 4 years ..."
qacc-0782,qacc,What's the average life expectancy of an american male?,misinformation,73.2 years,no_valid_conflict_pair,5,,www.census.gov,,noise,"In considering what the future of the U.S. population ... report also focuses on projected life expectancy dif- ... 1960 and 2015, male life expec-."
qacc-0791,qacc,Doctrine of lapse was one of the case for which rebellion?,misinformation,revolt,soft_conflict,0,,en.wikipedia.org,East India,conflict,"The doctrine of lapse was a policy of annexation initiated by the East India Company in the ... Following the rebellion, in 1858, the new British Viceroy of India, ..."
qacc-0791,qacc,Doctrine of lapse was one of the case for which rebellion?,misinformation,revolt,soft_conflict,1,,www.britannica.com,,noise,"Doctrine of lapse, in Indian history, formula devised by Lord Dalhousie, ... of a natural or adopted heir was enforced in the cases of Satara (1848), ..."
qacc-0791,qacc,Doctrine of lapse was one of the case for which rebellion?,misinformation,revolt,soft_conflict,2,,en.wikipedia.org,,noise,"Kittur Chennamma (23 October 1778 – 21 February 1829) was the Indian Queen of Kittur, a ... This is seen as a foreshadowing of the later Doctrine of lapse introduced ..."
qacc-0791,qacc,Doctrine of lapse was one of the case for which rebellion?,misinformation,revolt,soft_conflict,3,,byjus.com,revolt,correct,"Aug 21, 2020 ... This annexation was one of the reasons for the Revolt of 1857. The Doctrine of Lapse: UPSC Notes:- Download PDF Here. Effects of Doctrine of ..."
qacc-0791,qacc,Doctrine of lapse was one of the case for which rebellion?,misinformation,revolt,soft_conflict,4,,pib.gov.in,,noise,"Aug 16, 2016 ... It is a little known fact that most of the revolts against British ... this under the Doctrine of Lapse, a policy of annexation devised by ..."
qacc-0791,qacc,Doctrine of lapse was one of the case for which rebellion?,misinformation,revolt,soft_conflict,5,,www.indiatoday.in,,noise,"Aug 17, 2018 ... This challenged the Indian ruler's long-held authority to appoint an heir of their choice. So, due to the Doctrine of Lapse, Britishers did not ..."
qacc-0791,qacc,Doctrine of lapse was one of the case for which rebellion?,misinformation,revolt,soft_conflict,6,,mds.marshall.edu,civilian rebellion,conflict,"Jan 1, 2011 ... with the civilian rebellion: the peasants, the rural landlords (talukdars), and the traditional nobility. The Doctrine of Lapse prohibited a ..."
qacc-0791,qacc,Doctrine of lapse was one of the case for which rebellion?,misinformation,revolt,soft_conflict,7,,www.nytimes.com,,noise,"Aug 14, 2019 ... Queen Laxmibai, the ruler of Jhansi, in an undated drawing. ... would be annexed by the British under a policy called the Doctrine of Lapse."
qacc-0791,qacc,Doctrine of lapse was one of the case for which rebellion?,misinformation,revolt,soft_conflict,8,,www.bbc.co.uk,,noise,"Feb 23, 2006 ... This was known as the Doctrine of Lapse. ... was sufficient case, in the existing temper of the sepoys to incite a revolt."
qacc-0793,qacc,How many assemblies of god churches in america?,misinformation,13000,pending_screen,0,,ag.org,13000,correct,The Assemblies of God was founded in 1914. Today there are close to 13000 churches in the U.S. with nearly 3 million members and adherents.
qacc-0793,qacc,How many assemblies of god churches in america?,misinformation,13000,pending_screen,1,,en.wikipedia.org,,noise,"United StatesEdit · Timberline Church, Fort Collins, Colorado – 16,604 · First Assembly of God, North Little Rock, Arkansas – 16,553 · New Life Covenant Assemblies ..."
qacc-0793,qacc,How many assemblies of god churches in america?,misinformation,13000,pending_screen,2,,www.northcentral.edu,"12,000",conflict,"The Assemblies of God now comprises 12,000 churches and around 3 million members in the U.S., and 67 million members worldwide."
qacc-0793,qacc,How many assemblies of god churches in america?,misinformation,13000,pending_screen,3,,en.wikipedia.org,,noise,"The Assemblies of God (AG), officially the World Assemblies of God Fellowship, ... historically African American Church of God in Christ through which many ..."
qacc-0793,qacc,How many assemblies of god churches in america?,misinformation,13000,pending_screen,4,,www.christianitytoday.com,,noise,"Aug 11, 2021 ... But for the US Assemblies of God (AG), which drew 18,000 registered attendees to its General Council meeting in Orlando last week, it's a ..."
qacc-0793,qacc,How many assemblies of god churches in america?,misinformation,13000,pending_screen,5,,www.thegospelcoalition.org,13000,correct,"Aug 14, 2021 ... Since then, it has grown within the U.S. to nearly 38,000 ministers in 13,000 churches and over 3 million members and adherents. The national ..."
qacc-0793,qacc,How many assemblies of god churches in america?,misinformation,13000,pending_screen,6,,www.familysearch.org,,noise,"Mar 24, 2021 ... The Assemblies of God (AG), officially the World Assemblies of God Fellowship, is a group of over 144 autonomous self-governing associated ..."
qacc-0793,qacc,How many assemblies of god churches in america?,misinformation,13000,pending_screen,7,,www.facebook.com,,noise,"Assemblies of God USA, Springfield, Missouri. 445692 likes · 9431 talking about this · 8884 were here. This is the official Facebook page for the..."
qacc-0793,qacc,How many assemblies of god churches in america?,misinformation,13000,pending_screen,8,,agwm.org,,noise,Explore the global reach and impact of the Assemblies of God World ... Join us in our efforts to make a difference today. ... Establishing the Church
qacc-0796,qacc,Who played lois lane in the original superman?,misinformation,Margot Kidder,no_valid_conflict_pair,0,,www.usatoday.com,Margot Kidder,correct,"May 14, 2018 ... Margot Kidder, the vivacious actress who played Lois Lane opposite Christopher Reeve in the Superman movies and then waged a public battle ..."
qacc-0796,qacc,Who played lois lane in the original superman?,misinformation,Margot Kidder,no_valid_conflict_pair,1,,people.com,,noise,"Jun 27, 2023 ... Coates starred in the first TV show adaptation of Superman from 1952 to 1953, shortly following her big film debut as Lois Lane in 1951's ..."
qacc-0796,qacc,Who played lois lane in the original superman?,misinformation,Margot Kidder,no_valid_conflict_pair,2,,en.wikipedia.org,,noise,"Noel Darleen Neill (November 25, 1920 – July 3, 2016) was an American actress. She played Lois Lane in the film serials Superman (1948) and Atom Man vs."
qacc-0796,qacc,Who played lois lane in the original superman?,misinformation,Margot Kidder,no_valid_conflict_pair,3,,www.npr.org,Margot Kidder,correct,"May 14, 2018 ... Margot Kidder, who became famous for playing Lois Lane opposite Christopher Reeve in Superman, has died at her home in Montana."
qacc-0796,qacc,Who played lois lane in the original superman?,misinformation,Margot Kidder,no_valid_conflict_pair,4,,en.wikipedia.org,Margot Kidder,correct,Lois Lane is a fictional character portrayed by Canadian-born actress Margot Kidder in the Warner Bros. Superman film series produced by Ilya and Alexander ...
qacc-0796,qacc,Who played lois lane in the original superman?,misinformation,Margot Kidder,no_valid_conflict_pair,5,,www.hollywoodreporter.com,,noise,"Jul 4, 2016 ... Noel Neill, who played foolhardy Daily Planet reporter Lois Lane on the 1950s TV series Adventures of Superman, then walked away from show ..."
qacc-0796,qacc,Who played lois lane in the original superman?,misinformation,Margot Kidder,no_valid_conflict_pair,6,,english.alarabiya.net,Margot Kidder,correct,"Aug 10, 2018 ... The death of Margot Kidder, the actress who soared to fame in the '70s playing Lois Lane in the “Superman” movies, has been ruled a suicide, ..."
qacc-0796,qacc,Who played lois lane in the original superman?,misinformation,Margot Kidder,no_valid_conflict_pair,7,,www.nytimes.com,,noise,"Jul 5, 2016 ... Noel Neill, the petite film and television actress who played Lois Lane in 1940s “Superman” movie serials and on television in the 1950s, ..."
qacc-0796,qacc,Who played lois lane in the original superman?,misinformation,Margot Kidder,no_valid_conflict_pair,8,,www.tvinsider.com,,noise,"Nov 3, 2019 ... All the Actors Who Played Superman & Lois Lane on TV (PHOTOS) ; Superman and Lois Lane Actors. Bettina Strauss/The CW, Warner Bros., Shane Harvey ..."
qacc-0807,qacc,Who wrote just when i needed you most?,misinformation,Randy VanWarmer,no_valid_conflict_pair,0,,en.wikipedia.org,Randy VanWarmer,correct,"""Just When I Needed You Most"" is the title of a 1979 hit single by the American singer-songwriter Randy VanWarmer. ""Just When I Needed You Most""."
qacc-0807,qacc,Who wrote just when i needed you most?,misinformation,Randy VanWarmer,no_valid_conflict_pair,1,,www.countrythangdaily.com,Randy VanWarmer,correct,"Sep 7, 2022 ... Released in February 1979, “Just When I Needed You Most” is a 1979 hit written and recorded by American singer-songwriter Randy VanWarmer."
qacc-0807,qacc,Who wrote just when i needed you most?,misinformation,Randy VanWarmer,no_valid_conflict_pair,2,,secondhandsongs.com,Randy VanWarmer,correct,The song Just When I Needed You Most was written by Randy VanWarmer and was first released by Randy Vanwarmer in 1979. It was covered by Bo Andersen ...
qacc-0807,qacc,Who wrote just when i needed you most?,misinformation,Randy VanWarmer,no_valid_conflict_pair,3,,www.songfacts.com,Randy VanWarmer,correct,"Randy VanWarmer wrote this mellow favorite when he was just 18. It's a heartbreaker, inspired by a girl who dumped him when he was at his most vulnerable."
qacc-0807,qacc,Who wrote just when i needed you most?,misinformation,Randy VanWarmer,no_valid_conflict_pair,4,,www.lyrics.com,Randy VanWarmer,correct,"Just When I Needed You Most Lyrics by Randy VanWarmer from the 80's Box: The Ultimate Compilation Of Eighties Hits album - including song video, ..."
qacc-0807,qacc,Who wrote just when i needed you most?,misinformation,Randy VanWarmer,no_valid_conflict_pair,5,,www.streetdirectory.com,,noise,"Yes, you left me just when I needed you most. Now most every morning I stare out the window. And I wonder about where you might be. I've written you letters ..."
qacc-0807,qacc,Who wrote just when i needed you most?,misinformation,Randy VanWarmer,no_valid_conflict_pair,6,,www.lyrics.com,Randy VanWarmer,correct,"Just When I Needed You Most Lyrics by Randy VanWarmer from the Billboard Top Hits: 1975-1979 album - including song video, artist biography, ..."
qacc-0807,qacc,Who wrote just when i needed you most?,misinformation,Randy VanWarmer,no_valid_conflict_pair,7,,genius.com,Randy VanWarmer,correct,Who wrote “Just When I Needed You Most” by Randy VanWarmer? Warmer (1979).
qacc-0807,qacc,Who wrote just when i needed you most?,misinformation,Randy VanWarmer,no_valid_conflict_pair,8,,songmeanings.com,,noise,"Left me just when I needed you most. Now most every morning, I stare out the window. And I think about where you might be. I've written you letters that I'd ..."
qacc-0807,qacc,Who wrote just when i needed you most?,misinformation,Randy VanWarmer,no_valid_conflict_pair,9,,genius.com,,noise,Who wrote “Just When I Needed You Most” by Dolly Parton? Treasures (1996).
qacc-0808,qacc,What code was released in sa in 2016 to give guidance on corporate governance?,misinformation,Report on Corporate Governance,,0,,www.adams.africa,Report on Corporate Governance,correct,"Nov 1, 2016 ... Governance for South Africa, 2016” (hereafter referred to as “King IV Report”) ... King IV provides guidance on how to apply the recommended ..."
qacc-0808,qacc,What code was released in sa in 2016 to give guidance on corporate governance?,misinformation,Report on Corporate Governance,,1,,en.wikipedia.org,Report on Corporate Governance,correct,The King Report on Corporate Governance is a booklet of guidelines for the governance structures and operation of companies in South Africa. It is issued by ...
qacc-0808,qacc,What code was released in sa in 2016 to give guidance on corporate governance?,misinformation,Report on Corporate Governance,,2,,www.oecd.org,,noise,Implementation methodology. Corporate-Governance-Principles-Implementation-150x200. The implementation methodology provides guidance for assessing national ...
qacc-0808,qacc,What code was released in sa in 2016 to give guidance on corporate governance?,misinformation,Report on Corporate Governance,,3,,assets.kpmg.com,UK Governance Code,conflict,"United Kingdom, the UK Governance Code, which is based ... In South Africa, under. King III, entities are required to make a statement as."
qacc-0808,qacc,What code was released in sa in 2016 to give guidance on corporate governance?,misinformation,Report on Corporate Governance,,4,,assets.kpmg.com,Report on Corporate Governance,correct,"Nov 1, 2016 ... The King IV Report on Corporate Governance for South Africa 2016, ... responsibilities, the King IV Code™ provides."
qacc-0808,qacc,What code was released in sa in 2016 to give guidance on corporate governance?,misinformation,Report on Corporate Governance,,5,,www.coca-colacompany.com,Report on Corporate Governance,correct,Corporate Governance · Corporate Governance Guidelines · Code of Business Conduct (English PDF) · Code of Business Conduct · Certificate of Incorporation · Company ...
qacc-0808,qacc,What code was released in sa in 2016 to give guidance on corporate governance?,misinformation,Report on Corporate Governance,,6,,www2.deloitte.com,,noise,The King Commiittee published the King IV Report on Corporate Governance for South Africa 2016 (King IV) on 1 November 2016. King IV is effective in respect ...
qacc-0810,qacc,When was the last time newcastle won the fa cup?,misinformation,1955,soft_conflict,0,,en.wikipedia.org,,noise,"Newcastle returned to the Premier League at the first attempt, winning the Championship title in May 2017. In October, Mike Ashley put Newcastle United up for ..."
qacc-0810,qacc,When was the last time newcastle won the fa cup?,misinformation,1955,soft_conflict,1,,www.sportingnews.com,,noise,"Feb 26, 2023 ... The Toon Army last made the long journey from Tyneside to London for a major final when their club took part in the 1998/99 FA Cup final. Read ..."
qacc-0810,qacc,When was the last time newcastle won the fa cup?,misinformation,1955,soft_conflict,2,,en.wikipedia.org,,noise,"The club have also won the 1909 Charity Shield, the 1968–69 Inter-Cities Fairs Cup, and the 2006 Intertoto Cup. Newcastle have reached the League Cup final ..."
qacc-0810,qacc,When was the last time newcastle won the fa cup?,misinformation,1955,soft_conflict,3,,www.aljazeera.com,,noise,"Feb 26, 2023 ... For this weekend, they are focused on winning the club's first major trophy since the 1969 Inter-Cities Fairs Cup. Newcastle's last major ..."
qacc-0810,qacc,When was the last time newcastle won the fa cup?,misinformation,1955,soft_conflict,4,,theathletic.com,1955,correct,"Feb 21, 2023 ... The 1955 FA Cup win was Newcastle's third in five years, a startling run of success that led to their reputation as a cup team. Well… Perhaps ..."
qacc-0810,qacc,When was the last time newcastle won the fa cup?,misinformation,1955,soft_conflict,5,,cominghomenewcastle.sbnation.com,,noise,"Feb 25, 2023 ... The 1955 FA Cup final was the 74th final of the FA Cup. It took place on May 7, 1955 ..."
qacc-0810,qacc,When was the last time newcastle won the fa cup?,misinformation,1955,soft_conflict,6,,www.nufc.co.uk,,noise,"Most League goals in a season, most cup goals in a Newcastle career. Cups wins and record victories. Look back and remember ... Newcastle East End 1882"
qacc-0810,qacc,When was the last time newcastle won the fa cup?,misinformation,1955,soft_conflict,7,,theathletic.com,,noise,"Feb 26, 2023 ... He's the fourth Dutch manager all-time to win a domestic cup final in England: Ruud Gullit - 1997 FA Cup with Chelsea; Guus Hiddink - 2009 FA ..."
qacc-0810,qacc,When was the last time newcastle won the fa cup?,misinformation,1955,soft_conflict,8,,www.reuters.com,,noise,"Jan 31, 2023 ... NEWCASTLE, England, Jan 31 (Reuters) - Newcastle United booked their place in a first major final in 24 years by overcoming Southampton 2-1 ..."
qacc-0810,qacc,When was the last time newcastle won the fa cup?,misinformation,1955,soft_conflict,9,,www.goal.com,1954-55,conflict,"Feb 24, 2023 ... As mentioned before, it was in 1954-55 that Newcastle last won the FA Cup which was also their final major trophy. In fact, it was their third ..."
qacc-0833,qacc,Who sing the closer i get to you?,misinformation,Roberta Flack,no_valid_conflict_pair,0,,www.youtube.com,Roberta Flack,correct,"Dec 16, 2010 ... Roberta Flack ft. Donny Hathaway - The Closer I Get To You · Comments9.5K."
qacc-0833,qacc,Who sing the closer i get to you?,misinformation,Roberta Flack,no_valid_conflict_pair,1,,en.wikipedia.org,Roberta Flack,correct,"""The Closer I Get to You"" is a romantic ballad performed by singer-songwriter Roberta Flack and soul musician Donny Hathaway. The song was written by James ..."
qacc-0833,qacc,Who sing the closer i get to you?,misinformation,Roberta Flack,no_valid_conflict_pair,2,,www.youtube.com,Roberta Flack,correct,"Jul 25, 2017 ... Provided to YouTube by Atlantic Records The Closer I Get to You (Single) · Roberta Flack · Donny Hathaway Blue Lights in the Basement ℗ 1990 ..."
qacc-0833,qacc,Who sing the closer i get to you?,misinformation,Roberta Flack,no_valid_conflict_pair,3,,en.wikipedia.org,,noise,The best-known version is that recorded by American duo the Carpenters for their second studio album Close to You (1970) and produced by Jack Daugherty.
qacc-0833,qacc,Who sing the closer i get to you?,misinformation,Roberta Flack,no_valid_conflict_pair,4,,en.wikipedia.org,,noise,"Close to You is the second studio album by the American music duo Carpenters, released on August 19, 1970. In 2003, the album was ranked #175 on Rolling ..."
qacc-0833,qacc,Who sing the closer i get to you?,misinformation,Roberta Flack,no_valid_conflict_pair,5,,www.youtube.com,,noise,"Oct 20, 2013 ... Alabama - The Closer You Get (Official Video) · Comments2.1K."
qacc-0833,qacc,Who sing the closer i get to you?,misinformation,Roberta Flack,no_valid_conflict_pair,6,,genius.com,Roberta Flack,correct,"“The Closer I Get to You” is a romantic ballad performed by African American jazz, soul, R&B, and folk singer-songwriter Roberta Flack and African American soul ..."
qacc-0833,qacc,Who sing the closer i get to you?,misinformation,Roberta Flack,no_valid_conflict_pair,7,,en.wikipedia.org,,noise,"""The Closer You Get"" is a song written by J.P. Pennington and Mark Gray and recorded by American band Exile in 1981. The song was most notably covered by ..."
qacc-0833,qacc,Who sing the closer i get to you?,misinformation,Roberta Flack,no_valid_conflict_pair,8,,www.nme.com,,noise,"Oct 20, 2022 ... Stray Kids' Seungmin unveils new single 'Close To You' for 'Love In Contract' soundtrack ... Stray Kids singer Seungmin has dropped a brand-new ..."
qacc-0836,qacc,Who prints currency notes and coins in india?,misinformation,The Reserve Bank of India,soft_conflict,0,,www.investopedia.com,The Reserve Bank of India,correct,"Key Takeaways · The Reserve Bank of India (RBI) prints and manages currency in India, whereas the Indian government regulates what denominations to circulate."
qacc-0836,qacc,Who prints currency notes and coins in india?,misinformation,The Reserve Bank of India,soft_conflict,1,,en.wikipedia.org,Currency Note Press,conflict,"The Indian rupee (symbol ₹; code: INR) is the official currency in the Republic of India. ... Currency notes are printed at the Currency Note Press in Nashik, the Bank ..."
qacc-0836,qacc,Who prints currency notes and coins in india?,misinformation,The Reserve Bank of India,soft_conflict,2,,home.treasury.gov,,noise,U.S currency is produced by the Bureau of Engraving and Printing and U.S. ... Report suspected counterfeit notes to your local police department or the ...
qacc-0836,qacc,Who prints currency notes and coins in india?,misinformation,The Reserve Bank of India,soft_conflict,3,,www.drishtiias.com,The Reserve Bank of India,correct,"Oct 27, 2022 ... Who is involved in the Design and Issuance of Indian Bank Notes and Coins? · The Reserve Bank of India (RBI) and the Central Government decide ..."
qacc-0836,qacc,Who prints currency notes and coins in india?,misinformation,The Reserve Bank of India,soft_conflict,4,,byjus.com,,noise,"The Reserve Bank of India (RBI) prints the currency notes in India. Although the RBI has the power to print currency, the government still has the final say in ..."
qacc-0836,qacc,Who prints currency notes and coins in india?,misinformation,The Reserve Bank of India,soft_conflict,5,,www.rbi.org.in,,noise,"The Indian currency is called the Indian Rupee (INR). ... Bank notes are printed at four currency presses, two of which are owned by the Government of India ..."
qacc-0836,qacc,Who prints currency notes and coins in india?,misinformation,The Reserve Bank of India,soft_conflict,6,,www.spmcil.com,Currency Note Press,conflict,Our Commemorative Coins ... Currency Note Press (Nashik). Bank Note Press (Dewas). Security Printing Press (Hyderabad) ...
qacc-0836,qacc,Who prints currency notes and coins in india?,misinformation,The Reserve Bank of India,soft_conflict,7,,www.toppr.com,,noise,Reserve Bank of India · Ministry of Finance · State Bank of India · Indian Overseas Bank · Coins are printed by GOI mints and are circulated with the help of RBI ...
qacc-0836,qacc,Who prints currency notes and coins in india?,misinformation,The Reserve Bank of India,soft_conflict,8,,www.bbc.com,,noise,"Sep 27, 2018 ... Some countries, like India, do manufacture all their cash at home. For example, the US is legally obliged to print its banknotes within its ..."
qacc-0837,qacc,How many chargers used in dukes of hazzard movie?,misinformation,26,,0,,www.roadandtrack.com,,noise,"Aug 29, 2016 ... The Dukes of Hazzard ran 147 episodes over 7 seasons and a large number of 1969 Chargers were destroyed in filming. Some sources place the ..."
qacc-0837,qacc,How many chargers used in dukes of hazzard movie?,misinformation,26,,1,,www.imdb.com,Two,conflict,Two Dodge Chargers were purchased for a total of $2; after the film was completed they would be sold back to the original owner for $1.25 apiece. · The original ...
qacc-0837,qacc,How many chargers used in dukes of hazzard movie?,misinformation,26,,2,,www.legendlines.com,,noise,"Some of the wrecked cars were cut up for interior shots but more than 200 were crushed in junkyards. Legend Lines. When the Dukes of Hazzard was canceled, there ..."
qacc-0837,qacc,How many chargers used in dukes of hazzard movie?,misinformation,26,,3,,www.fueleconomy.gov,Three-hundred-seventeen,conflict,"Three-hundred-seventeen Dodge Chargers were used in filming ""The Dukes of Hazard"" TV show. On average, 3 cars were wrecked during the filming of each ..."
qacc-0837,qacc,How many chargers used in dukes of hazzard movie?,misinformation,26,,4,,www.quora.com,,noise,"The exact number of Chargers destroyed for the show is not known, but most estimates place it around 300. There's a fairly famous photo of a car carrier truck ..."
qacc-0837,qacc,How many chargers used in dukes of hazzard movie?,misinformation,26,,5,,www.dodgetalk.com,26,correct,"according to an article in the August 2005 ""HOT ROD"" magazine "" ... a total of 26 Chargers were used to portray the Dukes' flying Dodge during the filming."
qacc-0837,qacc,How many chargers used in dukes of hazzard movie?,misinformation,26,,6,,www.esquire.com,,noise,"Oct 31, 2022 ... The Dukes of Hazzard ran 147 episodes over 7 seasons and a large number of 1969 Chargers were destroyed in filming. Some sources place the ..."
qacc-0837,qacc,How many chargers used in dukes of hazzard movie?,misinformation,26,,7,,en.wikipedia.org,,noise,"The General Lee is an orange 1969 Dodge Charger driven in the television series The Dukes of Hazzard by the characters the Duke boys, Bo and Luke, ..."
qacc-0837,qacc,How many chargers used in dukes of hazzard movie?,misinformation,26,,8,,www.motorious.com,,noise,"May 26, 2020 ... An estimated 300 cars were destroyed during the production process, and a handful of 18 cars were kept out of stunt scenes so they stayed in ..."
qacc-0843,qacc,Who sang i cant stand the rain first?,misinformation,.. Ann Peebles,no_valid_conflict_pair,0,,www.youtube.com,.. Ann Peebles,correct,"Nov 15, 2014 ... Ann Peebles - I can't stand the Rain 1974 · Comments2.6K."
qacc-0843,qacc,Who sang i cant stand the rain first?,misinformation,.. Ann Peebles,no_valid_conflict_pair,1,,secondhandsongs.com,.. Ann Peebles,correct,"Ann Peebles originally released I Can't Stand the Rain written by Ann Peebles, Don Bryant and Bernard Miller and Ann Peebles released it on the single I ..."
qacc-0843,qacc,Who sang i cant stand the rain first?,misinformation,.. Ann Peebles,no_valid_conflict_pair,2,,www.youtube.com,,noise,"Mar 13, 2009 ... Tina Turner - I Can't Stand The Rain (Live from Rio de Janeiro) · Comments340."
qacc-0843,qacc,Who sang i cant stand the rain first?,misinformation,.. Ann Peebles,no_valid_conflict_pair,3,,en.wikipedia.org,,noise,"I Can't Stand the Rain (album), a 1974 album by Ann Peebles; title song written by Don Bryant, Bernard ""Bernie"" Miller, and Ann Peebles; ""I Can't Stand the Rain ..."
qacc-0843,qacc,Who sang i cant stand the rain first?,misinformation,.. Ann Peebles,no_valid_conflict_pair,4,,www.youtube.com,,noise,"Oct 22, 2015 ... Eruption feat. Precious Wilson - I Can't Stand The Rain (1978) • TopPop · Comments245."
qacc-0843,qacc,Who sang i cant stand the rain first?,misinformation,.. Ann Peebles,no_valid_conflict_pair,5,,www.songfacts.com,.. Ann Peebles,correct,"Barry from Sauquoit, NyOn January 5th 1974, Ann Peebles performed ""I Can't Stand the Rain"" on the ABC-TV program 'American Bandstand'... At the time the song ..."
qacc-0843,qacc,Who sang i cant stand the rain first?,misinformation,.. Ann Peebles,no_valid_conflict_pair,6,,www.youtube.com,,noise,"Oct 6, 2009 ... REMASTERED IN HD! Official Music Video for Can You Stand The Rain performed by New Edition. Revisit New Edition's number 1 songs here: ..."
qacc-0843,qacc,Who sang i cant stand the rain first?,misinformation,.. Ann Peebles,no_valid_conflict_pair,7,,radio.callmefred.com,.. Ann Peebles,correct,Who sang I Cant Stand the Rain? Ann Peebles released the song I Cant Stand the Rain. Date of release: 1974.
qacc-0843,qacc,Who sang i cant stand the rain first?,misinformation,.. Ann Peebles,no_valid_conflict_pair,8,,en.wikipedia.org,,noise,"""Can You Stand the Rain"" is a ballad by R&B/pop group New Edition. The song was released on December 13, 1988 by MCA Records as the third single from their ..."
qacc-0843,qacc,Who sang i cant stand the rain first?,misinformation,.. Ann Peebles,no_valid_conflict_pair,9,,open.spotify.com,.. Ann Peebles,correct,Listen to I Can't Stand the Rain on Spotify. Ann Peebles · Song · 1974.
qacc-0847,qacc,Highest run score by player in ipl 2018?,misinformation,684,pending_screen,0,,www.espncricinfo.com,,noise,"Records in Indian Premier League, 2018 ; MM Ali (RCB). 2018-2018, 5 ; CR Brathwaite (SRH). 2018-2018, 4 ; DA Miller (KXIP). 2018-2018, 3 ; Yuvraj Singh (KXIP). 2018 ..."
qacc-0847,qacc,Highest run score by player in ipl 2018?,misinformation,684,pending_screen,1,,www.iplt20.com,735Runs,conflict,Check IPL cricket players' season wise stats and all time records on official site ... 735Runs. 17Matches. 52.50Average. 142.44Strike Rate. 84Hs. Score.
qacc-0847,qacc,Highest run score by player in ipl 2018?,misinformation,684,pending_screen,2,,bleacherreport.com,,noise,Rishabh Pant and Andrew Tye put themselves in pole position to win the 2018 Indian Premier League's Orange and Purple Caps as leading run-scorer and ...
qacc-0847,qacc,Highest run score by player in ipl 2018?,misinformation,684,pending_screen,3,,en.wikipedia.org,,noise,"Sunrisers Hyderabad captain Kane Williamson won the Orange Cap for the leading run-scorer of the tournament with 735 runs. Andrew Tye, of Kings XI Punjab, ..."
qacc-0847,qacc,Highest run score by player in ipl 2018?,misinformation,684,pending_screen,4,,sports.ndtv.com,684,correct,"1, Kane Williamson SRH, 17, 17, 735 ; 2, Rishabh Pant DC, 14, 14, 684 ..."
qacc-0847,qacc,Highest run score by player in ipl 2018?,misinformation,684,pending_screen,5,,www.cricketwa.com,,noise,Most Runs in IPL 2018 - Indian Premier League T20 (IPL Orange Cap ). Fixture · Results · Stats · Highest Individual Score · Best Bowling Figures · Points Table ...
qacc-0847,qacc,Highest run score by player in ipl 2018?,misinformation,684,pending_screen,6,,www.jagranjosh.com,,noise,"May 29, 2023 ... The Orange Cap is an award given to the highest run scorer in every season of the ... IPL 2023 Orange Cap Player Name - Shubman Gill (GT)."
qacc-0847,qacc,Highest run score by player in ipl 2018?,misinformation,684,pending_screen,7,,timesofindia.indiatimes.com,684,correct,"May 28, 2018 ... Pant ended as the second highest run-getter in the tournament with 684 runs from 14 games · It was a double delight for Pant, who also received ..."
qacc-0847,qacc,Highest run score by player in ipl 2018?,misinformation,684,pending_screen,8,,www.thestatesman.com,,noise,"Apr 23, 2018 ... Followed by Lokesh Rahul, who has scored 213 runs in five games. Star Royal Challengers Bangalore batsman AB de Villiers is at number 7. Ambati ..."
qacc-0848,qacc,Who was the richest man in the world in 1970?,misinformation,J. Paul Getty,,0,,en.wikipedia.org,,noise,"As the United States became the foremost economic power in the world by the late 19th century, the wealthiest men in America were often also the wealthiest ..."
qacc-0848,qacc,Who was the richest man in the world in 1970?,misinformation,J. Paul Getty,,1,,www.lovemoney.com,J. Paul Getty,correct,1970s: J. Paul Getty. The miserly oil magnate hit the headlines in 1973 when he refused to pay a $17 million ransom to secure the release of his grandson John ...
qacc-0848,qacc,Who was the richest man in the world in 1970?,misinformation,J. Paul Getty,,2,,www.washingtonpost.com,Texas wheeler-dealer ,conflict,"Oct 22, 2014 ... In the 1970s, the brothers came to dominate the world silver market, ... a Texas wheeler-dealer once reputed to be the world's richest man, ..."
qacc-0848,qacc,Who was the richest man in the world in 1970?,misinformation,J. Paul Getty,,3,,www.quora.com,,noise,"The richest person in the 1950s, 1960s, 1970s, and 1980s varied depending on the year and the source of wealth. However, here are a few examples of some of ..."
qacc-0848,qacc,Who was the richest man in the world in 1970?,misinformation,J. Paul Getty,,4,,www.visualcapitalist.com,,noise,"Nov 30, 2022 ... Today, Elon Musk is the world's richest person. The Rich Get Richer. Over time, the median net worth of the richest billionaires has grown ..."
qacc-0848,qacc,Who was the richest man in the world in 1970?,misinformation,J. Paul Getty,,5,,www.nytimes.com,real estate man,conflict,"Aug 29, 1992 ... ... and real estate man who was for years one of the world's richest men, ... In the early 1970's he gave ""substantially all"" of his foreign ..."
qacc-0848,qacc,Who was the richest man in the world in 1970?,misinformation,J. Paul Getty,,6,,www.usatoday.com,,noise,"Mar 15, 2018 ... LOS ANGELES – Donald Sutherland can add richest man in the world to ... range includes Hawkeye Pierce in 1970's M*A*S*H (before Alan Alda ..."
qacc-0849,qacc,What authentication scheme is being used with radius?,misinformation,"LDAP, Active Directory or SAML",pending_screen,0,,www.techtarget.com,,noise,RADIUS was originally designed to support large numbers of users connecting ... RADIUS is now commonly used for remote access across different types of ...
qacc-0849,qacc,What authentication scheme is being used with radius?,misinformation,"LDAP, Active Directory or SAML",pending_screen,1,,en.wikipedia.org,,noise,"The Diameter protocol was intended as the replacement for RADIUS. While both are Authentication, Authorization, and Accounting (AAA) protocols, the use-cases ..."
qacc-0849,qacc,What authentication scheme is being used with radius?,misinformation,"LDAP, Active Directory or SAML",pending_screen,2,,techdocs.broadcom.com,digest,conflict,"Apr 20, 2023 ... A digest authentication scheme reads an encrypted user attribute string that is stored in a directory. The scheme then compares the string ..."
qacc-0849,qacc,What authentication scheme is being used with radius?,misinformation,"LDAP, Active Directory or SAML",pending_screen,3,,sc1.checkpoint.com,,noise,"A user who tries to authenticate with an authentication scheme that is not ... To use image-based RADIUS as an authentication factor in Mobile Access, ..."
qacc-0849,qacc,What authentication scheme is being used with radius?,misinformation,"LDAP, Active Directory or SAML",pending_screen,4,,knowledge.broadcom.com,,noise,"Mar 21, 2018 ... This component adds additional functionality to the default out of box implementation of the RADIUS authentication scheme. There is currently a ..."
qacc-0849,qacc,What authentication scheme is being used with radius?,misinformation,"LDAP, Active Directory or SAML",pending_screen,5,,learn.microsoft.com,,noise,"May 31, 2023 ... Plan NPS configuration; Plan RADIUS clients; Plan the use of ... being more difficult to deploy than password-based authentication methods."
qacc-0849,qacc,What authentication scheme is being used with radius?,misinformation,"LDAP, Active Directory or SAML",pending_screen,6,,www.watchguard.com,,noise,RADIUS is a protocol that was originally designed to authenticate remote users to a dial-in access server. RADIUS is now used in a wide range of ...
qacc-0849,qacc,What authentication scheme is being used with radius?,misinformation,"LDAP, Active Directory or SAML",pending_screen,7,,www.gnu.org,,noise,"Radius supports a wide variety of authentication schemes. ... Alternatively, a plaintext password can also be used if CHAP protocol is being used, ..."
qacc-0849,qacc,What authentication scheme is being used with radius?,misinformation,"LDAP, Active Directory or SAML",pending_screen,8,,docs.fortinet.com,"LDAP, Active Directory or SAML",correct,"There are many authentication methods that can be used, such as RADIUS, LDAP, Active Directory or SAML authentication. You can also centralize your solution ..."
qacc-0849,qacc,What authentication scheme is being used with radius?,misinformation,"LDAP, Active Directory or SAML",pending_screen,9,,support.pingidentity.com,,noise,Does the PingID RADIUS PCV support CHAP or MS-CHAP authentication schemes? Does the PingID RADIUS PCV support CHAP or MS-CHAP ... Was this article helpful?
qacc-0850,qacc,Which is the latest assassin's creed game?,outdated,Assassin's Creed: Valhalla,,0,,techguided.com,Assassin's Creed: Valhalla,correct,"Feb 1, 2023 ... Assassin's Creed: Valhalla (2021) ... If you like Vikings then the newest installment of Assassin's Creed is worth checking out. In the beginning ..."
qacc-0850,qacc,Which is the latest assassin's creed game?,outdated,Assassin's Creed: Valhalla,,1,,en.wikipedia.org,Assassin's Creed: Valhalla,correct,"The first Assassin's Creed was released in 2007, and it has featured twelve main games in total, the most recent being Assassin's Creed Valhalla in 2020. Main ..."
qacc-0850,qacc,Which is the latest assassin's creed game?,outdated,Assassin's Creed: Valhalla,,2,,www.ubisoft.com,Assassin's Creed Mirage,conflict,"July 18, 2023 · Assassin's Creed Mirage: Basim - The Master Assassin · June 12, 2023 · June 12, 2023 · Assassin's Creed Mirage: Developer Gameplay Breakdown | ..."
qacc-0850,qacc,Which is the latest assassin's creed game?,outdated,Assassin's Creed: Valhalla,,3,,www.fiercepc.co.uk,,noise,Rogue is the last of the series to be set up in the Colonial era. It also has a unique twist where the player doesn't assume the role of the assassin but ...
qacc-0850,qacc,Which is the latest assassin's creed game?,outdated,Assassin's Creed: Valhalla,,4,,www.ubisoft.com,Assassin's Creed Mirage,conflict,"Assassin's Creed Official Franchise page - Discover all the games. ... Latest Assassin's Creed Games. Assassin's Creed Mirage. In Assassin's Creed® Mirage, ..."
qacc-0850,qacc,Which is the latest assassin's creed game?,outdated,Assassin's Creed: Valhalla,,5,,www.youtube.com,,noise,"Sep 10, 2022 ... Assassin's Creed Mirage: Cinematic World Premiere | #UbiForward · Comments20K."
qacc-0850,qacc,Which is the latest assassin's creed game?,outdated,Assassin's Creed: Valhalla,,6,,www.gamesradar.com,,noise,"Aug 14, 2023 ... Nexus is an upcoming Assassin's Creed game offering a VR-only experience. Playing as one of three legendary Assassins from either the Ezio ..."
qacc-0850,qacc,Which is the latest assassin's creed game?,outdated,Assassin's Creed: Valhalla,,7,,www.reddit.com,,noise,"Aug 10, 2020 ... So I was wondering what the last one was that still had Templars and stuff that connected through all the games?"
qacc-0850,qacc,Which is the latest assassin's creed game?,outdated,Assassin's Creed: Valhalla,,8,,assassinscreed.fandom.com,,noise,The Assassin's Creed series is an award-winning video game series that currently consists ... Assassin's Creed: Last Descendants – Fate of the Gods (2017).
qacc-0850,qacc,Which is the latest assassin's creed game?,outdated,Assassin's Creed: Valhalla,,9,,www.youtube.com,,noise,"May 24, 2023 ... Assassin's Creed Mirage: Gameplay Trailer · Comments7.9K."
qacc-0853,qacc,Who played arnold on the andy griffin show?,misinformation,Sheldon Collins,,0,,www.metv.com,Dapo,conflict,"Feb 4, 2019 ... You might remember Dapo best as Arnold Winkler, the titular kid in the episode ""Opie and the Spoiled Kid."" He threw a tantrum in the police ..."
qacc-0853,qacc,Who played arnold on the andy griffin show?,misinformation,Sheldon Collins,,1,,outsider.com,Sheldon Collins,correct,"Oct 28, 2021 ... According to MeTV, the young actor who brought Arnold to life was Sheldon Collins. The actor's real name is Sheldon Golomb. One of the ..."
qacc-0853,qacc,Who played arnold on the andy griffin show?,misinformation,Sheldon Collins,,2,,www.imdb.com,Dapo,conflict,"Ronnie Dapo, the boy who plays Arnold the tantrum kid, previously played alongside Ron Howard in the 1962 movie The Music Man. ... [Arnold has just been taken by ..."
qacc-0853,qacc,Who played arnold on the andy griffin show?,misinformation,Sheldon Collins,,3,,www.facebook.com,Sheldon Collins,correct,"Happy 63rd Birthday to Sheldon Collins, who played Opie's friend, Arnold Bailey!"
qacc-0853,qacc,Who played arnold on the andy griffin show?,misinformation,Sheldon Collins,,4,,www.adirondackalmanack.com,,noise,"Jul 20, 2015 ... Arnold was the spoiled friend of Opie Taylor (Ron Howard) on “The Andy Griffith Show,” and in a memorable episode, he provided Opie with ..."
qacc-0853,qacc,Who played arnold on the andy griffin show?,misinformation,Sheldon Collins,,5,,mayberry.fandom.com,Sheldon Collins,correct,"Sheldon Collins (born January 30, 1955, sometimes credited as Sheldon Golomb) played Arnold Bailey on The Andy Griffith Show and Mayberry R.F.D. He also ..."
qacc-0853,qacc,Who played arnold on the andy griffin show?,misinformation,Sheldon Collins,,6,,www.facebook.com,,noise,"Jan 30, 2018 ... Happy 63rd Birthday to Sheldon Collins, who played Opie's friend, Arnold Bailey!"
qacc-0855,qacc,Who represents 1st norfolk & middlesex district in the massachusetts senate?,outdated,Becca Rausch,,0,,ballotpedia.org,Cynthia Stone Creem,conflict,"Incumbent Cynthia Stone Creem won election in the general election for Massachusetts State Senate 1st Middlesex and Norfolk District on November 6, 2018."
qacc-0855,qacc,Who represents 1st norfolk & middlesex district in the massachusetts senate?,outdated,Becca Rausch,,1,,en.wikipedia.org,Becca Rausch,correct,"Democrat Becca Rausch of Needham has represented the district since 2019. Map of Massachusetts Senate's Norfolk, Bristol and Middlesex district, 2013. Based on ..."
qacc-0855,qacc,Who represents 1st norfolk & middlesex district in the massachusetts senate?,outdated,Becca Rausch,,2,,malegislature.gov,Cynthia Stone Creem,conflict,"Democrats: 36 Republicans: 3 Independent: 0 Vacant: 1 ... Cynthia · Creem, Norfolk and Middlesex, Democrat, 312-A, (617) 722-1639, Cynthia."
qacc-0855,qacc,Who represents 1st norfolk & middlesex district in the massachusetts senate?,outdated,Becca Rausch,,3,,www.nytimes.com,,noise,"Nov 8, 2022 ... See full results and maps from the 2022 Massachusetts elections. ... 1st Essex & Middlesex. Tarr*incumbent Rep. ... 1st Plymouth & Norfolk."
qacc-0855,qacc,Who represents 1st norfolk & middlesex district in the massachusetts senate?,outdated,Becca Rausch,,4,,www.sec.state.ma.us,,noise,U.S. Senators*. *Our U.S. Senators represent all citizens of the Commonwealth. Senator Edward J. Markey (D). Website: www.markey.senate.gov.
qacc-0855,qacc,Who represents 1st norfolk & middlesex district in the massachusetts senate?,outdated,Becca Rausch,,5,,malegislature.gov,,noise,"Bruce · Ayers, 1st Norfolk, Democrat, 254, (617) 722-2220, Bruce.Ayers@mahouse.gov · Ruth , Balser. Ruth · Balser, 12th Middlesex, Democrat ..."
qacc-0855,qacc,Who represents 1st norfolk & middlesex district in the massachusetts senate?,outdated,Becca Rausch,,6,,www.mass.gov,,noise,"Democrat: State Representative, 2007-2015: 1st Suffolk District ... 4, 2010: Norfolk, Bristol and Middlesex District -- United States Senator (Feb."
qacc-0855,qacc,Who represents 1st norfolk & middlesex district in the massachusetts senate?,outdated,Becca Rausch,,7,,www.presidency.ucsb.edu,,noise,"Sep 2, 2015 ... State Senator Richard Ross, of Wrentham, represents the Norfolk, ... represented the 1st Plymouth District in the Massachusetts House of ..."
qacc-0855,qacc,Who represents 1st norfolk & middlesex district in the massachusetts senate?,outdated,Becca Rausch,,8,,www.sec.state.ma.us,,noise,"2010 Massachusetts Maps. All maps are printed on 54"" x 36"", ... First Essex and Middlesex Senate District ... First Middlesex and Norfolk Senate District."
qacc-0856,qacc,Who was the asian kid in indiana jones?,misinformation,Quan,no_valid_conflict_pair,0,,en.wikipedia.org,Quan,correct,"Quan became a child actor at age 12, starring as Harrison Ford's sidekick Short Round in the Steven Spielberg film Indiana Jones and the Temple of Doom in 1984."
qacc-0856,qacc,Who was the asian kid in indiana jones?,misinformation,Quan,no_valid_conflict_pair,1,,apnews.com,Quan,correct,"Dec 8, 2022 ... Ke Huy Quan was once one of the most indelible faces — and voices — of the 1980s. He was 12 when he was cast as Harrison Ford's Yankee hat ..."
qacc-0856,qacc,Who was the asian kid in indiana jones?,misinformation,Quan,no_valid_conflict_pair,2,,www.imdb.com,Quan,correct,"Ke Huy Quan, also known as Jonathan Ke Quan, is a Vietnamese born Chinese-American actor and stunt choreographer. Quan played Short Round in Indiana Jones ..."
qacc-0856,qacc,Who was the asian kid in indiana jones?,misinformation,Quan,no_valid_conflict_pair,3,,www.nytimes.com,Quan,correct,"Mar 13, 2023 ... In the mid-1980s, Ke Huy Quan was in two of the decade's biggest movies, playing Harrison Ford's orphaned sidekick, Short Round, in “Indiana ..."
qacc-0856,qacc,Who was the asian kid in indiana jones?,misinformation,Quan,no_valid_conflict_pair,4,,www.theguardian.com,,noise,"Nov 14, 2022 ... Steven Spielberg, the director, had conducted an exhaustive search for someone to play Short Round, the cheeky Chinese pickpocket. Quan wasn't ..."
qacc-0856,qacc,Who was the asian kid in indiana jones?,misinformation,Quan,no_valid_conflict_pair,5,,www.yahoo.com,Quan,correct,"Mar 8, 2023 ... In this episode of Are the Kids Alright, Ke Huy Quan, known for playing Short Round in Indiana Jones and the Temple of Doom and Data in ..."
qacc-0856,qacc,Who was the asian kid in indiana jones?,misinformation,Quan,no_valid_conflict_pair,6,,www.wbur.org,Quan,correct,"Apr 8, 2022 ... Quan had nabbed the role of Short Round in “Indiana Jones and the Temple of Doom.” “It was pure fun,” Quan says. “The only thing I didn't like ..."
qacc-0856,qacc,Who was the asian kid in indiana jones?,misinformation,Quan,no_valid_conflict_pair,7,,www.npr.org,Quan,correct,"Feb 27, 2023 ... Actor Ke Huy Quan was 12 years old when he made his screen debut in Steven Spielberg's 1984 blockbuster Indiana Jones and the Temple of Doom ..."
qacc-0856,qacc,Who was the asian kid in indiana jones?,misinformation,Quan,no_valid_conflict_pair,8,,movieweb.com,Quan,correct,"Sep 10, 2022 ... Actor Ke Huy Quan, a former child star who played Indy's young sidekick Short Round in Indiana Jones and the Temple of Doom in 1984, was also ..."
qacc-0870,qacc,Who won the laureus 2017 sportman of the year award?,misinformation,Usain Bolt,,0,,en.wikipedia.org,,noise,"Following Armstrong's 2013 admission of doping, all his Laureus awards and nominations were rescinded. Tennis players dominate the winners list, with eleven ..."
qacc-0870,qacc,Who won the laureus 2017 sportman of the year award?,misinformation,Usain Bolt,,1,,www.laureus.com,Simone Biles,conflict,LAUREUS WORLD SPORTSMAN OF THE YEAR ... 2017 Simone Biles. 2016 Serena Williams. 2015 Genzebe Dibaba ... 2000 Louise Sauvage. LAUREUS SPORT FOR GOOD AWARD ...
qacc-0870,qacc,Who won the laureus 2017 sportman of the year award?,misinformation,Usain Bolt,,2,,en.wikipedia.org,,noise,"In the 2020 ceremony, Argentine footballer Lionel Messi became the first footballer to win the Laureus World Sportsman of the Year award."
qacc-0870,qacc,Who won the laureus 2017 sportman of the year award?,misinformation,Usain Bolt,,3,,www.laureus.com,Usain Bolt,correct,"Feb 27, 2019 ... Laureus World Sportsman Of The Year · Usain. Bolt · Stephen. Curry · Cristiano. Ronaldo · Andy. Murray · Mo. Farah · LeBron. James."
qacc-0870,qacc,Who won the laureus 2017 sportman of the year award?,misinformation,Usain Bolt,,4,,bleacherreport.com,Usain Bolt,correct,Usain Bolt was crowned as the Laureus World Sportsman of the Year for a fourth time on Tuesday in Monaco. The Jamaican sprinter secured the accolade ahead ...
qacc-0870,qacc,Who won the laureus 2017 sportman of the year award?,misinformation,Usain Bolt,,5,,worldathletics.org,Usain Bolt,correct,"Feb 14, 2017 ... Usain Bolt was named 2017 Laureus World Sportsman of the Year at a ceremony ... One world champion, won the Breakthrough of the Year award."
qacc-0870,qacc,Who won the laureus 2017 sportman of the year award?,misinformation,Usain Bolt,,6,,bleacherreport.com,,noise,BREAKING: Three-time Laureus Award winner @DjokerNole announces the Nominees for the Laureus World Sportsman of the Year Award! #Laureus17 https://t.co/ ...
qacc-0870,qacc,Who won the laureus 2017 sportman of the year award?,misinformation,Usain Bolt,,7,,www.paralympic.org,,noise,"Feb 15, 2017 ... Italian wheelchair fencer Beatrice Vio won the 2017 Laureus World Sportsperson of the Year with a Disability Award on Tuesday (14 February) ..."
qacc-0870,qacc,Who won the laureus 2017 sportman of the year award?,misinformation,Usain Bolt,,8,,twitter.com,,noise,"Jan 16, 2018 ... Honored to be nominated for the 2017 Laureus Sportsman of the Year Award. ... placed me among the candidates to win this very special award."
qacc-0870,qacc,Who won the laureus 2017 sportman of the year award?,misinformation,Usain Bolt,,9,,www.topendsports.com,,noise,"Laureus World Sportsman of the Year Award ... the 2017 award is for outstanding achievement in the 2016 calendar year. ... year, winner, other nominees."
qacc-0874,qacc,When did the first jungle book movie come out?,misinformation,1967,,0,,en.wikipedia.org,1967,correct,The Jungle Book is a 1967 American animated musical comedy film produced by Walt Disney Productions and released by Buena Vista Distribution.
qacc-0874,qacc,When did the first jungle book movie come out?,misinformation,1967,,1,,en.wikipedia.org,"December 25, 1994",conflict,"ReleaseEdit. The film was released in theaters on December 25, 1994. Home mediaEdit. The film was released ..."
qacc-0874,qacc,When did the first jungle book movie come out?,misinformation,1967,,2,,www.boxofficemojo.com,,noise,The Jungle Book. (1984 Re-release). Bagheera the Panther and Baloo the Bear have a difficult time trying to convince a boy to leave the jungle for human ...
qacc-0874,qacc,When did the first jungle book movie come out?,misinformation,1967,,3,,jonnegroni.com,,noise,"Sep 16, 2015 ... There was also an animated Jungle Book sequel made by DisneyToon ... Also, an unrelated movie called Jungle Book: Origins will be coming out ..."
qacc-0874,qacc,When did the first jungle book movie come out?,misinformation,1967,,4,,www.wdw-magazine.com,1967,correct,"Oct 18, 2022 ... The Jungle Book debuted in theaters on October 18, 1967. Learn the history and trivia behind this Walt Disney Animation Studios classic."
qacc-0874,qacc,When did the first jungle book movie come out?,misinformation,1967,,5,,www.indiatimes.com,,noise,"Feb 8, 2021 ... It shows a couple of scenes from The Jungle Book animated movie and how ... from the jungle kingdom saw theatrical release across the US."
qacc-0874,qacc,When did the first jungle book movie come out?,misinformation,1967,,6,,qz.com,,noise,"May 22, 2018 ... Based on the famous Rudyard Kipling story, The Jungle Book, ... But the Disney film was able to get made first, making Mowgli look like the ..."
qacc-0875,qacc,Which river has the largest basin in world?,misinformation,Amazon,no_valid_conflict_pair,0,,www.statista.com,Amazon,correct,"Feb 16, 2023 ... As of 2021, the Amazon basin, located in northern South America, was the largest drainage basin in the world. The Amazon River and its ..."
qacc-0875,qacc,Which river has the largest basin in world?,misinformation,Amazon,no_valid_conflict_pair,1,,www.visualcapitalist.com,Amazon,correct,"Mar 13, 2021 ... Of those, the Amazon Basin is the largest in the world by far, covering one-third of the South American continent. River Drainage Basins and ..."
qacc-0875,qacc,Which river has the largest basin in world?,misinformation,Amazon,no_valid_conflict_pair,2,,www.epa.gov,,noise,"Mar 14, 2023 ... This page has information about the Mississippi River Basin ... and the Atchafalaya River Basins, is the third largest in the world, ..."
qacc-0875,qacc,Which river has the largest basin in world?,misinformation,Amazon,no_valid_conflict_pair,3,,en.wikipedia.org,,noise,"^ The Great Basin is a set of endorheic drainage basins, the largest being the 35,910 km2 (13,860 sq mi) basin that drains into the Great Salt Lake. ^ Official ..."
qacc-0875,qacc,Which river has the largest basin in world?,misinformation,Amazon,no_valid_conflict_pair,4,,www.nps.gov,,noise,"Feb 10, 2022 ... The Mississippi River watershed is the fourth largest in the world, extending from the Allegheny Mountains in the east to the Rocky Mountains in ..."
qacc-0875,qacc,Which river has the largest basin in world?,misinformation,Amazon,no_valid_conflict_pair,5,,www.nationalgeographic.org,Amazon,correct,"Jul 18, 2023 ... The Amazon Basin, in northern South America, is the largest in the world. The Amazon River and all of its tributaries drain an area more than 7 ..."
qacc-0875,qacc,Which river has the largest basin in world?,misinformation,Amazon,no_valid_conflict_pair,6,,www.nationalgeographic.org,,noise,"Known as the Ganges-Brahmaputra-Meghna (GBM) River Basin, it is one of the largest river systems in the world. The melting water from the Himalayas, ..."
qacc-0875,qacc,Which river has the largest basin in world?,misinformation,Amazon,no_valid_conflict_pair,7,,byjus.com,Amazon,correct,"The Amazon Basin located in northern South America, is the largest river basin in the world. The Amazon River and all of its tributaries drain an area of more ..."
qacc-0877,qacc,When is my mother said i never should set?,misinformation,1987,soft_conflict,0,,en.wikipedia.org,1987,correct,My Mother Said I Never Should is a play in three acts written by Charlotte Keatley and first staged in Manchester in 1987. The play is about the ...
qacc-0877,qacc,When is my mother said i never should set?,misinformation,1987,soft_conflict,1,,www.newvictheatre.org.uk,,noise,"Set in Manchester, Oldham and London, My Mother Said I Never Should is a poignant, bittersweet story about love, jealousy and the price of freedom."
qacc-0877,qacc,When is my mother said i never should set?,misinformation,1987,soft_conflict,2,,www.theguardian.com,,noise,"Nov 13, 2019 ... Jude Mahon plays both young and older Margaret in My Mother Said I Never Should. Photograph: Mark Douet. Sophia Lovell Smith's set is half ..."
qacc-0877,qacc,When is my mother said i never should set?,misinformation,1987,soft_conflict,3,,seatplan.com,1900,conflict,"Set across four generations and beginning in 1900, My Mother Said I Never Should follows the illegitimately born Doris, who exchanges a potentially ..."
qacc-0877,qacc,When is my mother said i never should set?,misinformation,1987,soft_conflict,4,,markaspen.com,,noise,"Feb 28, 2019 ... Love, Jealousy, and the Price of Freedom My Mother Said I Never Should by Charlotte Keatley London Classic Theatre at Richmond Theatre until ..."
qacc-0877,qacc,When is my mother said i never should set?,misinformation,1987,soft_conflict,5,,www.varsity.co.uk,1987,correct,"Feb 8, 2023 ... Gabriella Shennan's revival of the 1987 play My Mother Said I Never Should follows the relationships between four women of different ..."
qacc-0877,qacc,When is my mother said i never should set?,misinformation,1987,soft_conflict,6,,www.nytimes.com,,noise,"Dec 16, 1973 ... Eni eni mino mo Set the baby on the po [pot] When it's done Clean its bum ... My mother said I never should Play with gypsies In the wood."
qacc-0878,qacc,When was the last time rangers were in the champions league?,outdated,2011-12,,0,,www.uefa.com,,noise,"Track every club's performances in the UEFA Champions League including statistics, video and details of top players. ... Rangers FC. Top goalscorers."
qacc-0878,qacc,When was the last time rangers were in the champions league?,outdated,2011-12,,1,,en.wikipedia.org,,noise,"Rangers became the first Scottish club to appear in the UEFA Champions League, when in 1992 they defeated Danish side Lyngby in the first round. Rangers faced ..."
qacc-0878,qacc,When was the last time rangers were in the champions league?,outdated,2011-12,,2,,www.transfermarkt.us,,noise,"Diese Übersicht listet die Pokalhistorie des Vereins Rangers. Die Pokalspiele werden auf die ... 05/06, last 16 ... UEFA Champions League Qualifying ..."
qacc-0878,qacc,When was the last time rangers were in the champions league?,outdated,2011-12,,3,,www.scotsman.com,2011-12,correct,"May 24, 2021 ... Malmo - The Swedish club were the last team Rangers played in the Champions League, losing to them in the third qualifying round in 2011-12."
qacc-0878,qacc,When was the last time rangers were in the champions league?,outdated,2011-12,,4,,www.sportingnews.com,1967,conflict,"Sep 7, 2022 ... ... Rangers are back in the UEFA Champions League for the first time ... then again in the 1967 final against Bayern Munich, Rangers were ..."
qacc-0878,qacc,When was the last time rangers were in the champions league?,outdated,2011-12,,5,,www.espn.com,,noise,"Aug 24, 2022 ... Rangers returned to the Champions League group stage for the first time in 12 years with a 1-0 win at PSV Eindhoven on Wednesday."
qacc-0878,qacc,When was the last time rangers were in the champions league?,outdated,2011-12,,6,,apnews.com,,noise,"Sep 6, 2022 ... Scottish soccer giant Rangers is back in the Champions League after a ... “It was like we were playing games at a high school or college, ..."
qacc-0878,qacc,When was the last time rangers were in the champions league?,outdated,2011-12,,7,,www.skysports.com,,noise,"Sep 8, 2022 ... Yes, 2007 feels like a long time ago, but that is the last time both Celtic and Rangers were together competing in the Champions League ..."
qacc-0878,qacc,When was the last time rangers were in the champions league?,outdated,2011-12,,8,,sports.yahoo.com,,noise,"Aug 9, 2023 ... Thirty years after they were crowned European champions for the first and only time, Marseille slipped to a 1-0 defeat at Panathinaikos."
qacc-0878,qacc,When was the last time rangers were in the champions league?,outdated,2011-12,,9,,www.theguardian.com,,noise,"Oct 12, 2022 ... Mohamed Salah scored the fastest hat-trick in Champions League history as Rangers were taken apart at Ibrox."
qacc-0880,qacc,How many sims can you have sims freeplay?,outdated,34.,,0,,thegirlwhogames.blog,34.,correct,"Jan 14, 2019 ... The maximum amount of sims you can normally have in your town is 34 so you do have 2 additional sims if you have 36. Reply. Pamela ..."
qacc-0880,qacc,How many sims can you have sims freeplay?,outdated,34.,,1,,www.reddit.com,six,conflict,"Dec 15, 2019 ... Then before it arrives, you can create another Sim and have it move in. I have one house where six Sims live doing that."
qacc-0880,qacc,How many sims can you have sims freeplay?,outdated,34.,,2,,www.ea.com,34.,correct,"Note: The maximum number of Sims that can live on a lot continues to be 4, and the maximum you can have in your town continues to be 34."
qacc-0880,qacc,How many sims can you have sims freeplay?,outdated,34.,,3,,en.wikipedia.org,,noise,"All actions must be instructed by players, unlike in the Windows version, where Sims have some degree of autonomy. Players can progress through 55 levels to ..."
qacc-0880,qacc,How many sims can you have sims freeplay?,outdated,34.,,4,,simsfp.perturbee.net,34.,correct,"May 8, 2014 ... We very strongly recommend that if you do decide to add more Sims, make sure that you stay within the usual maximum for the game (currently 34 ..."
qacc-0880,qacc,How many sims can you have sims freeplay?,outdated,34.,,5,,osgamers.com,,noise,"How do you have more than 10 Sims on Sims FreePlay? If you have a household with 2 adults and 5 preteens/teens, you can send them all to work and school and ..."
qacc-0880,qacc,How many sims can you have sims freeplay?,outdated,34.,,6,,simsfp.perturbee.net,,noise,"Sep 7, 2020 ... With VIP 5 you can have up to 5 sims living in a household and with VIP 14 up to 6 sims. VIP 10 raises the maximum amount of sims in your town, ..."
qacc-0880,qacc,How many sims can you have sims freeplay?,outdated,34.,,7,,simsfreeplay.fandom.com,,noise,"A Sim can move to a different house. At the start of the game, one will only have unlocked Standard sized lots (complete the Ocean View Estate quest to ..."
qacc-0880,qacc,How many sims can you have sims freeplay?,outdated,34.,,8,,simsfp.perturbee.net,,noise,"Jun 7, 2015 ... I don't see any reason not to have full sims, except if you run out of money and can't buy enough houses to receive new sims :)"
qacc-0880,qacc,How many sims can you have sims freeplay?,outdated,34.,,9,,www.supercheats.com,,noise,"Jun 4, 2012 ... No. You can only have four Sims per household, that is the limit. You might be able to add more sims to a bigger house, but for most ..."
qacc-0885,qacc,Which is bigger kīlauea and mauna loa or mount everest?,conflicting_opinions,Everest,pending_screen,0,,www.usgs.gov,Mauna,conflict,"Mauna Kea Volcano rises 13796 feet (4205 meters) above sea level but extends about ... higher than the height of the tallest mountain on land, Mount Everest ..."
qacc-0885,qacc,Which is bigger kīlauea and mauna loa or mount everest?,conflicting_opinions,Everest,pending_screen,1,,www.mentalfloss.com,Mauna,conflict,"Jul 11, 2023 ... Certainly, the highest point of Mauna Kea is definitely not higher than Everest's. At 13,796 feet above sea level, it's less than half as ..."
qacc-0885,qacc,Which is bigger kīlauea and mauna loa or mount everest?,conflicting_opinions,Everest,pending_screen,2,,www.nps.gov,Mauna,conflict,"Nov 30, 2022 ... Mauna Loa rising from behind Kīlauea Caldera. (NPS Photo/J. Wei). Mauna Loa is the largest active volcano on the planet."
qacc-0885,qacc,Which is bigger kīlauea and mauna loa or mount everest?,conflicting_opinions,Everest,pending_screen,3,,mashable.com,,noise,"May 28, 2018 ... Measured from its deep ocean base, the Mauna Loa volcano is taller than Mount Everest. It takes up over half of the Big Island. And it's an omen ..."
qacc-0885,qacc,Which is bigger kīlauea and mauna loa or mount everest?,conflicting_opinions,Everest,pending_screen,4,,wamu.org,Everest,correct,"Nov 28, 2022 ... The mountain, which is taller than Mount Everest measured from seafloor to summit, erupted Sunday. Its lava appears to be contained, ..."
qacc-0885,qacc,Which is bigger kīlauea and mauna loa or mount everest?,conflicting_opinions,Everest,pending_screen,5,,wamu.org,Mauna,conflict,"Nov 28, 2022 ... The mountain, which is taller than Mount Everest measured from seafloor to summit, erupted Sunday. Its lava appears to be contained, ..."
qacc-0885,qacc,Which is bigger kīlauea and mauna loa or mount everest?,conflicting_opinions,Everest,pending_screen,6,,www.businessinsider.com,Everest,correct,"Jun 3, 2015 ... Everest stands 29,035 feet above sea level. Mauna Kea only stands 13,796 feet above seal level, but the mountain extends about 19,700 feet ..."
qacc-0885,qacc,Which is bigger kīlauea and mauna loa or mount everest?,conflicting_opinions,Everest,pending_screen,7,,www.soest.hawaii.edu,,noise,"May 13, 2018 ... Mauna Loa lava flows tend to be larger and move faster than at nearby Kilauea. HVO image from 1984, person for scale."
qacc-0885,qacc,Which is bigger kīlauea and mauna loa or mount everest?,conflicting_opinions,Everest,pending_screen,8,,www.nationalgeographic.com,,noise,"Jul 15, 2019 ... Kilauea is one of the world's most active volcanoes. ... The national park stretches from sea level to Mauna Loa's summit. Beyond the end of ..."
qacc-0887,qacc,What is the numbers of total elected member of rajya sabha in present time?,misinformation,238,no_valid_conflict_pair,0,,en.wikipedia.org,238,correct,"The total allowed capacity is 250 (238 elected, 12 appointed) according to article 80 of the Indian Constitution. The current potential seating capacity of the ..."
qacc-0887,qacc,What is the numbers of total elected member of rajya sabha in present time?,misinformation,238,no_valid_conflict_pair,1,,eci.gov.in,,noise,By pressing this button the total number of votes polled upto the time of ... The President of India nominates 12 members of Rajya Sabha as mentioned ...
qacc-0887,qacc,What is the numbers of total elected member of rajya sabha in present time?,misinformation,238,no_valid_conflict_pair,2,,knowindia.india.gov.in,,noise,"Elections to the Rajya Sabha are indirect; members representing States are elected by ... Following the Constitution 84th Amendment Act, the total number of ..."
qacc-0887,qacc,What is the numbers of total elected member of rajya sabha in present time?,misinformation,238,no_valid_conflict_pair,3,,eci.gov.in,,noise,"Apr 3, 2018 ... Q.4 Who conducts the election to the Office of President of India? ... by the total number of elected members of Parliament (Lok Sabha ..."
qacc-0887,qacc,What is the numbers of total elected member of rajya sabha in present time?,misinformation,238,no_valid_conflict_pair,4,,www.india.gov.in,238,correct,"May 30, 2023 ... The Rajya Sabha should consist of not more than 250 members - 238 members representing the States and Union Territories, and 12 members ..."
qacc-0887,qacc,What is the numbers of total elected member of rajya sabha in present time?,misinformation,238,no_valid_conflict_pair,5,,www.mpa.gov.in,,noise,(a)Total number of women in present Lok Sabha. 78(source:- http://loksabhaph.nic.in/Members/women.aspx ). (b)Total number of women in present Rajya Sabha.
qacc-0887,qacc,What is the numbers of total elected member of rajya sabha in present time?,misinformation,238,no_valid_conflict_pair,6,,www.india.gov.in,238,correct,"May 3, 2023 ... The Rajya Sabha is to consist of not more than 250 members - 238 members ... At present, the Lok Sabha has 543 seats filled by elected ..."
qacc-0887,qacc,What is the numbers of total elected member of rajya sabha in present time?,misinformation,238,no_valid_conflict_pair,7,,carnegieendowment.org,,noise,"Mar 14, 2019 ... The constitution also regulates the total number of seats in the Lok Sabha. The Seventh Amendment (1956) capped the maximum number of elected ..."
qacc-0887,qacc,What is the numbers of total elected member of rajya sabha in present time?,misinformation,238,no_valid_conflict_pair,8,,www.reuters.com,,noise,"Jun 7, 2019 ... Most members of the Rajya Sabha are elected by lawmakers from state ... The increases in the NDA numbers in the projection come from states ..."
qacc-0887,qacc,What is the numbers of total elected member of rajya sabha in present time?,misinformation,238,no_valid_conflict_pair,9,,pib.gov.in,,noise,"Jun 29, 2022 ... 12 nominated members of Rajya Sabha, and; 543 elected members of Lok Sabha. Electoral College comprises of a total of 788 members of both Houses ..."
qacc-0890,qacc,When did the seed of chucky come out?,misinformation,"Nov 4, 2004",,0,,en.wikipedia.org,,noise,"When the film closed on December 23, 2004, the domestic gross was $17,083,732 and $24,829,644 worldwide. In Australia, Seed of Chucky opened at #8 with $260,958 ..."
qacc-0890,qacc,When did the seed of chucky come out?,misinformation,"Nov 4, 2004",,1,,www.syfy.com,,noise,"Oct 27, 2022 ... Photo: Glen Kills Chucky | Seed Of Chucky / CHUCKY Official YouTube ... and their toxic parental relationship was put on full display."
qacc-0890,qacc,When did the seed of chucky come out?,misinformation,"Nov 4, 2004",,2,,childsplay.fandom.com,November 12,conflict,"Seed of Chucky is an American horror comedy film. It is the fifth entry in the Child's Play franchise, and was released in the United States in November 12, ..."
qacc-0890,qacc,When did the seed of chucky come out?,misinformation,"Nov 4, 2004",,3,,collider.com,,noise,"Aug 14, 2021 ... The DVD and blu-ray version of Seed of Chucky was released a year after it was out in theaters, and those who brought it home got a little ..."
qacc-0890,qacc,When did the seed of chucky come out?,misinformation,"Nov 4, 2004",,4,,www.imdb.com,,noise,"Details ; Release date · November 12, 2004 (United States) ; Also known as. Bride of Chucky 2 ; Filming locations · Romania ; Production companies · Rogue Pictures ..."
qacc-0890,qacc,When did the seed of chucky come out?,misinformation,"Nov 4, 2004",,5,,www.mtv.com,"Nov 4, 2004",correct,"Oct 26, 2004 ... For weeks, Chucky — star of ""Seed of Chucky,"" the fifth film in the ""Child's Play"" series — has been dogged by tabloid rumors that he and ..."
qacc-0890,qacc,When did the seed of chucky come out?,misinformation,"Nov 4, 2004",,6,,thoroughlymodernreviewer.com,,noise,"Jul 2, 2021 ... He is horrified when Chucky and his lover embark on a new killing spree, and Chucky is equally horrified that his son has no taste for evil. So, ..."
qacc-0890,qacc,When did the seed of chucky come out?,misinformation,"Nov 4, 2004",,7,,nymag.com,"Nov 4, 2004",correct,"Nov 4, 2004 ... In Seed of Chucky, co-starring Jennifer Tilly and John Waters, the homicidal doll has a ... Do you reference other coming-out tales?"
qacc-0894,qacc,How many lakes in crow wing county mn?,misinformation,3417,pending_screen,0,,www.crowwing.gov,400,conflict,"Shorelines & Wetlands. Crow Wing County has over 400 lakes and 75 rivers with over 2,000 miles of shoreline. These areas are an important buffer to the lake ..."
qacc-0894,qacc,How many lakes in crow wing county mn?,misinformation,3417,pending_screen,1,,files.dnr.state.mn.us,,noise,Enjoying Minnesota's lakes and rivers by paddle ... online and at many stores that sell fishing related ... Public Water Accesses in Crow Wing County.
qacc-0894,qacc,How many lakes in crow wing county mn?,misinformation,3417,pending_screen,2,,www.lake-link.com,3417,correct,"Crow Wing County Lakes. There were 3417 lakes found in Crow Wing County, Minnesota. Crow Wing County County. Adney Lake. Adney Lake - Crow Wing County ..."
qacc-0894,qacc,How many lakes in crow wing county mn?,misinformation,3417,pending_screen,3,,en.wikipedia.org,,noise,"The Crow Wing Chain of Lakes is a chain of eleven shallow lakes along the Crow Wing River in Hubbard County, Minnesota, approximately 90 miles (140 km) ..."
qacc-0894,qacc,How many lakes in crow wing county mn?,misinformation,3417,pending_screen,4,,propertyinformation.crowwing.us,,noise,"DISCLAIMER: Crow Wing County, makes no representation or warranties, express or implied, with respect to the use or reuse of the data provided herewith, ..."
qacc-0894,qacc,How many lakes in crow wing county mn?,misinformation,3417,pending_screen,5,,mn-crowwingcounty2.civicplus.com,,noise,Overview. Crow Wing County has several lakes with administered access. Each lake access has varying levels of amenities associated with them.
qacc-0894,qacc,How many lakes in crow wing county mn?,misinformation,3417,pending_screen,6,,www.crowwing.us,,noise,Crow Wing County will hold a public land sale auction on July 28th at 10:00 a.m. in the Land Services Building located at 322 Laurel Street in Brainerd. Over ...
qacc-0894,qacc,How many lakes in crow wing county mn?,misinformation,3417,pending_screen,7,,www.dnr.state.mn.us,,noise,"Description: This WMA is a complex of lakes, wetlands, old fields, and forest along the Crow Wing River. Half of the WMA is forested with aspen, jack pine, ..."
qacc-0895,qacc,Who wrote the theme song for phineas and ferb?,misinformation," Jeff ""Swampy"" Marsh ",pending_screen,0,,phineasandferb.fandom.com,,noise,Michael Culross Jr. BMI Work # 9365299 (Original theme song). References.
qacc-0895,qacc,Who wrote the theme song for phineas and ferb?,misinformation," Jeff ""Swampy"" Marsh ",pending_screen,1,,disneychannel.fandom.com,"Jeff ""Swampy"" Marsh",correct,"He and Jeff ""Swampy"" Marsh wrote the lyrics, but Disney wanted to make the melody more modern. Dan Povenmire sang an approximation of it on the ""Original Story ..."
qacc-0895,qacc,Who wrote the theme song for phineas and ferb?,misinformation," Jeff ""Swampy"" Marsh ",pending_screen,2,,en.wikipedia.org,,noise,"As a ""thank you"" for the skills she learned while with TADW, Jacob and her husband Danny Jacob, composer and song producer for Disney's ""Phineas and Ferb,"" have ..."
qacc-0895,qacc,Who wrote the theme song for phineas and ferb?,misinformation," Jeff ""Swampy"" Marsh ",pending_screen,3,,www.reddit.com,Bowling for Soup,conflict,"Mar 7, 2020 ... TIL that the Phineas and Ferb theme song was done by the band Bowling for Soup. ; u/Fairweather_Matthews avatar Fairweather_Matthews · 9 ; [deleted] ..."
qacc-0895,qacc,Who wrote the theme song for phineas and ferb?,misinformation," Jeff ""Swampy"" Marsh ",pending_screen,4,,genius.com,,noise,Today Is Gonna Be a Great Day (Theme Song to Phineas and Ferb) Lyrics · There's a hundred and four days of summer vacation · So the annual problem for our ...
qacc-0895,qacc,Who wrote the theme song for phineas and ferb?,misinformation," Jeff ""Swampy"" Marsh ",pending_screen,5,,www.ocregister.com,,noise,"Aug 3, 2011 ... In the old days, Danny Jacob would check his answering machine on a Friday night, find a very rough demo of a song from the creators of “Phineas ..."
qacc-0895,qacc,Who wrote the theme song for phineas and ferb?,misinformation," Jeff ""Swampy"" Marsh ",pending_screen,6,,www.bsckids.com,,noise,"Nov 2, 2011 ... BSCkids recently got the chance to interview the musician behind the music of the hit cartoon, “Phineas and Ferb,” Danny Jacob."
qacc-0895,qacc,Who wrote the theme song for phineas and ferb?,misinformation," Jeff ""Swampy"" Marsh ",pending_screen,7,,deadline.com,"Jeff ""Swampy"" Marsh",correct,"Mar 16, 2023 ... Jeff “Swampy” Marsh, co-creator and executive producer of Phineas and Ferb ... for Soup (who recorded the theme song), Chaka Khan and Slash."
qacc-0895,qacc,Who wrote the theme song for phineas and ferb?,misinformation," Jeff ""Swampy"" Marsh ",pending_screen,8,,genius.com,"Jeff ""Swampy"" Marsh",correct,Today Is Gonna Be a Great Day (Theme Song to Phineas and Ferb)” by Bowling for Soup was written by Jeff “Swampy” Marsh & Dan Povenmire.
qacc-0897,qacc,The most basic protection for a lender of funds secured with a residential property is the?,misinformation,Disclosures Upon Transfer,,0,,www.fdic.gov,,noise,(1968 Act) and the Flood Disaster Protection Act of 1973. (FDPA).1 The 1968 Act made ... property securing the loan is in a SFHA of a community not.
qacc-0897,qacc,The most basic protection for a lender of funds secured with a residential property is the?,misinformation,Disclosures Upon Transfer,,1,,www.consumerfinance.gov,,noise,The funding lender is the lender for the purposes of the disclosure ... (3) If the residential real property securing a mortgage loan is not located in a ...
qacc-0897,qacc,The most basic protection for a lender of funds secured with a residential property is the?,misinformation,Disclosures Upon Transfer,,2,,www.fdic.gov,Perfecting the Security ,conflict,"Perfecting the Security Interest . ... Subprime Residential Real Estate Lending. ... via limited recourse financing secured by leveraged loans,."
qacc-0897,qacc,The most basic protection for a lender of funds secured with a residential property is the?,misinformation,Disclosures Upon Transfer,,3,,www.occ.gov,,noise,"Investor-Owned Residential Real Estate Lending Standards . ... may finance construction of common amenities or infrastructure, such as clubhouses."
qacc-0897,qacc,The most basic protection for a lender of funds secured with a residential property is the?,misinformation,Disclosures Upon Transfer,,4,,www.dre.ca.gov,Disclosures Upon Transfer ,correct,A. Disclosures Upon Transfer of Residential Property . ... 3. Construction Loans and Multiple Security Properties in Multi-. Lender Transactions.
qacc-0897,qacc,The most basic protection for a lender of funds secured with a residential property is the?,misinformation,Disclosures Upon Transfer,,5,,www.energy.gov,,noise,Commercial and residential PACE programs share a common foundation. PACE programs allow a property owner to finance the up-front cost of energy or other ...
qacc-0897,qacc,The most basic protection for a lender of funds secured with a residential property is the?,misinformation,Disclosures Upon Transfer,,6,,benefits.va.gov,,noise,"However, many lenders limit their lending operations to certain areas. 8. May a lender require security from the veteran in addition to the property being."
qacc-0897,qacc,The most basic protection for a lender of funds secured with a residential property is the?,misinformation,Disclosures Upon Transfer,,7,,www.investopedia.com,,noise,"For both commercial and residential loans, borrowers with lower LTVs will qualify for more favorable financing rates than those with higher LTVs. The reason: ..."
qacc-0897,qacc,The most basic protection for a lender of funds secured with a residential property is the?,misinformation,Disclosures Upon Transfer,,8,,www.rd.usda.gov,Agency's lien position,conflict,adequately secured by the value of the real estate and the Agency's lien position. Section 4 specifies Agency security requirements and Section 5 provides ...
qacc-0897,qacc,The most basic protection for a lender of funds secured with a residential property is the?,misinformation,Disclosures Upon Transfer,,9,,dfpi.ca.gov,,noise,"May 9, 2023 ... requires the licensing and regulation of finance lenders and ... in making or brokering loans secured by residential real property is also ..."
qacc-0898,qacc,Of 600 large cities in china about how many are experiencing a water shortage?,misinformation,400,soft_conflict,0,,en.wikipedia.org,400,correct,"Ma argued that 400 out of 600 cities in China are facing water shortages to varying degrees, including 30 out of the 32 largest cities."
qacc-0898,qacc,Of 600 large cities in china about how many are experiencing a water shortage?,misinformation,400,soft_conflict,1,,www.cnn.com,,noise,"Jun 27, 2019 ... 600 million people facing acute water shortage in India ... A total of 21 major cities are poised to run out of groundwater next year, ..."
qacc-0898,qacc,Of 600 large cities in china about how many are experiencing a water shortage?,misinformation,400,soft_conflict,2,,www.usnews.com,,noise,"Jun 21, 2019 ... Chennai, the sixth-largest city in India, is facing a severe water shortage. With the four reservoirs the city's population uses for water ..."
qacc-0898,qacc,Of 600 large cities in china about how many are experiencing a water shortage?,misinformation,400,soft_conflict,3,,www.theguardian.com,,noise,"Aug 22, 2022 ... China's Yangtze river shrinks amid severe drought, in Chongqing<br>epa10131506 An aerial. 01:08. China: world's third largest river dries up ..."
qacc-0898,qacc,Of 600 large cities in china about how many are experiencing a water shortage?,misinformation,400,soft_conflict,4,,www.nature.com,,noise,"Jul 31, 2019 ... Two-thirds of the world population will live in cities. ... Many countries are already experiencing water scarcity conditions."
qacc-0898,qacc,Of 600 large cities in china about how many are experiencing a water shortage?,misinformation,400,soft_conflict,5,,spice.fsi.stanford.edu,over half,conflict,"Sep 7, 2006 ... Water shortages plague over half of China's cities.27 Today, water is ... China sits atop two large underground aquifers, so much water is ..."
qacc-0898,qacc,Of 600 large cities in china about how many are experiencing a water shortage?,misinformation,400,soft_conflict,6,,www.ncbi.nlm.nih.gov,,noise,"In many large Chinese cities, household coal use is poised to fall from its ... Water shortages compel populations to draw on more contaminated sources, ..."
qacc-0898,qacc,Of 600 large cities in china about how many are experiencing a water shortage?,misinformation,400,soft_conflict,7,,urbantransitions.global,,noise,"To scale up the development of sponge cities, national governments – in China and internationally – should ensure that every city has a transformative, holistic."
qacc-0901,qacc,By whom the speaker of lok sabha is elected?,misinformation,members,,0,,www.vedantu.com,members,correct,"In the Lok Sabha, the speaker and even the deputy speaker are elected from among its members by a majority of members' presence and voting in the house. There ..."
qacc-0901,qacc,By whom the speaker of lok sabha is elected?,misinformation,members,,1,,en.wikipedia.org,President ,conflict,"The date of election of the Speaker is fixed by the President. Further, all comments and speeches made by members of the House are addressed to the Speaker. The ..."
qacc-0901,qacc,By whom the speaker of lok sabha is elected?,misinformation,members,,2,,testbook.com,members,correct,"Mar 30, 2023 ... Speaker of Lok Sabha is elected by all Members of the Lok Sabha. First meeting of the Lok Sabha is being presided over by Pro Tem Speaker. He ..."
qacc-0901,qacc,By whom the speaker of lok sabha is elected?,misinformation,members,,3,,byjus.com,members,correct,"In the Lok Sabha, the speaker and the deputy speaker both are elected from among its members by a simple majority of members present and voting in the house."
qacc-0901,qacc,By whom the speaker of lok sabha is elected?,misinformation,members,,4,,www.toppr.com,members,correct,Lok Sabha is called the Lower House of Parliament and its presiding officers are Speaker and Deputy Speaker. They are elected from among its members by simple ...
qacc-0901,qacc,By whom the speaker of lok sabha is elected?,misinformation,members,,5,,www.india.gov.in,members,correct,"May 30, 2023 ... Each member is elected for a term of six years. The Vice President of India is the ex-officio Chairman of Rajya Sabha. The House also elects ..."
qacc-0901,qacc,By whom the speaker of lok sabha is elected?,misinformation,members,,6,,www.drishtiias.com,members,correct,"May 17, 2021 ... Voting: The Speaker (along with the Deputy Speaker) is elected from among the Lok Sabha members by a simple majority of members present and ..."
qacc-0901,qacc,By whom the speaker of lok sabha is elected?,misinformation,members,,7,,www.toppr.com,members,correct,The Speaker of the Lok Sabha is elected from among its own members by majority vote soon after the newly elected house meets for the first time.
qacc-0901,qacc,By whom the speaker of lok sabha is elected?,misinformation,members,,8,,www.mpa.gov.in,members,correct,"In that case, the duties of the. Speaker are to be performed by a Member of the House appointed for this purpose by the President as Speaker pro tem. Similarly,."
qacc-0901,qacc,By whom the speaker of lok sabha is elected?,misinformation,members,,9,,eci.gov.in,,noise,"Apr 3, 2018 ... Q.4 Who conducts the election to the Office of President of India? ... Must be eligible to be a member of the Lok Sabha,."
qacc-0908,qacc,What is the iis version in windows server 2016?,misinformation,IIS 10.0,no_valid_conflict_pair,0,,learn.microsoft.com,IIS 10.0,correct,"Jun 14, 2022 ... IIS 10.0 is the latest version of Internet Information Services (IIS) which shipped with Windows 10 and Windows Server 2016."
qacc-0908,qacc,What is the iis version in windows server 2016?,misinformation,IIS 10.0,no_valid_conflict_pair,1,,www.minitool.com,,noise,"Apr 16, 2020 ... Check IIS Version on Your Windows 10/8/7 PC · Press Windows + S to open the search box. · Type cmd into the textbox. · Right click on Command ..."
qacc-0908,qacc,What is the iis version in windows server 2016?,misinformation,IIS 10.0,no_valid_conflict_pair,2,,learn.microsoft.com,IIS 10.0,correct,"Version, Start Date, End Date. IIS 10 on Windows Server 2019, Nov 13, 2018, Jan 9, 2029 ... IIS 10 on Windows Server 2016, Oct 15, 2016, Jan 12, 2027."
qacc-0908,qacc,What is the iis version in windows server 2016?,misinformation,IIS 10.0,no_valid_conflict_pair,3,,serverfault.com,,noise,"May 20, 2009 ... When you have IIS Manager open, you can click Help -> About to see the version. IIS version in IIS Manager about box. Share."
qacc-0908,qacc,What is the iis version in windows server 2016?,misinformation,IIS 10.0,no_valid_conflict_pair,4,,www.itechtics.com,,noise,Navigate to: Control Panel >> System and Security >> Windows Tools >> Internet Information Services (IIS) Manager · Expand the Help menu and click “About ...
qacc-0908,qacc,What is the iis version in windows server 2016?,misinformation,IIS 10.0,no_valid_conflict_pair,5,,serverfault.com,IIS 10.0,correct,"Feb 6, 2018 ... Lastly, you are using Windows Server 2016, so you are using IIS 10, not IIS 7.5. Each IIS releases bind to a Windows release, and IIS 7.5 is ..."
qacc-0908,qacc,What is the iis version in windows server 2016?,misinformation,IIS 10.0,no_valid_conflict_pair,6,,www.liangshunet.com,IIS 10.0,correct,"Jul 8, 2020 ... 3. The right of ""Internet Information Services"" is the iis version in Figure 2, that is, the iis version of Windows server 2019 is Version 10.0."
qacc-0908,qacc,What is the iis version in windows server 2016?,misinformation,IIS 10.0,no_valid_conflict_pair,7,,www.microsoft.com,IIS 10.0,correct,8 days ago ... IIS 10.0 Express is a simple and self-contained version of IIS 10.0 that is optimized for developers.
qacc-0908,qacc,What is the iis version in windows server 2016?,misinformation,IIS 10.0,no_valid_conflict_pair,8,,en.wikipedia.org,IIS 10.0,correct,IIS 10.0 version 1607 a.k.a. version 10.0.14393 is included in Windows Server 2016 released 2016-09-26 and Windows 10 Anniversary Update released 2016-08-02 ...
qacc-0908,qacc,What is the iis version in windows server 2016?,misinformation,IIS 10.0,no_valid_conflict_pair,9,,help.cadcorp.com,,noise,Configuring IIS on Windows Server 2016 · Enable IIS. Open Server Manager > Dashboard from the Server Manager button. · The Server Manager ▷ IIS > Servers will be ...
qacc-0913,qacc,Who played the girl in karate kid 3?,misinformation,Robyn Lively,no_valid_conflict_pair,0,,www.imdb.com,,noise,"The Karate Kid Part III (1989) cast and crew credits, including actors, actresses, directors, writers and more."
qacc-0913,qacc,Who played the girl in karate kid 3?,misinformation,Robyn Lively,no_valid_conflict_pair,1,,en.wikipedia.org,,noise,"The Karate Kid Part III is a 1989 American martial arts drama film, the third entry in the Karate Kid franchise and a sequel to The Karate Kid Part II ..."
qacc-0913,qacc,Who played the girl in karate kid 3?,misinformation,Robyn Lively,no_valid_conflict_pair,2,,www.netflix.com,Robyn Lively,correct,The Karate Kid III's Robyn Lively makes her long-awaited return as Jessica Andrews in the fifth episode of Season 5. “Being a legacy character is so ...
qacc-0913,qacc,Who played the girl in karate kid 3?,misinformation,Robyn Lively,no_valid_conflict_pair,3,,thekaratekid.fandom.com,,noise,"Jessica Andrews is the female lead in The Karate Kid Part III, and a supporting protagonist in the Netflix original series, Cobra Kai."
qacc-0913,qacc,Who played the girl in karate kid 3?,misinformation,Robyn Lively,no_valid_conflict_pair,4,,www.tvguide.com,,noise,The Karate Kid Part III - Full Cast & Crew ; Director. 2 Credits. John G. Avildsen · Jerry Weintraub ; Screenwriter. 3 Credits. Alan Ormsby · Robert Mark Kamen.
qacc-0913,qacc,Who played the girl in karate kid 3?,misinformation,Robyn Lively,no_valid_conflict_pair,5,,www.looper.com,Robyn Lively,correct,"Mar 11, 2021 ... If Jessica actress Robyn Lively was to reprise the role on Cobra Kai, things would likely stay platonic. A friend's return? Robyn Lively smiling ..."
qacc-0913,qacc,Who played the girl in karate kid 3?,misinformation,Robyn Lively,no_valid_conflict_pair,6,,nothingbutnostalgia.com,Robyn Lively,correct,The Karate Kid Part III Cast – Then And Now · RALPH MACCHIO - DANIEL LARUSSO · PAT MORITA - MR. MIYAGI · ROBYN LIVELY - JESSICA · MARTIN KOVE - JOHN KREESE · THOMAS ...
qacc-0913,qacc,Who played the girl in karate kid 3?,misinformation,Robyn Lively,no_valid_conflict_pair,7,,people.com,,noise,"Jul 1, 2023 ... From Ralph Macchio to William Zabka, here's every cast member from 'The Karate Kid' that appears on 'Cobra Kai' and what they've been up to ..."
qacc-0931,qacc,Where is the red eared slider turtle from?,misinformation,United States,pending_screen,0,,wildlife.ca.gov,freshwater,conflict,Red-eared sliders are medium-sized freshwater turtles. Their top shell (carapace) and skin are olive to brown in color with yellow stripes.
qacc-0931,qacc,Where is the red eared slider turtle from?,misinformation,United States,pending_screen,1,,en.wikipedia.org,United States,correct,"The red-eared slider is native from the Midwestern United States to northern Mexico, but has become established in other places because of pet releases, and has ..."
qacc-0931,qacc,Where is the red eared slider turtle from?,misinformation,United States,pending_screen,2,,www.invasivespeciescentre.ca,United States,correct,"Red-eared sliders (Trachemys scripta elegans) are an invasive turtle species to Canada, originating from the Mississippi River waterways of the United States. A ..."
qacc-0931,qacc,Where is the red eared slider turtle from?,misinformation,United States,pending_screen,3,,naturemappingfoundation.org,,noise,"The breeding season lasts from late spring to early summer. Courtship and mating activities for red-eared sliders usually occur between March and July, and take ..."
qacc-0931,qacc,Where is the red eared slider turtle from?,misinformation,United States,pending_screen,4,,dwazoo.com,,noise,Trachemys scripta elegans · Description: Red-eared sliders common name comes from the small red stripe on each side of their head behind the eyes and their ...
qacc-0931,qacc,Where is the red eared slider turtle from?,misinformation,United States,pending_screen,5,,www.thesprucepets.com,,noise,"Jan 31, 2022 ... Red-eared sliders are very popular aquatic turtles that require special lighting, an animal and plant based diet, and continuous cleaning ..."
qacc-0931,qacc,Where is the red eared slider turtle from?,misinformation,United States,pending_screen,6,,www.petco.com,,noise,"Jul 20, 2023 ... The red-eared slider is primarily aquatic and will emerge from the water for basking on rocks and logs. When basking, red-eared sliders commonly ..."
qacc-0931,qacc,Where is the red eared slider turtle from?,misinformation,United States,pending_screen,7,,nas.er.usgs.gov,,noise,"Identification: Trachemys s. elegans (Wied-Neuwied, 1838), the Red-eared Slider, has a unique, broad red or orange (rarely yellow) stripe behind each eye ..."
qacc-0931,qacc,Where is the red eared slider turtle from?,misinformation,United States,pending_screen,8,,bcinvasives.ca,,noise,Red-eared sliders (Red-eared terrapin) are an invasive turtle with red patches just behind their eyes. Their introduction into BC is likely caused by many ...
qacc-0931,qacc,Where is the red eared slider turtle from?,misinformation,United States,pending_screen,9,,seagrant.oregonstate.edu,,noise,The attractively patterned red-eared slider is the most extensively bred and distributed pet turtle species. Releases of pet turtles reached a peak when the ...
qacc-0933,qacc,What are the 5 layers of earth atmosphere?,misinformation,"troposphere, stratosphere,",no_valid_conflict_pair,0,,climate.nasa.gov,,noise,"Oct 2, 2019 ... Part One sidebar: Earth's atmosphere has five major and several secondary layers. From lowest to highest, the major layers are the ..."
qacc-0933,qacc,What are the 5 layers of earth atmosphere?,misinformation,"troposphere, stratosphere,",no_valid_conflict_pair,1,,www.worldatlas.com,"troposphere, stratosphere, ",correct,"May 1, 2020 ... What Are The 5 Layers Of The Earth's Atmosphere? · 1. Troposphere · 2. Stratosphere · 3. Mesosphere · 4. Thermosphere · 5. Exosphere."
qacc-0933,qacc,What are the 5 layers of earth atmosphere?,misinformation,"troposphere, stratosphere,",no_valid_conflict_pair,2,,niwa.co.nz,"troposphere, stratosphere, ",correct,"May 10, 2023 ... The atmosphere is comprised of layers based on temperature. These layers are the troposphere, stratosphere, mesosphere and thermosphere."
qacc-0933,qacc,What are the 5 layers of earth atmosphere?,misinformation,"troposphere, stratosphere,",no_valid_conflict_pair,3,,www.nasa.gov,,noise,"Jan 21, 2013 ... The troposphere starts at the Earth's surface and extends 8 to 14.5 kilometers high (5 to 9 miles). This part of the atmosphere is the most ..."
qacc-0933,qacc,What are the 5 layers of earth atmosphere?,misinformation,"troposphere, stratosphere,",no_valid_conflict_pair,4,,scied.ucar.edu,"troposphere, stratosphere, ",correct,"Layers of Earth's atmosphere: troposphere, stratosphere, mesosphere, thermosphere and exosphere."
qacc-0933,qacc,What are the 5 layers of earth atmosphere?,misinformation,"troposphere, stratosphere,",no_valid_conflict_pair,5,,www.scmp.com,"troposphere, stratosphere, ",correct,"Mar 6, 2023 ... Scientists have divided our atmosphere into 5 major layers – the troposphere, stratosphere, mesosphere, thermosphere and exosphere."
qacc-0933,qacc,What are the 5 layers of earth atmosphere?,misinformation,"troposphere, stratosphere,",no_valid_conflict_pair,6,,spaceplace.nasa.gov,,noise,"Earth's atmosphere has six different layers. They go from the ground all the way to outer space. To learn more about each layer of the atmosphere, click the ..."
qacc-0933,qacc,What are the 5 layers of earth atmosphere?,misinformation,"troposphere, stratosphere,",no_valid_conflict_pair,7,,www.nationalgeographic.org,,noise,"May 19, 2022 ... The atmosphere is divided into five different layers, based on temperature. The layer closest to Earth's surface is the troposphere, ..."
qacc-0936,qacc,Who has won the most stages in a single tour de france?,misinformation,Mark Cavendish,pending_screen,0,,en.wikipedia.org,Mark Cavendish,correct,"Mark Cavendish has the most mass finish stage wins with 34 ahead of André Darrigade and André Leducq with 22, François Faber with 19 and Eddy Merckx with 18."
qacc-0936,qacc,Who has won the most stages in a single tour de france?,misinformation,Mark Cavendish,pending_screen,1,,velo.outsideonline.com,Charles Pelissier,conflict,"Jul 6, 2018 ... Most wins at a single Tour de France: Eight by Charles Pelissier (1930), ... Biggest time gap on a stage win: 22 minutes, 50 seconds by Jose ..."
qacc-0936,qacc,Who has won the most stages in a single tour de france?,misinformation,Mark Cavendish,pending_screen,2,,www.linkedin.com,,noise,"Aug 21, 2020 ... 8 is the most stage wins in a single Tour. Eddy Merckx (BEL) did it twice, in 1970 and again in 1974. Charles Pelissier (FRA) won 8 stages ..."
qacc-0936,qacc,Who has won the most stages in a single tour de france?,misinformation,Mark Cavendish,pending_screen,3,,www.procyclingstats.com,Lance Armstrong,conflict,"Statistics on Tour de France. Lance Armstrong has the most victories in Tour de France history, winning 7 out of the 111 editions. The last winner is Jonas ..."
qacc-0936,qacc,Who has won the most stages in a single tour de france?,misinformation,Mark Cavendish,pending_screen,4,,bicycles.stackexchange.com,,noise,"Jul 16, 2022 ... does anyone know who won the most stages in a single Tour de France without winning the overall race in the same year?"
qacc-0936,qacc,Who has won the most stages in a single tour de france?,misinformation,Mark Cavendish,pending_screen,5,,roadcyclinguk.com,,noise,"Jul 5, 2016 ... Andre Leducq was one of France's foremost cyclists in the interwar period, winning the Tour twice and picking up 25 stage wins in the process. A ..."
qacc-0936,qacc,Who has won the most stages in a single tour de france?,misinformation,Mark Cavendish,pending_screen,6,,www.chaletcouleursdefrance.com,,noise,"Dec 20, 2022 ... Chavanel is a strong rider who has shown himself to be capable of winning multiple stages in a single Tour. If he can add a few more stage ..."
qacc-0936,qacc,Who has won the most stages in a single tour de france?,misinformation,Mark Cavendish,pending_screen,7,,www.cyclingstage.com,Mark Cavendish,correct,"He also has the most stage wins with 34, a record that he shares with Mark Cavendish. The youngest winner ever was Henri Cornet, winning the 1904 Tour at 19 ..."
qacc-0936,qacc,Who has won the most stages in a single tour de france?,misinformation,Mark Cavendish,pending_screen,8,,www.theguardian.com,,noise,"Jun 30, 2017 ... Mark Cavendish has said any stage win in this year's Tour de France would be a bonus as he returns after missing most of the season with ..."
qacc-0936,qacc,Who has won the most stages in a single tour de france?,misinformation,Mark Cavendish,pending_screen,9,,sicycle.wordpress.com,,noise,"Feb 26, 2017 ... Freddy Maertens is arguably the most impressive performer however.Maertens racked up 35 stage wins in just six grand tours, he actually “only” ..."
qacc-0937,qacc,Who is the most followed person on twitter in the world?,outdated,Elon Musk,,0,,en.wikipedia.org,,noise,"Barbadian singer Rihanna (@rihanna) is the most-followed woman on Twitter, with over 108 million followers. Rank, Username, Owner, Followers (millions) ..."
qacc-0937,qacc,Who is the most followed person on twitter in the world?,outdated,Elon Musk,,1,,www.brandwatch.com,Elon Musk,correct,"Jun 26, 2023 ... Elon Musk (145m followers). Elon Musk's Twitter presence has only grown over the years. He's skyrocketed to the top of this list, especially ..."
qacc-0937,qacc,Who is the most followed person on twitter in the world?,outdated,Elon Musk,,2,,www.socialtracker.io,,noise,"Top 50 Twitter users by followers ; 2nd, Barack Obama, 132,598,760, 558,943 ; 3rd, Justin Bieber, 112,731,565, 278,761 ..."
qacc-0937,qacc,Who is the most followed person on twitter in the world?,outdated,Elon Musk,,3,,www.statista.com,Barack Obama,conflict,"Jan 25, 2023 ... As of January 2023, former U.S. President Barack Obama was the most followed person on Twitter. His account was followed by over 133 million ..."
qacc-0937,qacc,Who is the most followed person on twitter in the world?,outdated,Elon Musk,,4,,www.tweetbinder.com,,noise,"Top 10 most followed Twitter accounts ; Rihanna, @rihanna, 108.2M ; Cristiano Ronaldo, @Cristiano, 108.2M ; Taylor Swift, @taylorswift13, 92.5M ; Narendra Modi. @ ..."
qacc-0937,qacc,Who is the most followed person on twitter in the world?,outdated,Elon Musk,,5,,www.newvisiontheatres.com,,noise,"Jan 21, 2023 ... Barack Obama, 133.4 Million Followers. Barack Obama has served as the 44th President of the world's most powerful country United States."
qacc-0937,qacc,Who is the most followed person on twitter in the world?,outdated,Elon Musk,,6,,www.lifestyleasia.com,Elon Musk,correct,"Apr 6, 2023 ... Elon Musk – who happens to be the richest person in the world – has the most-followed account on Twitter this 2023."
qacc-0937,qacc,Who is the most followed person on twitter in the world?,outdated,Elon Musk,,7,,www.billboard.com,,noise,"Jul 1, 2016 ... Katy Perry Hits 90M, Most Followed Person on Twitter ... Katy Perry performs during ""The Prismatic World Tour"" at the Verizon Center on June ..."
qacc-0937,qacc,Who is the most followed person on twitter in the world?,outdated,Elon Musk,,8,,www.theguardian.com,,noise,"Mar 21, 2011 ... Co-founder Jack Dorsey was the first person to send a tweet on 21st ... Musicians are a big majority of the top 100 most followed users."
qacc-0939,qacc,Who sold more albums elvis or michael jackson?,misinformation,not clear,,0,,www.decluttr.com,Elvis Presley,conflict,"Jul 31, 2018 ... Garth Brooks – 148 million units · Elvis Presley – 146.5 million units · Eagles – 101 million units · Billy Joel – 82.5 million units · Michael ..."
qacc-0939,qacc,Who sold more albums elvis or michael jackson?,misinformation,not clear,,1,,www.quora.com, Michael Jackson,conflict,"During their solo careers, Elvis Presley sold over 385 million records. Michael Jackson's solo career saw him sold over 750 million records."
qacc-0939,qacc,Who sold more albums elvis or michael jackson?,misinformation,not clear,,2,,wpgtalkradio.com,Elvis Presley,conflict,"Mar 9, 2023 ... “The King” is still “The King.” ... Nearly 50 years after Elvis Presley's death, he has still sold the most physical albums and singles in ..."
qacc-0939,qacc,Who sold more albums elvis or michael jackson?,misinformation,not clear,,3,,www.quora.com,not clear,correct,"In this case, Wikipedia may not be accurate. However, Elvis did sell more records than Michael, although, it's fair to say he released more albums, ..."
qacc-0939,qacc,Who sold more albums elvis or michael jackson?,misinformation,not clear,,4,,www.statista.com, Michael Jackson,conflict,"Dec 8, 2022 ... Second is Garth Brooks with over 157 million units sales, followed by Elvis Presley with 139 million units. All the artists who made the top ..."
qacc-0939,qacc,Who sold more albums elvis or michael jackson?,misinformation,not clear,,5,,www.lipstickalley.com,Elvis Presley,conflict,"Oct 24, 2021 ... Elvis Presley has sold about 450 million records, give or take. And the Beatles remains the best-selling artist of all time with sales of up to ..."
qacc-0939,qacc,Who sold more albums elvis or michael jackson?,misinformation,not clear,,6,,www.businessinsider.com,,noise,"Jun 28, 2023 ... Taylor Swift's latest album, ""Midnights,"" has helped thrust her to ... Garth Brooks has sold more than Elvis Presley and Michael Jackson."
qacc-0939,qacc,Who sold more albums elvis or michael jackson?,misinformation,not clear,,7,,tomsonhighway.com,Elvis Presley,conflict,"Apr 5, 2023 ... According to the Recording Industry Association of America, Elvis Presley sold 146.5 million albums, which is six more than Michael Jackson, ..."
qacc-0939,qacc,Who sold more albums elvis or michael jackson?,misinformation,not clear,,8,,www.pbs.org,,noise,"Nov 25, 2014 ... Only The Beatles, Elvis Presley and Michael Jackson can rival Bing's sales figures. Bing had sold 200 million records by 1960 and the figure ..."
qacc-0939,qacc,Who sold more albums elvis or michael jackson?,misinformation,not clear,,9,,www.express.co.uk, Michael Jackson,conflict,"Mar 3, 2023 ... The late singer is the best-selling of all time with claimed sales of over 500 million copies. In fact, only The Beatles are ahead of him in the ..."
qacc-0941,qacc,When does my little pony season 7 air?,outdated,"April 15, 2017",pending_screen,0,,en.wikipedia.org,"April 15, 2017",correct,"Season 7 of the series premiered on April 15, 2017, on Discovery Family, an American pay television channel partly owned by Hasbro, and concluded on October 28, ..."
qacc-0941,qacc,When does my little pony season 7 air?,outdated,"April 15, 2017",pending_screen,1,,en.wikipedia.org,,noise,"During the course of the series, 222 episodes of My Little Pony: Friendship Is Magic aired, including two specials over nine seasons, between October 10, 2010, ..."
qacc-0941,qacc,When does my little pony season 7 air?,outdated,"April 15, 2017",pending_screen,2,,www.amazon.com,"October 9, 2018",conflict,"My Little Pony: Friendship Is Magic - Season Seven ; Aspect Ratio, ‎1.78:1 ; Studio, ‎SHOUT! FACTORY ; Release date, ‎October 9, 2018 ; ASIN, ‎B07FJNSHYF ; Customer ..."
qacc-0941,qacc,When does my little pony season 7 air?,outdated,"April 15, 2017",pending_screen,3,,retromedialibrary.fandom.com,,noise,"In South Korea, this season premiered on April 6, 2018. Two new episodes currently air on Disney Junior every Friday at 9:00 a.m. The Movie is expected to be ..."
qacc-0941,qacc,When does my little pony season 7 air?,outdated,"April 15, 2017",pending_screen,4,,ideas.fandom.com,,noise,The seventh season of My Little Pony: Friendship Is Magic will air on Cartoon Network. Andrea Libman as Fluttershy Andrea Libman (singing voice is Shannon ...
qacc-0941,qacc,When does my little pony season 7 air?,outdated,"April 15, 2017",pending_screen,5,,mlp.fandom.com,,noise,"The show first went on air on 23 April 2016 at 5:25 WIB.. After the channel unveiled 3 episodes of the show, the timeslot was moved to 7:00 AM every Saturday ..."
qacc-0943,qacc,What kinda cheese is on a philly cheesesteak?,misinformation,American cheese,no_valid_conflict_pair,0,,www.inquirer.com,American cheese,correct,"Jun 9, 2021 ... The cheese is typically American cheese, provolone or melted Cheez Whiz. Fans of cheesesteaks sold by particular outlets — think Pat's, Genos, ..."
qacc-0943,qacc,What kinda cheese is on a philly cheesesteak?,misinformation,American cheese,no_valid_conflict_pair,1,,natashaskitchen.com,,noise,"Sep 6, 2019 ... Ribeye is the steak of choice for Philly Cheesesteak sandwiches. It is well-marbled and tender when cooked. Another cut that we have used with ..."
qacc-0943,qacc,What kinda cheese is on a philly cheesesteak?,misinformation,American cheese,no_valid_conflict_pair,2,,www.fromvalerieskitchen.com,,noise,"Jan 28, 2020 ... This easy Philly Cheesesteak Recipe is the ultimate game day fare! Tender beef, peppers, onions and melted cheese loaded on toasted hoagie ..."
qacc-0943,qacc,What kinda cheese is on a philly cheesesteak?,misinformation,American cheese,no_valid_conflict_pair,3,,thetoastykitchen.com,American cheese,correct,"Oct 6, 2019 ... Cheese - I highly recommend white American cheese because it adds a salty flavor and creamy, melty texture to a cheesesteak sandwich that can't ..."
qacc-0943,qacc,What kinda cheese is on a philly cheesesteak?,misinformation,American cheese,no_valid_conflict_pair,4,,www.delish.com,,noise,"Some say that Cheez Whiz is the only proper cheese for a cheesesteak, but others love provolone. Most places in Philly will offer both, so no need to stress."
qacc-0943,qacc,What kinda cheese is on a philly cheesesteak?,misinformation,American cheese,no_valid_conflict_pair,5,,momsdish.com,American cheese,correct,"Jun 25, 2021 ... A true Philly Cheesesteak is typically shaved steak, normally a ribeye, which you got right. The cheese is usually American or whiz. Provolone ..."
qacc-0943,qacc,What kinda cheese is on a philly cheesesteak?,misinformation,American cheese,no_valid_conflict_pair,6,,www.simplyrecipes.com,,noise,"What Kind of Cheese Goes on Philly Cheesesteaks? ... There are two options here: provolone or Cheez Whiz, a shelf-stable cheese product sold in jars. If I'm being ..."
qacc-0943,qacc,What kinda cheese is on a philly cheesesteak?,misinformation,American cheese,no_valid_conflict_pair,7,,www.foodnetwork.com,,noise,I've had the original Philly Cheesesteak...in Philly. This sandwich bears little resemblance to it. It's the cheese sauce. Why sauce??? It's not at all in ...
qacc-0945,qacc,Who sang mr sandman in back to the future?,misinformation,Four Aces,no_valid_conflict_pair,0,,www.youtube.com,Four Aces,correct,"May 31, 2011 ... A picture slideshow of Al Alberts and the Four Aces while they sing the 1954 Chordettes hit, ""Mr. Sandman""."
qacc-0945,qacc,Who sang mr sandman in back to the future?,misinformation,Four Aces,no_valid_conflict_pair,1,,backtothefuture.fandom.com,,noise,"The Family Ties episode ""Band on the Run"" has Jennifer Keaton band at one point performing Mr. Sandman. External links. WP favicon ..."
qacc-0945,qacc,Who sang mr sandman in back to the future?,misinformation,Four Aces,no_valid_conflict_pair,2,,www.youtube.com,,noise,"Oct 5, 2011 ... Back to the Future Part I Soundtrack Mr. Sandman - Pat Ballard."
qacc-0945,qacc,Who sang mr sandman in back to the future?,misinformation,Four Aces,no_valid_conflict_pair,3,,njgreenwoodreviews.wordpress.com,,noise,"Jun 1, 2014 ... I heard Mr. Sandman for the first time in a while yesterday. Never before had I realized that it's the first song we hear when Marty goes ..."
qacc-0945,qacc,Who sang mr sandman in back to the future?,misinformation,Four Aces,no_valid_conflict_pair,4,,www.youtube.com,Four Aces,correct,"May 9, 2019 ... Mister Sandman (Ballard) by The Four Aces, featuring Al Alberts, orchestra and chorus conducted by Jack Pleis Thinking back through several ..."
qacc-0945,qacc,Who sang mr sandman in back to the future?,misinformation,Four Aces,no_valid_conflict_pair,5,,en.wikipedia.org,Four Aces,correct,"The Four Aces' version was notably featured in the movie Back to the Future, when Marty first realizes he is in 1955. Chart performanceEdit. Chart (1954-1955) ..."
qacc-0945,qacc,Who sang mr sandman in back to the future?,misinformation,Four Aces,no_valid_conflict_pair,6,,www.tampabay.com,,noise,"Dec 18, 2014 ... In Back To The Future, the playing of Mr. Sandman is a key foreshadowing that Marty McFly has time-traveled from 1985 to 1955."
qacc-0945,qacc,Who sang mr sandman in back to the future?,misinformation,Four Aces,no_valid_conflict_pair,7,,mojim.com,,noise,"Mister Sandman - From Back to the Future Mr. Sandman, bring me a dream Make her complexion like peaches and cream Give her two lips like roses and clover ..."
qacc-0945,qacc,Who sang mr sandman in back to the future?,misinformation,Four Aces,no_valid_conflict_pair,8,,en.wikipedia.org,Four Aces,correct,"Songs in the film but not included on the soundtrack album: ""The Washington Post"" – composed by John Philip Sousa; ""Mr. Sandman"" – performed by The Four Aces ..."
qacc-0945,qacc,Who sang mr sandman in back to the future?,misinformation,Four Aces,no_valid_conflict_pair,9,,www.reddit.com,,noise,"Apr 7, 2020 ... In the First Back to the Future Movie, is the Song Mr. Sandman in the film sung by men or women? I personally remember the Movie having ..."
qacc-0946,qacc,Who wrote writing on the wall sam smith?,misinformation,Jimmy Napes,no_valid_conflict_pair,0,,en.wikipedia.org,Jimmy Napes,correct,"The song was written by Smith and Jimmy Napes, and produced by the latter alongside Steve Fitzmaurice and Disclosure and released on 25 September 2015. "" ..."
qacc-0946,qacc,Who wrote writing on the wall sam smith?,misinformation,Jimmy Napes,no_valid_conflict_pair,1,,www.npr.org,Jimmy Napes,correct,"Sep 25, 2015 ... Smith says the song came together in one whirlwind session. He and collaborator Jimmy Napes wrote it in under half an hour and quickly recorded ..."
qacc-0946,qacc,Who wrote writing on the wall sam smith?,misinformation,Jimmy Napes,no_valid_conflict_pair,2,,www.songfacts.com,,noise,"""Writing's on the wall"" is an expression that references an event foreshadowing a disaster. The idea comes from the Old Testament Book of Daniel Chapter 5, ..."
qacc-0946,qacc,Who wrote writing on the wall sam smith?,misinformation,Jimmy Napes,no_valid_conflict_pair,3,,simple.wikipedia.org,Jimmy Napes,correct,"The song was written by Smith and Jimmy Napes, and produced by Napes, Steve Fitzmaurice and Disclosure. It was released on 25 September 2015. ""Writing's on the ..."
qacc-0946,qacc,Who wrote writing on the wall sam smith?,misinformation,Jimmy Napes,no_valid_conflict_pair,4,,www.theatlantic.com,,noise,"Sep 25, 2015 ... Sam Smith has written plenty of songs like this, of course. But he says “Writing's on the Wall” is supposed to be from Bond's perspective—“I ..."
qacc-0946,qacc,Who wrote writing on the wall sam smith?,misinformation,Jimmy Napes,no_valid_conflict_pair,5,,joebennett.net,,noise,"Sep 30, 2015 ... 1 Comment. Marilyn Vaughan on 6 October 2015 at 7:02 pm. Sam Smith is a great song writer, the one he wrote for the James Bond ..."
qacc-0946,qacc,Who wrote writing on the wall sam smith?,misinformation,Jimmy Napes,no_valid_conflict_pair,6,,www.theguardian.com,,noise,"Sep 25, 2015 ... Writing's on the Wall attempts to capture the mood of Adele's Skyfall theme – but backs Sam Smith's claim it only took 20 minutes to write."
qacc-0951,qacc,When did hong kong revert back to china?,misinformation,1 July 1997,no_valid_conflict_pair,0,,apnews.com,,noise,"Jun 29, 2022 ... HONG KONG (AP) — When the British handed Hong Kong to Beijing in 1997, it was promised 50 years of self-government and freedoms of assembly, ..."
qacc-0951,qacc,When did hong kong revert back to china?,misinformation,1 July 1997,no_valid_conflict_pair,1,,en.wikipedia.org,1 July 1997,correct,The handover of Hong Kong from the United Kingdom to the People's Republic of China was at midnight on 1 July 1997. This event ended 156 years of British ...
qacc-0951,qacc,When did hong kong revert back to china?,misinformation,1 July 1997,no_valid_conflict_pair,2,,www.bbc.com,,noise,"Jul 1, 2022 ... Every year, on 1 July, Hong Kong marks the day where it was returned from British to Chinese control. This year, the city will celebrate the ..."
qacc-0951,qacc,When did hong kong revert back to china?,misinformation,1 July 1997,no_valid_conflict_pair,3,,www.history.com,1 July 1997,correct,"Nov 24, 2009 ... At midnight on July 1, 1997, Hong Kong reverts back from British rule to Chinese rule."
qacc-0951,qacc,When did hong kong revert back to china?,misinformation,1 July 1997,no_valid_conflict_pair,4,,www.cfr.org,1 July 1997,correct,"After more than a century and a half of colonial rule, the British government returned Hong Kong in 1997. (Qing Dynasty leaders ceded Hong Kong Island to the ..."
qacc-0951,qacc,When did hong kong revert back to china?,misinformation,1 July 1997,no_valid_conflict_pair,5,,www.nbcnews.com,,noise,"Jul 1, 2022 ... Under the terms of the Sino-British Joint Declaration signed in 1984, Hong Kong was to return to Chinese sovereignty as a special ..."
qacc-0951,qacc,When did hong kong revert back to china?,misinformation,1 July 1997,no_valid_conflict_pair,6,,1997-2001.state.gov,1 July 1997,correct,"Hong Kong, which had been a dependent territory of the United Kingdom, reverted to Chinese sovereignty on July 1, 1997. Blue Bar. Fact Sheets and Reports."
qacc-0958,qacc,When was the first televised college football game?,misinformation,"Sept. 30, 1939",,0,,en.wikipedia.org,,noise,"The first televised college football game occurred during the ""experimental"" era of television's broadcasting history, when a game between Fordham ..."
qacc-0958,qacc,When was the first televised college football game?,misinformation,"Sept. 30, 1939",,1,,www.ncaa.com,"Sept. 30, 1939",correct,"Oct 1, 2020 ... The first known televised football game was played Sept. 30, 1939, when Fordham beat Waynesburg, 34-7. Estimates vary, but it's thought that ..."
qacc-0958,qacc,When was the first televised college football game?,misinformation,"Sept. 30, 1939",,2,,en.wikipedia.org,"February 28, 1940",conflict,"On February 28, 1940, the University of Pittsburgh played Fordham at Madison Square Garden in the first televised basketball game. College football on ..."
qacc-0958,qacc,When was the first televised college football game?,misinformation,"Sept. 30, 1939",,3,,fbschedules.com,,noise,View the College Football TV Schedule for the 2023 season at FBSchedules.com. The schedule includes all FBS and FCS games.
qacc-0958,qacc,When was the first televised college football game?,misinformation,"Sept. 30, 1939",,4,,125.nd.edu,November 1952,conflict,"In November 1952, #10 Notre Dame hosted #4 Oklahoma in one of the first nationally-televised games in college football history (and the first-ever televised ..."
qacc-0958,qacc,When was the first televised college football game?,misinformation,"Sept. 30, 1939",,5,,www.espn.com,,noise,"Oct 14, 2011 ... One of the first televised college football games in prime time -- Ole Miss at Alabama -- turned out to be one of the greatest in the ..."
qacc-0958,qacc,When was the first televised college football game?,misinformation,"Sept. 30, 1939",,6,,eyesofageneration.com,,noise,"On September 29, 1951 NBC gave us the first live sporting event broadcast coast-to-coast, a college football game between Duke University and the University ..."
qacc-0958,qacc,When was the first televised college football game?,misinformation,"Sept. 30, 1939",,7,,20thcenturyhistorysongbook.com,,noise,"The first televised college football game occurred during the “experimental” era of television's broadcasting history, when a game between Fordham ..."
qacc-0958,qacc,When was the first televised college football game?,misinformation,"Sept. 30, 1939",,8,,thefootballusa.com,,noise,"Jul 19, 2023 ... The College football kickoff 2023 will be televised on NBC from 2:30 pm onwards."
qacc-0962,qacc,Who get the flag at a military funeral?,misinformation,next-of-kin,soft_conflict,0,,www.va.gov,A funeral director,conflict,A flag may be issued to a funeral director or anyone else who certifies by signature the eligibility of the deceased Veteran even if requested eligibility ...
qacc-0962,qacc,Who get the flag at a military funeral?,misinformation,next-of-kin,soft_conflict,1,,www.cem.va.gov,next-of-kin,correct,"Who Is Eligible to Receive the Burial Flag? Generally, the flag is given to the next-of-kin, as a keepsake, after its use during the funeral service. When there ..."
qacc-0962,qacc,Who get the flag at a military funeral?,misinformation,next-of-kin,soft_conflict,2,,www.va.gov,A funeral director,conflict,"Mar 22, 2023 ... How do I get a burial flag to honor a Veteran or Reservist? · A funeral director, or · A VA regional office, or · A United States post office. Call ..."
qacc-0962,qacc,Who get the flag at a military funeral?,misinformation,next-of-kin,soft_conflict,3,,www.carrot-top.com,next-of-kin,correct,"Nov 30, 2021 ... By law, the burial flag is to be given to the next-of-kin at the conclusion of a military funeral service. According to the VA, a flag may not ..."
qacc-0962,qacc,Who get the flag at a military funeral?,misinformation,next-of-kin,soft_conflict,4,,beyondthedash.com,,noise,"May 25, 2021 ... A military burial flag is a gift to the family of the deceased veteran on behalf of the Armed Forces and President of the United States. It is a ..."
qacc-0962,qacc,Who get the flag at a military funeral?,misinformation,next-of-kin,soft_conflict,5,,www.militaryonesource.mil,,noise,"Jan 5, 2023 ... If no claim is made for the flag by the next of kin, it may be given, upon request, to a friend or associate of the deceased veteran. Additional ..."
qacc-0962,qacc,Who get the flag at a military funeral?,misinformation,next-of-kin,soft_conflict,6,,www.defense.gov,next-of-kin,correct,"Aug 25, 2021 ... The honor detail performs a ceremony that includes the playing of taps and the folding and presentation of the American flag to the next of kin."
qacc-0962,qacc,Who get the flag at a military funeral?,misinformation,next-of-kin,soft_conflict,7,,dod.hawaii.gov,next-of-kin,correct,"Upon the family's request, Public Law 106-65 requires that every eligible Veteran receive a military funeral honors ceremony, including folding and presenting ..."
qacc-0962,qacc,Who get the flag at a military funeral?,misinformation,next-of-kin,soft_conflict,8,,dva.wi.gov,next-of-kin,correct,"... every eligible veteran is entitled to receive a military funeral honors ceremony to include folding, presentation of the United States burial flag and ..."
qacc-0962,qacc,Who get the flag at a military funeral?,misinformation,next-of-kin,soft_conflict,9,,www.193sow.ang.af.mil,,noise,"Apr 21, 2013 ... The purpose of a military funeral is to be a formal and ... front in order to receive the folded American flag after the flag-folding honor ..."
qacc-0965,qacc,What two documents was the bill of rights based on?,misinformation,"Charters of Freedom, ",,0,,www.archives.gov,"Charters of Freedom, ",correct,"Jun 5, 2023 ... These three documents, known collectively as the Charters of Freedom, have secured the rights of the American people for more than two and a ..."
qacc-0965,qacc,What two documents was the bill of rights based on?,misinformation,"Charters of Freedom, ",,1,,www.archives.gov,never ratified.,conflict,"Apr 21, 2023 ... In 1992, 203 years after it was proposed, Article 2 was ratified as the 27th Amendment to the Constitution. Article 1 was never ratified."
qacc-0965,qacc,What two documents was the bill of rights based on?,misinformation,"Charters of Freedom, ",,2,,www.ohchr.org,,noise,"The Drafting. Committee decided to prepare two documents: one in the form of a declaration, which would set forth general principles or standards of human ..."
qacc-0965,qacc,What two documents was the bill of rights based on?,misinformation,"Charters of Freedom, ",,3,,www.constitutionfacts.com,,noise,"The U.S. Bill of Rights was influenced by George Mason's 1776 Virginia Declaration of Rights, the 1689 English Bill of Rights, works of the Age of Enlightenment ..."
qacc-0965,qacc,What two documents was the bill of rights based on?,misinformation,"Charters of Freedom, ",,4,,billofrightsinstitute.org,,noise,"The Bill of Rights was strongly influenced by the Virginia Declaration of Rights, written by George Mason. Other precursors include English documents such as ..."
qacc-0965,qacc,What two documents was the bill of rights based on?,misinformation,"Charters of Freedom, ",,5,,museum.archives.gov,,noise,"Encounter the original founding documents of the United States in the National Archives ... and Bill of Rights, and download high-res images of the documents."
qacc-0968,qacc,What genre is the book the adventures of huckleberry finn?,misinformation,"picaresque,bildungsroman,satir",soft_conflict,0,,study.com,"picaresque,bildungsroman,satir",correct,"This lesson explains how Mark Twain's novel falls under three different literary genres: picaresque, bildungsroman, and satire. Create an account. Genre. When ..."
qacc-0968,qacc,What genre is the book the adventures of huckleberry finn?,misinformation,"picaresque,bildungsroman,satir",soft_conflict,1,,www.sparknotes.com,picaresque ,conflict,"The Adventures of Huckleberry Finn is an example of a picaresque in that it follows the adventures of a lower-class, rough-around-the-edges protagonist who ..."
qacc-0968,qacc,What genre is the book the adventures of huckleberry finn?,misinformation,"picaresque,bildungsroman,satir",soft_conflict,2,,study.com,Adventure ,conflict,"Nov 5, 2022 ... Adventure Genre. As a fast-paced and action-packed novel, The Adventures of Huckleberry Finn sets the bar high for future literature, following ..."
qacc-0968,qacc,What genre is the book the adventures of huckleberry finn?,misinformation,"picaresque,bildungsroman,satir",soft_conflict,3,,www.amazon.com,,noise,Find your next great read on the Amazon Book Review. ... Book 1 of 1: THE ADVENTURES OF HUCKLEBERRY FINN ... Customers who viewed this item also viewed.
qacc-0968,qacc,What genre is the book the adventures of huckleberry finn?,misinformation,"picaresque,bildungsroman,satir",soft_conflict,4,,www.gale.com,,noise,"The Adventures of Huckleberry Finn, by American author Mark Twain, is a novel set in the pre-Civil War South that examines institutionalized racism and ..."
qacc-0968,qacc,What genre is the book the adventures of huckleberry finn?,misinformation,"picaresque,bildungsroman,satir",soft_conflict,5,,www.litcharts.com,,noise,"Huckleberry Finn is a satirical novel, meaning that it uses humor and irony to criticize an aspect of society. In this case, Twain is criticizing the ..."
qacc-0970,qacc,When were most of the effigy mounds built?,misinformation,550–1200 CE,pending_screen,0,,en.wikipedia.org,550–1200 CE,correct,"The Effigy Moundbuilder culture is primarily associated with the years 550–1200 CE during the Late Woodland Period, although radiocarbon dating has placed the ..."
qacc-0970,qacc,When were most of the effigy mounds built?,misinformation,550–1200 CE,pending_screen,1,,www.nps.gov,,noise,"May 17, 2021 ... The Effigy Moundbuilders also built linear or long rectangular mounds that were used for ceremonial purposes that remain a mystery."
qacc-0970,qacc,When were most of the effigy mounds built?,misinformation,550–1200 CE,pending_screen,2,,npshistory.com,450 BCE and 1300 CE,conflict,"Feb 27, 2023 ... Linear mounds, built between 1,700 and 1,300 years ago, were 2 to 4 feet high, 6 to 8 feet across, and could be 100 feet long. Compound mounds ..."
qacc-0970,qacc,When were most of the effigy mounds built?,misinformation,550–1200 CE,pending_screen,3,,lakeshorepreserve.wisc.edu,,noise,"When were the mounds built; and what forms do mounds take? ... and northern Illinois, the majority of effigy mounds were built in southern Wisconsin."
qacc-0970,qacc,When were most of the effigy mounds built?,misinformation,550–1200 CE,pending_screen,4,,www.britannica.com,450 BCE and 1300 CE,conflict,"The oldest mounds have been dated to about 450 bce, but the effigy mounds themselves were built by a later culture (probably in 500–1300 ce). Many of the ..."
qacc-0970,qacc,When were most of the effigy mounds built?,misinformation,550–1200 CE,pending_screen,5,,www.wisconsinhistory.org,,noise,"Mounds were then built over the corpses as grave markers. Sometimes an object such as a cooking pot or an arrow was included in the mound. More often, no items ..."
qacc-0970,qacc,When were most of the effigy mounds built?,misinformation,550–1200 CE,pending_screen,6,,news.wisc.edu,,noise,"Nov 10, 2008 ... There are believed to be more burial mounds at UW–Madison than any ... two mounds were destroyed when Agricultural Hall was built in 1901."
qacc-0970,qacc,When were most of the effigy mounds built?,misinformation,550–1200 CE,pending_screen,7,,recollectionwisconsin.org,550–1200 CE,correct,"Feb 4, 2015 ... Radiocarbon dating has placed the people who built the mounds to have lived roughly between 650 – 1200 C.E. Archaeologists believe that effigy ..."
qacc-0973,qacc,Who is next in line to be the monarch of england?,outdated,"William, Prince of Wales",,0,,www.cbsnews.com,Charles,conflict,"May 6, 2023 ... King Charles III ... Succeeding Queen Elizabeth II is her eldest son, Charles, who is now King Charles III. In Britain's monarchy, the heir ..."
qacc-0973,qacc,Who is next in line to be the monarch of england?,outdated,"William, Prince of Wales",,1,,en.wikipedia.org,"William, Prince of Wales",correct,"King Charles III is the sovereign, and his heir apparent is his elder son, William, Prince of Wales. William's three children are next, in order of birth: ..."
qacc-0973,qacc,Who is next in line to be the monarch of england?,outdated,"William, Prince of Wales",,2,,www.harpersbazaar.com,"William, Prince of Wales",correct,"Jun 5, 2023 ... Next in line is his firstborn, William, Prince of Wales, and then William's firstborn, Prince George. But where do other known royals like ..."
qacc-0973,qacc,Who is next in line to be the monarch of england?,outdated,"William, Prince of Wales",,3,,www.townandcountrymag.com,Charles,conflict,"Jun 16, 2023 ... When Queen Elizabeth died, her eldest son and heir, the former Prince Charles, automatically became King Charles, and the line of succession ..."
qacc-0973,qacc,Who is next in line to be the monarch of england?,outdated,"William, Prince of Wales",,4,,projectbritain.com,Charles,conflict,"Prince Charles is presently heir (next in line) to the British throne. He will not become king until his mother, Queen Elizabeth, abdicates (gives up the ..."
qacc-0973,qacc,Who is next in line to be the monarch of england?,outdated,"William, Prince of Wales",,5,,abc7ny.com,,noise,"May 6, 2023 ... What to know about the British royal line of succession · William, Prince of Wales, is the heir apparent to the British throne. · Prince George of ..."
qacc-0973,qacc,Who is next in line to be the monarch of england?,outdated,"William, Prince of Wales",,6,,www.pbs.org,Charles,conflict,"Sep 8, 2022 ... Elizabeth's eldest son, Charles, 73, formerly the Prince of Wales, has immediately become the King of England. · Next in line after King Charles ..."
qacc-0973,qacc,Who is next in line to be the monarch of england?,outdated,"William, Prince of Wales",,7,,www.royal.uk,,noise,The order of succession is the sequence of members of the Royal Family in the order in which they stand in line to the throne. The King and The Prince of ...
qacc-0973,qacc,Who is next in line to be the monarch of england?,outdated,"William, Prince of Wales",,8,,www.bbc.com,,noise,"Jun 6, 2023 ... Prince George is second in line to the throne, after his father. 3. Princess Charlotte of Wales. Born: 2015."
qacc-0973,qacc,Who is next in line to be the monarch of england?,outdated,"William, Prince of Wales",,9,,apnews.com,,noise,"Sep 9, 2022 ... As Charles becomes king, Britain's new order of succession ... LONDON (AP) — With Charles becoming Britain's king, his sons and grandchildren are ..."
qacc-0974,qacc,Who does the laugh in feel good inc?,misinformation, De La Soul,,0,,www.quora.com,Phil Cornwell,conflict,"The laugh intro of ""Feels Good Inc."" by Gorillaz is performed by Phil Cornwell, a British actor and comedian. Continue reading."
qacc-0974,qacc,Who does the laugh in feel good inc?,misinformation, De La Soul,,1,,www.reddit.com, De La Soul,correct,"Sep 21, 2021 ... According to Genius Lyrics, the laughing casually came from the members of De La Soul who helped with the song. A quote from Damon Albarn ..."
qacc-0974,qacc,Who does the laugh in feel good inc?,misinformation, De La Soul,,2,,en.wikipedia.org, De La Soul,correct,"""Feel Good Inc."" is a song by British virtual band Gorillaz featuring American hip-hop group De La Soul. Released on 9 May 2005 as the lead single from the ..."
qacc-0974,qacc,Who does the laugh in feel good inc?,misinformation, De La Soul,,3,,rsrihari.medium.com,,noise,"Nov 5, 2017 ... The leaders of the Inc on the screen laugh hysterically at the helpless Gorillaz. There is a certain sense of realisation within 2D that he isn' ..."
qacc-0974,qacc,Who does the laugh in feel good inc?,misinformation, De La Soul,,4,,www.tiktok.com,,noise,"... #musicduet#foryou#request@jrkch@_analnaya_treshina#gorillaz#feelgoodinc#feelgood#laugh#laughter#musicians#trending#viral#fypシ"". original sound - Bydney."
qacc-0974,qacc,Who does the laugh in feel good inc?,misinformation, De La Soul,,5,,www.desertsun.com,,noise,"Apr 14, 2023 ... Coachella 2023: Guest-filled Gorillaz set brings ""Feel Good"" ... Maseo then did as he was told, letting out that iconic, roaring laugh and ..."
qacc-0974,qacc,Who does the laugh in feel good inc?,misinformation, De La Soul,,6,,www.myinstants.com,,noise,Listen & share Feel Good Inc Laugh. 2676 views. . Find more instant sound buttons on Myinstants!
qacc-0979,qacc,How many total pin codes are there in india?,misinformation,19100,pending_screen,0,,www.quora.com,19100,correct,"Aug 15, 1972 ... Postal Index Number (PIN) or PIN Code is a 6 digit code of Post Office numbering used by India Post. Total Pin codes in India are 19100, ..."
qacc-0979,qacc,How many total pin codes are there in india?,misinformation,19100,pending_screen,1,,www.bankbazaar.com,,noise,PIN code or a Postal Index Number which we generally see at the end of any address in India is a six-digit numeric code in the Indian Postal system.
qacc-0979,qacc,How many total pin codes are there in india?,misinformation,19100,pending_screen,2,,en.wikipedia.org,,noise,"A Postal Index Number refers to a six-digit code in the Indian postal code system used by India Post. On 15 August 2022, the PIN system celebrated its 50th ..."
qacc-0979,qacc,How many total pin codes are there in india?,misinformation,19100,pending_screen,3,,www.financialexpress.com,,noise,"A PIN or Postal Index Number also called a PIN code is a six-digit number code used by India Post (the Indian Postal System) to segregate mail and couriers, ..."
qacc-0979,qacc,How many total pin codes are there in india?,misinformation,19100,pending_screen,4,,www.dnaindia.com,19100,correct,"Oct 6, 2021 ... There is a total of 19,101 PINs covering 154,725 post offices in India, with the exception of the Army Postal Service, as of 2014. These codes ..."
qacc-0979,qacc,How many total pin codes are there in india?,misinformation,19100,pending_screen,5,,www.aboutamazon.com,more than 20000,conflict,"Using India Post, Amazon India has delivered customer orders to every serviceable India Postal Index Number (PIN) code — more than 20,000 PIN codes in all ..."
qacc-0979,qacc,How many total pin codes are there in india?,misinformation,19100,pending_screen,6,,www.findpincode.net,,noise,"Welcome to one of India's largest and most extensive Pincode database. FindPincode.net has more than 150,000+ pin codes of different Indian states, cities, ..."
qacc-0979,qacc,How many total pin codes are there in india?,misinformation,19100,pending_screen,7,,data.gov.in,19100,correct,"All india Pincode Directory contains all the pin-code list across India with geocodes and other relevant information like Office Name, Office Type, ..."
qacc-0979,qacc,How many total pin codes are there in india?,misinformation,19100,pending_screen,8,,m.economictimes.com,,noise,"Mar 29, 2017 ... Also known as Zip code or area postal code, Pin code is the post office numbering code system used by the postal service of India, India Post."
qacc-0979,qacc,How many total pin codes are there in india?,misinformation,19100,pending_screen,9,,dmsouthwest.delhi.gov.in,,noise,STD Code of Delhi STD Code : 011 List of Pin Codes (Postal Code) of Delhi.
qacc-0981,qacc,Who plays bill pullman's wife in sinners?,misinformation,Meredith Holzman,pending_screen,0,,www.reddit.com,,noise,"Aug 10, 2017 ... Who plays Bill Pullman's wife? I recognize the actress from (I think) Law and Order, but I've gone through a ton of actresses on IMDb for it ..."
qacc-0981,qacc,Who plays bill pullman's wife in sinners?,misinformation,Meredith Holzman,pending_screen,1,,nypost.com,Meredith Holzman,correct,"Aug 22, 2017 ... Her name in Sharon (Meredith Holzman) and she's a plus-sized, forceful blonde who knows how to push his buttons as he investigates a murder that ..."
qacc-0981,qacc,Who plays bill pullman's wife in sinners?,misinformation,Meredith Holzman,pending_screen,2,,www.imdb.com, Leslie Fray,conflict,The Sinner (TV Series 2017–2021) Leslie Fray as Melanie.
qacc-0981,qacc,Who plays bill pullman's wife in sinners?,misinformation,Meredith Holzman,pending_screen,3,,en.wikipedia.org,,noise,"Pullman is married to Tamara Hurwitz, a modern dancer. · At the age of 21, Pullman suffered a head injury when he fell while rehearsing a play, and lost his ..."
qacc-0981,qacc,Who plays bill pullman's wife in sinners?,misinformation,Meredith Holzman,pending_screen,4,,www.thesun.co.uk,,noise,"Nov 9, 2018 ... Bill is married to Tamara Hurwitz. Tamara, who married Bill in 1987, is a modern dancer. Their three children are actor Lewis, singer-songwriter ..."
qacc-0981,qacc,Who plays bill pullman's wife in sinners?,misinformation,Meredith Holzman,pending_screen,5,,138.197.76.185,,noise,Who plays Faye (Bill Pullman / Harry Ambrose's wife)?. posted 6 years ago by Pomacea (14) 1 reply | jump to latest. I swear I recognize her from ...
qacc-0981,qacc,Who plays bill pullman's wife in sinners?,misinformation,Meredith Holzman,pending_screen,6,,m.imdb.com,,noise,"The Sinner (TV Series 2017–2021) “Cast” credits. ... Bill Pullman. Harry Ambrose (32 episodes, 2017-2021) ... Kathryn MacLellan. Don's Wife (1 episode, 2021) ..."
qacc-0981,qacc,Who plays bill pullman's wife in sinners?,misinformation,Meredith Holzman,pending_screen,7,,people.com,,noise,"Feb 14, 2020 ... After more than three decades of marriage, Bill Pullman has learned the secret to his healthy and lasting relationship with wife Tamara Hurwitz."
qacc-0982,qacc,What type of iron ore found in india?,misinformation,Magnetite and Hematite,no_valid_conflict_pair,0,,ibm.gov.in,,noise,"and their equivalents of the iron ore series found in Northern India. ... type iron deposits are located in well defined belts in the States of Orissa, ..."
qacc-0982,qacc,What type of iron ore found in india?,misinformation,Magnetite and Hematite,no_valid_conflict_pair,1,,byjus.com,Magnetite and Hematite,correct,"India is richly endowed with two varieties of iron ores, Magnetite and Hematite. Magnetite is a type of iron ore which has a very high content of iron, ..."
qacc-0982,qacc,What type of iron ore found in india?,misinformation,Magnetite and Hematite,no_valid_conflict_pair,2,,en.wikipedia.org,,noise,", 69.9% Fe), goethite (FeO(OH), 62.9% Fe), limonite (FeO(OH)·n(H2O), 55% Fe) or siderite (FeCO3, 48.2% Fe). Hematite, the main iron ore found in Brazilian mines ..."
qacc-0982,qacc,What type of iron ore found in india?,misinformation,Magnetite and Hematite,no_valid_conflict_pair,3,,byjus.com,Magnetite and Hematite,correct,"Magnetite, Haematite, Siderite and Limonite are the four types of iron ores found in India. India has 20% of the world's total iron ore reserves."
qacc-0982,qacc,What type of iron ore found in india?,misinformation,Magnetite and Hematite,no_valid_conflict_pair,4,,testbook.com,Magnetite and Hematite,correct,The two main types of ore found in India are hematite and magnetite. Hence Option 1 is correct. The iron ore mines occur in close proximity to the coal fields ...
qacc-0982,qacc,What type of iron ore found in india?,misinformation,Magnetite and Hematite,no_valid_conflict_pair,5,,www.studyiq.com,Magnetite and Hematite,correct,"Feb 6, 2023 ... Hematite and magnetite are the two most common types of ore found in our country. The iron ore mines are located near the coal fields in the ..."
qacc-0982,qacc,What type of iron ore found in india?,misinformation,Magnetite and Hematite,no_valid_conflict_pair,6,,www.pmfias.com,Magnetite and Hematite,correct,"Jan 24, 2016 ... Iron Ore in Orissa · The ores are rich in haematites. · India's richest haematite deposits are located in Barabil-Koira valley. · Others: ..."
qacc-0982,qacc,What type of iron ore found in india?,misinformation,Magnetite and Hematite,no_valid_conflict_pair,7,,www.toppr.com,,noise,(i) Magnetite (ii) Haematite (iii) Limonite (iv) Siderite · Mention the types of iron ore produced in India? · Name the main varieties of iron ore and the iron ...
qacc-0982,qacc,What type of iron ore found in india?,misinformation,Magnetite and Hematite,no_valid_conflict_pair,8,,www.britannica.com,,noise,"Hematite and magnetite are by far the most common types of ore. ... the five biggest producers of iron ore, but significant amounts are also mined in India, ..."
qacc-0982,qacc,What type of iron ore found in india?,misinformation,Magnetite and Hematite,no_valid_conflict_pair,9,,www.toppr.com,,noise,"Types of iron ore: Based on the metal and impurities content, iron ore is classified into four types: 1.Magnatite. 2.Heamatite. 3.Limonite. 4.Sederite."
qacc-0985,qacc,When did the first fish appear in the fossil record?,conflicting_opinions,450 million years ago,,0,,www.birmingham.ac.uk,,noise,"The first fish were primitive jawless forms (agnathans) which appeared in the Early Cambrian, but remained generally rare until the Silurian and Devonian ..."
qacc-0985,qacc,When did the first fish appear in the fossil record?,conflicting_opinions,450 million years ago,,1,,en.wikipedia.org,,noise,The earliest jawed vertebrates probably developed during the late Ordovician period. They are first represented in the fossil record from the Silurian by two ...
qacc-0985,qacc,When did the first fish appear in the fossil record?,conflicting_opinions,450 million years ago,,2,,www.fossilera.com,530 million years ago,conflict,"How Did Fish Evolve? The first organisms that could be described as primitive fish, appeared in the fossil record about 530 million years ago. These were not ..."
qacc-0985,qacc,When did the first fish appear in the fossil record?,conflicting_opinions,450 million years ago,,3,,www.nytimes.com,"420 million years ago, ",conflict,"Oct 25, 2018 ... While there's an abundance of fish fossils from about 420 million years ago, the ancient fossil record gets scarce farther back at about 480 ..."
qacc-0985,qacc,When did the first fish appear in the fossil record?,conflicting_opinions,450 million years ago,,4,,ucmp.berkeley.edu,450 million years ago ,correct,"Vertebrates appear to have radiated in the late Ordovician, about 450 million years ago. However, most Ordovician fossil fossil vertebrates are rare and ..."
qacc-0985,qacc,When did the first fish appear in the fossil record?,conflicting_opinions,450 million years ago,,5,,www.nhm.ac.uk,450 million years ago ,correct,"When did sharks first appear? The earliest fossil evidence for sharks or their ancestors are a few scales dating to 450 million years ago, during the Late ..."
qacc-0985,qacc,When did the first fish appear in the fossil record?,conflicting_opinions,450 million years ago,,6,,penntoday.upenn.edu,,noise,"Oct 25, 2018 ... The first vertebrates on Earth were fish, and scientists believe they first appeared around 480 million years ago. But fossil records from ..."
qacc-0985,qacc,When did the first fish appear in the fossil record?,conflicting_opinions,450 million years ago,,7,,www.floridamuseum.ufl.edu,,noise,"Jul 14, 2020 ... This group is the earliest to appear in the fossil record. ... in the late Cambrian period, and were most common 410 million to 345 million ..."
qacc-0985,qacc,When did the first fish appear in the fossil record?,conflicting_opinions,450 million years ago,,8,,www.ck12.org,,noise,"Dec 11, 2015 ... Sharks are cartilaginous fish, one of the first groups of fish to evolve. ... When did chordates first appear in the fossil record?"
qacc-0988,qacc,How old is was the oldest person to ever live?,outdated,122 years,pending_screen,0,,www.cnbc.com,122 years ,correct,"Feb 21, 2023 ... Jeanne Calment, a French woman, achieved an incredible feat of living to age 122, thus earning the honor of being the world's oldest person ..."
qacc-0988,qacc,How old is was the oldest person to ever live?,outdated,122 years,pending_screen,1,,en.wikipedia.org,122 years ,correct,"The oldest person ever whose age has been independently verified is Jeanne Calment (1875–1997) of France, who lived to the age of 122 years and 164 days."
qacc-0988,qacc,How old is was the oldest person to ever live?,outdated,122 years,pending_screen,2,,www.sciencefocus.com,122 years ,correct,"May 30, 2023 ... Jeanne Louise Calment is the oldest verified person to have ever lived. The Frenchwoman lived to the ripe old age of 122 years and 164 days old."
qacc-0988,qacc,How old is was the oldest person to ever live?,outdated,122 years,pending_screen,3,,a-z-animals.com,116 years,conflict,"Apr 26, 2023 ... Jiroemon Kimura from Japan is considered the oldest man in history, reaching an age of 116 years and 54 days. He is possibly the oldest living ..."
qacc-0988,qacc,How old is was the oldest person to ever live?,outdated,122 years,pending_screen,4,,www.guinnessworldrecords.com,,noise,"Oct 1, 2020 ... The oldest person to ever live and the oldest person ever (female) was Jeanne Louise Calment (b. 21 February 1875) from Arles, France who ..."
qacc-0988,qacc,How old is was the oldest person to ever live?,outdated,122 years,pending_screen,5,,www.newyorker.com,,noise,"Feb 10, 2020 ... After the woman died, at a hundred and sixteen, in 1991, Calment became the oldest person ever known to have lived. A team of three researchers ..."
qacc-0988,qacc,How old is was the oldest person to ever live?,outdated,122 years,pending_screen,6,,www.statista.com,122 years ,correct,"Jan 26, 2023 ... As this infographic shows however, the oldest person to ever live was the French Jeanne Calment who was 122 years and 164 days old when she ..."
qacc-0988,qacc,How old is was the oldest person to ever live?,outdated,122 years,pending_screen,7,,www.cnn.com,122 years ,correct,"Nov 12, 2022 ... The oldest person ever recorded was another Frenchwoman, Jeanne Louise Calment, who lived to be over 122 years old, according to the ..."
qacc-0988,qacc,How old is was the oldest person to ever live?,outdated,122 years,pending_screen,8,,gero.usc.edu,122 years ,correct,"Jeanne Louise Calment, the world's longest living person (who died at the age of 122) was born in Arles, France on February 21, 1875 and died on August 4, ..."
qacc-0988,qacc,How old is was the oldest person to ever live?,outdated,122 years,pending_screen,9,,www.newsweek.com,,noise,"Apr 25, 2022 ... On April 10 Tanaka became the second old person to have ever lived, surpassing U.S. citizen Sarah Knauss's final age of 119 years and 97 days."
qacc-0989,qacc,When was night of the living dead released?,misinformation,"October 1, 1968",pending_screen,0,,en.wikipedia.org,"October 1, 1968",correct,"Night of the Living Dead premiered in Pittsburgh on October 1, 1968. It grossed US$12 million domestically and US$18 million internationally, earning more than ..."
qacc-0989,qacc,When was night of the living dead released?,misinformation,"October 1, 1968",pending_screen,1,,www.britannica.com,"October 1, 1968",correct,"Jul 12, 2023 ... Night of the Living Dead, American horror film, released in 1968, that established the pattern for modern zombie movies by disassociating ..."
qacc-0989,qacc,When was night of the living dead released?,misinformation,"October 1, 1968",pending_screen,2,,www.imdb.com,"October 4, 1968",conflict,"Details ; Release date · October 4, 1968 (United States) ; Also known as. Laugh Track: Night of the Living Dead ; Filming locations · Evans City Cemetery, Evans ..."
qacc-0989,qacc,When was night of the living dead released?,misinformation,"October 1, 1968",pending_screen,3,,www.rogerebert.com,,noise,NOTLD is a well crafted horror movie and the reason for the Walking Dead and every other zombie epic to come out since it was released. I love the black and ...
qacc-0989,qacc,When was night of the living dead released?,misinformation,"October 1, 1968",pending_screen,4,,www.imdb.com,,noise,"Night of the Living Dead: Directed by Tom Savini. With Tony Todd, Patricia Tallman, Tom Towles, McKee Anderson. When the unburied dead return to life and ..."
qacc-0989,qacc,When was night of the living dead released?,misinformation,"October 1, 1968",pending_screen,5,,www.hollywoodreporter.com,,noise,"Sep 28, 2018 ... The Lingering Horror of 'Night of the Living Dead' ... Since the film's release, viewers and critics have placed their own political ..."
qacc-0989,qacc,When was night of the living dead released?,misinformation,"October 1, 1968",pending_screen,6,,www.npr.org,,noise,"Dec 23, 2018 ... The classic film about zombies — the Night of the Living Dead ... has been reissued for screenings on the 50th anniversary of its release."
qacc-0989,qacc,When was night of the living dead released?,misinformation,"October 1, 1968",pending_screen,7,,www.bfi.org.uk,,noise,"Oct 26, 2018 ... Romero's Night of the Living Dead is often spoken of as a manifesto for the modern horror film. Taking its inspiration from the racial and ..."
qacc-0999,qacc,Where did the first boer war take place?,misinformation,Potchefstroom,no_valid_conflict_pair,0,,www.sahistory.org.za,Potchefstroom,correct,The first open conflict between the British and Boers began in November 1880 in Potchefstroom. P. L. Bezuidenhout refused to pay extra fees on his wagon saying ...
qacc-0999,qacc,Where did the first boer war take place?,misinformation,Potchefstroom,no_valid_conflict_pair,1,,en.wikipedia.org,,noise,"The First Boer War (Afrikaans: Eerste Vryheidsoorlog, literally ""First Freedom War""), was fought from 16 December 1880 until 23 March 1881 between the ..."
qacc-0999,qacc,Where did the first boer war take place?,misinformation,Potchefstroom,no_valid_conflict_pair,2,,www.nam.ac.uk,,noise,"British infantry take cover during a Boer attack, c1899 ... The war was the first campaign in which British people from all sectors of society took up arms, ..."
qacc-0999,qacc,Where did the first boer war take place?,misinformation,Potchefstroom,no_valid_conflict_pair,3,,www.britannica.com,,noise,"South African War, also called the Second Boer War or the Second War of ... Although it was the largest and most costly war in which the British engaged ..."
qacc-0999,qacc,Where did the first boer war take place?,misinformation,Potchefstroom,no_valid_conflict_pair,4,,www.bbc.co.uk,Potchefstroom,correct,"Mar 29, 2011 ... The first Boer War broke out on 16 December 1880 with a skirmish between the British garrison in Potchefstroom and a 'commando' under General ..."
qacc-0999,qacc,Where did the first boer war take place?,misinformation,Potchefstroom,no_valid_conflict_pair,5,,www.nationalarchives.gov.uk,,noise,"The South African War, sometimes called the Boer War or Anglo-Boer War, was the first major conflict of a century that was to be marked by wars on an ..."
qacc-0999,qacc,Where did the first boer war take place?,misinformation,Potchefstroom,no_valid_conflict_pair,6,,blogs.loc.gov,,noise,"Jun 28, 2018 ... Today, these lands and others make up the Republic of South Africa. To learn more about the Boer Wars and their place in South African history ..."
qacc-0999,qacc,Where did the first boer war take place?,misinformation,Potchefstroom,no_valid_conflict_pair,7,,www.awm.gov.au,,noise,"Jun 2, 2021 ... The relationship between the British and the Boers was an uneasy one ... The first were the contingents raised by the Australian colonies in ..."
qacc-0999,qacc,Where did the first boer war take place?,misinformation,Potchefstroom,no_valid_conflict_pair,8,,www.history.com,,noise,"Feb 9, 2010 ... The Boers, also known as Afrikaners, were the descendants of the original Dutch settlers of southern Africa. Britain took possession of the ..."
qacc-1001,qacc,Where was tin pan alley in new york city?,misinformation,West 28th Street between Sixth,soft_conflict,0,,en.wikipedia.org,,noise,Tin Pan Alley was a collection of music publishers and songwriters in New York City that dominated the popular music of the United States in the late 19th ...
qacc-1001,qacc,Where was tin pan alley in new york city?,misinformation,West 28th Street between Sixth,soft_conflict,1,,www.tinpanalley.nyc,47-55 West 28th Street,conflict,"In 2019, Tin Pan Alley became an official New York City landmark with the designation of 47-55 West 28th Street by the New York City Landmarks Preservation ..."
qacc-1001,qacc,Where was tin pan alley in new york city?,misinformation,West 28th Street between Sixth,soft_conflict,2,,www.nyc.gov,West 28th Street between Sixth,correct,"Dec 10, 2019 ... Between 1893 and 1910, this section of West 28th Street between Sixth Avenue and Broadway became known as Tin Pan Alley, often cited as the ..."
qacc-1001,qacc,Where was tin pan alley in new york city?,misinformation,West 28th Street between Sixth,soft_conflict,3,,www.britannica.com,,noise,"Aug 11, 2023 ... Tin Pan Alley, genre of American popular music that arose in the late 19th century from the American song-publishing industry centred in New ..."
qacc-1001,qacc,Where was tin pan alley in new york city?,misinformation,West 28th Street between Sixth,soft_conflict,4,,soundamerican.org,West 28th Street between Sixth,correct,"Tin Pan Alley exists both as a cultural construct, and as a physical place, the latter being a rough grouping of apartments, offices, rooms, spaces on West ..."
qacc-1001,qacc,Where was tin pan alley in new york city?,misinformation,West 28th Street between Sixth,soft_conflict,5,,www.timeout.com,,noise,"Apr 5, 2022 ... It took some time, but now it's official: West 28th Street between Broadway and Sixth Avenue will forever be known as Tin Pan Alley—and there's ..."
qacc-1001,qacc,Where was tin pan alley in new york city?,misinformation,West 28th Street between Sixth,soft_conflict,6,,www.loc.gov,,noise,Between the late 1890s and 1970s New York City's music publishing district was known as “Tin Pan Alley”—a reference to the continuous sound of pianos ...
qacc-1001,qacc,Where was tin pan alley in new york city?,misinformation,West 28th Street between Sixth,soft_conflict,7,,tinpanalley716.com,,noise,"For over 25 years, Tin Pan Alley has served Western New York with delicious barbecue, steak, burgers, chicken, every day fish fry, and sandwiches."
qacc-1003,qacc,How long has pr been part of the us?,misinformation,1898,gold_not_in_candidates,0,,time.com, since 1898,conflict,"Sep 26, 2017 ... Puerto Rico, an island in the Caribbean Sea, has been a territory of the United States since 1898, after the U.S. defeated Spain in the ..."
qacc-1003,qacc,How long has pr been part of the us?,misinformation,1898,gold_not_in_candidates,1,,blogs.loc.gov,"April 25, 1898",conflict,"Mar 2, 2017 ... The passage of the law guaranteed U.S. citizenship to Puerto Ricans born on or after April 25, 1898. The legislation was sponsored by Rep."
qacc-1003,qacc,How long has pr been part of the us?,misinformation,1898,gold_not_in_candidates,2,,www.cfr.org,,noise,"Puerto Rico is a political paradox: part of the United States but distinct ... By the eighteenth century, Puerto Rico had become a major exporter of tobacco ..."
qacc-1003,qacc,How long has pr been part of the us?,misinformation,1898,gold_not_in_candidates,3,,www.loc.gov,,noise,"Oct 18, 2022 ... On October 18, 1898, American troops fighting in the Spanish-American War raised the ... Since then, Puerto Rico has been an incorporated, ..."
qacc-1003,qacc,How long has pr been part of the us?,misinformation,1898,gold_not_in_candidates,4,,www.history.com,,noise,"Sep 7, 2021 ... As a U.S. territory, Puerto Rico is neither a state nor an ... However, there has long been division over the best way to resolve this ..."
qacc-1003,qacc,How long has pr been part of the us?,misinformation,1898,gold_not_in_candidates,5,,en.wikipedia.org,,noise,U.S. unincorporated organized territory. The United States and Puerto Rico began a long-standing metropolis-colony relationship. This relationship has been ...
qacc-1003,qacc,How long has pr been part of the us?,misinformation,1898,gold_not_in_candidates,6,,theconversation.com,,noise,"Jul 13, 2023 ... Puerto Rico has been part of the US for 125 years, but its future remains contested · The road to territorial dependence · A colony except in name."
qacc-1007,qacc,What agreement gave religious freedom to the lutherans?,misinformation,The Peace of Augsburg,,0,,www.answers.com,the toleration act,conflict,"Nov 17, 2022 ... they passed the toleration act. which gave them religious freedom. What role did middle colonies play in religion? It played an important role."
qacc-1007,qacc,What agreement gave religious freedom to the lutherans?,misinformation,The Peace of Augsburg,,1,,en.wikipedia.org,The Peace of Augsburg,correct,"The Peace of Augsburg, also called the Augsburg Settlement, was a treaty between Charles V, ... gave Lutherans religious freedom after a victory by Protestant armies."
qacc-1007,qacc,What agreement gave religious freedom to the lutherans?,misinformation,The Peace of Augsburg,,2,,www.britannica.com,The Peace of Augsburg,correct,The Peace allowed the state princes to select either Lutheranism or. ... The same freedom was furthermore extended to Lutheran knights and to towns and ...
qacc-1007,qacc,What agreement gave religious freedom to the lutherans?,misinformation,The Peace of Augsburg,,3,,www.state.gov,,noise,"Jun 2, 2022 ... The constitution also protects the right to form religious associations. It names the Evangelical Lutheran Church (ELC) as the state church, ..."
qacc-1007,qacc,What agreement gave religious freedom to the lutherans?,misinformation,The Peace of Augsburg,,4,,www.lcms.org,,noise,"Nearly two centuries ago, those who would eventually form The Lutheran Church—Missouri Synod came to the United States seeking the religious freedom ..."
qacc-1007,qacc,What agreement gave religious freedom to the lutherans?,misinformation,The Peace of Augsburg,,5,,www.supremecourt.gov,,noise,"Jun 26, 2017 ... The Trinity Lutheran Church Child Learning Center is a Missouri pre- ... demned the bill as hostile to religious freedom. Memorial."
qacc-1007,qacc,What agreement gave religious freedom to the lutherans?,misinformation,The Peace of Augsburg,,6,,www.eeoc.gov,,noise,"Jan 15, 2021 ... Ministerial Exception. In Hosanna-Tabor Evangelical Lutheran Church and School v. EEOC,[81] the Supreme Court “unanimously recognized that the ..."
qacc-1007,qacc,What agreement gave religious freedom to the lutherans?,misinformation,The Peace of Augsburg,,7,,scholarlycommons.law.northwestern.edu,,noise,"Dec 1, 2020 ... The Religious Freedom Restoration Act, Trinity Lutheran, and ... Missouri Department of Natural Resources (DNR) offered grants to schools ..."
qacc-1007,qacc,What agreement gave religious freedom to the lutherans?,misinformation,The Peace of Augsburg,,8,,www.refworld.org,,noise,"Aug 10, 2016 ... In January the government signed an agreement with several of the principal religious communities, as a precursor, subject to parliamentary ..."
qacc-1009,qacc,Who dies in percy jackson the titan's curse?,misinformation,Bianca,,0,,riordan.fandom.com,,noise,"The Titan's Curse is the third book in the Percy Jackson and the Olympians ... Miraculously, Percy survives and realizes that the Nemean Lion pelt he wears ..."
qacc-1009,qacc,Who dies in percy jackson the titan's curse?,misinformation,Bianca,,1,,en.wikipedia.org,,noise,The Titan's Curse is an American fantasy-adventure novel based on Greek mythology written by ... It is about the adventures of the 14-year-old demigod Percy Jackson as he ...
qacc-1009,qacc,Who dies in percy jackson the titan's curse?,misinformation,Bianca,,2,,education.seattlepi.com,Bianca,correct,"Bianca dies in the desert, Percy takes on the curse and Zoe is killed by her father, Atlas. Though some are lost, the prophesy helps them all learn truths about ..."
qacc-1009,qacc,Who dies in percy jackson the titan's curse?,misinformation,Bianca,,3,,riordan.fandom.com,Jason Grace,conflict,"Jason Grace - Sacrificed himself to save his friends and continue the quest to save Herophile, arrow wounds to his limbs and stabbed in the back twice by ..."
qacc-1009,qacc,Who dies in percy jackson the titan's curse?,misinformation,Bianca,,4,,www.deyeshigh.co.uk,,noise,"Percy Jackson and the Olympians Book - 3 ... She's sure Annabeth often keeps me from getting killed. ... ""Do not despair, Percy Jackson,"" Artemis said."
qacc-1009,qacc,Who dies in percy jackson the titan's curse?,misinformation,Bianca,,5,,www.supersummary.com,,noise,"The novel opens with Sally Jackson driving her son Percy, Thalia Grace, and Annabeth Chase to Westover Hall to find Grover Underwood, a satyr tasked with ..."
qacc-1009,qacc,Who dies in percy jackson the titan's curse?,misinformation,Bianca,,6,,www.amazon.com,,noise,"The Titan's Curse (Percy Jackson and the Olympians, Book 3) [Riordan, Rick] on Amazon.com. *FREE* shipping on qualifying offers. The Titan's Curse (Percy ..."
qacc-1009,qacc,Who dies in percy jackson the titan's curse?,misinformation,Bianca,,7,,www.commonsensemedia.org,,noise,"Exciting, fun sequel, but some sad deaths, too. Read Common Sense Media's The Titan's Curse: Percy Jackson and the Olympians, Book 3 review, age rating, ..."
qacc-1025,qacc,What actor holds the record for sexiest man alive?,outdated,Chris Evans,,0,,people.com,,noise,"Nov 18, 2020 ... The first Sexiest Man Alive was Mel Gibson. He was given the honor in 1985. ... The youngest ever Sexiest Man Alive was John F. Kennedy Jr., who ..."
qacc-1025,qacc,What actor holds the record for sexiest man alive?,outdated,Chris Evans,,1,,www.insider.com,Chris Evans,correct,"Jun 11, 2023 ... Mel Gibson was the first to receive the SMA title in 1985. Chris Evans currently holds the crown. Brad Pitt, George Clooney, Johnny Depp, and ..."
qacc-1025,qacc,What actor holds the record for sexiest man alive?,outdated,Chris Evans,,2,,ca.sports.yahoo.com,Chris Evans,correct,"Jun 7, 2023 ... Mel Gibson was the first to receive the SMA title in 1985. Chris Evans currently holds the crown. Brad Pitt, George Clooney, Johnny Depp, and ..."
qacc-1025,qacc,What actor holds the record for sexiest man alive?,outdated,Chris Evans,,3,,www.tvfanatic.com,,noise,"Jan 17, 2009 ... Penny: What actor holds the record for being named People magazine's Sexiest Man Alive? Sheldon: William Shatner!"
qacc-1025,qacc,What actor holds the record for sexiest man alive?,outdated,Chris Evans,,4,,www.stltoday.com,Chris Evans,correct,"Nov 7, 2022 ... Chris Evans may have put down Captain America's shield but he's got a new badge of honor: he's been named People magazine's Sexiest Man Alive."
qacc-1025,qacc,What actor holds the record for sexiest man alive?,outdated,Chris Evans,,5,,digiday.com,,noise,"Nov 20, 2014 ... Shares of the story on People.com peaked in 2012, the year Channing Tatum got the cover. Social conversation for Sexiest Man Alive peaked ..."
qacc-1025,qacc,What actor holds the record for sexiest man alive?,outdated,Chris Evans,,6,,en.wikipedia.org,,noise,"The photos set a single-day traffic record for their website, attracting 26.5 million page views. Sexiest Man Alive. The annual feature the ""Sexiest Man Alive"" ..."
qacc-1025,qacc,What actor holds the record for sexiest man alive?,outdated,Chris Evans,,7,,www.popsugar.com,,noise,"Nov 8, 2022 ... 7, People crowned this year's Sexiest Man Alive, Chris Evans. If you're wondering how the publication makes its choice, according to People's ..."
qacc-1025,qacc,What actor holds the record for sexiest man alive?,outdated,Chris Evans,,8,,www.yardbarker.com,Johnny Depp ,conflict,"Oct 10, 2021 ... Johnny Depp (2003 and 2009) ... Johnny Depp is a two-time winner of the Sexiest Man Alive title and someone who seems like he could've won a full ..."
qacc-1026,qacc,When did the first ford bronco come out?,misinformation,1965,soft_conflict,0,,www.ford.com,1966,conflict,Generation 1: The Original Ford “All-Purpose Vehicle” · 1966 Ford Bronco Roadster Model. Models: The Bronco Roadster. The standard Bronco Roadster is an all- ...
qacc-1026,qacc,When did the first ford bronco come out?,misinformation,1965,soft_conflict,1,,www.corporate.ford.com,1965,correct,"Bronco - the world's first Sport-Utility Vehicle. On August 11, 1965, Don Frey, the Ford Motor Company Vice President and ..."
qacc-1026,qacc,When did the first ford bronco come out?,misinformation,1965,soft_conflict,2,,www.cjponyparts.com,1966,conflict,"Bronco First Generation 1966-1977 ... Donald Frey and Lee Iacocca, the same great minds who designed the Ford Mustang, designed the Bronco as an off-road vehicle ..."
qacc-1026,qacc,When did the first ford bronco come out?,misinformation,1965,soft_conflict,3,,en.wikipedia.org,1965,correct,"At its August 1965 launch, the Bronco was offered with a 170-cubic-inch inline six. Derived from the Ford Falcon, the 105-hp engine was modified with solid ..."
qacc-1026,qacc,When did the first ford bronco come out?,misinformation,1965,soft_conflict,4,,www.motortrend.com,1965,correct,"Jul 9, 2020 ... According to FourWheeler, a total of 225,585 first-generation Broncos were built between 1965 and 1977 when production ended. Of those, 203,544 ..."
qacc-1026,qacc,When did the first ford bronco come out?,misinformation,1965,soft_conflict,5,,www.chapfordsales.com,,noise,"From 1980 to 1986, the Bronco became more compact — lighter, more aerodynamic, and more fuel-efficient — largely in response to oil market disruptions that saw ..."
qacc-1026,qacc,When did the first ford bronco come out?,misinformation,1965,soft_conflict,6,,www.caranddriver.com,,noise,"Jul 13, 2020 ... “If the Bronco is a pleasant but demanding ride on the road, when you aim its blunt snout into the weeds it seems to come alive,” we say of our ..."
qacc-1026,qacc,When did the first ford bronco come out?,misinformation,1965,soft_conflict,7,,media.ford.com,,noise,"Jul 6, 2020 ... The original Bronco was nicknamed G.O.A.T. by Donald Frey, the Ford ... and inspire Bronco owners to get out in the wild for years to come."
qacc-1026,qacc,When did the first ford bronco come out?,misinformation,1965,soft_conflict,8,,www.caranddriver.com,,noise,"Jun 13, 2020 ... The revival of the Bronco had been delayed a few months, and production will be as well, with the first buyers getting the new SUV in 2021."
qacc-1029,qacc,How many episodes are there in a place to call home?,misinformation,thirteen,soft_conflict,0,,acorn.tv,,noise,"This ""instantly irresistible saga"" (Wall Street Journal) is brimming with secrets, passion, romance, and intrigue. Over six addictive seasons, A Place to ..."
qacc-1029,qacc,How many episodes are there in a place to call home?,misinformation,thirteen,soft_conflict,1,,en.wikipedia.org,thirteen,correct,"The first season of A Place to Call Home consisted of thirteen episodes. The pilot episode was originally broadcast on 28 April 2013, in the 8:30 pm time slot ( ..."
qacc-1029,qacc,How many episodes are there in a place to call home?,misinformation,thirteen,soft_conflict,2,,www.tvguide.com,,noise,"Find out how to watch A Place to Call Home. Stream the latest seasons and episodes, watch trailers, and more for A Place to Call Home at TV Guide."
qacc-1029,qacc,How many episodes are there in a place to call home?,misinformation,thirteen,soft_conflict,3,,www.kpbs.org,,noise,"Jan 9, 2020 ... Episodes from this series are available to watch on demand from Acorn TV. Credits: Seven Productions for Foxtel. Copyright © 2018 Foxtel ..."
qacc-1029,qacc,How many episodes are there in a place to call home?,misinformation,thirteen,soft_conflict,4,,www.amazon.com,67,conflict,"There's a lot to enjoy in ""A Place to Call Home"", an Australian drama series in 67 episodes which ran from 2013 - 2018. The show takes place between 1953 and ..."
qacc-1029,qacc,How many episodes are there in a place to call home?,misinformation,thirteen,soft_conflict,5,,www.rottentomatoes.com,,noise,"Stream A Place to Call Home for free on Acorn TV, or buy it on Amazon Prime Video, Apple TV. You might also like."
qacc-1029,qacc,How many episodes are there in a place to call home?,misinformation,thirteen,soft_conflict,6,,www.amazon.com,,noise,"“A cross between Dynasty and Downton Abbey with a twist of Mad Men” -Parade. 1,268201410 episodes. 16+. Free trial of Acorn TV or buy. Watch with Acorn TV"
qacc-1030,qacc,Where was the volturi scene filmed in italy?,misinformation,Montepulciano,no_valid_conflict_pair,0,,mominitaly.com,Montepulciano,correct,"Jan 27, 2022 ... The Volturi scenes were filmed in a few locations in Montepulciano, including the Palazzo Comunale in Piazza Grande and the Cantina de' Ricci ..."
qacc-1030,qacc,Where was the volturi scene filmed in italy?,misinformation,Montepulciano,no_valid_conflict_pair,1,,www.visittuscany.com,,noise,"The scenes with the Volturi were shot inside Palazzo del Comune, the Redi wine cellar and some palazzos in the historic centre. Finally, the most iconic scene ..."
qacc-1030,qacc,Where was the volturi scene filmed in italy?,misinformation,Montepulciano,no_valid_conflict_pair,2,,www.tuscany-villas.it,Montepulciano,correct,"Aug 24, 2015 ... Montepulciano is a historic medieval hill-town in Tuscany where New Moon, from the Twilight series, was filmed. Today fans can do tours of ..."
qacc-1030,qacc,Where was the volturi scene filmed in italy?,misinformation,Montepulciano,no_valid_conflict_pair,3,,twilightsaga.fandom.com,,noise,"In the Twilight series, it is the ancient Italian city where the Volturi reside. ... For the film New Moon, the Volterra scenes were actually filmed in ..."
qacc-1030,qacc,Where was the volturi scene filmed in italy?,misinformation,Montepulciano,no_valid_conflict_pair,4,,movie-locations.com,,noise,"Film locations for The Twilight Saga: New Moon (2009), ... is 'Volterra', the ancient Italian city which is home to red-eyed vampire royalty, the Volturi."
qacc-1030,qacc,Where was the volturi scene filmed in italy?,misinformation,Montepulciano,no_valid_conflict_pair,5,,twilightsaga.fandom.com,Montepulciano,correct,"Montepulciano, Italy ... Montepulciano is a town in Southern Tuscany, Italy. It served as a filming location for the Volterra scenes in the New Moon film."
qacc-1030,qacc,Where was the volturi scene filmed in italy?,misinformation,Montepulciano,no_valid_conflict_pair,6,,www.italyguides.it,,noise,"Jun 13, 2016 ... Vampire royalty, the Volturi reside here and Edward seeks their ... The scenes that are set here had already been written before Meyer chose ..."
qacc-1030,qacc,Where was the volturi scene filmed in italy?,misinformation,Montepulciano,no_valid_conflict_pair,7,,editorial.rottentomatoes.com,Montepulciano,correct,"Jul 17, 2009 ... ... were finishing a few different scenes of high interest to Twilight fans before packing up to complete filming in Montepulciano, Italy."
qacc-1033,qacc,Nfl teams who never made it to the superbowl?,misinformation,Detroit Lions ,no_valid_conflict_pair,0,,www.profootballnetwork.com,,noise,"Apr 10, 2023 ... Of the teams to never have the luxury of being called Super Bowl winners, four have the dubious distinction of never even making it: the Browns, ..."
qacc-1033,qacc,Nfl teams who never made it to the superbowl?,misinformation,Detroit Lions ,no_valid_conflict_pair,1,,thehill.com,,noise,"Feb 12, 2023 ... These NFL teams have never won a Super Bowl · Minnesota Vikings: 4, last appearance 1977 · Buffalo Bills: 4, last appearance 1994 · Cincinnati ..."
qacc-1033,qacc,Nfl teams who never made it to the superbowl?,misinformation,Detroit Lions ,no_valid_conflict_pair,2,,deadspin.com,,noise,"Feb 3, 2021 ... The Texans became an NFL franchise in 2002. So you can't knock the newest NFL team too hard for never making it to the Super Bowl."
qacc-1033,qacc,Nfl teams who never made it to the superbowl?,misinformation,Detroit Lions ,no_valid_conflict_pair,3,,touchdownwire.usatoday.com,Detroit Lions ,correct,"Jan 25, 2020 ... The Detroit Lions and Cleveland Browns have no excuse for failing to reach a Super Bowl."
qacc-1033,qacc,Nfl teams who never made it to the superbowl?,misinformation,Detroit Lions ,no_valid_conflict_pair,4,,www.nbcsportsboston.com,Detroit Lions ,correct,"Sep 8, 2022 ... Four NFL teams have never made it to the Super Bowl: the Cleveland Browns, Detroit Lions, Houston Texans and Jacksonville Jaguars."
qacc-1033,qacc,Nfl teams who never made it to the superbowl?,misinformation,Detroit Lions ,no_valid_conflict_pair,5,,www.sportingnews.com,,noise,"Feb 10, 2023 ... How many NFL teams have never won a Super Bowl? ; Cleveland Browns, 0, N/A ; Detroit Lions, 0, N/A ; Jacksonville Jaguars, 0, N/A ; Houston Texans ..."
qacc-1033,qacc,Nfl teams who never made it to the superbowl?,misinformation,Detroit Lions ,no_valid_conflict_pair,6,,www.wric.com,,noise,"Mar 27, 2023 ... Not only are the Texans the NFL's only team to never make a conference championship, they are the only team that has never won a single playoff ..."
qacc-1033,qacc,Nfl teams who never made it to the superbowl?,misinformation,Detroit Lions ,no_valid_conflict_pair,7,,sportsnaut.com,,noise,What four NFL teams have never been to the Super Bowl? The Detroit Lions are the oldest NFL team to have never appeared in a Super Bowl and the only franchise ...
qacc-1033,qacc,Nfl teams who never made it to the superbowl?,misinformation,Detroit Lions ,no_valid_conflict_pair,8,,sports.betmgm.com,Detroit Lions ,correct,"Feb 12, 2023 ... Only four active NFL teams have never appeared in a Super Bowl: Cleveland Browns, Detroit Lions, Jacksonville Jaguars, and Houston Texans."
qacc-1040,qacc,Who has won the intercontinental championship the most?,misinformation,Chris Jericho,no_valid_conflict_pair,0,,en.wikipedia.org,Jericho,conflict,"Chris Jericho holds the record for the most reigns with nine. The Honky Tonk Man holds the longest reign at 454 days. Only four other wrestlers, Pedro Morales, ..."
qacc-1040,qacc,Who has won the intercontinental championship the most?,misinformation,Chris Jericho,no_valid_conflict_pair,1,,www.givemesport.com,,noise,"Nov 17, 2022 ... WWE: Who has won the most Intercontinental Championships in history? · 10. Razor Ramon – 4 reigns · 9. Edge – 5 reigns (171 days) · 8. Triple H – 5 ..."
qacc-1040,qacc,Who has won the intercontinental championship the most?,misinformation,Chris Jericho,no_valid_conflict_pair,2,,www.thesportster.com,,noise,"Aug 1, 2021 ... With his six solid championship reigns, Dolph Ziggler has done his part to keep the Intercontinental Championship prestigious. Furthermore, ..."
qacc-1040,qacc,Who has won the intercontinental championship the most?,misinformation,Chris Jericho,no_valid_conflict_pair,3,,www.espn.com,,noise,"Wrestler, Date won, Event, Length, Reign No. Gunther, 6/10/22, SmackDown, TBD, 1. Ricochet, 3/4/22, SmackDown, 99 days, 1. Sami Zayn, 2/11/22, SmackDown ..."
qacc-1040,qacc,Who has won the intercontinental championship the most?,misinformation,Chris Jericho,no_valid_conflict_pair,4,,wrestling-jat.fandom.com,Jericho,conflict,Chris Jericho holds the record for the most reigns with nine. The Honky Tonk Man holds the longest reign at 454 days. Only four other wrestlers – James Harrison ...
qacc-1040,qacc,Who has won the intercontinental championship the most?,misinformation,Chris Jericho,no_valid_conflict_pair,5,,bleacherreport.com,Jericho,conflict,Nobody has won the Intercontinental Championship more times than Y2J. Jericho has won the IC Title an astonishing nine times over the course of his illustrious ...
qacc-1040,qacc,Who has won the intercontinental championship the most?,misinformation,Chris Jericho,no_valid_conflict_pair,6,,www.sportskeeda.com,,noise,"Oct 27, 2019 ... Jarrett held the record for most IC Title reigns at one point and he sure beat an eclectic set of opponents to win the belt. Jarrett won the ..."
qacc-1040,qacc,Who has won the intercontinental championship the most?,misinformation,Chris Jericho,no_valid_conflict_pair,7,,wrestlingjunkie.usatoday.com,,noise,"Jul 5, 2022 ... 6(T). Randy Orton - 20 · 10x WWE Champion · 4x World Heavyweight Champion · 2x Raw Tag Team Champion · 1x Intercontinental Champion · 1x United ..."
qacc-1040,qacc,Who has won the intercontinental championship the most?,misinformation,Chris Jericho,no_valid_conflict_pair,8,,www.wwe.com,,noise,"Since its inception in September 1979, the Intercontinental Championship has been held by WWE's greatest Superstars, including WWE Hall of Famer Pat ..."
qacc-1040,qacc,Who has won the intercontinental championship the most?,misinformation,Chris Jericho,no_valid_conflict_pair,9,,www.reddit.com,,noise,"Mar 31, 2022 ... He will still be the icon that won the WWF/WWE Championship 6 times, IC Championship 9 times, US Championship 2 times and tag championship 7 ..."
qacc-1041,qacc,What is the 5 k's of sikhism?,misinformation,Kesh,no_valid_conflict_pair,0,,www.bbc.co.uk,Kesh,correct,"Sep 29, 2009 ... The meaning of the 5 Ks · Kesh (uncut hair) · Kara (a steel bracelet) · Kanga (a wooden comb) · Kaccha - also spelt, Kachh, Kachera (cotton ..."
qacc-1041,qacc,What is the 5 k's of sikhism?,misinformation,Kesh,no_valid_conflict_pair,1,,pluralism.org,,noise,"The Five K's are the markers of Sikh identity, and they consist of: uncut hair, a short sword or knife, a steel wristband, a wooden comb, and shorts worn as ..."
qacc-1041,qacc,What is the 5 k's of sikhism?,misinformation,Kesh,no_valid_conflict_pair,2,,en.wikipedia.org,Kesh,correct,"They are: kesh (unshorn hair and beard since the Sikh decided to keep it), kangha (a comb for the kesh, usually wooden), kara (a bracelet, usually made of iron ..."
qacc-1041,qacc,What is the 5 k's of sikhism?,misinformation,Kesh,no_valid_conflict_pair,3,,www.allaboutsikhs.com,Kesh,correct,"The Five K's · 1. Kesh or unshorn hair, regarded as a symbol of saintliness. · 2. Kangha or the comb is necessary to keep the hair clean and tidy. · 3. Kara or the ..."
qacc-1041,qacc,What is the 5 k's of sikhism?,misinformation,Kesh,no_valid_conflict_pair,4,,www.telford.gov.uk,,noise,of the symbols of the Sikh community ... the 5 Ks to Sikhs. •Write about the 5 Ks ... Sikhs promise not to cut their hair but let it grow as a symbol of.
qacc-1041,qacc,What is the 5 k's of sikhism?,misinformation,Kesh,no_valid_conflict_pair,5,,religionsmn.carleton.edu,Kesh,correct,The Five Ks of Sikhism · kesh: Kesh refers to uncut hair. · kangha: The kangha is a comb worn in the hair. · kara: The kara is the steel bracelet worn on the right ...
qacc-1041,qacc,What is the 5 k's of sikhism?,misinformation,Kesh,no_valid_conflict_pair,6,,www.sikhiwiki.org,,noise,"Jul 31, 2014 ... The 5Ks or kakkars or kakke are the five articles of faith worn by all baptised Sikhs. Many non-baptised Sikhs also begin on the path of ..."
qacc-1041,qacc,What is the 5 k's of sikhism?,misinformation,Kesh,no_valid_conflict_pair,7,,cityonpedals.com,,noise,"Jan 10, 2020 ... The 5 Ks are taken together to symbolize that the Sikh who wears them has dedicated themselves to a life of devotion and submission to the ..."
qacc-1041,qacc,What is the 5 k's of sikhism?,misinformation,Kesh,no_valid_conflict_pair,8,,www.worldsikh.org,,noise,The kakaars or 5 Ks are external manifestations of Sikh identity and represent inner spiritual convictions. The kakaars are worn at all times by initiated ...
qacc-1041,qacc,What is the 5 k's of sikhism?,misinformation,Kesh,no_valid_conflict_pair,9,,www.south-farnham.surrey.sch.uk,,noise,The 5 Ks date from the creation of the Khalsa Panth by Guru Gobind Singh in 1699. The 5. Ks taken together symbolise that the Sikh who wears them has dedicated ...
qacc-1043,qacc,Who has been appointed as the new chief of board of control for cricket in india (bcci)?,outdated,Rahul Johri,,0,,en.wikipedia.org,,noise,The Board of Control for Cricket in India (BCCI) is the national governing body of Cricket in India. Its headquarters is situated at the Cricket centre in ...
qacc-1043,qacc,Who has been appointed as the new chief of board of control for cricket in india (bcci)?,outdated,Rahul Johri,,1,,www.thehindu.com,,noise,"Oct 18, 2022 ... Notably, Binny was the only candidate to have filed a nomination for the top post. Update : 91st Annual General Meeting of BCCI The 91st ..."
qacc-1043,qacc,Who has been appointed as the new chief of board of control for cricket in india (bcci)?,outdated,Rahul Johri,,2,,en.wikipedia.org,Rahul Johri,correct,"In April 2016, Rahul Johri was appointed first ever Chief Executive Officer of BCCI. In its report in January 2016, the three-member Lodha Committee recommended ..."
qacc-1043,qacc,Who has been appointed as the new chief of board of control for cricket in india (bcci)?,outdated,Rahul Johri,,3,,www.sportspromedia.com,Roger Binny,conflict,"Oct 21, 2022 ... The Board of Control for Cricket in India (BCCI) has elected Roger Binny as the national governing body's new president during its annual ..."
qacc-1043,qacc,Who has been appointed as the new chief of board of control for cricket in india (bcci)?,outdated,Rahul Johri,,4,,www.reuters.com,,noise,"Oct 4, 2015 ... Newly-elected president Shashank Manohar vowed to clean the image of the Board of Control for Cricket in India (BCCI) after being chosen on ..."
qacc-1043,qacc,Who has been appointed as the new chief of board of control for cricket in india (bcci)?,outdated,Rahul Johri,,5,,www.businesstoday.in,Roger Binny,conflict,"Oct 18, 2022 ... 1983 World Cup veteran Roger Binny has been appointed as the new president of the Board of Control for Cricket in India (BCCI)."
qacc-1043,qacc,Who has been appointed as the new chief of board of control for cricket in india (bcci)?,outdated,Rahul Johri,,6,,testbook.com,,noise,The correct answer is Neetu David. Former India cricketer Neetu David was appointed as the head of BCCI's All-India Women's Selection Committee in September ...
qacc-1043,qacc,Who has been appointed as the new chief of board of control for cricket in india (bcci)?,outdated,Rahul Johri,,7,,www.bcci.tv,,noise,"Jan 30, 2021 ... Mr Shah will take over the reins from Mr Nazmul Hassan, President, Bangladesh Cricket Board. Mr Shah, 32, is the youngest administrator to be ..."
qacc-1043,qacc,Who has been appointed as the new chief of board of control for cricket in india (bcci)?,outdated,Rahul Johri,,8,,indianexpress.com,,noise,"Jul 5, 2023 ... The Board of Control for Cricket in India (BCCI) has appointed Ajit Agarkar as chairman of the Senior Men's Selection Committee."
qacc-1043,qacc,Who has been appointed as the new chief of board of control for cricket in india (bcci)?,outdated,Rahul Johri,,9,,time.com,,noise,"Oct 5, 2015 ... Shashank Manohar, newly-elected president of Board of Control for Cricket in India (BCCI), speaks during a news conference in Mumbai October ..."
qacc-1048,qacc,Who does jake t austin play in emoji movie?,misinformation,Alex,no_valid_conflict_pair,0,,en.wikipedia.org,,noise,"His feature film credits include co-starring roles in Hotel for Dogs, New Year's Eve, Rio and The Emoji Movie. Jake T. Austin. Austin in 2018. Born. Jake ..."
qacc-1048,qacc,Who does jake t austin play in emoji movie?,misinformation,Alex,no_valid_conflict_pair,1,,www.cinemablend.com,Alex,correct,"Jun 26, 2017 ... Austin, who has been tasked with portraying Alex in the animated spectacular, has now opened up about the role, giving us an overview of Alex's ..."
qacc-1048,qacc,Who does jake t austin play in emoji movie?,misinformation,Alex,no_valid_conflict_pair,2,,en.wikipedia.org,,noise,"... Jake T. Austin, Christina Aguilera, Sofía Vergara, Sean Hayes, and Sir Patrick Stewart. Based on emojis, the film centers on a multi-expressional emoji ..."
qacc-1048,qacc,Who does jake t austin play in emoji movie?,misinformation,Alex,no_valid_conflict_pair,3,,www.imdb.com,,noise,"Play trailer2:25. The Emoji Movie (2017). 82 Videos · 99+ Photos. Jake T. Austin was born Jake Austin Szymanski in New York City, to Giny Rodriguez Toranzo ..."
qacc-1048,qacc,Who does jake t austin play in emoji movie?,misinformation,Alex,no_valid_conflict_pair,4,,emojimovie.fandom.com,Alex,correct,Jake T. Austin plays the voice of Alex. Advertisement. More Information. Top Contributors. Indira21. Minato826. Categories.
qacc-1048,qacc,Who does jake t austin play in emoji movie?,misinformation,Alex,no_valid_conflict_pair,5,,screenrant.com,Alex,correct,"Jun 26, 2017 ... Screen Rant interviews The Emoji Movie star Jake T. Austin about the world of emojis, the film's message, and his character, Alex."
qacc-1048,qacc,Who does jake t austin play in emoji movie?,misinformation,Alex,no_valid_conflict_pair,6,,movieweb.com,,noise,"Jun 10, 2023 ... Austin Up to Now? emojimovie Sony Pictures Releasing. After leaving The Fosters in 2015, he has ..."
qacc-1048,qacc,Who does jake t austin play in emoji movie?,misinformation,Alex,no_valid_conflict_pair,7,,archive.flaunt.com,Alex,correct,"Jul 28, 2017 ... Out today (July 28), Jake is the voice of Alex in The Emoji Movie. In the emoticon movie, he plays a boy learning to evolve in a world ..."
qacc-1050,qacc,Where does the guadalupe river in texas start?,misinformation,Kerr County,soft_conflict,0,,en.wikipedia.org,Kerr County,correct,"The Guadalupe River runs from Kerr County, Texas, to San Antonio Bay on the Gulf of Mexico, with an average temperature of 17.75 degrees Celsius (63.95 ..."
qacc-1050,qacc,Where does the guadalupe river in texas start?,misinformation,Kerr County,soft_conflict,1,,tpwd.texas.gov,Kerr County,correct,The Guadalupe River has its beginning in springs forming the North and South Forks in western Kerr County. These two forks join in the vicinity of the town of ...
qacc-1050,qacc,Where does the guadalupe river in texas start?,misinformation,Kerr County,soft_conflict,2,,www.tshaonline.org,Kerr County,correct,"Oct 6, 2022 ... The Guadalupe River rises in two forks in western Kerr County. Its North Fork begins just south of State Highway 41, four miles from the Real- ..."
qacc-1050,qacc,Where does the guadalupe river in texas start?,misinformation,Kerr County,soft_conflict,3,,tpwd.texas.gov,,noise,Some park trails are open to horseback riders but we do not offer ... The park is also the starting point for the new 5-mile Guadalupe River State Park ...
qacc-1050,qacc,Where does the guadalupe river in texas start?,misinformation,Kerr County,soft_conflict,4,,www.playinnewbraunfels.com,"Kerrville, Texas",conflict,"The Guadalupe River starts at the headwaters near Kerrville, Texas. The river flows for 230 miles, all the way to the San Antonio Bay in the Gulf of Mexico. The ..."
qacc-1050,qacc,Where does the guadalupe river in texas start?,misinformation,Kerr County,soft_conflict,5,,www.ugra.org,Kerr County,correct,"The Guadalupe River originates in Western Kerr County, deep in the Texas Hill Country. This beautiful spring fed river is one of the highest rated ..."
qacc-1050,qacc,Where does the guadalupe river in texas start?,misinformation,Kerr County,soft_conflict,6,,www.tubehaus.com,,noise,"Guadalupe River Tubing, Tube Haus is located on the famous Horseshoe Loop section of the Guadalupe River in Canyon Lake, TX., Tube Rentals, Float Trips on ..."
qacc-1050,qacc,Where does the guadalupe river in texas start?,misinformation,Kerr County,soft_conflict,7,,www.floattheguadalupe.com,,noise,Your Texas River Adventure awaits. Make your plans now for the BEST float on the Guadalupe River. BEGIN YOUR ADVENTURE.
qacc-1050,qacc,Where does the guadalupe river in texas start?,misinformation,Kerr County,soft_conflict,8,,www.twdb.texas.gov,Kerr County,correct,"From the confluence of its North and South forks in Kerr County, the Guadalupe River flows to San Antonio Bay, which drains to the Gulf of Mexico. Other streams ..."
qacc-1050,qacc,Where does the guadalupe river in texas start?,misinformation,Kerr County,soft_conflict,9,,www.worldatlas.com,Kerr County,correct,"Nov 8, 2021 ... The Guadalupe River originates as two chief tributary forks in the western part of Kerr County. The North Fork Guadalupe River begins from the ..."
qacc-1056,qacc,An object that has mass and occupies space is known as?,misinformation,Matter,no_valid_conflict_pair,0,,quizlet.com,Matter,correct,"Matter is defined as anything that occupies space and has mass, and it is all around us. gas, solid, liquid. Tap the card to flip."
qacc-1056,qacc,An object that has mass and occupies space is known as?,misinformation,Matter,no_valid_conflict_pair,1,,byjus.com,Matter,correct,Matter is any substance which has certain mass and volume which occupies space. flag. Suggest Corrections.
qacc-1056,qacc,An object that has mass and occupies space is known as?,misinformation,Matter,no_valid_conflict_pair,2,,quizlet.com,,noise,Periodic Table. Arrangement of elements based on their properties. Mass. Amount of matter an object has. Volume. Amount of space an object takes up. Density.
qacc-1056,qacc,An object that has mass and occupies space is known as?,misinformation,Matter,no_valid_conflict_pair,3,,www.austincc.edu,Matter,correct,"Matter is anything that has mass and occupies space. It can be macroscopic (people, objects), microscopic (cells), or particulate (compounds, molecules, ..."
qacc-1056,qacc,An object that has mass and occupies space is known as?,misinformation,Matter,no_valid_conflict_pair,4,,www.educationworld.com,,noise,An object that has mass and occupies space is known as. A – Stu. B – Atom. C – Matter. The freezing point of water is. A – 32 degrees C. B – 32 degrees F.
qacc-1056,qacc,An object that has mass and occupies space is known as?,misinformation,Matter,no_valid_conflict_pair,5,,www.quora.com,Matter,correct,An object that takes up space and has mass is known as matter. Matter is anything that has weight and occupies space. Th. Continue reading.
qacc-1056,qacc,An object that has mass and occupies space is known as?,misinformation,Matter,no_valid_conflict_pair,6,,brainly.in,Matter,correct,"Apr 13, 2020 ... Matter takes up space as it has volume. The matter has physical properties namely colour, density, melting and boiling point. It is also ..."
qacc-1056,qacc,An object that has mass and occupies space is known as?,misinformation,Matter,no_valid_conflict_pair,7,,www.quora.com,Matter,correct,"Anything that has mass and occupies space is called matter. Are there ""things"" that have mass but no volume, volume, but no mass, neither? 1 Answer."
qacc-1056,qacc,An object that has mass and occupies space is known as?,misinformation,Matter,no_valid_conflict_pair,8,,www.sciencelearn.org.nz,Matter,correct,"Apr 29, 2014 ... Matter is anything that occupies space and has mass. All physical objects are composed of matter, and an easily observed property of matter ..."
qacc-1057,qacc,Visa requirements for australian citizens travelling to south korea?,outdated, K-ETA,no_valid_conflict_pair,0,,www.smartraveller.gov.au, K-ETA,correct,Australian passport holders can visit South Korea as a tourist for stays of up to 90 days without applying for a K-ETA (or visa waiver). Previously approved K- ...
qacc-1057,qacc,Visa requirements for australian citizens travelling to south korea?,outdated, K-ETA,no_valid_conflict_pair,1,,www.handyvisas.com, K-ETA,correct,How Does the K-ETA for Australians Work? ... The K-ETA for Australia operates as a visa waiver that allows eligible travelers to visit South Korea without the ...
qacc-1057,qacc,Visa requirements for australian citizens travelling to south korea?,outdated, K-ETA,no_valid_conflict_pair,2,,southkorea.embassy.gov.au,,noise,"For Australians travelling in South Korea or planning to travel to South Korea, ... For information on our visa and Australian citizenship services, ..."
qacc-1057,qacc,Visa requirements for australian citizens travelling to south korea?,outdated, K-ETA,no_valid_conflict_pair,3,,travel.state.gov,,noise,"Nationals of VWP countries who are also nationals of Cuba, Democratic People's Republic of Korea, Iran, Iraq, Sudan, or Syria. Requirements for Using the Visa ..."
qacc-1057,qacc,Visa requirements for australian citizens travelling to south korea?,outdated, K-ETA,no_valid_conflict_pair,4,,kr.usembassy.gov,,noise,"Jun 23, 2023 ... COVID-19 in Korea. Currently, the Republic of Korea has no COVID-19 testing, proof of vaccination, or quarantine requirements for entry to ..."
qacc-1057,qacc,Visa requirements for australian citizens travelling to south korea?,outdated, K-ETA,no_valid_conflict_pair,5,,www.k-eta.go.kr, K-ETA,correct,Nationals of countries/regions eligible for visa-free entry are required to get K-ETA approval to board the flight or ship bound for the Republic of Korea.
qacc-1061,qacc,Who plays goddess of love in gods of egypt?,misinformation,Élodie Yung,no_valid_conflict_pair,0,,gods-of-egypt.fandom.com,Élodie Yung,correct,Hathor is the Goddess of love and the true love of Horus in Gods of Egypt. She is portrayed in the film by Élodie Yung. Hathor was once a goddess who ...
qacc-1061,qacc,Who plays goddess of love in gods of egypt?,misinformation,Élodie Yung,no_valid_conflict_pair,1,,en.wikipedia.org,,noise,"The film follows the Egyptian god Horus, who partners with a mortal Egyptian thief, on a quest to rescue his love and to save the world from Set. Gods of Egypt."
qacc-1061,qacc,Who plays goddess of love in gods of egypt?,misinformation,Élodie Yung,no_valid_conflict_pair,2,,www.imdb.com,,noise,"Gods of Egypt: Directed by Alex Proyas. ... Play trailer1:01 ... looking forward to as i love Egyptian mythology, the effects are awesome, acting is good, ..."
qacc-1061,qacc,Who plays goddess of love in gods of egypt?,misinformation,Élodie Yung,no_valid_conflict_pair,3,,en.wikipedia.org,,noise,"Hathor was a major goddess in ancient Egyptian religion who played a wide variety of roles. As a sky deity, she was the mother or consort of the sky god ..."
qacc-1061,qacc,Who plays goddess of love in gods of egypt?,misinformation,Élodie Yung,no_valid_conflict_pair,4,,timesofindia.indiatimes.com,Élodie Yung,correct,"Jan 29, 2017 ... Elodie Yung works her charm on Gerard Butler in 'Gods Of Egypt' ... Based on Egyptian mythology, upcoming Hollywood film 'Gods Of Egypt' revolves ..."
qacc-1061,qacc,Who plays goddess of love in gods of egypt?,misinformation,Élodie Yung,no_valid_conflict_pair,5,,www.quora.com,,noise,"In actual Egyptian mythology she was a goddess of love, joy, music and motherhood. She can also be a fierceful goddess and is violent against those who ..."
qacc-1061,qacc,Who plays goddess of love in gods of egypt?,misinformation,Élodie Yung,no_valid_conflict_pair,6,,www.vox.com,,noise,"Feb 26, 2016 ... The two gods that Gods of Egypt is most concerned with are Horus (Nikolaj ... other gods and goddesses, including Hathor the goddess of love ..."
qacc-1061,qacc,Who plays goddess of love in gods of egypt?,misinformation,Élodie Yung,no_valid_conflict_pair,7,,www.cautionspoilers.com,,noise,"Oct 23, 2016 ... The whole family of gods is assembled, including Osiris, Horus, Nephthys the winged Goddess of Protection, and Hathor Goddess of Love."
qacc-1061,qacc,Who plays goddess of love in gods of egypt?,misinformation,Élodie Yung,no_valid_conflict_pair,8,,writingstudio.co.za,Élodie Yung,correct,"Feb 23, 2016 ... Hathor [Elodie Yung]: Goddess of Love, Music and Alcohol, Hathor is desirable to everyone who lays eyes on her. Once known as the Mistress ..."
qacc-1062,qacc,When was first teacher's day celebrated in india?,misinformation,1962,soft_conflict,0,,en.wikipedia.org,5 September,conflict,"In India the birthday of the second president Sarvepalli Radhakrishnan, 5 September, is celebrated as Teachers' Day since 1962, while Guru Purnima has been ..."
qacc-1062,qacc,When was first teacher's day celebrated in india?,misinformation,1962,soft_conflict,1,,www.jagranjosh.com,5 September,conflict,"Sep 5, 2022 ... The first Teachers' Day in India was marked on September 5, 1962, which was his 77th birthday. Why do we celebrate Teachers' Day on September 5?"
qacc-1062,qacc,When was first teacher's day celebrated in india?,misinformation,1962,soft_conflict,2,,en.wikipedia.org,,noise,"More than 100 countries commemorate World Teachers' Day and each holds its own celebrations such as the case of India, which has been commemorating National ..."
qacc-1062,qacc,When was first teacher's day celebrated in india?,misinformation,1962,soft_conflict,3,,indianexpress.com,1962,correct,"Sep 4, 2017 ... The first Teachers' Day was celebrated in India in 1962. This is the year when Sarvepalli Radhakrishnan began serving as the second ..."
qacc-1062,qacc,When was first teacher's day celebrated in india?,misinformation,1962,soft_conflict,4,,www.snd1.org,,noise,"Oct 12, 2014 ... First Teachers' Day Celebration, Odisha, India ... The sun glows for a day, a candle glows may be for an hour. But a teacher grows and glows ..."
qacc-1062,qacc,When was first teacher's day celebrated in india?,misinformation,1962,soft_conflict,5,,www.ndtv.com,5 September,conflict,"Sep 3, 2022 ... The first Teachers' Day was celebrated on September 5, 1962 on his 77th birthday. He started his career as a teacher. Dr Radhakrishnan was a ..."
qacc-1062,qacc,When was first teacher's day celebrated in india?,misinformation,1962,soft_conflict,6,,m.economictimes.com,,noise,"Sep 3, 2022 ... ​Every year, Teacher's Day is observed on September 5 to commemorate the birthday of India's first Vice-president Dr. Sarvopalli ..."
qacc-1062,qacc,When was first teacher's day celebrated in india?,misinformation,1962,soft_conflict,7,,www.ndtv.com,,noise,"Sep 5, 2022 ... Teachers' Day is celebrated on September 5 every year in India to ... marks the birth anniversary of India's second President and first Vice ..."
qacc-1062,qacc,When was first teacher's day celebrated in india?,misinformation,1962,soft_conflict,8,,www.business-standard.com,,noise,"Sep 4, 2019 ... Teachers' Day is celebrated in India on September 5, the birthday of the former President Sarvepalli Radhakrishnan, a well-known scholar, ..."
qacc-1063,qacc,who sings the skye boat song on outlander?,misinformation,Bear McCreary,pending_screen,0,,ew.com,Bear McCreary,correct,"Feb 14, 2023 ... EW has an exclusive first look at the season 7 opening credits of 'Outlander,' complete with a new rendition of 'The Skye Boat Song' from ..."
qacc-1063,qacc,who sings the skye boat song on outlander?,misinformation,Bear McCreary,pending_screen,1,,parade.com,,noise,"Jan 23, 2022 ... Outlander's theme song was arranged by Bear McCreary, one of the top composers working in television today. He also wrote the theme songs for ..."
qacc-1063,qacc,who sings the skye boat song on outlander?,misinformation,Bear McCreary,pending_screen,2,,reactormag.com,Bear McCreary,correct,"Mar 8, 2022 ... Outlander theme song Skye Boat Song sing me a song of a lad lass that is ... The first time I saw the opening lyrics to Outlander's theme song ..."
qacc-1063,qacc,who sings the skye boat song on outlander?,misinformation,Bear McCreary,pending_screen,3,,www.udiscovermusic.com,,noise,Sinéad O'Connor Sings New 'Outlander' Theme Song ... Fans of the show can listen to “The Skye Boat Song” now. ... Starz dropped a Valentine's Day surprise for fans ...
qacc-1063,qacc,who sings the skye boat song on outlander?,misinformation,Bear McCreary,pending_screen,4,,www.townandcountrymag.com,Sinéad O'Connor ,conflict,"Jun 16, 2023 ... ""We are honored to have Sinead O'Connor performing 'The Skye Boat Song.' Her rendition is, for me, a reminder of all that's beautiful about ..."
qacc-1063,qacc,who sings the skye boat song on outlander?,misinformation,Bear McCreary,pending_screen,5,,www.reddit.com,Sinéad O'Connor ,conflict,"Jan 21, 2021 ... 130 votes, 29 comments. My daughter is 9 weeks old and we just started using her bouncer seat. I turned on the music and started to think ..."
qacc-1063,qacc,who sings the skye boat song on outlander?,misinformation,Bear McCreary,pending_screen,6,,en.wikipedia.org,,noise,"""The Skye Boat Song"" is a late 19th-century Scottish song adaptation of a Gaelic song composed c.1782 by William Ross, entitled Cuachag nan Craobh (""Cuckoo ..."
qacc-1063,qacc,who sings the skye boat song on outlander?,misinformation,Bear McCreary,pending_screen,7,,www.reddit.com,,noise,"May 8, 2022 ... I know a lot of Scottish music and always get a thrill at recognising a ""real"" song as opposed to a Bear McCreary creation. I got excited when ..."
qacc-1063,qacc,who sings the skye boat song on outlander?,misinformation,Bear McCreary,pending_screen,8,,www.lensofjen.org,,noise,"The Season Six Outlander Song is Sung by a Man ... So “The Skye Boat Song,” the original version of the Outlander theme ..."
qacc-1063,qacc,who sings the skye boat song on outlander?,misinformation,Bear McCreary,pending_screen,9,,bearmccreary.com,,noise,"Aug 19, 2020 ... I encouraged them to perform the song as ... sing the song completely a cappella. I was ... Outlander – The Skye Boat Song (Choral Version) [feat."
qacc-1065,qacc,where is urinary bladder located in human body?,misinformation,lower part of your abdomen,,0,,my.clevelandclinic.org,lower part of your abdomen,correct,"The bladder is in the lower part of your abdomen (belly). Bands of tissues (ligaments) connect the bladder to other organs and your hip bone (pelvis), which ..."
qacc-1065,qacc,where is urinary bladder located in human body?,misinformation,lower part of your abdomen,,1,,www.hopkinsmedicine.org,below the ribs,conflict,This pair of purplish-brown organs is located below the ribs toward the middle of the back. Their function is to: ... The kidneys remove urea from the blood ...
qacc-1065,qacc,where is urinary bladder located in human body?,misinformation,lower part of your abdomen,,2,,www.cancer.gov,,noise,"Feb 16, 2023 ... The bladder has a muscular wall that allows it to get larger to store urine made by the kidneys and to shrink to squeeze urine out of the body."
qacc-1065,qacc,where is urinary bladder located in human body?,misinformation,lower part of your abdomen,,3,,www.ncbi.nlm.nih.gov,below the ribs,conflict,"The bladder is a subperitoneal, hollow muscular organ that acts as a reservoir for urine. The bladder is located in the lesser pelvis when empty and extends ..."
qacc-1065,qacc,where is urinary bladder located in human body?,misinformation,lower part of your abdomen,,4,,www.cancerresearchuk.org,,noise,Your bladder is a hollow organ in the lower part of your tummy (abdomen) called the pelvis. Open a glossary item The bladder collects and stores your wee (urine) ...
qacc-1065,qacc,where is urinary bladder located in human body?,misinformation,lower part of your abdomen,,5,,www.niddk.nih.gov,lower part of your abdomen,correct,"Kidneys. Two bean-shaped organs, each about the size of a fist. They are located just below your rib cage, one on each side of your spine ..."
qacc-1065,qacc,where is urinary bladder located in human body?,misinformation,lower part of your abdomen,,6,,www.nia.nih.gov,lower part of your abdomen,correct,"Jan 24, 2022 ... People rarely talk about bladder health, but everyone is affected by it. Located in the lower abdomen, the bladder is a hollow organ, much like ..."
qacc-1065,qacc,where is urinary bladder located in human body?,misinformation,lower part of your abdomen,,7,,pubmed.ncbi.nlm.nih.gov,lower part of your abdomen,correct,"The bladder is located in the lesser pelvis when empty and extends into the abdominal cavity when full. In children, the bladder is located in the abdomen and ..."
qacc-1065,qacc,where is urinary bladder located in human body?,misinformation,lower part of your abdomen,,8,,www.niddk.nih.gov,,noise,"They are located just below the rib cage, one on each side of your spine. Healthy kidneys filter about a half cup of blood every minute, removing wastes and ..."
qacc-1065,qacc,where is urinary bladder located in human body?,misinformation,lower part of your abdomen,,9,,www.nia.nih.gov,,noise,"Jan 24, 2022 ... Located in the lower abdomen, the bladder is a hollow organ that is ... the urethra relax and let the urine pass out of the body. When the ..."
qacc-1068,qacc,when does agents of shield season five start?,misinformation,2017,,0,,en.wikipedia.org,2017,correct,"The fifth season premiered on December 1, 2017, and ran for 22 episodes on ABC until May 18, 2018. The two-part premiere debuted to 2.54 million viewers, ..."
qacc-1068,qacc,when does agents of shield season five start?,misinformation,2017,,1,,www.reddit.com,,noise,"Jan 5, 2022 ... Coincidentally, in the beginning of S5, the team time travels, which as we know from Endgame, can create new timelines. We even see that the ..."
qacc-1068,qacc,when does agents of shield season five start?,misinformation,2017,,2,,marvelcinematicuniverse.fandom.com,2017,correct,"The Fifth Season of Agents of S.H.I.E.L.D. premiered on December 1, 2017 on ABC, with a two-hour premiere. Agent Coulson and the team escaped LMD Aida's ..."
qacc-1068,qacc,when does agents of shield season five start?,misinformation,2017,,3,,www.marvel.com,,noise,"May 8, 2019 ... ... will return back to Earth, while Mack, Yo-Yo, and Flint (a young Inhuman) will stay behind to start a rebellion aboard the space station."
qacc-1068,qacc,when does agents of shield season five start?,misinformation,2017,,4,,www.quora.com,,noise,"Sep 1, 2017 ... Fitz is in Season 7, and is mentioned several times, but doesn't appear on-screen until the last 3 episodes, starting with “Brand New Day""."
qacc-1068,qacc,when does agents of shield season five start?,misinformation,2017,,5,,screenrant.com,,noise,"Jan 21, 2018 ... By 2022, Fitz and Simmons begin to design the schematics for the isochronus cyclotron that will control the Kree Monolith but will be unable to ..."
qacc-1068,qacc,when does agents of shield season five start?,misinformation,2017,,6,,www.quora.com,2019,conflict,"May 16, 2018 ... Will Agents of S.H.I.E.L.D. season seven debut in Fall 2019? Well. I have good news and bad news ..."
qacc-1068,qacc,when does agents of shield season five start?,misinformation,2017,,7,,bearmccreary.com,,noise,"By working with different instruments, the score will sound different naturally, before new themes are even written. I started by expanding the low brass ..."
qacc-1068,qacc,when does agents of shield season five start?,misinformation,2017,,8,,www.quora.com,,noise,"Feb 20, 2021 ... AoS season 5's finale took place simultaneously with Infinity War. This is possible because there is hours of flight time between locations that ..."
qacc-1068,qacc,when does agents of shield season five start?,misinformation,2017,,9,,ew.com,,noise,"May 10, 2019 ... Knowing that instead his efforts would destroy the planet and create the dystopian Lighthouse future, Daisy faced him as Quake. Using the ..."
qacc-1070,qacc,what is the revolution period of venus in earth years?,misinformation,224.7 Earth days,pending_screen,0,,nssdc.gsfc.nasa.gov,224.7 Earth days,correct,"Jan 11, 2024 ... Venus/Earth Comparison. Bulk parameters. Venus, Earth, Ratio (Venus/Earth) ... Sidereal orbit period (days), 224.701, 365.256, 0.615. Tropical ..."
qacc-1070,qacc,what is the revolution period of venus in earth years?,misinformation,224.7 Earth days,pending_screen,1,,coolcosmos.ipac.caltech.edu,224.7 Earth days,correct,"Venus revolves or orbits around the Sun once every 0.615 Earth years, or once every 224.7 Earth days. Venus travels at an average speed of 78,341 miles per hour ..."
qacc-1070,qacc,what is the revolution period of venus in earth years?,misinformation,224.7 Earth days,pending_screen,2,,www.exploratorium.edu,243 days,conflict,"Giant Jupiter has lots of spin, turning once on its axis every 10 hours, while Venus takes 243 days to spin once. The revolution of the earth around the sun is ..."
qacc-1070,qacc,what is the revolution period of venus in earth years?,misinformation,224.7 Earth days,pending_screen,3,,www.rmg.co.uk,,noise,That's 243 Earth days to rotate once – the longest rotation of any planet in the Solar System – and only 224.7 Earth days to complete an orbit of the Sun. 2.
qacc-1070,qacc,what is the revolution period of venus in earth years?,misinformation,224.7 Earth days,pending_screen,4,,public.nrao.edu,243 days,conflict,"Jan 14, 2016 ... Venus: 35.02 km/s (78,337 miles per hour), or a period of about 224.7 days; Earth: 29.78 km/s (66,615 miles per hour), or a period of about ..."
qacc-1070,qacc,what is the revolution period of venus in earth years?,misinformation,224.7 Earth days,pending_screen,5,,spaceplace.nasa.gov,,noise,"Mercury: 88 days ; Venus: 225 days ; Earth: 365 days ; Mars: 687 days ; Jupiter: 4,333 days."
qacc-1070,qacc,what is the revolution period of venus in earth years?,misinformation,224.7 Earth days,pending_screen,6,,www.aeronomie.be,,noise,"Astronomers perceived small details in Venus' atmosphere that implied that the clouds rotated in about 4 days, in the opposite direction to Venus' orbital ..."
qacc-1070,qacc,what is the revolution period of venus in earth years?,misinformation,224.7 Earth days,pending_screen,7,,spaceplace.nasa.gov,224.7 Earth days,correct,Venus is unusual because it spins the opposite direction of Earth and most other planets. And its rotation is very slow. It takes about 243 Earth days to spin ...
qacc-1070,qacc,what is the revolution period of venus in earth years?,misinformation,224.7 Earth days,pending_screen,8,,science.nasa.gov,,noise,"But most of the time the two planets are farther apart; Mercury, the innermost planet, actually spends more time in Earth's proximity than Venus. One more trick ..."
qacc-1070,qacc,what is the revolution period of venus in earth years?,misinformation,224.7 Earth days,pending_screen,9,,ojs.library.okstate.edu,,noise,"synodic periods of the planets, which are astronomic constants. The siderial (revolution) period of Earth Is 1.00004 years, Venus. 0.61521 years and Jupiter ..."
qacc-1078,qacc,who was executed for being an american spy during the revolutionary war?,misinformation,Nathan Hale,pending_screen,0,,www.mountvernon.org,,noise,"During the Battle of Long Island, Nathan Hale--a captain in the Continental Army--volunteered to go behind enemy lines in disguise to report back on British ..."
qacc-1078,qacc,who was executed for being an american spy during the revolutionary war?,misinformation,Nathan Hale,pending_screen,1,,www.intelligence.gov,,noise,"Sent to America in 1774, André became friend, confidant, and ultimately Adjutant General and intelligence chief to General Sir Henry Clinton, the commanding ..."
qacc-1078,qacc,who was executed for being an american spy during the revolutionary war?,misinformation,Nathan Hale,pending_screen,2,,www.mountvernon.org,,noise,Spy Techniques of the Revolutionary War ... Spycraft during the American Revolution consisted ... Under the threat of being hanged and having the ball cut out of ...
qacc-1078,qacc,who was executed for being an american spy during the revolutionary war?,misinformation,Nathan Hale,pending_screen,3,,www.battlefields.org,,noise,"Jan 4, 2021 ... George Washington ordered him to be hanged, possibly in retaliation for the treatment of Nathan Hale at the hands of the British. In an ..."
qacc-1078,qacc,who was executed for being an american spy during the revolutionary war?,misinformation,Nathan Hale,pending_screen,4,,www.intelligence.gov,,noise,"He was the first individual to be executed for treason against what would become the United States. By Washington's orders, all soldiers who were not on duty at ..."
qacc-1078,qacc,who was executed for being an american spy during the revolutionary war?,misinformation,Nathan Hale,pending_screen,5,,connecticuthistory.org,Nathan Hale,correct,"On September 22, 1776, the British hanged Revolutionary War soldier Nathan Hale, a school teacher from Coventry, Connecticut, for spying."
qacc-1078,qacc,who was executed for being an american spy during the revolutionary war?,misinformation,Nathan Hale,pending_screen,6,,www.intel.gov,André,conflict,"In what would later turn out to be one of the great ironies of the Revolutionary War, Arnold captured Fort Ticonderoga with the assistance of a British spy."
qacc-1078,qacc,who was executed for being an american spy during the revolutionary war?,misinformation,Nathan Hale,pending_screen,7,,www.battlefields.org,Nathan Hale,correct,"Mar 29, 2023 ... Timothy Webster was the first spy hanged during the American Civil War, and many others, like Samuel Davis, followed. Sam Davis joined the ..."
qacc-1078,qacc,who was executed for being an american spy during the revolutionary war?,misinformation,Nathan Hale,pending_screen,8,,clements.umich.edu,,noise,"People of the American Revolution · Routes of the ... American agent. This would expose André to all of ... André was hanged as a spy at Tappan, New York, on Oct."
qacc-1078,qacc,who was executed for being an american spy during the revolutionary war?,misinformation,Nathan Hale,pending_screen,9,,www.battlefields.org,Nathan Hale,correct,"Feb 3, 2022 ... Perhaps the most well-known Black spy of the American Revolution is James Armistead Lafayette. Born enslaved in Virginia, the French General ..."
qacc-1080,qacc,what is the approximate volume of blood in your body?,misinformation,5-6 liters,pending_screen,0,,homework.study.com,5-6 liters,correct,"According to several textbooks, the approximate volume of blood in the human body is 5-6 liters for an average adult, taking up about 7% of body weight."
qacc-1080,qacc,what is the approximate volume of blood in your body?,misinformation,5-6 liters,pending_screen,1,,www.healthline.com,5-6 liters,correct,The estimates for blood volume are as follows: Babies: Babies born full-term have about 75 milliliters (mL) of blood per kilogram of their body weight. If a ...
qacc-1080,qacc,what is the approximate volume of blood in your body?,misinformation,5-6 liters,pending_screen,2,,quizlet.com,5-6 liters,correct,"What is the approximate volume of blood in your body? ... Blood volume is about 8% of your body mass, roughly 5-6 liters in males and 4-5 liters in females. For ..."
qacc-1080,qacc,what is the approximate volume of blood in your body?,misinformation,5-6 liters,pending_screen,3,,pubmed.ncbi.nlm.nih.gov,,noise,"Apr 10, 2023 ... The amount of blood circulating within an individual depends on size and weight, but the average human adult has nearly 5 liters of circulating ..."
qacc-1080,qacc,what is the approximate volume of blood in your body?,misinformation,5-6 liters,pending_screen,4,,www.redcrossblood.org,10 units,conflict,adult will have approximately 1.2-1.5 gallons (or 10 units) of blood in their body. Blood is approximately 10% of an adult's weight.
qacc-1080,qacc,what is the approximate volume of blood in your body?,misinformation,5-6 liters,pending_screen,5,,www.medicalnewstoday.com,,noise,"Jun 7, 2020 ... Blood volume · about 9 pints (4.3 liters) of blood in an average-sized female (5 feet 5 inches tall and weighing 165 pounds) · about 12.2 pints ( ..."
qacc-1080,qacc,what is the approximate volume of blood in your body?,misinformation,5-6 liters,pending_screen,6,,www.ncbi.nlm.nih.gov,,noise,The cardiovascular system combats low blood volume by constricting blood vessels until the body reaches a blood pressure that restores proper perfusion pressure ...
qacc-1080,qacc,what is the approximate volume of blood in your body?,misinformation,5-6 liters,pending_screen,7,,www.researchgate.net,,noise,Download scientific diagram | Distribution of water in the human body showing the approximate volume of blood plasma and ISF in the extracellular fluid ...
qacc-1080,qacc,what is the approximate volume of blood in your body?,misinformation,5-6 liters,pending_screen,8,,www.ncbi.nlm.nih.gov,,noise,"Out of the extracellular fluid volume, 75% or 10.5L of the volume ... into the body measurable substances that are ... Blood volume - Red blood cell volume can be ..."
qacc-1080,qacc,what is the approximate volume of blood in your body?,misinformation,5-6 liters,pending_screen,9,,reference.medscape.com,,noise,"Prediction of blood volume in normal human adults. Surgery. 1962; 51(2):224-32. John F. Butterworth IV, David C. Mackey, John ..."
qacc-1084,qacc,when did the name of bombay change to mumbai?,misinformation,1995,,0,,en.wikipedia.org,,noise,"The renaming of the cities in India started in 1947 CE following the end of the British imperial period. Several changes were controversial, ..."
qacc-1084,qacc,when did the name of bombay change to mumbai?,misinformation,1995,,1,,www.timesnownews.com,,noise,"Nov 5, 2022 ... The party wanted the city's name to reflect the Maratha heritage. Thus officially, Bombay became Mumbai – named after the goddess Mumbadevi, the ..."
qacc-1084,qacc,when did the name of bombay change to mumbai?,misinformation,1995,,2,,en.wikipedia.org,,noise,"Upon India's independence in 1947 the city was incorporated into Bombay State. In 1960, following the Samyukta Maharashtra Movement, a new state of Maharashtra ..."
qacc-1084,qacc,when did the name of bombay change to mumbai?,misinformation,1995,,3,,theculturetrip.com,1995,correct,"Nov 30, 2023 ... The city's official name change, to Mumbai from Bombay happened when regional political party Shiv Sena came into power in 1995. The Shiv ..."
qacc-1084,qacc,when did the name of bombay change to mumbai?,misinformation,1995,,4,,www.outlookindia.com,1996,conflict,"Feb 5, 2023 ... The name of the financial capital of India, Bombay, was changed to Mumbai in 1996. It was the British who gave this city an English name, Bombay ..."
qacc-1084,qacc,when did the name of bombay change to mumbai?,misinformation,1995,,5,,www.reddit.com,,noise,"Oct 6, 2022 ... Speculation on my part, but Mumbai/Bombay is the same city with the latter being considered a British bastardization of the name of by many (and ..."
qacc-1084,qacc,when did the name of bombay change to mumbai?,misinformation,1995,,6,,www.thesun.co.uk,,noise,"Aug 14, 2018 ... Why did Bombay change its name to Mumbai? When the right-wing Hindu nationalist party Shiv Sena came to power they ordered the name change. This ..."
qacc-1084,qacc,when did the name of bombay change to mumbai?,misinformation,1995,,7,,www.fodors.com,,noise,"In the mid-1990s, Shiv Sena, the Hindu nationalist party in power in Bombay, decided to change the city's name to Mumbai, a name often used in local ..."
qacc-1084,qacc,when did the name of bombay change to mumbai?,misinformation,1995,,8,,www.washingtonpost.com,1995,correct,"Feb 10, 2016 ... The city has been officially known as Mumbai since 1995 when it was renamed by the far-right regional party Shiv Sena, an ally of the Bharatiya ..."
qacc-1084,qacc,when did the name of bombay change to mumbai?,misinformation,1995,,9,,www.quora.com,1995,correct,"May 4, 2014 ... Bombay was the name given to the port city by the Britishers(East India Company). But in 1995 Shiv Sena won the elections in Maharashtra and ..."
qacc-1086,qacc,when does the 14th season of grey's anatomy come out?,misinformation,"February 10, 2017",,0,,en.wikipedia.org,"February 10, 2017",correct,"The fourteenth season of the American television medical drama Grey's Anatomy was ordered on February 10, 2017, by American Broadcasting Company (ABC), ..."
qacc-1086,qacc,when does the 14th season of grey's anatomy come out?,misinformation,"February 10, 2017",,1,,abc.com,,noise,"season 20 · I Carry Your Heart. 43:03. S20 E9 - I Carry Your HeartJust as Amelia comes to a realization, Teddy encourages her and Meredith to speed up their…"
qacc-1086,qacc,when does the 14th season of grey's anatomy come out?,misinformation,"February 10, 2017",,2,,www.cosmopolitan.com,,noise,"Mar 15, 2024 ... ... come out, dates, and times ... When does season 20 of Grey's Anatomy premiere? ... The new season of Grey's Anatomy premiered on ABC on March 14, ..."
qacc-1086,qacc,when does the 14th season of grey's anatomy come out?,misinformation,"February 10, 2017",,3,,greysanatomy.fandom.com,,noise,"The fourteenth season of Grey's Anatomy premiered September 28, 2017, with a two-hour premiere. It was broadcast on Thursday nights at 8 PM on ABC."
qacc-1086,qacc,when does the 14th season of grey's anatomy come out?,misinformation,"February 10, 2017",,4,,www.vulture.com,,noise,"Feb 2, 2018 ... ... are not Grey Sloan and never return. (It still hurts, McDreamy.) Thankfully, Bailey comes out of this thing just fine (duh). But over the ..."
qacc-1086,qacc,when does the 14th season of grey's anatomy come out?,misinformation,"February 10, 2017",,5,,variety.com,,noise,"Dec 11, 2023 ... ... 14 Shows to Netflix. By ... The Disney-owned titles that would come to Netflix (and the premiere ... The older seasons of “Grey's Anatomy” will land ..."
qacc-1086,qacc,when does the 14th season of grey's anatomy come out?,misinformation,"February 10, 2017",,6,,thewaltdisneycompany.com,"Thursday, March 14",conflict,"Mar 14, 2024 ... Grey's Anatomy—the longest-running primetime medical drama in television history—returns for its landmark 20th season Thursday, March 14, at 9 ..."
qacc-1086,qacc,when does the 14th season of grey's anatomy come out?,misinformation,"February 10, 2017",,7,,variety.com,,noise,"Feb 10, 2024 ... Jessica Capshaw will appear on Season 20 of 'Grey's Anatomy,' playing Arizona Robbins for the first time since her Season 14 depature."
qacc-1086,qacc,when does the 14th season of grey's anatomy come out?,misinformation,"February 10, 2017",,8,,www.reddit.com,,noise,"Mar 4, 2022 ... So in season 14 when sophia comes back she does ... go back to be with Arizona, so clearly she cared on some level. ... Grey's Anatomy on ABC. The ..."
qacc-1086,qacc,when does the 14th season of grey's anatomy come out?,misinformation,"February 10, 2017",,9,,www.amazon.com,"Thursday, March 14",conflict,"Product information ; ‎Unknown · ‎Walt Disney · ‎October 22, 2018 · ‎B07H2VPXY1."
qacc-1094,qacc,what was the purpose of a revival meeting during the second great awakening?,misinformation,Reignite spirituality ,pending_screen,0,,www.britannica.com,,noise,"May 8, 2024 ... Second Great Awakening, Protestant religious revival in the United States from about 1795 to 1835. During this revival, meetings were held ..."
qacc-1094,qacc,what was the purpose of a revival meeting during the second great awakening?,misinformation,Reignite spirituality ,pending_screen,1,,en.wikipedia.org,,noise,The Second Great Awakening was a Protestant religious revival during the late 18th to early 19th century in the United States. It spread religion through ...
qacc-1094,qacc,what was the purpose of a revival meeting during the second great awakening?,misinformation,Reignite spirituality ,pending_screen,2,,www.pbs.org,,noise,"In June of 1800, on the fourth day of a Presbyterian revival meeting held in south central Kentucky, two traveling Methodist ministers concluded their day ..."
qacc-1094,qacc,what was the purpose of a revival meeting during the second great awakening?,misinformation,Reignite spirituality ,pending_screen,3,,jenmiskov.com,,noise,"Jul 26, 2021 ... ... Meeting House was the place of a great revival in 1800. ... Infidelity was triumphant and religion on the point ... More on Cane Ridge Revival in ..."
qacc-1094,qacc,what was the purpose of a revival meeting during the second great awakening?,misinformation,Reignite spirituality ,pending_screen,4,,teachdemocracy.org,Invigorate churches,conflict,Joining revivals may have reinforced women's traditional role as guardians of religion at home. Leadership and preaching roles at camp meetings were generally ...
qacc-1094,qacc,what was the purpose of a revival meeting during the second great awakening?,misinformation,Reignite spirituality ,pending_screen,5,,www.georgiaencyclopedia.org,,noise,Camp meetings are still used to reinvigorate churches through extended revival meetings. Since the Great Awakening the purpose of the revivals has remained the ...
qacc-1094,qacc,what was the purpose of a revival meeting during the second great awakening?,misinformation,Reignite spirituality ,pending_screen,6,,www.ushistory.org,,noise,22c. Religious Transformation and the Second Great Awakening. A revival meeting. Both blacks and women began to participate in evangelical revivals associated ...
qacc-1094,qacc,what was the purpose of a revival meeting during the second great awakening?,misinformation,Reignite spirituality ,pending_screen,7,,www.9marks.org,,noise,"Jun 14, 2022 ... The revivals were led, almost exclusively, by the preaching and shepherding of ordained and settled pastors. Other than prayer, these pastors ..."
qacc-1094,qacc,what was the purpose of a revival meeting during the second great awakening?,misinformation,Reignite spirituality ,pending_screen,8,,www.americanyawp.com, Reignite spirituality ,correct,"Jun 7, 2013 ... ... revivals of the Second Great Awakening reignited Protestant spirituality during the early nineteenth century. ... in revivals and camp meetings ..."
qacc-1094,qacc,what was the purpose of a revival meeting during the second great awakening?,misinformation,Reignite spirituality ,pending_screen,9,,teachrock.org,,noise,How might have this contributed to the motivation behind the Cane Ridge Revival Meeting? Why might have one of the first camp meetings occurred in Kentucky ...
qacc-1102,qacc,the recipient of first jnanpith award was an author which language?,outdated,G. Sankara Kurup,pending_screen,0,,en.wikipedia.org,G. Sankara Kurup,correct,"The first recipient of the award was the Malayalam writer G. Sankara Kurup who received the award in 1965 for his collection of poems, Odakkuzhal (The ..."
qacc-1102,qacc,the recipient of first jnanpith award was an author which language?,outdated,G. Sankara Kurup,pending_screen,1,,www.quora.com,,noise,"Nov 20, 2012 ... The Jnanpith Award for the year 2018 was conferred upon the illustrious Assamese author, Shri Amitav Ghosh. Amitav Ghosh is widely acclaimed for ..."
qacc-1102,qacc,the recipient of first jnanpith award was an author which language?,outdated,G. Sankara Kurup,pending_screen,2,,en.wikipedia.org,,noise,"Sahitya Akademi Award is given by the Sahitya Akademi, India's national academy of letters to one writer every year in each of the languages recognized by ..."
qacc-1102,qacc,the recipient of first jnanpith award was an author which language?,outdated,G. Sankara Kurup,pending_screen,3,,www.quora.com,G. Sankara Kurup,correct,"Sep 14, 2014 ... ... author of science in any language ... The first recipient of the award was the Malayalam writer G. ... The first Jnanpith Award for Kannada ..."
qacc-1102,qacc,the recipient of first jnanpith award was an author which language?,outdated,G. Sankara Kurup,pending_screen,4,,www.indiatoday.in,,noise,"Dec 17, 2018 ... In a first, recognition for an English writer, Amitav Ghosh has been announced as 2018's Jnanpith Award winner for ""outstanding contribution ..."
qacc-1102,qacc,the recipient of first jnanpith award was an author which language?,outdated,G. Sankara Kurup,pending_screen,5,,byjus.com,Ashapoorna Devi,conflict,"Aug 20, 2020 ... The first recipient of the award was Malayalam writer G Sankara Kurup in 1965 for his novel 'Odakkuzhal' (The Bamboo Flute). The first woman ..."
qacc-1102,qacc,the recipient of first jnanpith award was an author which language?,outdated,G. Sankara Kurup,pending_screen,6,,www.britannica.com,G. Sankara Kurup,correct,"Among those who have received the Jnanpith Award are G. Sankara Kurup, its first recipient, and Ashapurna Devi, the first woman to win the prize. In 2018 Amitav ..."
qacc-1102,qacc,the recipient of first jnanpith award was an author which language?,outdated,G. Sankara Kurup,pending_screen,7,,www.geeksforgeeks.org,G. Sankara Kurup,correct,"Dec 21, 2023 ... Serial No. Recipient Name. Language. Year. 1, G. Sankara Kurup, Malayalam, 1965. 2, Tarashankar ..."
qacc-1102,qacc,the recipient of first jnanpith award was an author which language?,outdated,G. Sankara Kurup,pending_screen,8,,testbook.com,Tarashankar Bandopadhyay,conflict,"The first recipient of the award was the Malayalam writer G. Sankara Kurup in 1965, for his collection of poems, Odakkuzhal (The Bamboo Flute), published in ..."
qacc-1102,qacc,the recipient of first jnanpith award was an author which language?,outdated,G. Sankara Kurup,pending_screen,9,,apnipathshala.com,,noise,"The first woman to receive the Jnanpith Award was Ashapoorna Devi, an eminent Bengali writer. She received the award in 1976 for her significant contributions ..."
qacc-1106,qacc,who added a press room to the white house?,outdated,Richard M. Nixon,pending_screen,0,,www.whitehouse.gov,,noise,"Briefing Room. Navigate this Section. Select, View All · Blog · Disclosures · Legislation · Presidential Actions · Press Briefings · Speeches and Remarks ..."
qacc-1106,qacc,who added a press room to the white house?,outdated,Richard M. Nixon,pending_screen,1,,obamawhitehouse.archives.gov,Obama,conflict,"... White House. ... In addition to covering the walls with hand-painted striped wallpaper, President Obama added ... Brady Press Briefing Room of the White House, June ..."
qacc-1106,qacc,who added a press room to the white house?,outdated,Richard M. Nixon,pending_screen,2,,www.whitehouse.gov,,noise,Statement from White House Press Secretary Karine Jean-Pierre on the Visit of Prime Minister Alexander De Croo of Belgium · FACT SHEET: Biden-⁠Harris ...
qacc-1106,qacc,who added a press room to the white house?,outdated,Richard M. Nixon,pending_screen,3,,obamawhitehouse.archives.gov,Richard M. Nixon,correct,"May 20, 2016 ... From the News Room. Latest NewsRead the ... Contact the White House · Citizens Medal ... The final label requires Added Sugars to be declared to ..."
qacc-1106,qacc,who added a press room to the white house?,outdated,Richard M. Nixon,pending_screen,4,,www.whitehouse.gov,,noise,"Nov 6, 2021 ... ... add on average 1.5 million jobs per year for the next 10 years. ... https://www.whitehouse.gov/briefing-room/statements-releases/2021/11/06/fact- ..."
qacc-1106,qacc,who added a press room to the white house?,outdated,Richard M. Nixon,pending_screen,5,,www.whitehousehistory.org,,noise,President Richard M. Nixon arranged for the construction of a press briefing room above the old pool to accommodate the growing demand for television news.
qacc-1106,qacc,who added a press room to the white house?,outdated,Richard M. Nixon,pending_screen,6,,www.hud.gov,,noise,"Oct 16, 2023 ... Home / Press Room / Press Releases / HUD No. ... See a fact sheet released today, from the White House, announcing new actions on homeownership."
qacc-1106,qacc,who added a press room to the white house?,outdated,Richard M. Nixon,pending_screen,7,,www.whitehousehistory.org,,noise,... add a studio and auditorium for press briefings. ... The White House Office of Communications was ... Bush made frequent use of press conferences in the Press ...
qacc-1106,qacc,who added a press room to the white house?,outdated,Richard M. Nixon,pending_screen,8,,georgewbush-whitehouse.archives.gov,,noise,"Brady Press Briefing Room on February 11, 2000 in honor of James Brady, the White House press secretary who was shot and seriously injured following an ..."
qacc-1106,qacc,who added a press room to the white house?,outdated,Richard M. Nixon,pending_screen,9,,www.transportation.gov,,noise,"May 8, 2023 ... Home · Newsroom. In This Section. Newsroom · Press Releases · Speeches · Testimony · Medium Blog · Events · Press Offices · DOT Social Media ..."
qacc-1107,qacc,what is the angle of the tower of pisa?,outdated,3.99,,0,,www.nationalgeographic.com,3.99,correct,"Nov 2, 2013 ... Now back to the physics: In terms of angles, the tower now leans at 3.99 degrees. Considering the weight and height of the tower, physicists ..."
qacc-1107,qacc,what is the angle of the tower of pisa?,outdated,3.99,,1,,en.wikipedia.org,5.5,conflict,"It worsened through the completion of construction in the 14th century. By 1990, the tilt had reached 5.5 degrees. The structure was stabilized by ..."
qacc-1107,qacc,what is the angle of the tower of pisa?,outdated,3.99,,2,,www.designreview.byu.edu,3.99,correct,"Jul 1, 2022 ... The tower leans at an angle of 3.99 degrees [1]. It reached the peak of its lean in 1990 at 5.5 degrees, when there were fears it would collapse ..."
qacc-1107,qacc,what is the angle of the tower of pisa?,outdated,3.99,,3,,www.britannica.com,3.99,correct,"May 19, 2024 ... Extensive work was subsequently done to straighten the tower, and its lean was ultimately reduced to less than 4.0 degrees. Italian: Torre ..."
qacc-1107,qacc,what is the angle of the tower of pisa?,outdated,3.99,,4,,www.quora.com,,noise,"Sep 27, 2014 ... Thanks for A2A. Prior to restoration work performed between 1990 and 2001, the tower leaned at an angle of 5.5 degrees, but the tower now ..."
qacc-1107,qacc,what is the angle of the tower of pisa?,outdated,3.99,,5,,www.leaningtowerofpisa-tickets.com,,noise,"Currently, the tower has a lean that is slightly below 4 degrees. Book Tickets. Will the Leaning Tower of Pisa Ever Fall Over?"
qacc-1107,qacc,what is the angle of the tower of pisa?,outdated,3.99,,6,,www.dentonisd.org,3.99,correct,SUBMARINES A submarine that is 250 meters below the surface of the ocean begins to ascend at an angle of 22° from vertical. How far the submarine travel before ...
qacc-1107,qacc,what is the angle of the tower of pisa?,outdated,3.99,,7,,www.dailymail.co.uk,3.99,correct,"Dec 22, 2022 ... Its angle was previously 5.5 degrees from the perpendicular, but is now only 3.99 degrees off straight. Experts say the seven-storey bell tower ..."
qacc-1107,qacc,what is the angle of the tower of pisa?,outdated,3.99,,8,,www.thesenseresort.com,,noise,The building leans at an angle of 3.97° compared to the vertical axis. The tilt is caused by the subsidence of the ground on which the base of the bell tower ...
qacc-1107,qacc,what is the angle of the tower of pisa?,outdated,3.99,,9,,www.livescience.com,,noise,"Apr 18, 2022 ... They built each floor at an angle to try to correct the tilt — only to have the tower lean even more. This resulted in a slight ""banana shape,"" ..."
qacc-1109,qacc,isdn uses b & d channels. what is d channel use for?,misinformation,Signaling ,,0,,en.wikipedia.org,,noise,The E1 carrier provides 30 B- and one D-channel for a bandwidth of 2.048 Mbit/s. The first timeslot on the E1 is used for synchronization purposes and is not ...
qacc-1109,qacc,isdn uses b & d channels. what is d channel use for?,misinformation,Signaling ,,1,,www.rd.usda.gov,Synchronization ,conflict,"BRI ISDN can accommodate two full duplex 64 kb/s channels (referred to in ISDN parlance as Bearer or B-channels) and one 16 kb/s Delta, or D-channel, used for ..."
qacc-1109,qacc,isdn uses b & d channels. what is d channel use for?,misinformation,Signaling ,,2,,www.cisco.com,Signaling ,correct,"... channel (or band). ISDN, which uses the D channel for signaling and the B channels for user data, fits into the out-of-band signaling category. Robbed-bit ..."
qacc-1109,qacc,isdn uses b & d channels. what is d channel use for?,misinformation,Signaling ,,3,,www.cisco.com,Synchronization ,conflict,"... B channels and one D channel, respectively, for the xDSL interface backup. Information Model Objects (IMOs). This section describes the following IMOs ..."
qacc-1109,qacc,isdn uses b & d channels. what is d channel use for?,misinformation,Signaling ,,4,,www.sciencedirect.com,,noise,ISDN uses B channels for basic traffic and D channels for return signaling. Each B channel provides data rate of 64 Kbps and each D channel is 16 Kbps.
qacc-1109,qacc,isdn uses b & d channels. what is d channel use for?,misinformation,Signaling ,,5,,www.centurylink.com,Signaling ,correct,"Oct 12, 2023 ... With Custom protocol ISDN PRI, up to 23 of the channels may be used as 64 Kbps B channels. The 24th channel must be configured as a D channel, ..."
qacc-1109,qacc,isdn uses b & d channels. what is d channel use for?,misinformation,Signaling ,,6,,techhub.hpe.com,Signaling ,correct,ISDN uses TDM technology to divide a physical interface into one data (D) signaling channel and multiple bearer (B) channels. The D-channel transmits ...
qacc-1109,qacc,isdn uses b & d channels. what is d channel use for?,misinformation,Signaling ,,7,,www.dialogic.com,,noise,"The B channels are used for voice or user data, and the D channel is used for any combination of data, control/signaling, and X.25 packet networking. The 2 B ..."
qacc-1109,qacc,isdn uses b & d channels. what is d channel use for?,misinformation,Signaling ,,8,,www.pearsonitcertification.com,,noise,"Aug 13, 2015 ... ... ISDN PRI circuit has 23 B channels and one 64-kbps D channel. ... The 24th channel in the T1 circuit is used as the ISDN D channel (the channel ..."
qacc-1109,qacc,isdn uses b & d channels. what is d channel use for?,misinformation,Signaling ,,9,,www.nextiva.com,Signaling ,correct,"Jan 17, 2023 ... The difference lies in the number of channels they use to accomplish this. For instance, BRI uses only two B channels and one D channel. It ..."
qacc-1112,qacc,who has won the most superbowls as a player?,misinformation,Tom Brady,,0,,en.wikipedia.org,,noise,List of players with most Super Bowl championships ...
qacc-1112,qacc,who has won the most superbowls as a player?,misinformation,Tom Brady,,1,,www.sportingnews.com,Tom Brady,correct,"Feb 10, 2023 ... Tom Brady has more rings than any player in NFL history after winning a seventh championship in Super Bowl 55. The Buccaneers quarterback ..."
qacc-1112,qacc,who has won the most superbowls as a player?,misinformation,Tom Brady,,2,,www.cbsnews.com,Tom Brady,correct,"Feb 11, 2024 ... Tom Brady has won the most Super Bowls of any player in NFL history with seven. Brady won the 2002, 2004, 2005, 2015, 2017, and 2019 Super Bowls ..."
qacc-1112,qacc,who has won the most superbowls as a player?,misinformation,Tom Brady,,3,,www.statista.com,Tom Brady,correct,"Feb 26, 2024 ... Tom Brady is widely considered one of the greatest quarterbacks of all time and he tops the list of players with the most Super Bowl ..."
qacc-1112,qacc,who has won the most superbowls as a player?,misinformation,Tom Brady,,4,,www.sportskeeda.com,Ken Norton Jr.,conflict,Ken Norton Jr. is the only player in the history of the NFL to win three consecutive Super Bowls. He won the first two with the Cowboys and the third one with ...
qacc-1112,qacc,who has won the most superbowls as a player?,misinformation,Tom Brady,,5,,www.statmuse.com,Tom Brady,correct,"Tom Brady has the most career wins in Super Bowls, with 7 wins. which nfl player has won the most super bowls."
qacc-1112,qacc,who has won the most superbowls as a player?,misinformation,Tom Brady,,6,,flashpicks.com,Tom Brady,correct,"Feb 5, 2024 ... Widely regarded as the greatest player and quarterback of all time, Tom Brady tops the list of Super Bowl appearances with ten. Unsurprisingly, ..."
qacc-1112,qacc,who has won the most superbowls as a player?,misinformation,Tom Brady,,7,,www.menshealth.com,Haley,conflict,"Feb 12, 2023 ... Haley was the first player to win five Super Bowl rings, and he won them with the San Francisco 49ers and the Dallas Cowboys. He won his ..."
qacc-1112,qacc,who has won the most superbowls as a player?,misinformation,Tom Brady,,8,,www.nbcsports.com,Tom Brady,correct,"Feb 8, 2024 ... Which players have won the most Super Bowls? · 1. Tom Brady (seven Super Bowl wins). The greatest postseason performer in NFL history, Tom Brady ..."
qacc-1112,qacc,who has won the most superbowls as a player?,misinformation,Tom Brady,,9,,www.yardbarker.com,Tom Brady,correct,"Jan 28, 2020 ... Tom Brady, QB, 10 ... Brady has won five Super Bowl MVPs and seven Super Bowls with the Patriots and Bucs, and his games haven't been without ..."
qacc-1114,qacc,when is last time the astros won the world series?,outdated,2022,no_valid_conflict_pair,0,,www.sportingnews.com,2017,conflict,"Oct 22, 2022 ... The Astros have won two World Series, but their first was fraught with controversy. Houston won the 2017 World Series over the Dodgers, a title ..."
qacc-1114,qacc,when is last time the astros won the world series?,outdated,2022,no_valid_conflict_pair,1,,en.wikipedia.org,2017,conflict,"The team would go on to defeat the Los Angeles Dodgers in the 2017 World Series, winning the championship for the first time in team history. The Astros are one ..."
qacc-1114,qacc,when is last time the astros won the world series?,outdated,2022,no_valid_conflict_pair,2,,en.as.com,2017,conflict,"Nov 5, 2022 ... The Astros have in fact won a World Series before. Unfortunately, it was clinched in that said same season of 2017, which is to say that lone ..."
qacc-1114,qacc,when is last time the astros won the world series?,outdated,2022,no_valid_conflict_pair,3,,en.wikipedia.org,2017,conflict,"... Championship Series, winning four of the last seven American League pennants. During this era, the Astros won the 2017 World Series, their first championship ..."
qacc-1114,qacc,when is last time the astros won the world series?,outdated,2022,no_valid_conflict_pair,4,,champsorchumps.us,2016,conflict,"How many World Series have the Astros won? The Houston Astros won the World Series 2 times, in 2017 and 2022."
qacc-1114,qacc,when is last time the astros won the world series?,outdated,2022,no_valid_conflict_pair,5,,www.nbcdfw.com,2017,conflict,"Oct 13, 2023 ... ... won the division in 2016, their last winning season before this year. The Astros have since been to the World Series four times, winning two ..."
qacc-1114,qacc,when is last time the astros won the world series?,outdated,2022,no_valid_conflict_pair,6,,www.npr.org,,noise,"Nov 6, 2022 ... Alvarez homered for the first time since going deep in the first two games this postseason. Christian Vázquez added an RBI single later in the ..."
qacc-1114,qacc,when is last time the astros won the world series?,outdated,2022,no_valid_conflict_pair,7,,www.nbcdfw.com,,noise,"Oct 23, 2023 ... The 2011 World Series went to a winner-take-all game after David Freese's walk-off home run in Game 6. In the final context, the Rangers ..."
qacc-1114,qacc,when is last time the astros won the world series?,outdated,2022,no_valid_conflict_pair,8,,www.mlb.com,,noise,The Astros advanced to the World Series for the first time ... The Astros ended the season winning their last ... The Astros won their first World Series title ...
qacc-1114,qacc,when is last time the astros won the world series?,outdated,2022,no_valid_conflict_pair,9,,www.reddit.com,,noise,"Nov 2, 2023 ... It's so hard to be successful in the playoffs in baseball for an extended time even if your team wins 100 games because a 162 game season gets ..."
qacc-1116,qacc,how tall is the actor who plays hagrid in harry potter?,misinformation,"6'1""",,0,,www.quora.com,,noise,"May 3, 2021 ... In the Harry Potter film series, the character Rubeus Hagrid, portrayed by actor Robbie Coltrane, appears much taller and larger than a ..."
qacc-1116,qacc,how tall is the actor who plays hagrid in harry potter?,misinformation,"6'1""",,1,,screenrant.com,,noise,"Sep 14, 2023 ... Robbie Coltrane was cast in the role, beating out Robin Williams, who almost played Hagrid in the Harry Potter movies, and he proved to be ..."
qacc-1116,qacc,how tall is the actor who plays hagrid in harry potter?,misinformation,"6'1""",,2,,en.wikipedia.org,,noise,... actor and comedian. He gained worldwide recognition in the 2000s for playing Rubeus Hagrid in the Harry Potter film series. He was appointed an OBE in the ...
qacc-1116,qacc,how tall is the actor who plays hagrid in harry potter?,misinformation,"6'1""",,3,,www.quora.com,"6'1""",correct,"Oct 13, 2020 ... The actor Robbie Coltrane plays Hagrid in all eight Harry Potter movies (Robbie Coltrane is actually only 6 feet 1 inch)."
qacc-1116,qacc,how tall is the actor who plays hagrid in harry potter?,misinformation,"6'1""",,4,,www.reddit.com,,noise,"Aug 17, 2021 ... Martin Bayfield who played lock for the English national Rugby Union team in the 1990s played the body double for Hagrid in the films as he's ..."
qacc-1116,qacc,how tall is the actor who plays hagrid in harry potter?,misinformation,"6'1""",,5,,www.nbcnews.com,,noise,"Oct 14, 2022 ... Robbie Coltrane, actor who played the beloved Hagrid in the Harry Potter films, dies at 72. The Scottish thespian was ""forensically ..."
qacc-1116,qacc,how tall is the actor who plays hagrid in harry potter?,misinformation,"6'1""",,6,,www.reddit.com,"11'6""",conflict,"Feb 4, 2021 ... This file shows his height at 11'6 ft (3.5m), which I believe matches the book descriptions. However, I don't believe his listed weight, which ..."
qacc-1116,qacc,how tall is the actor who plays hagrid in harry potter?,misinformation,"6'1""",,7,,letsplayadrinkinggame.com,,noise,"Jan 5, 2021 ... Robbie Coltrane is the actor who played Hagrid in all 8 Harry Potter movies. As he unfortunately does not have magical giant genes, he measures ..."
qacc-1116,qacc,how tall is the actor who plays hagrid in harry potter?,misinformation,"6'1""",,8,,ew.com,"11'6""",conflict,"Oct 14, 2022 ... Robbie Coltrane, the actor behind Rubeus Hagrid in the 'Harry Potter' movies, has died at the age of 72."
qacc-1116,qacc,how tall is the actor who plays hagrid in harry potter?,misinformation,"6'1""",,9,,www.nytimes.com,,noise,"Oct 17, 2022 ... The veteran Scottish actor and comedian also won acclaim for playing a gambling-addicted psychologist on the crime series “Cracker” in the ..."
qacc-1119,qacc,first jnanpith award was an autor of which language?,misinformation,English-language,,0,,en.wikipedia.org,,noise,"The award has been conferred upon fifty-eight writers including eight women authors. In 1976, Bengali novelist Ashapoorna Devi became the first woman to win the ..."
qacc-1119,qacc,first jnanpith award was an autor of which language?,misinformation,English-language,,1,,libguides.tulane.edu,English-language,correct,"Mar 9, 2023 ... In 2018, he became the first English-language writer to receive India's highest literary honor, the Jnanpith Award. Ghosh's books will be ..."
qacc-1119,qacc,first jnanpith award was an autor of which language?,misinformation,English-language,,2,,en.wikipedia.org,Konkani language,conflict,"He also received the 2006 Jnanpith Award, the first ever awarded to an author writing in the Konkani language, which was presented in July 2010."
qacc-1119,qacc,first jnanpith award was an autor of which language?,misinformation,English-language,,3,,www.politics-prose.com,English-language,correct,"Mar 7, 2024 ... In 2018, Ghosh became the first English-language writer to receive the Jnanpith Award, India's highest literary honor. He lives in Brooklyn ..."
qacc-1119,qacc,first jnanpith award was an autor of which language?,misinformation,English-language,,4,,www.thehindu.com,,noise,"Jun 13, 2019 ... ... award to the author. Mr. Ghosh is the first English language writer to become a Jnanpith laureate. “When I started writing many years ago, I ..."
qacc-1119,qacc,first jnanpith award was an autor of which language?,misinformation,English-language,,5,,www.britannica.com,English-language,correct,"author, title of work. 1Prior to 2006 the Costa Book Awards were known as the Whitbread Book Awards. 2The overall Book of the Year Award was first awarded. 3 ..."
qacc-1119,qacc,first jnanpith award was an autor of which language?,misinformation,English-language,,6,,manoa.hawaii.edu,,noise,"Mar 31, 2023 ... ... author Amitav Ghosh. Please join us for a ... In 2018 the Jnanpith Award, India's highest ... first English-language writer to receive the award."
qacc-1119,qacc,first jnanpith award was an autor of which language?,misinformation,English-language,,7,,liberalarts.tulane.edu,,noise,"... author Viet Thanh Nguyen to Tulane as its first speaker in November 2021. ... In 2018, he became the first English-language writer to receive the Jnanpith Award— ..."
qacc-1119,qacc,first jnanpith award was an autor of which language?,misinformation,English-language,,8,,americanwritersmuseum.org,,noise,"Dec 18, 2019 ... Ghosh is the author ... first English-language writer to receive the Jnanpith Award, India's highest literary honor. ... Author Q&A · AWM ..."
qacc-1119,qacc,first jnanpith award was an autor of which language?,misinformation,English-language,,9,,www.indiatoday.in,,noise,"Dec 17, 2018 ... Born in Kolkata in 1956 to a Bengali Hindu family, the 62-year-old author currently lives in New York with his wife Deborah Baker. Amitav Ghosh, ..."
qacc-1121,qacc,which is produced in plants of narora kakrapar tarapur?,misinformation,Atomic Energy,,0,,world-nuclear.org,Atomic Energy,correct,"... Tarapur 1&2, Rajasthan 1&2, and Kudankulam 1&2): Rajasthan 3&4 from 2010, Rajasthan 5&6 from 2008, Kakrapar 1&2 by 2012 and Narora 1&2 by 2014. In mid-2008 ..."
qacc-1121,qacc,which is produced in plants of narora kakrapar tarapur?,misinformation,Atomic Energy,,1,,brainly.in,,noise,"Jun 22, 2018 ... Atomic Energy is produced in the nuclear power plants in India such as Narora, Kakrapar and Tarapur.Narora Atomic Power Station is situated ..."
qacc-1121,qacc,which is produced in plants of narora kakrapar tarapur?,misinformation,Atomic Energy,,2,,www.researchgate.net,,noise,"Download scientific diagram | Locations of three inland (Kakrapar, Kota, and Narora) and three coastal nuclear plants (Kodankulam, Kalpakkam, and Tarapur) ..."
qacc-1121,qacc,which is produced in plants of narora kakrapar tarapur?,misinformation,Atomic Energy,,3,,en.wikipedia.org,components for PHWRs,conflict,"... plants, with a total installed capacity of 7,380 MW. Nuclear power produced ... Kakrapar · Chennai(Kalpakkam) · Kudankulam."
qacc-1121,qacc,which is produced in plants of narora kakrapar tarapur?,misinformation,Atomic Energy,,4,,www.world-nuclear-news.org,,noise,"Mar 27, 2009 ... ... Tarapur nuclear power plant. BHEL has also supplied steam generators ... L&T produced components for PHWRs at Rajasthan, Madras, Kalpakkam, Narora ..."
qacc-1121,qacc,which is produced in plants of narora kakrapar tarapur?,misinformation,Atomic Energy,,5,,www.npcil.nic.in,,noise,"Narora Atomic Power Station. Station Director, Plant Site, Narora, Bulandshahr U.P. PIN : 202397. Tel no. : 05734222103. Fax no.: 05734222112. Kakrapar Atomic ..."
qacc-1121,qacc,which is produced in plants of narora kakrapar tarapur?,misinformation,Atomic Energy,,6,,eparlib.nic.in,,noise,"(a) the location of nuclear power plants in the country with respect to seismic zones, plant-wise; ... Tarapur in. Maharashtra, Kakrapar in Gujarat & Kaiga in ..."
qacc-1121,qacc,which is produced in plants of narora kakrapar tarapur?,misinformation,Atomic Energy,,7,,www.npcil.nic.in,,noise,"Tarapur Atomic Power Station 1-4, PO: TAPP ... Narora Atomic Power Station, PO : NAPP Township ... Kakrapar Atomic Power Station, PO : Anumala, District: Tapi ..."
qacc-1121,qacc,which is produced in plants of narora kakrapar tarapur?,misinformation,Atomic Energy,,8,,www.thehindu.com,,noise,"Jan 27, 2024 ... ... production and release of argon-41 by other power plants. Even though the total doses of Rajasthan, Madras and Tarapur power plants are ..."
qacc-1121,qacc,which is produced in plants of narora kakrapar tarapur?,misinformation,Atomic Energy,,9,,pris.iaea.org,,noise,... plants. PRIS contains information on operating ... Above data generated ... NARORA-1 · NARORA-2 · PFBR · RAJASTHAN-1 · RAJASTHAN-2 · RAJASTHAN-3 · RAJASTHAN-4 ...
qacc-1122,qacc,mount everest is part of what mountain range?,misinformation,tall mountain range,,0,,education.nationalgeographic.org,,noise,"Oct 19, 2023 ... Mount Everest is a peak in the Himalaya mountain range. It is located between Nepal and Tibet, an autonomous region of China. At 8,849 ..."
qacc-1122,qacc,mount everest is part of what mountain range?,misinformation,tall mountain range,,1,,en.wikipedia.org,,noise,"Mount Everest is Earth's highest mountain above sea level, located in the Mahalangur Himal sub-range of the Himalayas. The China–Nepal border runs across ..."
qacc-1122,qacc,mount everest is part of what mountain range?,misinformation,tall mountain range,,2,,homework.study.com,,noise,"Mt. Everest on its own is an impressive mountain with its peak marking the highest place anywhere on Earth. However, the mountain is part of an amazing ..."
qacc-1122,qacc,mount everest is part of what mountain range?,misinformation,tall mountain range,,3,,www.britannica.com,,noise,"5 days ago ... Mount Everest, mountain on the crest of the Great Himalayas of southern Asia that lies on the border between Nepal and the Tibet Autonomous ..."
qacc-1122,qacc,mount everest is part of what mountain range?,misinformation,tall mountain range,,4,,oceanservice.noaa.gov,,noise,"Jan 18, 2024 ... You may be surprised to learn that Everest is not the tallest mountain on Earth, either. That honor belongs to Mauna Kea, a volcano on the Big ..."
qacc-1122,qacc,mount everest is part of what mountain range?,misinformation,tall mountain range,,5,,www.nps.gov,"14,000-foot - 29,028 feet.",conflict,"Sep 14, 2021 ... Everest begins on a 14,000-foot high plain, then summits at 29,028 feet. snowy mountains, one of which vastly dwarfs the others, in front of a ..."
qacc-1122,qacc,mount everest is part of what mountain range?,misinformation,tall mountain range,,6,,www.nationalgeographic.com,tall mountain range,correct,"Dec 8, 2020 ... The collision crumpled the landscape, raising mountains along some 1,5000 miles, a range we know as the Himalaya. While mysteries remain about ..."
qacc-1122,qacc,mount everest is part of what mountain range?,misinformation,tall mountain range,,7,,www.bbc.com,,noise,"Apr 13, 2022 ... ""For a tall mountain range, you can basically get to such a steep angle in the rock that it can't actually support ice, and snow, and then you ..."
qacc-1122,qacc,mount everest is part of what mountain range?,misinformation,tall mountain range,,8,,pubs.usgs.gov,,noise,"Mar 9, 2015 ... ... the border between India and Tibet. This immense mountain range began to form between 40 and 50 million years ago, when two large landmasses ..."
qacc-1122,qacc,mount everest is part of what mountain range?,misinformation,tall mountain range,,9,,www.quora.com,,noise,"Apr 30, 2018 ... Mount Everest is the part of Himalayan Mountain Range, the highest mountain range in the World. You are surprised to hear that mt. Everest is ..."
qacc-1123,qacc,when does congress declare war for the first time?,misinformation,1812,,0,,www.senate.gov,1812,correct,"Congress has declared war on 11 occasions, including its first declaration of war with Great Britain in 1812. Congress approved its last formal declaration ..."
qacc-1123,qacc,when does congress declare war for the first time?,misinformation,1812,,1,,constitutioncenter.org,,noise,"First, Presidents may use military force if specifically authorized by Congress. ... war and thus does not require Congress's approval under the Declare War ..."
qacc-1123,qacc,when does congress declare war for the first time?,misinformation,1812,,2,,www.defense.gov,,noise,"Aug 4, 2023 ... ... War II several years earlier, and Congress never declared war ... military served in integrated units for the first time during the Korean War."
qacc-1123,qacc,when does congress declare war for the first time?,misinformation,1812,,3,,en.wikipedia.org,1812,correct,"... declaration of war"" nor does the Constitution itself use this term. ... The last time the United States formally declared war ... First Barbary War · Morocco."
qacc-1123,qacc,when does congress declare war for the first time?,misinformation,1812,,4,,www.archives.gov,,noise,"Oct 10, 2020 ... ... declare war for the first time under the Constitution. ... Why and how did Congress declare war in 1812? ... Can Congress effectively and ..."
qacc-1123,qacc,when does congress declare war for the first time?,misinformation,1812,,5,,www.nixonlibrary.gov,1812,correct,"Jul 27, 2021 ... The Constitution divides war powers between Congress and the president. Only Congress can declare war and appropriate military funding, yet ..."
qacc-1123,qacc,when does congress declare war for the first time?,misinformation,1812,,6,,www.archives.gov,,noise,decision of whether to declare war for the first time under the Constitution. ... Guiding Question: Why and how did Congress declare war in 1812? ... To what extent ...
qacc-1123,qacc,when does congress declare war for the first time?,misinformation,1812,,7,,www.loc.gov,,noise,"Prints and Photographs Division, Library of Congress. LC-USZ62-113824. World War I was the first time in American history that the United States sent soldiers ..."
qacc-1123,qacc,when does congress declare war for the first time?,misinformation,1812,,8,,2001-2009.state.gov,,noise,"On April 2, 1917, President Woodrow Wilson went before a joint session of Congress to request a declaration of war against Germany."
qacc-1123,qacc,when does congress declare war for the first time?,misinformation,1812,,9,,www.whitehouse.gov,"On April 2, 1917",conflict,"Apr 29, 2021 ... ... declare war, to celebrate peace, to announce new plans and possibilities. ... The country supports this reform, and Congress should act — should ..."
qacc-1124,qacc,how many times have real madrid won the european cup.in paris?,outdated,14-time,,0,,en.wikipedia.org,14-time,correct,"Real Madrid has had the most success in the European Cup, winning the trophy for a record fourteen times. Real was the winner of the inaugural edition of the ..."
qacc-1124,qacc,how many times have real madrid won the european cup.in paris?,outdated,14-time,,1,,olympics.com,,noise,"Jun 10, 2023 ... German team Bayern Munich and England's Liverpool have won the annual showpiece six times each. Real's domestic rivals Barcelona, meanwhile, ..."
qacc-1124,qacc,how many times have real madrid won the european cup.in paris?,outdated,14-time,,2,,www.nbcsports.com,,noise,... has been won most-often by Real Madrid. [ MORE ... Real Madrid 1-0 in Paris; 1982: Aston Villa def ... Real Madrid v Atletico de Madrid - UEFA Champions League ...
qacc-1124,qacc,how many times have real madrid won the european cup.in paris?,outdated,14-time,,3,,www.aljazeera.com,14-time,correct,"May 8, 2024 ... These were the updates as Real Madrid beat Bayern Munich 4-3 on aggregate to reach the Champions League final on Wednesday, May 8: Real Madrid ..."
qacc-1124,qacc,how many times have real madrid won the european cup.in paris?,outdated,14-time,,4,,www.fifa.com,12,conflict,"Apr 10, 2024 ... The only player to have won six European Cup/UEFA Champions League titles, La Galerna del Cantabrico (The Gale of the Cantabrian Sea) played ..."
qacc-1124,qacc,how many times have real madrid won the european cup.in paris?,outdated,14-time,,5,,en.as.com,3,conflict,"May 8, 2024 ... Los Blancos will be in a UEFA Champions League final again and everyone associated with the club knows they are one game away from more ..."
qacc-1124,qacc,how many times have real madrid won the european cup.in paris?,outdated,14-time,,6,,www.espn.com,,noise,"May 9, 2024 ... The 2024 Champions League final is set -- 14-time winners Real Madrid will face 1997 champions Borussia Dortmund at Wembley."
qacc-1124,qacc,how many times have real madrid won the european cup.in paris?,outdated,14-time,,7,,www.quora.com,14-time,correct,"Feb 17, 2018 ... I guess you mean the UEFA Champions League. · And the answer is 12, 6 under the current denomination of “Champions League” and six under the ..."
qacc-1124,qacc,how many times have real madrid won the european cup.in paris?,outdated,14-time,,8,,www.uefa.com,,noise,"May 28, 2022 ... In addition to their nine European Cup appearances, they are three-time winners ... On 14 May Liverpool won the FA Cup for the eighth time ..."
qacc-1124,qacc,how many times have real madrid won the european cup.in paris?,outdated,14-time,,9,,theweek.com,,noise,"Oct 31, 2023 ... He won the European Championship with Portugal in 2016 and is also the all-time top goalscorer for Real Madrid (450) and in the Champions League ..."
qacc-1130,qacc,when did the song holiday road come out?,misinformation,1983,,0,,www.youtube.com,,noise,"Dec 21, 2018 ... You're watching the official music video for ""Holiday Road"" by Lindsey Buckingham. Lindsey's new anthology is out now!"
qacc-1130,qacc,when did the song holiday road come out?,misinformation,1983,,1,,en.wikipedia.org, July 2015,conflict,"Buckingham released a live version of the song on his 2008 album Live at the Bass Performance Hall. In July 2015, a remastered edition of ""Holiday Road"" was re- ..."
qacc-1130,qacc,when did the song holiday road come out?,misinformation,1983,,2,,www.reddit.com,1983,correct,"Dec 7, 2023 ... And now there's tons of articles talking about how it's the new Christmas classic from the 80's movie Christmas Vacation. Thinking I was on ..."
qacc-1130,qacc,when did the song holiday road come out?,misinformation,1983,,3,,www.songfacts.com,,noise,"One of the great road songs in the United States, Lindsey Buckingham wrote ""Holiday Road"" for the 1983 Chevy Chase movie National Lampoon's Vacation, where it ..."
qacc-1130,qacc,when did the song holiday road come out?,misinformation,1983,,4,,www.reddit.com,,noise,"Nov 26, 2023 ... It was released that same year as the first movie, but it was also used in all the other Vacation movies as well. Upvote"
qacc-1130,qacc,when did the song holiday road come out?,misinformation,1983,,5,,www.quora.com,1983,correct,"May 27, 2020 ... Burns had a great track history in composing and adapting music for movies, earning him 2 Oscars and one Tony. They released a 45 single with ..."
qacc-1130,qacc,when did the song holiday road come out?,misinformation,1983,,6,,www.imdb.com,1983,correct,Holiday Road is the theme song from the 1983 movie National Lampoon's Vacation and was composed and performed by Lindsey Buckingham. The song is on the ...
qacc-1130,qacc,when did the song holiday road come out?,misinformation,1983,,7,,holidayroadusa.com,,noise,... out on the trail for use. Is Holiday Road ADA accessible? Yes our property is ADA accessible and has ADA restrooms located on site. Please be mindful that ...
qacc-1130,qacc,when did the song holiday road come out?,misinformation,1983,,8,,powerpop.blog,,noise,"Oct 18, 2020 ... Fleetwood Mac was on hiatus when Buckingham released this song. He had already released one solo album, Law and Order (1981), which contains the ..."
qacc-1130,qacc,when did the song holiday road come out?,misinformation,1983,,9,,melmagazine.com,1981,conflict,"Sep 19, 2021 ... ... Holiday Road,” the song he wrote for National Lampoon's Vacation. ... were putting songs on the charts. By ... did anything comparably concrete come ..."
qacc-1133,qacc,what is the most common blood type in sweden?,misinformation,A+,,0,,en.wikipedia.org,group B,conflict,"Sweden, 10,202,491, 32.0%, 37.0%, 10.0%, 5.0%, 6.0%, 7.0%, 2.0 ... Blood group B has its highest frequency in the ... Type A is common in Central and Eastern Europe ..."
qacc-1133,qacc,what is the most common blood type in sweden?,misinformation,A+,,1,,www.ncbi.nlm.nih.gov,,noise,"Aug 12, 2020 ... Learn More or Try it out now. ... common in patients that require critical ... Here, we present data on blood type distribution from a Swedish ..."
qacc-1133,qacc,what is the most common blood type in sweden?,misinformation,A+,,2,,www.quora.com,A+,correct,"Sep 23, 2021 ... ... Sweden, Finland and Estonia, the dominant blood type is ""A? ... Why is type O blood the most common blood? ... highest among ABO blood groups? 2,148 ..."
qacc-1133,qacc,what is the most common blood type in sweden?,misinformation,A+,,3,,www.visualcapitalist.com,,noise,"Nov 12, 2021 ... Regional Distribution of Blood Types. Asia. Even though O+ remains the most common blood type here, blood type B is relatively common too."
qacc-1133,qacc,what is the most common blood type in sweden?,misinformation,A+,,4,,news.ki.se,,noise,"Apr 27, 2021 ... The researchers scanned Swedish health registries with information on more than five million people and found 49 diseases that were linked to ..."
qacc-1133,qacc,what is the most common blood type in sweden?,misinformation,A+,,5,,www.babymed.com,A+,correct,"Apr 22, 2021 ... If you don't know your type, ask your doctor/midwife. The most common blood types are A+ or O+. Below is a chart showing blood types (A, B ..."
qacc-1133,qacc,what is the most common blood type in sweden?,misinformation,A+,,6,,www.statista.com,A+,correct,"Jan 11, 2024 ... The eight main blood types are A+, A-, B+, B-, O+, O-, AB+, and AB-. The most common blood type in the United States is O-positive, ..."
qacc-1133,qacc,what is the most common blood type in sweden?,misinformation,A+,,7,,onlinelibrary.wiley.com,A+,correct,Sweden and 0.0014 for other populations the frequency of the p blood group is about 70 times more common in northern Sweden than in other parts of the world.
qacc-1133,qacc,what is the most common blood type in sweden?,misinformation,A+,,8,,owlcation.com,,noise,"Dec 16, 2023 ... The O blood type is the most common blood type around the world. According to the National Center for Biotechnology Information (a molecular ..."
qacc-1133,qacc,what is the most common blood type in sweden?,misinformation,A+,,9,,www.jstor.org,,noise,"and Swedish Lapps in their ABO blood groups as a whole. ... groups that the Norwegian Lapps are the more mixed population. ... general, the Norwegians, Swedes, and."
qacc-1138,qacc,who has the most restaurants in the world?,misinformation,Subway,,0,,en.wikipedia.org,,noise,"This is the list of the largest fast food restaurant chains by their number of locations in the world. Country of origin, Name, Number of locations, Revenue ..."
qacc-1138,qacc,who has the most restaurants in the world?,misinformation,Subway,,1,,www.foodandwine.com,Subway,correct,"Jun 20, 2023 ... The burger behemoth tops the list over Subway by a few hundred stores worldwide. While the Big Mac is ubiquitous in the United States, in Europe ..."
qacc-1138,qacc,who has the most restaurants in the world?,misinformation,Subway,,2,,www.investopedia.com,McDonald's,conflict,McDonald's is the largest fast-food chain. Yum! Brands is based in China and is the largest quick-service restaurant company in the world. Domino's and Bloomin' ...
qacc-1138,qacc,who has the most restaurants in the world?,misinformation,Subway,,3,,www.theworlds50best.com,,noise,The World's 50 Best Restaurants · Central · Disfrutar · Diverxo · Asador Etxebarri · Alchemist · Maido · Lido 84 · Atomix.
qacc-1138,qacc,who has the most restaurants in the world?,misinformation,Subway,,4,,www.culinarydepotinc.com,,noise,"Aug 21, 2018 ... Known locally as the Mang Gorn Luang, The Royal Dragon is located in Bangkok, Thailand and was the world's largest restaurant until 2004."
qacc-1138,qacc,who has the most restaurants in the world?,misinformation,Subway,,5,,www.worldatlas.com,,noise,"Jun 10, 2019 ... Subway fast-food restaurant in the US alone has about 25,549 outlets. Subway is also the largest operator in the world whose international ..."
qacc-1138,qacc,who has the most restaurants in the world?,misinformation,Subway,,6,,www.escoffier.edu,,noise,"Aug 8, 2022 ... She currently has the most stars of any female chef in the world. Read this next. World of Food & Drink. How Restaurants Get Michelin Stars: A ..."
qacc-1138,qacc,who has the most restaurants in the world?,misinformation,Subway,,7,,finance.yahoo.com,Subway,correct,"Feb 29, 2024 ... E-commerce has led to the use of online fast-food delivery services by restaurants and cafes. Globalization and global distribution networks ..."
qacc-1138,qacc,who has the most restaurants in the world?,misinformation,Subway,,8,,www.statista.com,Subway,correct,"May 16, 2023 ... Tokyo was the city with the most Michelin-starred restaurants in the world as of January 2022, with 203 of the Japanese capital's eateries ..."
qacc-1138,qacc,who has the most restaurants in the world?,misinformation,Subway,,9,,qz.com,,noise,"Mar 15, 2024 ... Although Subway was just knocked down to bronze on a global scale, the sandwich chain has held the top spot as the chain with the most locations ..."
qacc-1141,qacc,where does the last name andersen originate from?,misinformation,"Norwegian Danish, North German",,0,,salmoncreekdentist.com,Scotch-Irish,conflict,"Oct 13, 2016 ... Where did “Anderson” come from? Some of the oldest records of the last name “Anderson” are in Scotland. Many historians theorize that the name “ ..."
qacc-1141,qacc,where does the last name andersen originate from?,misinformation,"Norwegian Danish, North German",,1,,www.ancestry.com,"Norwegian Danish, North German",correct,Andersen Surname Meaning ... Norwegian Danish and North German: patronymic from the personal name Anders a vernacular form of Andreas . Compare Anderson ...
qacc-1141,qacc,where does the last name andersen originate from?,misinformation,"Norwegian Danish, North German",,2,,forebears.io,"Norwegian Danish, North German",correct,"From Where Does The Surname Originate? ... (Norwegian, Danish) The son of Andrew (man). ... Anderson is a modified form of Andrewson, meaning son of Andrew."
qacc-1141,qacc,where does the last name andersen originate from?,misinformation,"Norwegian Danish, North German",,3,,en.wikipedia.org,"Norwegian Danish, North German",correct,"Andersen is a Danish-Norwegian patronymic surname meaning ""son of Anders It is the fifth most common surname in Denmark, shared by about 3.2% of the ..."
qacc-1141,qacc,where does the last name andersen originate from?,misinformation,"Norwegian Danish, North German",,4,,www.ancestry.com,"Norwegian Danish, North German",correct,Anderson Surname Meaning. Scottish and northern English: patronymic from the personal name Ander(s) a northern Middle English form of Andrew + son 'son ...
qacc-1141,qacc,where does the last name andersen originate from?,misinformation,"Norwegian Danish, North German",,5,,discover.23andme.com,Britain and Scandinavia,conflict,"The meaning of Andersen · 1. Norwegian, Danish, and North German: patronymic from the personal name Anders, a vernacular form of Andreas. Compare Anderson 1. · 2."
qacc-1141,qacc,where does the last name andersen originate from?,misinformation,"Norwegian Danish, North German",,6,,www.findmypast.co.uk,,noise,"What does the name Anderson mean? The Anderson surname is common in both Britain and Scandinavia, with similar roots (it is the most common surname in ..."
qacc-1141,qacc,where does the last name andersen originate from?,misinformation,"Norwegian Danish, North German",,7,,discover.23andme.com,,noise,"History: The surname Anderson (see 1) was particularly common among 18th-century Scotch-Irish settlers in PA and VA. Dictionary of American Family Names, 2nd ..."
qacc-1141,qacc,where does the last name andersen originate from?,misinformation,"Norwegian Danish, North German",,8,,en.wikipedia.org,,noise,"Anderson is a surname deriving from a patronymic meaning ""son of Ander/Andrew Anderson. Origin. Language(s), English. Word/name, Andrew."
qacc-1141,qacc,where does the last name andersen originate from?,misinformation,"Norwegian Danish, North German",,9,,www.familysearch.org,"Norwegian Danish, North German",correct,History: The surname Anderson (see 1) was particularly common among 18th-century Scotch-Irish settlers in PA and VA. Similar surnames: Anderson
qacc-1148,qacc,why is the indian ocean the warmest in the world?,misinformation,Ocean surface temp rise,soft_conflict,0,,oceanliteracy.unesco.org,Location and ocean current ,conflict,"Jun 7, 2022 ... The Indian Ocean basin is the warmest ocean basin on the planet. Temperatures vary according to location and the ocean's currents. As you can ..."
qacc-1148,qacc,why is the indian ocean the warmest in the world?,misinformation,Ocean surface temp rise,soft_conflict,1,,www.worldatlas.com, ocean surface temp rise,correct,"Aug 20, 2020 ... The Indian Ocean is the warmest in the world. Ocean surface temperatures have risen by about 1.6°F over the past 100 years, due to global ..."
qacc-1148,qacc,why is the indian ocean the warmest in the world?,misinformation,Ocean surface temp rise,soft_conflict,2,,en.wikipedia.org,,noise,"It is the warmest ocean, with a significant impact on global climate due to its interaction with the atmosphere. Its waters are affected by the Indian Ocean ..."
qacc-1148,qacc,why is the indian ocean the warmest in the world?,misinformation,Ocean surface temp rise,soft_conflict,3,,science.thewire.in,,noise,"Nov 22, 2020 ... The resulting confluence of heat from the Pacific and Southern Oceans and from the atmosphere is what makes the Indian Ocean a bathtub of warm ..."
qacc-1148,qacc,why is the indian ocean the warmest in the world?,misinformation,Ocean surface temp rise,soft_conflict,4,,www.ncei.noaa.gov,,noise,"Apr 8, 2024 ... Record warm temperatures also affected large parts of the Indian Ocean, the southern Atlantic and parts of the southwestern Pacific Ocean. The ..."
qacc-1148,qacc,why is the indian ocean the warmest in the world?,misinformation,Ocean surface temp rise,soft_conflict,5,,earthobservatory.nasa.gov,,noise,"Feb 14, 2017 ... (NASA Earth Observatory maps by Joshua Stevens, using data from Coral Reef Watch.) Sea surface temperatures are measured from space by ..."
qacc-1148,qacc,why is the indian ocean the warmest in the world?,misinformation,Ocean surface temp rise,soft_conflict,6,,www.ncei.noaa.gov,,noise,"Oct 13, 2023 ... Sea surface temperatures were above average across much of the northern, western and southwestern Pacific as well as the Atlantic and the Indian ..."
qacc-1148,qacc,why is the indian ocean the warmest in the world?,misinformation,Ocean surface temp rise,soft_conflict,7,,climate.copernicus.eu,,noise,"Jul 6, 2023 ... A long term or a temporary shift? Global average sea surface temperatures last month reached unprecedented levels for June. The north Atlantic ..."
qacc-1148,qacc,why is the indian ocean the warmest in the world?,misinformation,Ocean surface temp rise,soft_conflict,8,,www.ncei.noaa.gov,,noise,"Mar 14, 2024 ... Map of the world showing land/ocean temperature percentiles for February 2024 with warmer areas ... Pacific and southern Indian Oceans were ..."
qacc-1148,qacc,why is the indian ocean the warmest in the world?,misinformation,Ocean surface temp rise,soft_conflict,9,,www.kbtx.com,,noise,"Apr 16, 2024 ... Global Land and Ocean - ..."
qacc-1150,qacc,who wrote how do you do it by gerry and the pacemakers?,misinformation,Mitch Murray,,0,,en.wikipedia.org,Mitch Murray,correct,"""How Do You Do It?"" is a song, written by Mitch Murray. It was recorded by Liverpudlian band Gerry and the Pacemakers, and became their debut single."
qacc-1150,qacc,who wrote how do you do it by gerry and the pacemakers?,misinformation,Mitch Murray,,1,,americansongwriter.com,,noise,"... Do You Do It” by Gerry and the Pacemakers. Videos by American Songwriter. How do you do what you do to me. I wish I knew. If I knew how you do it to me, I'd do ..."
qacc-1150,qacc,who wrote how do you do it by gerry and the pacemakers?,misinformation,Mitch Murray,,2,,en.wikipedia.org,,noise,"Both the Pacemakers' and Beatles' versions of ""How Do You Do It? ... Pacemakers)—we let go, when we get on-stage. ... The original lineup of ""Gerry and the ..."
qacc-1150,qacc,who wrote how do you do it by gerry and the pacemakers?,misinformation,Mitch Murray,,3,,www.last.fm,Gerry Marsden,conflict,"Join others and track this song · ""How Do You Do It?"", a song written by English songwriter Mitch Murray, was the debut single by Liverpudlian band Gerry & the ..."
qacc-1150,qacc,who wrote how do you do it by gerry and the pacemakers?,misinformation,Mitch Murray,,4,,onlysolitaire.substack.com,,noise,"Jun 5, 2021 ... Yet there is not a single song on the Pacemakers' debut album that would rival the rock'n'roll fire of 'I Saw Her Standing There'. Instead, the ..."
qacc-1150,qacc,who wrote how do you do it by gerry and the pacemakers?,misinformation,Mitch Murray,,5,,www.rhino.com,Mitch Murray,correct,"Mar 6, 2017 ... Marsden in 1959, along with his brother Fred, Les Chadwick, and Arthur McMahon. Their original name was actually Gerry Marsden and the Mars Bars ..."
qacc-1150,qacc,who wrote how do you do it by gerry and the pacemakers?,misinformation,Mitch Murray,,6,,www.beatlesbible.com,,noise,"Mar 15, 2008 ... ' George Martin Anthology. 'How Do You Do It' was eventually released by Gerry and the Pacemakers in March 1963. The group's ..."
qacc-1150,qacc,who wrote how do you do it by gerry and the pacemakers?,misinformation,Mitch Murray,,7,,genius.com,,noise,"How Do You Do It Lyrics: How do you do what you do to me / I wish I knew / If I knew how you do it to me, I'd do it to you / How do you do what you do to me ..."
qacc-1150,qacc,who wrote how do you do it by gerry and the pacemakers?,misinformation,Mitch Murray,,8,,beatleforum.proboards.com,,noise,"Jun 22, 2012 ... It also shows that Gerry and the Pacemakers copied The Beatles' arrangement of the song. Really must try and download this series!! mrmustard ..."
qacc-1150,qacc,who wrote how do you do it by gerry and the pacemakers?,misinformation,Mitch Murray,,9,,www.songfacts.com,Gerry Marsden,conflict,"The British songwriter Mitch Murray wrote this bouncy love song for the English teen idol Adam Faith, but he rejected the tune."
qacc-1151,qacc,who become the ceo of it wipro company in 2016?,outdated,Abidali Neemuchwala,,0,,www.wipro.com,,noise,"Jun 17, 2017 ... With a track record of over 25 years in IT Services, we are, today, focused entirely on the global Information. Technology business. Wipro is ..."
qacc-1151,qacc,who become the ceo of it wipro company in 2016?,outdated,Abidali Neemuchwala,,1,,en.wikipedia.org,Abidali Neemuchwala,correct,Abidali Neemuchwala (born 8 December 1967) is an Indian business executive. He was the chief executive officer (CEO) and managing director (MD) of Wipro ...
qacc-1151,qacc,who become the ceo of it wipro company in 2016?,outdated,Abidali Neemuchwala,,2,,www.wipro.com,,noise,"... CEO's Letter to the ... The risks and uncertainties relating to these statements include, but are not limited ... 2015-16. Page 5. Wipro Limited. 3. Wipro Limited ..."
qacc-1151,qacc,who become the ceo of it wipro company in 2016?,outdated,Abidali Neemuchwala,,3,,www.thehindu.com,,noise,"Jan 4, 2016 ... Kurien as the Executive Vice Chairman. Both the appointments will be effective from February 1, 2016, the company said in a release. “Over the ..."
qacc-1151,qacc,who become the ceo of it wipro company in 2016?,outdated,Abidali Neemuchwala,,4,,www.wipro.com,,noise,executive directors are independent directors and free from any business or other relationship that could materially influence their judgment. All the ...
qacc-1151,qacc,who become the ceo of it wipro company in 2016?,outdated,Abidali Neemuchwala,,5,,www.sec.gov,,noise,"79669 / December 22, 2016 ... caused the company's financial statements to be ... Arunachalam was Wipro's Assistant Controller and General Manager of."
qacc-1151,qacc,who become the ceo of it wipro company in 2016?,outdated,Abidali Neemuchwala,,6,,hbr.org,,noise,"Oct 24, 2016 ... And companies advertising health products often report the percentage of doctors or dentists who use their offerings. Conformity at work takes ..."
qacc-1151,qacc,who become the ceo of it wipro company in 2016?,outdated,Abidali Neemuchwala,,7,,www.cdp.net,Kurien,conflict,"Other notable companies revealing that the low-carbon transition can bring high returns are SSE, SCA and Wipro. Share. 29%. increase in revenue. Shown by ..."
qacc-1151,qacc,who become the ceo of it wipro company in 2016?,outdated,Abidali Neemuchwala,,8,,www.businesstoday.in,,noise,"Jan 4, 2016 ... Kurien became Wipro's CEO in January 2011 but struggled to get the company growing at a pace on par or greater than the industry average. Kurien ..."
qacc-1151,qacc,who become the ceo of it wipro company in 2016?,outdated,Abidali Neemuchwala,,9,,www.forbesindia.com,Abidali Neemuchwala,correct,"Jan 4, 2016 ... All new appointments to be effective from February 1, 2016. ... Billionaire and Wipro Limited founder Azim Premji continues as the company's ..."
qacc-1156,qacc,what is the approximate volume of blood in your body?,misinformation,5-6 liters,soft_conflict,0,,homework.study.com,5-6 liters,correct,"According to several textbooks, the approximate volume of blood in the human body is 5-6 liters for an average adult, taking up about 7% of body weight."
qacc-1156,qacc,what is the approximate volume of blood in your body?,misinformation,5-6 liters,soft_conflict,1,,www.healthline.com,5-6 liters,correct,The estimates for blood volume are as follows: Babies: Babies born full-term have about 75 milliliters (mL) of blood per kilogram of their body weight. If a ...
qacc-1156,qacc,what is the approximate volume of blood in your body?,misinformation,5-6 liters,soft_conflict,2,,quizlet.com,5-6 liters,correct,"What is the approximate volume of blood in your body? ... Blood volume is about 8% of your body mass, roughly 5-6 liters in males and 4-5 liters in females. For ..."
qacc-1156,qacc,what is the approximate volume of blood in your body?,misinformation,5-6 liters,soft_conflict,3,,pubmed.ncbi.nlm.nih.gov,,noise,"Apr 10, 2023 ... The amount of blood circulating within an individual depends on size and weight, but the average human adult has nearly 5 liters of circulating ..."
qacc-1156,qacc,what is the approximate volume of blood in your body?,misinformation,5-6 liters,soft_conflict,4,,www.redcrossblood.org,1.2-1.5 gallons,conflict,adult will have approximately 1.2-1.5 gallons (or 10 units) of blood in their body. Blood is approximately 10% of an adult's weight.
qacc-1156,qacc,what is the approximate volume of blood in your body?,misinformation,5-6 liters,soft_conflict,5,,www.medicalnewstoday.com,,noise,"Jun 7, 2020 ... Blood volume · about 9 pints (4.3 liters) of blood in an average-sized female (5 feet 5 inches tall and weighing 165 pounds) · about 12.2 pints ( ..."
qacc-1156,qacc,what is the approximate volume of blood in your body?,misinformation,5-6 liters,soft_conflict,6,,www.ncbi.nlm.nih.gov,,noise,The cardiovascular system combats low blood volume by constricting blood vessels until the body reaches a blood pressure that restores proper perfusion pressure ...
qacc-1156,qacc,what is the approximate volume of blood in your body?,misinformation,5-6 liters,soft_conflict,7,,www.researchgate.net,,noise,Download scientific diagram | Distribution of water in the human body showing the approximate volume of blood plasma and ISF in the extracellular fluid ...
qacc-1156,qacc,what is the approximate volume of blood in your body?,misinformation,5-6 liters,soft_conflict,8,,www.ncbi.nlm.nih.gov,,noise,"Out of the extracellular fluid volume, 75% or 10.5L of the volume ... into the body measurable substances that are ... Blood volume - Red blood cell volume can be ..."
qacc-1156,qacc,what is the approximate volume of blood in your body?,misinformation,5-6 liters,soft_conflict,9,,reference.medscape.com,,noise,"Prediction of blood volume in normal human adults. Surgery. 1962; 51(2):224-32. John F. Butterworth IV, David C. Mackey, John ..."
qacc-1159,qacc,who was the 11th prime minister of canada?,misinformation,Richard Bedford Bennett,,0,,en.wikipedia.org,Richard Bedford Bennett,correct,"Richard Bedford Bennett, 1st Viscount Bennett PC KC (July 3, 1870 – June 26, 1947) was a Canadian lawyer, businessman, philanthropist, and politician who ..."
qacc-1159,qacc,who was the 11th prime minister of canada?,misinformation,Richard Bedford Bennett,,1,,deputypm.canada.ca,,noise,"Oct 11, 2022 ... Deputy Prime Minister of Canada Chrystia ... Remarks by the Deputy Prime Minister at the Brookings Institution in Washington, D.C. ... [11] Fazal, ..."
qacc-1159,qacc,who was the 11th prime minister of canada?,misinformation,Richard Bedford Bennett,,2,,www.pm.gc.ca,Justin Trudeau,conflict,"Mar 11, 2020 ... The Prime Minister, Justin Trudeau, today outlined Canada's ... Justin Trudeau, Prime Minister of Canada ... On February 11, 2020, the Government of ..."
qacc-1159,qacc,who was the 11th prime minister of canada?,misinformation,Richard Bedford Bennett,,3,,www.whitehouse.gov,,noise,"Nov 19, 2021 ... President Joseph R. Biden, Jr. met yesterday with Prime Minister Justin Trudeau of Canada to review implementation of the Roadmap for a ..."
qacc-1159,qacc,who was the 11th prime minister of canada?,misinformation,Richard Bedford Bennett,,4,,www.pm.gc.ca,,noise,"Apr 10, 2024 ... 11:20 a.m. The Prime Minister will participate in a signing ceremony with the Prime Minister of France, Gabriel Attal. A joint media ..."
qacc-1159,qacc,who was the 11th prime minister of canada?,misinformation,Richard Bedford Bennett,,5,,lop.parl.ca,Harper,conflict,"Liberal Party of Canada, President of the Privy Council (1948/11/15 - 1957/04/24) Minister of Justice and Attorney General of Canada (1948/09/10 - 1948/11/14)"
qacc-1159,qacc,who was the 11th prime minister of canada?,misinformation,Richard Bedford Bennett,,6,,www.presidency.ucsb.edu,,noise,"Sep 24, 2001 ... Border relations between Canada and Mexico have never been better. And there is no doubt in my mind that the Prime Minister and the Canadian ..."
qacc-1159,qacc,who was the 11th prime minister of canada?,misinformation,Richard Bedford Bennett,,7,,www.rcaanc-cirnac.gc.ca,Justin Trudeau,conflict,"Sep 15, 2010 ... Prime Minister Harper offers full apology on behalf of Canadians for the Indian Residential Schools system. 11 June 2008. Ottawa, Ontario."
qacc-1159,qacc,who was the 11th prime minister of canada?,misinformation,Richard Bedford Bennett,,8,,www.whitehouse.gov,,noise,"Feb 11, 2022 ... February 11, 2022. Readout of President ... Today President Biden spoke with Prime Minister Justin Trudeau of Canada ... In turn, the Prime Minister ..."
qacc-1159,qacc,who was the 11th prime minister of canada?,misinformation,Richard Bedford Bennett,,9,,www.international.gc.ca,Justin Trudeau,conflict,2023-04-11 - News Release - Prime Minister announces more support for Ukraine; 2023-03-09 - Global Advisory - Global Advisory on Russian Sanctions Evasion ...
qacc-1160,qacc,where is the country music hall of fame located?,misinformation,"Nashville, Tennessee",pending_screen,0,,www.countrymusichalloffame.org,,noise,"Hall of Fame Members · Patsy Cline. One of the best-selling female country singers of the twentieth century, Patsy Cline achieved iconic status following her ..."
qacc-1160,qacc,where is the country music hall of fame located?,misinformation,"Nashville, Tennessee",pending_screen,1,,en.wikipedia.org,the historic Ryman Auditorium,conflict,"The Country Music Hall of Fame and Museum in Nashville, Tennessee, is one of the world's largest museums and research centers dedicated to the preservation ..."
qacc-1160,qacc,where is the country music hall of fame located?,misinformation,"Nashville, Tennessee",pending_screen,2,,www.countrymusichalloffame.org,,noise,"Country Music Hall of Fame And Museum · 222 Rep. John Lewis Way S Nashville, TN 37203 · Get Directions · (615) 416-2001."
qacc-1160,qacc,where is the country music hall of fame located?,misinformation,"Nashville, Tennessee",pending_screen,3,,www.visitmusiccity.com,"Nashville, Tennessee",correct,"Located in the flourishing SoBro arts and entertainment district, we're steps away from Lower Broadway's honky-tonks, boutique hotels, and superb dining."
qacc-1160,qacc,where is the country music hall of fame located?,misinformation,"Nashville, Tennessee",pending_screen,4,,www.countrymusichalloffame.org,,noise,"We are proud to partner with Metropolis. · Ragland Lot, located at 314 3rd Ave South (299 spaces) · Hyatt Centric Garage, located at 210 Molloy Street (357 spaces) ..."
qacc-1160,qacc,where is the country music hall of fame located?,misinformation,"Nashville, Tennessee",pending_screen,5,,www.trolleytours.com,,noise,"Country Music Hall of Fame. Located near the historic Ryman Auditorium, the Country Music Hall of Fame honors legendary performers, songwriters and others ..."
qacc-1160,qacc,where is the country music hall of fame located?,misinformation,"Nashville, Tennessee",pending_screen,6,,www.countrymusichalloffame.org,,noise,"Inside the Museum galleries, exhibitions featuring priceless artifacts—instruments, stage wear, one-of-a-kind recordings, films, and more—offer intimate ..."
qacc-1160,qacc,where is the country music hall of fame located?,misinformation,"Nashville, Tennessee",pending_screen,7,,countrymusichalloffame.org,,noise,"The Country Music Hall of Fame & Museum houses a substantial collection of stage wear designed by Nudie's Rodeo Tailors, including costumes and accessories worn ..."
qacc-1160,qacc,where is the country music hall of fame located?,misinformation,"Nashville, Tennessee",pending_screen,8,,www.countrymusichalloffame.org,,noise,Hall of Fame Members · Learn more. Roy Acuff. Inducted 1962 · Learn more. Alabama. Inducted 2005. Alabama · Learn more. Bill Anderson. Inducted 2001. Bill ...
qacc-1160,qacc,where is the country music hall of fame located?,misinformation,"Nashville, Tennessee",pending_screen,9,,www.musicianshalloffame.com,,noise,"By submitting this form, you are consenting to receive marketing emails from: Musicians Hall of Fame, 401 Gay St., Nashville, TN, 37219, US, http://www."
qacc-1167,qacc,how many episodes in season 2 of fargo?,misinformation,two episodes,,0,,en.wikipedia.org,,noise,"Its principal cast is Kirsten Dunst, Patrick Wilson, Jesse Plemons, Jean Smart, and Ted Danson. The ten-episode season's finale aired on December 14, 2015. As ..."
qacc-1167,qacc,how many episodes in season 2 of fargo?,misinformation,two episodes,,1,,www.imdb.com,,noise,"Fargo (TV Series 2014–2024) - Movies, TV, Celebs ... TV Episodes; Celebs; Companies; Keywords; Advanced Search ... Fargo. SeasonsYearsTop-rated · 12345."
qacc-1167,qacc,how many episodes in season 2 of fargo?,misinformation,two episodes,,2,,fargo.fandom.com, 10 episodes,conflict,"With 10 episodes, its initial airing concluded on December 14, 2015. The second season of Fargo, an American anthology black comedy–crime drama television ..."
qacc-1167,qacc,how many episodes in season 2 of fargo?,misinformation,two episodes,,3,,www.tvguide.com,,noise,Fear And Trembling ... Floyd responds to Kansas City's proposal; Hanzee takes a road trip; and Lou comes to a realization. Where to Watch.
qacc-1167,qacc,how many episodes in season 2 of fargo?,misinformation,two episodes,,4,,www.rottentomatoes.com,,noise,The wife with cancer? The Gerhardt-guy with the disabled hand? It is unsatisfying with so many questions left unanswered. The first couple of episodes started ...
qacc-1167,qacc,how many episodes in season 2 of fargo?,misinformation,two episodes,,5,,www.fxnetworks.com,,noise,Explore Episodes · Patrick Wilson as Lou Solverson and Ted Danson as Sheriff Hank Larsson in police uniform inside · Jean Smart as Floyd Gerhardt with Angus ...
qacc-1167,qacc,how many episodes in season 2 of fargo?,misinformation,two episodes,,6,,variety.com,two episodes,correct,"Nov 30, 2020 ... The Season 4 finale of “Fargo,” which aired Sunday night, was the second of two episodes that were — thanks to the coronavirus pandemic — short ..."
qacc-1167,qacc,how many episodes in season 2 of fargo?,misinformation,two episodes,,7,,medium.com,two episodes,correct,"Dec 4, 2015 ... ... two episodes remaining in the second season of FX's Fargo ... FARGO Season 2 ... season one reached, no matter how much talent and skill is thrown ..."
qacc-1167,qacc,how many episodes in season 2 of fargo?,misinformation,two episodes,,8,,www.reddit.com,,noise,"Dec 19, 2023 ... Season 1 and 2 are the best, then so far I would say season 5 is 3rd if it continues on how it's been going, followed by 4 and in last 3, I see ..."
qacc-1167,qacc,how many episodes in season 2 of fargo?,misinformation,two episodes,,9,,www.cosmopolitan.com,two episodes,correct,"Jan 12, 2024 ... How many episodes of Fargo season 5 are there? ... When does the next episode of Fargo season 5 drop? ... Here's a New Clip From 'Loot' Season 2."
qacc-1168,qacc,what is the significance of the sahara desert?,misinformation,The world's largest desert,soft_conflict,0,,www.thirteen.org,The world's largest desert,correct,"The Sahara has mesmerized outsiders for centuries. The world's largest desert, its size defies imagination: 3.3 million square miles or around 25 percent of ..."
qacc-1168,qacc,what is the significance of the sahara desert?,misinformation,The world's largest desert,soft_conflict,1,,www.cafe1040.com,bring old testament to life,conflict,"Feb 4, 2020 ... The Sahara Desert has the ability to bring the old testament to life, and for the first time I understood what David wrote about when he said ..."
qacc-1168,qacc,what is the significance of the sahara desert?,misinformation,The world's largest desert,soft_conflict,2,,en.wikipedia.org,,noise,"Sahara ; The Sahara (/səˈhɑːrə/, /səˈhærə/) is a desert spanning across North Africa ; The name ""Sahara"" is derived from Arabic ; The desert covers much of North ..."
qacc-1168,qacc,what is the significance of the sahara desert?,misinformation,The world's largest desert,soft_conflict,3,,response.restoration.noaa.gov,,noise,"Aug 28, 2014 ... In fact, just such a tropical wave formed off Cape Verde in mid-August of 1992. Up to that point, there had not been any significant tropical ..."
qacc-1168,qacc,what is the significance of the sahara desert?,misinformation,The world's largest desert,soft_conflict,4,,www.britannica.com,,noise,"6 days ago ... In Arabic the Sahara is called Al-Ṣaḥrāʾ al-Kubrā, or “the Great Desert.” The Arabic word ṣaḥrāʾ simply means “desert,” and its plural form, ..."
qacc-1168,qacc,what is the significance of the sahara desert?,misinformation,The world's largest desert,soft_conflict,5,,www.nsf.gov,The world's largest desert,correct,"Mar 29, 2018 ... The Sahara Desert has expanded by about 10 percent since 1920, according to a new study by National Science Foundation (NSF)-funded scientists ..."
qacc-1168,qacc,what is the significance of the sahara desert?,misinformation,The world's largest desert,soft_conflict,6,,www.globaladventurechallenges.com,,noise,"In fact, the word Sahara is derived from the Arabic noun ṣaḥrā meaning “desert”. Sahara is also related to the adjective ashar, meaning “desert like”, referring ..."
qacc-1168,qacc,what is the significance of the sahara desert?,misinformation,The world's largest desert,soft_conflict,7,,journals.ametsoc.org,,noise,"One is that other processes may be important to, or even dominate, the desert's response to greenhouse gas forcing. Possibilities include changes in solar ..."
qacc-1168,qacc,what is the significance of the sahara desert?,misinformation,The world's largest desert,soft_conflict,8,,homework.study.com,,noise,"Additionally, the Sahara is seen as a lesson about desertification, since it is growing due to erosion and vegetation loss, forcing humans to re-grow forested ..."
qacc-1168,qacc,what is the significance of the sahara desert?,misinformation,The world's largest desert,soft_conflict,9,,www.smithsonianmag.com,,noise,"Mar 24, 2017 ... It's important to note that the green Sahara always would've turned back into a desert even without humans doing anything—that's just how ..."
qacc-1172,qacc,who voices randy in f is for family?,misinformation,T.J. Miller,pending_screen,0,,f-is-for-family.fandom.com,T.J. Miller,correct,"Randall ""Randy"" is a recurring character on F is for Family. He is voiced by T.J. Miller. Advertisement. Character."
qacc-1172,qacc,who voices randy in f is for family?,misinformation,T.J. Miller,pending_screen,1,,www.imdb.com,T.J. Miller,correct,F Is for Family (TV Series 2015–2021) T.J. Miller as Randy.
qacc-1172,qacc,who voices randy in f is for family?,misinformation,T.J. Miller,pending_screen,2,,en.wikipedia.org,,noise,F Is for Family is an American-Canadian-French adult animated sitcom created by Bill Burr and Michael Price for Netflix. It is produced by Vince Vaughn's ...
qacc-1172,qacc,who voices randy in f is for family?,misinformation,T.J. Miller,pending_screen,3,,m.imdb.com,,noise,"F Is for Family (TV Series 2015–2021) “Cast” credits. ... Full Cast & Crew: F Is for Family (2015–2021). Series Cast ... Voices / Randy (22 episodes, 2015-2021) ..."
qacc-1172,qacc,who voices randy in f is for family?,misinformation,T.J. Miller,pending_screen,4,,www.reddit.com,T.J. Miller,correct,"May 31, 2017 ... It's TJ Miller. Recognized him because of Deadpool! Upvote"
qacc-1172,qacc,who voices randy in f is for family?,misinformation,T.J. Miller,pending_screen,5,,www.behindthevoiceactors.com,T.J. Miller,correct,"See image of TJ Miller, the voice of Randy in F Is for Family (TV Show)."
qacc-1172,qacc,who voices randy in f is for family?,misinformation,T.J. Miller,pending_screen,6,,www.metacritic.com,,noise,"Dec 18, 2015 ... F is for Family. 5 Seasons View All Seasons ... Voices, Gene, Babe Bongfiglio, Patient · Jamie ... Randy · Al Ducharme. Anthony Bonfiglio, Anthony ..."
qacc-1172,qacc,who voices randy in f is for family?,misinformation,T.J. Miller,pending_screen,7,,www.reddit.com,Randy Watkins,conflict,"Sep 12, 2021 ... ... Randy Watkins. Information/news. r/BobsBurgers - Happy Birthday ..."
qacc-1172,qacc,who voices randy in f is for family?,misinformation,T.J. Miller,pending_screen,8,,www.holycrossofspokane.org,,noise,"May 24, 2020 ... He attended The Ron Bailie School of Broadcasting, putting to good use his wonderful voice. He worked many years for the family business, ..."
qacc-1172,qacc,who voices randy in f is for family?,misinformation,T.J. Miller,pending_screen,9,,www.ramsaygroupfs.com,T.J. Miller,correct,"Two weeks later he came to work with a two minute and 30 second cheer mix, complete with a voice over using his voice . ... F. Fran White. March 27, 2021 ... Our thoughts and prayers are with you. Peaceful White Lilies Basket ..."
qacc-1187,qacc,who sings the song i want to go outside in the rain?,misinformation,the Dramatics,,0,,www.youtube.com,the Dramatics,correct,"May 2, 2012 ... I WANNA GO OUTSIDE IN THE RAIN THE DRAMATICS (1971) Smash Hit ... music shall be remembered throughout the ... I first heard this song when I was 14 ..."
qacc-1187,qacc,who sings the song i want to go outside in the rain?,misinformation,the Dramatics,,1,,www.last.fm,,noise,Related Tags · The Stylistics were one of the most well-known Philadelphia soul groups of the 1970s. · The Stylistics were one of the most well-known Philadelphia ...
qacc-1187,qacc,who sings the song i want to go outside in the rain?,misinformation,the Dramatics,,2,,www.youtube.com,,noise,"Nov 28, 2019 ... Music Video ""Go Outside In The Rain"" performed by Tamika Scott. (c)(p) 2019 Brolic Entertainment. All Rights Reserved. under License To ..."
qacc-1187,qacc,who sings the song i want to go outside in the rain?,misinformation,the Dramatics,,3,,www.songfacts.com,the Dramatics,correct,"Muhammed from New York City, NyI can hear this song all day it is truly a classic.In my mind In the Rain by the Dramatics is one of the Greatest Soul Music of ..."
qacc-1187,qacc,who sings the song i want to go outside in the rain?,misinformation,the Dramatics,,4,,www.youtube.com,the Dramatics,correct,"Apr 26, 2009 ... Dramatics - I Wanna Go Outside In The Rain. ... I WANNA GO OUTSIDE IN THE RAIN - THE DRAMATICS ... Dramatics-In The Rain-Original Lead Singer Wee ..."
qacc-1187,qacc,who sings the song i want to go outside in the rain?,misinformation,the Dramatics,,5,,www.quora.com,,noise,"May 18, 2019 ... If just a gentle rain, go for it. Also, what is the outside temperature, 40 degrees, 80 degrees? It is water, you get wet. Then you come to the ..."
qacc-1187,qacc,who sings the song i want to go outside in the rain?,misinformation,the Dramatics,,6,,www.youtube.com,Milira,conflict,"Jul 9, 2010 ... Comments4.6K · Milira Go Outside In The Rain · I Have Learned To Respect The Power Of Love (Edit) · I WANNA GO OUTSIDE IN THE RAIN - THE DRAMATICS."
qacc-1187,qacc,who sings the song i want to go outside in the rain?,misinformation,the Dramatics,,7,,en.wikipedia.org,,noise,"""Go Outside in the Rain"" is a R&B song by Milira released on November 21, 1990. The track is from her debut album, Milira, and reached number thirty-six on ..."
qacc-1187,qacc,who sings the song i want to go outside in the rain?,misinformation,the Dramatics,,8,,www.youtube.com,,noise,"Feb 11, 2022 ... (Second upload on this channel, plus lyrics) I want to go outside, in the rain It may sound crazy But I want to go outside, in the rain ..."
qacc-1187,qacc,who sings the song i want to go outside in the rain?,misinformation,the Dramatics,,9,,feedingourflamingos.com,Milira,conflict,"Apr 10, 2015 ... Going outside is so exciting for kids, so rainy days can cause some major glumness ... Makes me want to burst out singing, “Rain, Rain, Go Away…"
qacc-1195,qacc,where do most star formation occur in the milky way today?,misinformation,spiral arms.,soft_conflict,0,,quizlet.com,spiral arms.,correct,Where does most star formation occur in the Milky Way galaxy today? In the spiral arms. What are the various stages of galactic recycling? Describe each one ...
qacc-1195,qacc,where do most star formation occur in the milky way today?,misinformation,spiral arms.,soft_conflict,1,,www.astro.sunysb.edu,,noise,in the Milky Way today? A. In the halo. B. In the ... Where does most star formation occur in the Milky ... How Do Stars Orbit in Our Galaxy? Page 18. Stars in ...
qacc-1195,qacc,where do most star formation occur in the milky way today?,misinformation,spiral arms.,soft_conflict,2,,quizlet.com,spiral arms.,correct,Most of the current star formation in the Milky Way occurs in spiral arms. true. We can see ...
qacc-1195,qacc,where do most star formation occur in the milky way today?,misinformation,spiral arms.,soft_conflict,3,,www.ucolick.org,,noise,31) Where does most star formation occur in the Milky Way today? A) in the halo. B) in the bulge. C) in the spiral arms. D) in the Galactic center. E) uniformly ...
qacc-1195,qacc,where do most star formation occur in the milky way today?,misinformation,spiral arms.,soft_conflict,4,,typeset.io,,noise,"Dec 8, 2022 ... Taken at face value, the data suggest that at sufficiently early epochs, dwarf galaxy halos above the atomic cooling mass limit can be among the ..."
qacc-1195,qacc,where do most star formation occur in the milky way today?,misinformation,spiral arms.,soft_conflict,5,,www.chegg.com,spiral arms.,correct,"Aug 6, 2021 ... Answer - In the spiral arms. In the spiral arms the new and young stars are formed. During the spira… View the full answer."
qacc-1195,qacc,where do most star formation occur in the milky way today?,misinformation,spiral arms.,soft_conflict,6,,physics.stackexchange.com,,noise,"May 19, 2019 ... The highest density of star formation is actually in the inner region of the Milky Way. The upper panel of this figure (Fig.8 from the 2012 ..."
qacc-1195,qacc,where do most star formation occur in the milky way today?,misinformation,spiral arms.,soft_conflict,7,,typeset.io,Orion Nebula Cluster,conflict,"Dec 8, 2022 ... 5 answersStar formation in the Orion Nebula is occurring predominantly in the Orion Nebula Cluster (ONC), which is the most massive active star- ..."
qacc-1195,qacc,where do most star formation occur in the milky way today?,misinformation,spiral arms.,soft_conflict,8,,www.chegg.com,,noise,"Apr 18, 2024 ... Question: Where does most star formation occur in the Milky Way Galaxy?a. ﻿in the spiral armsb. ﻿everywhere throughout the galactic diskc. ﻿in ..."
qacc-1195,qacc,where do most star formation occur in the milky way today?,misinformation,spiral arms.,soft_conflict,9,,brainly.com,,noise,"Apr 13, 2023 ... Most star formation occurs in the spiral arms of the Milky Way Galaxy. Which are the regions of highest density of interstellar gas and dust ..."
qacc-1200,qacc,who was the editor of the journal jugantor published in the time of swadeshi movement?,misinformation,Bhupendranath Dutt ,,0,,brainly.in,Bhupendranath Dutt ,correct,"Aug 1, 2019 ... Bhupendranath Dutt was the editor of the journal Jugaantar published in the time of Swadeshi Movement. Hope! It helps. Explore all similar ..."
qacc-1200,qacc,who was the editor of the journal jugantor published in the time of swadeshi movement?,misinformation,Bhupendranath Dutt ,,1,,en.wikipedia.org,Barindra Kumar Ghosh,conflict,"Jugantar Patrika (Bengali: যুগান্তর) was a Bengali revolutionary newspaper founded in 1906 in Calcutta by Barindra Kumar Ghosh, Abhinash Bhattacharya and ..."
qacc-1200,qacc,who was the editor of the journal jugantor published in the time of swadeshi movement?,misinformation,Bhupendranath Dutt ,,2,,brainly.in,Bhupendranath Dutt ,correct,"Feb 6, 2019 ... Bhupendranath Dutt served as the editor of the newspaper till his arrest in 1907, although it also published articles from a number of noted ..."
qacc-1200,qacc,who was the editor of the journal jugantor published in the time of swadeshi movement?,misinformation,Bhupendranath Dutt ,,3,,en.wikipedia.org,,noise,"... Swadeshi movement to that of political terrorism. The organisation's political views were expressed in the journal Jugantar, founded in March 1906 by ..."
qacc-1200,qacc,who was the editor of the journal jugantor published in the time of swadeshi movement?,misinformation,Bhupendranath Dutt ,,4,,edurev.in,Barindra Kumar Ghosh,conflict,Barindra Kumar Ghosh was the editor of Jugaantar during the Swadeshi Movement. He was a prominent revolutionary leader and an active member of the Anushilan ...
qacc-1200,qacc,who was the editor of the journal jugantor published in the time of swadeshi movement?,misinformation,Bhupendranath Dutt ,,5,,www.instagram.com,,noise,"Feb 3, 2024 ... ... Swadeshi movement. As such, Mahendranath ... (published in 1937; reprinted on his birthday in 1965). ... Commemorating Jamini Roy's 137th birth ..."
qacc-1200,qacc,who was the editor of the journal jugantor published in the time of swadeshi movement?,misinformation,Bhupendranath Dutt ,,6,,www.youtube.com,,noise,"Jul 16, 2022 ... Who was the editor of the journal Jugaantar published in the time of Swadeshi movement? 560 views · 1 year ago ...more. Sintu Goswami. 4.33K."
qacc-1200,qacc,who was the editor of the journal jugantor published in the time of swadeshi movement?,misinformation,Bhupendranath Dutt ,,7,,www.thedailystar.net,,noise,"... published, by me as its editor. The main point of ... The anti-British Swadeshi movement ... In January 1912, the Brahmo Samaj journal, Tatva Bodha Prakasika, ..."
qacc-1200,qacc,who was the editor of the journal jugantor published in the time of swadeshi movement?,misinformation,Bhupendranath Dutt ,,8,,www.researchgate.net,,noise,"Published online: 13 May 2019. ... the time before). The historical develop- ... through 'mass meetings, rural unrests and a swadeshi (native) movement to ..."
qacc-1200,qacc,who was the editor of the journal jugantor published in the time of swadeshi movement?,misinformation,Bhupendranath Dutt ,,9,,thewire.in,,noise,"Sep 30, 2018 ... The Swadeshi Movement was the expression of ... She has published articles in journals on ... Editor's Pick · Trending."
qacc-1204,qacc,consist of the sum of the fixed and variable costs for any given level of production?,misinformation,Total cost ,soft_conflict,0,,quizlet.com,,noise,______ costs refer to the sum of the fixed and variable costs for any given level of production. Total. ______ pricing is ...
qacc-1204,qacc,consist of the sum of the fixed and variable costs for any given level of production?,misinformation,Total cost ,soft_conflict,1,,www.chegg.com,,noise,"Dec 14, 2023 ... ... sum of the fixed and variable costs for any given level of production.O a. ﻿Marginal• ﻿b.Target• ﻿c. ﻿Total• ﻿d.Break-even• ﻿e. ﻿Value-based."
qacc-1204,qacc,consist of the sum of the fixed and variable costs for any given level of production?,misinformation,Total cost ,soft_conflict,2,,quizlet.com,,noise,... sum of the fixed and variable costs for any given level of production. a) fixed costs b) target costing c) variable costs d) total costs. d) total costs.
qacc-1204,qacc,consist of the sum of the fixed and variable costs for any given level of production?,misinformation,Total cost ,soft_conflict,3,,home.ubalt.edu,Total cost,correct,"If any of the variables changes, the results may change. Total Cost: The sum of the fixed cost and total variable cost for any given level of production, i.e., ..."
qacc-1204,qacc,consist of the sum of the fixed and variable costs for any given level of production?,misinformation,Total cost ,soft_conflict,4,,hafizmrf3.medium.com,Total cost,correct,"Apr 17, 2024 ... Total cost consists of the sum of fixed and variable costs for any given level of production. That is, if you are producing 600 units, the ..."
qacc-1204,qacc,consist of the sum of the fixed and variable costs for any given level of production?,misinformation,Total cost ,soft_conflict,5,,www.easynotecards.com,Total cost,correct,"Total costs consist of the sum of the fixed and variable costs for any given level of production. TRUE. 98. In target-return pricing, the firm adds a standard ..."
qacc-1204,qacc,consist of the sum of the fixed and variable costs for any given level of production?,misinformation,Total cost ,soft_conflict,6,,extension.colostate.edu,Total cost,correct,"... a given level of production to cover all costs. ... The total cost line is the sum of the total fixed costs and total variable costs. ... At any point, the total ..."
qacc-1204,qacc,consist of the sum of the fixed and variable costs for any given level of production?,misinformation,Total cost ,soft_conflict,7,,saylordotorg.github.io,Total cost,correct,"A second type of cost, variable costs, depends on a firm's level of output. Total costs are the sum of the fixed costs and the variable costs. The change in ..."
qacc-1204,qacc,consist of the sum of the fixed and variable costs for any given level of production?,misinformation,Total cost ,soft_conflict,8,,www.investopedia.com,Production cost,conflict,"Jan 28, 2024 ... Production costs consist of both fixed costs and variable costs. Fixed costs do not change with an increase or decrease in production levels ..."
qacc-1204,qacc,consist of the sum of the fixed and variable costs for any given level of production?,misinformation,Total cost ,soft_conflict,9,,www.concurrences.com,Total cost,correct,... costs involved in the production of a good or service at a given level of output. Total cost can be further decomposed into variable costs and fixed costs.
qacc-1206,qacc,how old was sasuke when his clan died?,misinformation,7,,0,,www.quora.com,7,correct,"Jul 6, 2019 ... Sasuke should be 7–8. Itachi is five years older then Sasuke and Itachi was around 13 when he killed the Uchiha clan. So take away 5 from 13 and ..."
qacc-1206,qacc,how old was sasuke when his clan died?,misinformation,7,,1,,www.reddit.com,13,conflict,"Sep 27, 2017 ... 23 votes, 35 comments. I read somewhere he was only 13 when he slaughtered everyone but in the anime he looks much older, and I feel its ..."
qacc-1206,qacc,how old was sasuke when his clan died?,misinformation,7,,2,,www.quora.com,,noise,"Mar 8, 2021 ... but Sasuke had money from his family and not the Hokage. And unlike Naruto he had a big house, good food, because of his family name."
qacc-1206,qacc,how old was sasuke when his clan died?,misinformation,7,,3,,www.reddit.com,,noise,"Aug 3, 2023 ... Itachi did that so Sasuke could be able to awaken the MS after the death of his parents and could become both mentally and physically strong."
qacc-1206,qacc,how old was sasuke when his clan died?,misinformation,7,,4,,en.wikipedia.org,,noise,"Sasuke belongs to the Uchiha clan, a notorious ninja family, and one of the most powerful, allied with Konohagakure (木ノ葉隠れの里, English version: ""Hidden ..."
qacc-1206,qacc,how old was sasuke when his clan died?,misinformation,7,,5,,naruto.fandom.com,,noise,"When Itachi murdered the rest of the Uchiha clan, Sasuke ... his old team, Sasuke ... After Itachi dies in battle with Sasuke and he learned that the hateful older ..."
qacc-1206,qacc,how old was sasuke when his clan died?,misinformation,7,,6,,gamefaqs.gamespot.com,,noise,"Oct 8, 2012 ... Sasuke was 7 during the massacre and Itachi was 13 when he killed the clan. itachi was like 18-19 when he joined akatsuki and was like 25 or so ..."
qacc-1206,qacc,how old was sasuke when his clan died?,misinformation,7,,7,,www.fanverse.org,7,correct,"Apr 7, 2007 ... Having the kyubbi sealed inside him you would think he would have been carefully looked after as a child. And what about Sasuke? After his clan ..."
qacc-1206,qacc,how old was sasuke when his clan died?,misinformation,7,,8,,keepyourpantsongohan.tumblr.com,,noise,"Feb 2, 2018 ... age 25; Notes: Konoha is founded in the years following Izuna's death, who is approximately 24 when he dies. Madara and Hashirama both appear to ..."
qacc-1206,qacc,how old was sasuke when his clan died?,misinformation,7,,9,,www.fanverse.org,,noise,"Apr 8, 2016 ... Because Sasuke wasn't the one who killed them. The original rules of having to kill the person close to you was pretty much upheld to the ..."
qacc-1207,qacc,who has won the most superbowls as a player?,misinformation,Tom Brady ,,0,,en.wikipedia.org,,noise,List of players with most Super Bowl championships ...
qacc-1207,qacc,who has won the most superbowls as a player?,misinformation,Tom Brady ,,1,,www.sportingnews.com,Tom Brady ,correct,"Feb 10, 2023 ... Tom Brady has more rings than any player in NFL history after winning a seventh championship in Super Bowl 55. The Buccaneers quarterback ..."
qacc-1207,qacc,who has won the most superbowls as a player?,misinformation,Tom Brady ,,2,,www.cbsnews.com,Tom Brady ,correct,"Feb 11, 2024 ... Tom Brady has won the most Super Bowls of any player in NFL history with seven. Brady won the 2002, 2004, 2005, 2015, 2017, and 2019 Super Bowls ..."
qacc-1207,qacc,who has won the most superbowls as a player?,misinformation,Tom Brady ,,3,,www.statista.com,Tom Brady ,correct,"Feb 26, 2024 ... Tom Brady is widely considered one of the greatest quarterbacks of all time and he tops the list of players with the most Super Bowl ..."
qacc-1207,qacc,who has won the most superbowls as a player?,misinformation,Tom Brady ,,4,,www.sportskeeda.com,Ken Norton Jr,conflict,Ken Norton Jr. is the only player in the history of the NFL to win three consecutive Super Bowls. He won the first two with the Cowboys and the third one with ...
qacc-1207,qacc,who has won the most superbowls as a player?,misinformation,Tom Brady ,,5,,www.statmuse.com,Tom Brady ,correct,"Tom Brady has the most career wins in Super Bowls, with 7 wins. which nfl player has won the most super bowls."
qacc-1207,qacc,who has won the most superbowls as a player?,misinformation,Tom Brady ,,6,,flashpicks.com,Tom Brady ,correct,"Feb 5, 2024 ... Widely regarded as the greatest player and quarterback of all time, Tom Brady tops the list of Super Bowl appearances with ten. Unsurprisingly, ..."
qacc-1207,qacc,who has won the most superbowls as a player?,misinformation,Tom Brady ,,7,,www.menshealth.com,,noise,"Feb 12, 2023 ... Haley was the first player to win five Super Bowl rings, and he won them with the San Francisco 49ers and the Dallas Cowboys. He won his ..."
qacc-1207,qacc,who has won the most superbowls as a player?,misinformation,Tom Brady ,,8,,www.nbcsports.com,Tom Brady ,correct,"Feb 8, 2024 ... Which players have won the most Super Bowls? · 1. Tom Brady (seven Super Bowl wins). The greatest postseason performer in NFL history, Tom Brady ..."
qacc-1207,qacc,who has won the most superbowls as a player?,misinformation,Tom Brady ,,9,,www.yardbarker.com,Tom Brady ,correct,"Jan 28, 2020 ... Tom Brady, QB, 10 ... Brady has won five Super Bowl MVPs and seven Super Bowls with the Patriots and Bucs, and his games haven't been without ..."
qacc-1209,qacc,what is the system of government in japan?,misinformation,monarchy and parliamentary ,soft_conflict,0,,japan.kantei.go.jp,,noise,"Executive power is vested in the Cabinet, which consists of the Prime Minister and not more than 17 Ministers of State (including Ministers without portfolio ..."
qacc-1209,qacc,what is the system of government in japan?,misinformation,monarchy and parliamentary ,soft_conflict,1,,www.europarl.europa.eu,monarchy and parliamentary ,correct,"Dec 15, 2020 ... Japan is a constitutional monarchy, with a parliamentary system of government based on the separation of powers. The Emperor is the symbol ..."
qacc-1209,qacc,what is the system of government in japan?,misinformation,monarchy and parliamentary ,soft_conflict,2,,en.wikipedia.org,,noise,"The Government runs under the framework established by the Constitution of Japan, adopted in 1947. It is a unitary state, containing forty-seven administrative ..."
qacc-1209,qacc,what is the system of government in japan?,misinformation,monarchy and parliamentary ,soft_conflict,3,,www.chathamhouse.org,parliamentary system,conflict,"Sep 8, 2022 ... Is Japan a democracy? Japan is a successful democratic state with strong institutions, regular elections, and a thriving free press. The ..."
qacc-1209,qacc,what is the system of government in japan?,misinformation,monarchy and parliamentary ,soft_conflict,4,,globaledge.msu.edu,,noise,"Japan: Government ; Government Type: Parliamentary Government with a Constitutional Monarchy ; Executive. According to the constitution, the emperor acts as the "" ..."
qacc-1209,qacc,what is the system of government in japan?,misinformation,monarchy and parliamentary ,soft_conflict,5,,japanhpn.org,parliamentary system,conflict,"Government Structure. The Constitution of Japan, created in 1946 and implemented in 1947, laid the foundation for Japan's parliamentary system of government, ..."
qacc-1209,qacc,what is the system of government in japan?,misinformation,monarchy and parliamentary ,soft_conflict,6,,www.metro.tokyo.lg.jp,,noise,The local government system in Japan consists of two tiers: prefectures and the municipalities that make up the prefectures. Prefectures and municipalities are ...
qacc-1209,qacc,what is the system of government in japan?,misinformation,monarchy and parliamentary ,soft_conflict,7,,2009-2017.state.gov,,noise,"A vocal and independent press, an effective judiciary, and a functioning democratic political system combined to ensure freedom of speech and of the press."
qacc-1209,qacc,what is the system of government in japan?,misinformation,monarchy and parliamentary ,soft_conflict,8,,www.commonwealthfund.org,parliamentary system,conflict,"Jun 5, 2020 ... Japan's statutory health insurance system provides universal coverage. It is funded primarily by taxes and individual contributions. Enrollment ..."
qacc-1209,qacc,what is the system of government in japan?,misinformation,monarchy and parliamentary ,soft_conflict,9,,www.ny.us.emb-japan.go.jp,,noise,"Every voter in Japan casts two ballots in elections for the House of Representatives; one ballot is for an individual candidate, and the second is for a ..."
qacc-1232,qacc,how many customers does edf have in the uk?,outdated,5.22 million,pending_screen,0,,www.edfenergy.com,five million customer ,conflict,"Nov 4, 2021 ... The licensing agreement will see EDF use Kraken to manage its five million customer accounts in the UK and further develop its home heat and ..."
qacc-1232,qacc,how many customers does edf have in the uk?,outdated,5.22 million,pending_screen,1,,en.wikipedia.org,5.22 million,correct,"It employs 11,717 people, and handles 5.22 million business and residential customer accounts. EDF Energy Ltd. Company type, Subsidiary. Industry, Energy."
qacc-1232,qacc,how many customers does edf have in the uk?,outdated,5.22 million,pending_screen,2,,corporatewatch.org,,noise,"Oct 14, 2022 ... How many UK energy customers does EDF have? Electricity (excluding ... On the face of it, it does seem like EDF profits have nose-dived in recent ..."
qacc-1232,qacc,how many customers does edf have in the uk?,outdated,5.22 million,pending_screen,3,,www.edf.org,,noise,Get tips on how you can protect the environment; Get alerts when there are crucial petitions to sign. Email address. Environmental Defense Fund Logo. About EDF.
qacc-1232,qacc,how many customers does edf have in the uk?,outdated,5.22 million,pending_screen,4,,www.edf-re.uk,,noise,"Our aim is to do whatever we can to ensure all our customers ... Currently, we have dozens of operational wind ... Read more 22 May 2024. Latest News. Pioneering ..."
qacc-1232,qacc,how many customers does edf have in the uk?,outdated,5.22 million,pending_screen,5,,www.snowflake.com,,noise,"“Snowflake will have a significant impact on our customers,” Vickery says. “We're much better positioned to serve them now, whether that's proactively ..."
qacc-1232,qacc,how many customers does edf have in the uk?,outdated,5.22 million,pending_screen,6,,www.edf-re.com,,noise,EDF Renewables Clean Energy Generation | Building Sustainable Wind & Solar Power Solutions in North America | U.S. Renewable Energy Careers & Jobs.
qacc-1232,qacc,how many customers does edf have in the uk?,outdated,5.22 million,pending_screen,7,,apps.apple.com,,noise,"The at home advisor asks you ( again ) for account details you already gave to get through to telephone customer services , then says they can't see on their ..."
qacc-1232,qacc,how many customers does edf have in the uk?,outdated,5.22 million,pending_screen,8,,uk.linkedin.com,,noise,"... UK homes for more ... EDF is also investing in wind, solar and battery storage technology and helping customers ... can get the care, support and treatment they ..."
qacc-1232,qacc,how many customers does edf have in the uk?,outdated,5.22 million,pending_screen,9,,www.dynatrace.com,,noise,"EDF has also been able to identify how many engineers are needed each week and find other work for those that do not have work booked in, making best use of its ..."
qacc-1237,qacc,how many national parks are present in india?,outdated,106,,0,,wii.gov.in,106,correct,"Nov 2, 2023 ... There are 106 existing national parks in India covering an area of 44,402.95 km2, which is 1.35% of the geographical area of the country ..."
qacc-1237,qacc,how many national parks are present in india?,outdated,106,,1,,en.wikipedia.org,106,correct,"There are 106 existing national parks in India covering an area of 44,402.95 km2 which is 1.35% of the geographical area of the country. In addition to the ..."
qacc-1237,qacc,how many national parks are present in india?,outdated,106,,2,,byjus.com,104,conflict,Q 8. How many National Parks are there in India? Ans. There are a total of 104 National Parks (as in January 2021) in India ...
qacc-1237,qacc,how many national parks are present in india?,outdated,106,,3,,www.toppr.com,,noise,"Jan 9, 2020 ... Click here:point_up_2:to get an answer to your question :writing_hand:the number of national parks present in india are."
qacc-1237,qacc,how many national parks are present in india?,outdated,106,,4,,www.doi.gov,,noise,"Mar 8, 2022 ... ... many of which are located within national park boundaries. ... Indian Reservation, and Isle Royale National ... National and State Parks. The Yurok ..."
qacc-1237,qacc,how many national parks are present in india?,outdated,106,,5,,www.nps.gov,,noise,"Standard G: The student describes how people create places that reflect cultural values and ideals as they build neighborhoods, parks, shopping centers, and the ..."
qacc-1237,qacc,how many national parks are present in india?,outdated,106,,6,,stateparks.oregon.gov,,noise,"Visit Indian Beach, a secluded sandy beach, popular with surfers ... Saddle Mountain State Natural Area. Current ... Why are there so many road and trail closures?"
qacc-1237,qacc,how many national parks are present in india?,outdated,106,,7,,www.nps.gov,,noise,"Jan 16, 2003 ... ä With no state government there ... Congress later converted many of these natural monuments to national parks. ... state parks. The program had a ..."
qacc-1237,qacc,how many national parks are present in india?,outdated,106,,8,,www.in.gov,,noise,"For more information about this program and how it works at national parks, national ... present in the vehicle at time of use); admits ... Natural Resources."
qacc-1237,qacc,how many national parks are present in india?,outdated,106,,9,,www.nps.gov,,noise,"Aug 3, 2023 ... ... present day. 1912 ... "" To escape Plecker's aggressive campaign many Virginia Indians left the state. ... Many other Powhatan Indian and Virginia ..."
qacc-1256,qacc,which state is the richest state in nigeria?,misinformation,Lagos State,,0,,twitter.com,Lagos State,correct,"Mar 13, 2024 ... Nigeria's Richest States by GDP Nominal 1. Lagos State ($101 billion) 2. Rivers State ($19.72 billion) 3. Akwa Ibom State ($19.25 billion) 4 ..."
qacc-1256,qacc,which state is the richest state in nigeria?,misinformation,Lagos State,,1,,en.wikipedia.org,Lagos State,correct,"List of Nigerian states by GDP ; 1, Lagos State, ₦41.17 ; 2, Rivers State, ₦7.96 ; 3, Akwa Ibom State, ₦7.77 ; 4, Imo State, ₦7.68 ..."
qacc-1256,qacc,which state is the richest state in nigeria?,misinformation,Lagos State,,2,,www.simblogshare.com,Lagos State,correct,"May 13, 2024 ... Top 20 Richest States In Nigeria (2024) · 1. Lagos - $102.01 Billion · 2. Rivers - $19.27 Billion · 4. Imo - $19.02 Billion · 5. Delta - $15.33 ..."
qacc-1256,qacc,which state is the richest state in nigeria?,misinformation,Lagos State,,3,,foreignaffairs.gov.ng,,noise,One of the objectives of the new National Policy on Solid Minerals is to ensure the orderly development of the mineral resources of the country. Nigerian States ...
qacc-1256,qacc,which state is the richest state in nigeria?,misinformation,Lagos State,,4,,gfmag.com,Lagos State,correct,"May 3, 2024 ... Richest Countries in the World 2024 ... When the city-state became independent in 1965, one-half of its population was illiterate. ... Nigeria ..."
qacc-1256,qacc,which state is the richest state in nigeria?,misinformation,Lagos State,,5,,www.tuko.co.ke,,noise,"Mar 1, 2024 ... Check out the richest states in Nigeria and how these states generate their revenue. Discover more about their current GDP and major ..."
qacc-1256,qacc,which state is the richest state in nigeria?,misinformation,Lagos State,,6,,m.facebook.com,Lagos State,correct,"Jul 13, 2022 ... Lagos State is the richest state in Nigeria and they generated more IGR than every other State. So what happened? Where is Lagos State IGR ..."
qacc-1256,qacc,which state is the richest state in nigeria?,misinformation,Lagos State,,7,,businessday.ng,Kogi ,conflict,"6 days ago ... Lagos State, the commercial nerve centre of Nigeria, takes the crown as the wealthiest state by GDP. Lagos is a finance, commerce, and industry ..."
qacc-1256,qacc,which state is the richest state in nigeria?,misinformation,Lagos State,,8,,www.facebook.com,,noise,"Kogi Potentially Is the Richest State In Nigeria: East -Oil,coal.Central -Ajaokuta Steel ,West -Largest Cement Company In Africa. Don't forget the..."
qacc-1256,qacc,which state is the richest state in nigeria?,misinformation,Lagos State,,9,,thecommonwealth.org,Lagos State,correct,"independent countries make up the Commonwealth in Africa, Asia, the Americas, Europe and the Pacific. 33. of the world's 42 small states are Commonwealth ..."
qacc-1271,qacc,who plays izabella in transformers the last knight?,misinformation, Isabela Merced,soft_conflict,0,,transformers.fandom.com,,noise,"Izabella is a character in Transformers: The Last Knight. She is a street-smart tomboy who was orphaned by the Battle of Chicago. Since then, Izabella has ..."
qacc-1271,qacc,who plays izabella in transformers the last knight?,misinformation, Isabela Merced,soft_conflict,1,,www.imdb.com, Isabela Merced,correct,Transformers: The Last Knight (2017) Isabela Merced as Izabella.
qacc-1271,qacc,who plays izabella in transformers the last knight?,misinformation, Isabela Merced,soft_conflict,2,,www.reddit.com,,noise,"Feb 21, 2023 ... In ""Transformers - The Last Knight (2017)"" there is a scene where Cade Yeager and Izabella are fixing Bumblebee's voice, but this view shows ..."
qacc-1271,qacc,who plays izabella in transformers the last knight?,misinformation, Isabela Merced,soft_conflict,3,,www.imdb.com, Isabela Merced,correct,"Isabela Merced. Actress: Transformers: The Last Knight ... is an American actress, voice actress, singer, songwriter, dancer ... Izabella(as Isabela Moner). 2017."
qacc-1271,qacc,who plays izabella in transformers the last knight?,misinformation, Isabela Merced,soft_conflict,4,,blackgirlnerds.com,,noise,"Jun 27, 2017 ... Another major issue I had with Last Knight, is the portrayal of the female characters and people of color. We're first introduced to Izabella ( ..."
qacc-1271,qacc,who plays izabella in transformers the last knight?,misinformation, Isabela Merced,soft_conflict,5,,en.wikipedia.org,,noise,"Isabela Yolanda Moner (born July 10, 2001), known professionally as Isabela Merced since 2019, is an American actress. She played the lead role in the ..."
qacc-1271,qacc,who plays izabella in transformers the last knight?,misinformation, Isabela Merced,soft_conflict,6,,tfwiki.net,,noise,"Dec 29, 2023 ... The Last Knight film ... Izabella was orphaned when the Decepticons attacked Chicago. She stayed in the ruined city instead of finding a foster ..."
qacc-1271,qacc,who plays izabella in transformers the last knight?,misinformation, Isabela Merced,soft_conflict,7,,en.wikipedia.org, Isabela Merced,correct,"The film is directed by Michael Bay from a screenplay by Art Marcum, Matt Holloway, and Ken Nolan. It stars Mark Wahlberg reprising his role from Age of ..."
qacc-1271,qacc,who plays izabella in transformers the last knight?,misinformation, Isabela Merced,soft_conflict,8,,www.usatoday.com, Isabela Moner ,conflict,"Jun 22, 2017 ... Izabella (Isabela Moner) wakes up to a bunch of mini-Dinobots in '. She cries like a champ. The gigantic tear Moner sheds during one emotional ..."
qacc-1271,qacc,who plays izabella in transformers the last knight?,misinformation, Isabela Merced,soft_conflict,9,,hero.fandom.com, Isabela Moner ,conflict,"Izabella (also known as Izzy) is the one of the two tritagonists (alongside Hot Rod) of Transformers: The Last Knight. She is portrayed by Isabela Merced, ..."
qacc-1277,qacc,who directed the iconic animated short educational film ek anek aur ekta?,misinformation,Vijaya Mulay,,0,,en.wikipedia.org,,noise,"Directed by, Vijaya Mulay · Bhimsain ; Screenplay by, Vijaya Mulay ; Produced by, Films Division of India ; Edited by, Waman B. Bhosle and Guru Dutt Shirali (Waman ..."
qacc-1277,qacc,who directed the iconic animated short educational film ek anek aur ekta?,misinformation,Vijaya Mulay,,1,,onlykutts.com,,noise,"Jun 30, 2021 ... ... who directed the iconic animated short educational film ek anek aur ekta · Vejay Anand. For consultation and advice - https://topmate.io ..."
qacc-1277,qacc,who directed the iconic animated short educational film ek anek aur ekta?,misinformation,Vijaya Mulay,,2,,iwtkquiz.substack.com,,noise,"Aug 20, 2021 ... THE Dadasaheb Phalke produced a few animated short movies ... Speaking of iconic animation from India, who remembers Ek Anek Aur Ekta?"
qacc-1277,qacc,who directed the iconic animated short educational film ek anek aur ekta?,misinformation,Vijaya Mulay,,3,,www.imdb.com,Bhimsain,conflict,Ek Anek Aur Ekta: Directed by Bhimsain. A young ... AnimationShort. A young girl teaches her younger ... Considered to be India's indelibly iconic short film ...
qacc-1277,qacc,who directed the iconic animated short educational film ek anek aur ekta?,misinformation,Vijaya Mulay,,4,,www.thehindu.com,Vijaya Mulay,correct,"Apr 18, 2018 ... ... Ek Anek Aur Ekta (1974), a short film directed by Vijaya Mulay for NCERT's Centre for Education Technology. The film is a prime example of ..."
qacc-1277,qacc,who directed the iconic animated short educational film ek anek aur ekta?,misinformation,Vijaya Mulay,,5,,www.shethepeople.tv,Vijaya Mulay,correct,"May 24, 2019 ... Vijaya Mulay, the filmmaker behind the classic short animated film Ek Anek Aur Ekta, has passed away at the age of 98."
qacc-1277,qacc,who directed the iconic animated short educational film ek anek aur ekta?,misinformation,Vijaya Mulay,,6,,www.linkedin.com,,noise,"Nov 23, 2021 ... In my childhood, on DD national, Ek Chidiya, Anek Chidiya song from the National Award-winning 1974 animation film Ek Anek Aur Ekta was ..."
qacc-1277,qacc,who directed the iconic animated short educational film ek anek aur ekta?,misinformation,Vijaya Mulay,,7,,blog.icat.ac.in,,noise,"He is also renowned for his 'Ek Anek Aur Ekta', an animated education short film; 'Lok Gatha', India's first television series; and many of his feature films ..."
qacc-1277,qacc,who directed the iconic animated short educational film ek anek aur ekta?,misinformation,Vijaya Mulay,,8,,tasionline.org,,noise,"May 7, 2018 ... ... iconic title song ... Ek Anek aur Ekta (7.06 mins). Mahagiri (5 ... “Ek Anek Ekta” (1974) is considered India's most popular animation short film."
qacc-1277,qacc,who directed the iconic animated short educational film ek anek aur ekta?,misinformation,Vijaya Mulay,,9,,homegrown.co.in,,noise,"Ek Chidiya, Anek Chidiya is the title song of Ek, Anek Aur Ekta, (One, Many and Unity) one of the earliest animation films made in India. Produced by the ..."
qacc-1283,qacc,who sings what the world needs now in boss baby?,misinformation,Missi Hale,,0,,www.youtube.com,Missi Hale,correct,"Mar 19, 2020 ... Provided to YouTube by Back Lot Music, a division of Universal Studios LLLP What the World Needs Now · Missi Hale The Boss Baby (Original ..."
qacc-1283,qacc,who sings what the world needs now in boss baby?,misinformation,Missi Hale,,1,,soundcloud.com,Missi Hale,correct,"Missi Hale - What The World Needs Now Is Love (The Boss Baby Soundtrack). FlipFloopFlop. 58.6K. 4:15. Apr 17, 2017."
qacc-1283,qacc,who sings what the world needs now in boss baby?,misinformation,Missi Hale,,2,,www.youtube.com,Missi Hale,correct,"Nov 1, 2017 ... Missi Hale - What the World Needs Now Is Love Movie-THE BOSS BABY."
qacc-1283,qacc,who sings what the world needs now in boss baby?,misinformation,Missi Hale,,3,,genius.com,,noise,Re-produced by Hans Zimmer & Steve Mazzaro for the movie The Boss Baby. It was originally offered to the Dionne Warwick but she turned it down that time. For ...
qacc-1283,qacc,who sings what the world needs now in boss baby?,misinformation,Missi Hale,,4,,www.youtube.com,Missi Hale,correct,"Sep 7, 2020 ... What The World Needs Now Is Love. 37K views · 3 years ago ...more. Try YouTube Kids. An app made just for kids."
qacc-1283,qacc,who sings what the world needs now in boss baby?,misinformation,Missi Hale,,5,,open.spotify.com,Hal David,conflict,Listen to What the World Needs Now on Spotify. Missi Hale · Song · 2017 ... What the World Needs Now. Missi ... The Boss Baby (Original Motion Picture Soundtrack).
qacc-1283,qacc,who sings what the world needs now in boss baby?,misinformation,Missi Hale,,6,,en.wikipedia.org,,noise,"""What the World Needs Now Is Love"" is a 1965 popular song with lyrics by Hal David and music composed by Burt Bacharach. First recorded and made popular by ..."
qacc-1283,qacc,who sings what the world needs now in boss baby?,misinformation,Missi Hale,,7,,open.spotify.com,,noise,The Boss Baby (Music from the Motion Picture)20174:15. Sign into Premium to see lyrics. Sign up. Hans Zimmer. Artist. Hans Zimmer. Steve Mazzaro.
qacc-1283,qacc,who sings what the world needs now in boss baby?,misinformation,Missi Hale,,8,,secondhandsongs.com,Missi Hale,correct,Missi Hale released it on the album The Boss Baby - Music ... What the World Needs Now Is Love by Missi Hale ... What the World Needs Now Is Love · Jackie deShannon.
qacc-1283,qacc,who sings what the world needs now in boss baby?,misinformation,Missi Hale,,9,,www.lyricsondemand.com,Missi Hale,correct,What The World Needs Now Is Love Lyrics by Missi Hale on Boss Baby Soundtrack.
qacc-1287,qacc,what us state forms the western boundary of montana?,misinformation,Idaho,,0,,www.mtpr.org,Idaho,correct,"Jun 21, 2023 ... ... state's western boundary with Idaho. A ... Map showing the borders between Montana and the surrounding states ... Montana border marks the official ..."
qacc-1287,qacc,what us state forms the western boundary of montana?,misinformation,Idaho,,1,,en.wikipedia.org,North Dakota,conflict,The Rio Grande forms the border between Texas and ... Montana The Magazine of Western History. 42 (3): ... Creating the American West: Boundaries and Borderlands.
qacc-1287,qacc,what us state forms the western boundary of montana?,misinformation,Idaho,,2,,www.dmr.nd.gov,Idaho,correct,"Jul 20, 2007 ... ... boundary between the states of North Dakota and Montana. ... form the northern boundary of the said ... At the western end of the state boundary ..."
qacc-1287,qacc,what us state forms the western boundary of montana?,misinformation,Idaho,,3,,kids.nationalgeographic.com,,noise,"Jun 10, 2015 ... In 1889 it became a state. But the Native American tribes living on the land felt that the settlers were encroaching on their way of life. In ..."
qacc-1287,qacc,what us state forms the western boundary of montana?,misinformation,Idaho,,4,,leg.wa.gov,,noise,"AN ACT to provide for the division of Dakota into two States and to enable the people of North Dakota, South Dakota, Montana, and Washington to form ..."
qacc-1287,qacc,what us state forms the western boundary of montana?,misinformation,Idaho,,5,,mythsoftheamericanwest.wordpress.com,,noise,"Nov 13, 2015 ... While the United States government retained its right to change the Territory of Montana's boundaries as it saw fit, the western edge of Montana ..."
qacc-1287,qacc,what us state forms the western boundary of montana?,misinformation,Idaho,,6,,www.nps.gov,,noise,"Feb 11, 2020 ... ... forming Mt. Rainier ... forming the San Andreas transform plate boundary in western California. ... An official form of the United States government ..."
qacc-1287,qacc,what us state forms the western boundary of montana?,misinformation,Idaho,,7,,www.mdt.mt.gov,,noise,... between northwest Washington State and the Helena area. ... Interstate 90 and US Highway 10 in western Montana ... Montana border forming Glacial Lake Missoula. The ...
qacc-1287,qacc,what us state forms the western boundary of montana?,misinformation,Idaho,,8,,www.bia.gov,North Dakota,conflict,Wind River Agency · Contact Us. The Blackfeet Reservation is located in north central Montana and shares the western boundary (of the reservation) with Glacier ...
qacc-1287,qacc,what us state forms the western boundary of montana?,misinformation,Idaho,,9,,247wallst.com,,noise,"Apr 3, 2021 ... The Wabash River forms the western border of Indiana. ... The state affixed its western ... states of Oregon, Washington, Idaho, and western Montana ..."
qacc-1295,qacc,where is the largest salt mine in the us?,misinformation,"Livingston County, New York",,0,,en.wikipedia.org,"Livingston County, New York",correct,"Livingston County, New York, location of American Rock Salt, the largest operating salt mine in the United States with a capacity for producing up to 18,000 ..."
qacc-1295,qacc,where is the largest salt mine in the us?,misinformation,"Livingston County, New York",,1,,www.compassminerals.com,,noise,"Compass Minerals' Goderich salt mine, located 1,800 feet under Lake Huron, is the largest underground salt mine in the world. The mine is as deep as the CN ..."
qacc-1295,qacc,where is the largest salt mine in the us?,misinformation,"Livingston County, New York",,2,,americanmineservices.com,,noise,The biggest purpose for this salt is a life-saving one. The rock salt produced from the mine is sold to retailers all over North America to spread in the winter ...
qacc-1295,qacc,where is the largest salt mine in the us?,misinformation,"Livingston County, New York",,3,,www.allensamuelshutch.com,Lake Huron,conflict,"Stretching 27,000 miles, the Hutchinson salt mines are among the largest deposits of salt across the entire U.S., and they were formed nearly 300 million years ..."
qacc-1295,qacc,where is the largest salt mine in the us?,misinformation,"Livingston County, New York",,4,,www.draglamsalt.com,,noise,"Though Platt may have been disappointed at first, he soon came to realize this was the first salt bed ever encountered in North America, which was a significant ..."
qacc-1295,qacc,where is the largest salt mine in the us?,misinformation,"Livingston County, New York",,5,,www.worldatlas.com,,noise,"Nov 14, 2018 ... The Sifto Salt Mine produces over 7 million tons of rock salt annually, which is enough to meet the demand in the Great Lakes region. The salt ..."
qacc-1295,qacc,where is the largest salt mine in the us?,misinformation,"Livingston County, New York",,6,,panethos.wordpress.com,,noise,"Mar 5, 2020 ... Geography of North America's Current Underground Salt Mines · Avery Island (Cargill Salt Mine), Louisiana: (1862) 1,300 feet deep – operated by ..."
qacc-1295,qacc,where is the largest salt mine in the us?,misinformation,"Livingston County, New York",,7,,pubs.usgs.gov,,noise,"Sep 10, 2013 ... In 1994, the largest salt mine in North America, which had been in operation for more than 100 years, catastrophically flooded when the mine ..."
qacc-1295,qacc,where is the largest salt mine in the us?,misinformation,"Livingston County, New York",,8,,waterfrontonline.blog,,noise,"Jun 9, 2022 ... Cargill's two remaining salt mines are somewhat larger. The Cayuga mine employs about 230 and produces about 2 million tons annually, while ..."
qacc-1295,qacc,where is the largest salt mine in the us?,misinformation,"Livingston County, New York",,9,,americanrocksalt.com,,noise,"Founded in January 1997 and located just 30 miles south of Rochester, NY, American Rock Salt was the first successful salt mine built in the United States since ..."
qacc-1296,qacc,when was the first horrid henry book written?,misinformation,1994,,0,,en.wikipedia.org,1994,correct,Horrid Henry is the first book of the Horrid Henry series. It was published in 1994 and written by Francesca Simon and illustrated by Tony Ross.
qacc-1296,qacc,when was the first horrid henry book written?,misinformation,1994,,1,,www.theguardian.com,,noise,"May 25, 2016 ... Horrid Henry author Francesca Simon revels in the exhilaration of seeing the world exclusively from someone else's point of view."
qacc-1296,qacc,when was the first horrid henry book written?,misinformation,1994,,2,,en.wikipedia.org,,noise,"Horrid Henry is a children's book series by Francesca Simon and illustrated by Tony Ross. It has been adapted for television, film and theatre."
qacc-1296,qacc,when was the first horrid henry book written?,misinformation,1994,,3,,www.francescasimon.com,1993,conflict,"... Horrid Henry and all the other books I have written. ... Horrid ... ""My first book was called Papa Forgot and was published in 1993""."
qacc-1296,qacc,when was the first horrid henry book written?,misinformation,1994,,4,,toppsta.com,,noise,... Horrid Henry · Horrid Henry: Book 1 ... Written by bestselling author Francesca Simon ... original storybooks and are perfect for younger readers.
qacc-1296,qacc,when was the first horrid henry book written?,misinformation,1994,,5,,www.francescasimon.com,1994,correct,"She has since written over 60 books, and wrote her first Horrid Henry book in 1994. Horrid Henry has gone on to conquer the globe; his adventures are published ..."
qacc-1296,qacc,when was the first horrid henry book written?,misinformation,1994,,6,,www.booktrust.org.uk,1994,correct,"May 20, 2018 ... The first Horrid Henry book was published in 1994, and the series ... written by Alan MacDonald and illustrated by David. Don't miss Michael ..."
qacc-1296,qacc,when was the first horrid henry book written?,misinformation,1994,,7,,horridhenry.fandom.com,,noise,"Horrid Henry was the first book in the Horrid Henry series, and the one which launched the franchise. First published in the United Kingdom in 1994, ..."
qacc-1296,qacc,when was the first horrid henry book written?,misinformation,1994,,8,,www.walesartsreview.org,,noise,"Apr 10, 2014 ... Her first Horrid Henry book was published in 1994. She has written 24 books in the Horrid Henry series in total, alongside numerous 'early ..."
qacc-1296,qacc,when was the first horrid henry book written?,misinformation,1994,,9,,www.thebookseller.com,1994,correct,"Nov 16, 2018 ... ... Horrid Henry and the Zoom of Doom""). As well as coinciding with the 25th anniversary of the first Horrid Henry book published, the new book ..."
qacc-1297,qacc,what is a whistle blower suit under the false claims act?,outdated,652 qui tam suits,pending_screen,0,,www.justice.gov,652 qui tam suits,correct,"Feb 7, 2023 ... Whistleblowers filed 652 qui tam suits in fiscal year 2022, and this past year the department reported settlements and judgments exceeding $1.9 ..."
qacc-1297,qacc,what is a whistle blower suit under the false claims act?,outdated,652 qui tam suits,pending_screen,1,,www.whistleblowerllc.com,,noise,A key feature of the law is the qui tam (or whistleblower) provision under which an individual or entity (known as a “relator”) with knowledge of fraud against ...
qacc-1297,qacc,what is a whistle blower suit under the false claims act?,outdated,652 qui tam suits,pending_screen,2,,www.whistleblowers.org,598 qui tam suits,conflict,The False Claims Act (FCA) is America's first whistleblower law and one of the strongest whistleblower laws in the United States.
qacc-1297,qacc,what is a whistle blower suit under the false claims act?,outdated,652 qui tam suits,pending_screen,3,,www.justice.gov,,noise,"Feb 1, 2022 ... Whistleblowers filed 598 qui tam suits in fiscal year 2021, and this past year the department reported settlements and judgments exceeding $1.6 ..."
qacc-1297,qacc,what is a whistle blower suit under the false claims act?,outdated,652 qui tam suits,pending_screen,4,,oig.hhs.gov,,noise,"They play a critical role in keeping our Government honest, efficient, and accountable. Recognizing that whistleblowers root out waste, fraud, and abuse and ..."
qacc-1297,qacc,what is a whistle blower suit under the false claims act?,outdated,652 qui tam suits,pending_screen,5,,www.phillipsandcohen.com,,noise,Whistleblowers are allowed to remain as parties in the qui tam lawsuits the government joins. What are False Claims Act violations? Presentation of a false ...
qacc-1297,qacc,what is a whistle blower suit under the false claims act?,outdated,652 qui tam suits,pending_screen,6,,katzbanks.com,,noise,"... whistleblower may bring under the FCA, called a qui tam lawsuit. In short, the FCA allows whistleblowers to report fraud on behalf of the United States ..."
qacc-1297,qacc,what is a whistle blower suit under the false claims act?,outdated,652 qui tam suits,pending_screen,7,,constantinecannon.com,,noise,The cornerstone of a whistleblower case under the False Claims Act is evidence that fraud or misconduct caused the federal government to suffer a loss. The ...
qacc-1297,qacc,what is a whistle blower suit under the false claims act?,outdated,652 qui tam suits,pending_screen,8,,www.hbsslaw.com,,noise,... in particular when those whistleblowers have filed suit under the False Claims Act. The Act provides numerous protections and remedies for whistleblowers ...
qacc-1297,qacc,what is a whistle blower suit under the false claims act?,outdated,652 qui tam suits,pending_screen,9,,oag.ca.gov,,noise,The California False Claims Act's qui tam provision permits a whistleblower to file an action to enforce the Act. Such lawsuits have resulted in some of the ...
qacc-1302,qacc,who was allowed to vote in the roman republic?,misinformation,adult male citizens,soft_conflict,0,,en.wikipedia.org,Roman citizens,conflict,"Elections in the Roman Republic were an essential part of its governance, with participation only being afforded to Roman citizens."
qacc-1302,qacc,who was allowed to vote in the roman republic?,misinformation,adult male citizens,soft_conflict,1,,www.history.com,,noise,"Nov 4, 2022 ... In Athens and Rome, voting could entail shouting contests, secret stone ballots and an election system with built-in bias for the wealthy."
qacc-1302,qacc,who was allowed to vote in the roman republic?,misinformation,adult male citizens,soft_conflict,2,,www.thoughtco.com,,noise,"Jul 29, 2019 ... The vote was by centuria in one of the assemblies, the comitia centuriata. Lily Ross Taylor thinks the members of a given centuria were from a ..."
qacc-1302,qacc,who was allowed to vote in the roman republic?,misinformation,adult male citizens,soft_conflict,3,,www.ushistory.org,adult male citizens,correct,"Citizenship varied greatly. The full citizen could vote, marry freeborn persons, and practice commerce. Some citizens were not allowed to vote or hold public ..."
qacc-1302,qacc,who was allowed to vote in the roman republic?,misinformation,adult male citizens,soft_conflict,4,,brainly.com,adult male citizens,correct,"Oct 3, 2018 ... In the Roman Republic, all adult male citizens, including both Patricians and Plebeians, could vote. However, the overall political power was ..."
qacc-1302,qacc,who was allowed to vote in the roman republic?,misinformation,adult male citizens,soft_conflict,5,,www.empirerome.com,,noise,"In Ancient Rome, male citizens were allowed to vote when they became adults. Non-Roman citizens were not allowed to vote, keeping true to the idea of having ..."
qacc-1302,qacc,who was allowed to vote in the roman republic?,misinformation,adult male citizens,soft_conflict,6,,www.jstor.org,,noise,"It began, it seems, as far back as 195 years before Christ, in Rome. Early Roman women, like other women of those olden times, were veritable slaves. Spartan ..."
qacc-1302,qacc,who was allowed to vote in the roman republic?,misinformation,adult male citizens,soft_conflict,7,,www.reddit.com,,noise,"Oct 29, 2023 ... Men became adults and gain the right to vote either when they reached 25 years of age or when they became pater familias, when they became the ..."
qacc-1302,qacc,who was allowed to vote in the roman republic?,misinformation,adult male citizens,soft_conflict,8,,www.jstor.org,,noise,"but no attempt to discover how a man was about to vote or had voted ... Futhermore, the Roman ban on re-election allowed the voter greater psycholo-."
qacc-1302,qacc,who was allowed to vote in the roman republic?,misinformation,adult male citizens,soft_conflict,9,,www.britannica.com,,noise,"Comitia, in ancient Republican Rome, a legal assembly of the people. Comitia met on an appropriate site (comitium) and day (comitialis) determined by the ..."
qacc-1304,qacc,the site of secretion of h+ and cl-?,misinformation,parietal cells,pending_screen,0,,pubmed.ncbi.nlm.nih.gov,intercalated cells.,conflict,"The presence of an electrogenic H+-ATPase has been described in the late distal tubule, a segment which contains intercalated cells."
qacc-1304,qacc,the site of secretion of h+ and cl-?,misinformation,parietal cells,pending_screen,1,,www.ncbi.nlm.nih.gov,,noise,"Dietary proteins stimulate acid secretion, while dietary lipids suppress acid secretion (313). ... H+ and Cl− in gastric HCl. ... sites of the gastric H,K-ATPase ..."
qacc-1304,qacc,the site of secretion of h+ and cl-?,misinformation,parietal cells,pending_screen,2,,pubmed.ncbi.nlm.nih.gov,,noise,"Oct 15, 1988 ... The ability of this cell type to regulate cytosolic pH (pHi) was examined as a function of stimulation of acid secretion by histamine or ..."
qacc-1304,qacc,the site of secretion of h+ and cl-?,misinformation,parietal cells,pending_screen,3,,www.ncbi.nlm.nih.gov,parietal cells ,correct,"... H+ and Cl-/HCO3- exchange). Stimulation of Na+/H+ exchange in crypt cells, present only on the basolateral membrane, alkalinizes the cell, which would be ..."
qacc-1304,qacc,the site of secretion of h+ and cl-?,misinformation,parietal cells,pending_screen,4,,pubmed.ncbi.nlm.nih.gov,,noise,"... H/K ATPase. In animals in alkalosis, beta-intercalated cells secrete bicarbonate by an apical Cl-/HCO3- exchanger, while a basolateral H-ATPase transfers H ..."
qacc-1304,qacc,the site of secretion of h+ and cl-?,misinformation,parietal cells,pending_screen,5,,www.ncbi.nlm.nih.gov,,noise,"Jan 28, 2015 ... Aldosterone, via the MR, in turn activates ENaC in principal cells, resulting in an increase in paracellular Cl− transport, H+ secretion from ..."
qacc-1304,qacc,the site of secretion of h+ and cl-?,misinformation,parietal cells,pending_screen,6,,www.gastrojournal.org,,noise,"Isolated glands from the rabbit gastric mucosa lost their ability to accumulate H+ ions when incubated in Cl--free solutions, as measured by accumulation of ..."
qacc-1304,qacc,the site of secretion of h+ and cl-?,misinformation,parietal cells,pending_screen,7,,www.sciencedirect.com,,noise,"Step 4: Cl− ions are secreted into the lumen via Cl− channels. ... secrete gastrin, which in turn stimulates the secretion of HCl. ... Concurrently with H+, Cl− ..."
qacc-1304,qacc,the site of secretion of h+ and cl-?,misinformation,parietal cells,pending_screen,8,,courses.lumenlearning.com,,noise,... Cl– by Na+/Cl ... H+ and HCO3– are secreted or reabsorbed as needed to maintain acid–base balance. ... secrete or absorb acid or bicarbonate; important in acid–base ...
qacc-1304,qacc,the site of secretion of h+ and cl-?,misinformation,parietal cells,pending_screen,9,,emedicine.medscape.com,,noise,"Sep 21, 2022 ... ... secrete renin, which increases aldosterone secretion ... hydrogen ion secretion. This leads to a net ... secretion of chloride and reabsorption of ..."
qacc-1326,qacc,what type of government did the ming dynasty have?,misinformation,imperial dynasty,pending_screen,0,,www.britannica.com,bureaucracy,conflict,"Apr 11, 2024 ... The civil service system was perfected during the Ming and then became stratified; almost all the top Ming officials entered the bureaucracy by ..."
qacc-1326,qacc,what type of government did the ming dynasty have?,misinformation,imperial dynasty,pending_screen,1,,en.wikipedia.org,imperial dynasty,correct,"The Ming dynasty officially the Great Ming, was an imperial dynasty of China, ruling from 1368 to 1644 following the collapse of the Mongol-led Yuan dynasty ..."
qacc-1326,qacc,what type of government did the ming dynasty have?,misinformation,imperial dynasty,pending_screen,2,,asia-archive.si.edu,,noise,... has remained China's main seat of government ever since. ... Another type of enamelware greatly admired by the court was ... Ming was manufactured in China ...
qacc-1326,qacc,what type of government did the ming dynasty have?,misinformation,imperial dynasty,pending_screen,3,,www.taiwan.gov.tw,,noise,"Since then, the ROC has continued to exercise effective jurisdiction over the main island of Taiwan and a number of outlying islands, leaving Taiwan and China ..."
qacc-1326,qacc,what type of government did the ming dynasty have?,misinformation,imperial dynasty,pending_screen,4,,www.cambridge.org,,noise,"Although in the end the dynasty collapsed under the pressures of domestic rebellions and foreign invasions, it had long seemed the most secure and ..."
qacc-1326,qacc,what type of government did the ming dynasty have?,misinformation,imperial dynasty,pending_screen,5,,www.ncbi.nlm.nih.gov,,noise,"Jun 28, 2022 ... Ming China was not a democracy, and thus members of society were certainly less enthusiastic about participating directly in politics than the ..."
qacc-1326,qacc,what type of government did the ming dynasty have?,misinformation,imperial dynasty,pending_screen,6,,www.history.com,,noise,"Jan 10, 2018 ... The government also decided that restoring the Great Wall to its full glory and power was the best use of their money to effectively protect the ..."
qacc-1326,qacc,what type of government did the ming dynasty have?,misinformation,imperial dynasty,pending_screen,7,,themingdynasty.org,,noise,"Unlike other dynasties, the Ming Dynasty had one department, the secretariat. This department controlled six ministries which were headed up by a minister and ..."
qacc-1326,qacc,what type of government did the ming dynasty have?,misinformation,imperial dynasty,pending_screen,8,,courses.lumenlearning.com,,noise,The period was marked by the increasing political ... The government even resumed use of paper currency amid ... A second type of market that developed in China was ...
qacc-1326,qacc,what type of government did the ming dynasty have?,misinformation,imperial dynasty,pending_screen,9,,education.asianart.org,,noise,"The government was, in the broadest terms, divided into two parts: the imperial court and the civil bureaucracy. The court was concerned with military matters, ..."
qacc-1327,qacc,when was clash royale released in the us?,misinformation,"March 2, 2016",,0,,www.reddit.com,1/4/2016,conflict,"Jun 27, 2022 ... My understanding is that Clash Royale soft launched on iOS only on 1/4/2016 in a few countries, excluding the US. Then on 2/16/2016, it was soft ..."
qacc-1327,qacc,when was clash royale released in the us?,misinformation,"March 2, 2016",,1,,en.wikipedia.org,,noise,"The game combines elements from collectible card games, tower defense, and multiplayer online battle arena. The game was released globally on March 2, 2016."
qacc-1327,qacc,when was clash royale released in the us?,misinformation,"March 2, 2016",,2,,www.reddit.com,,noise,"Apr 29, 2023 ... Award 0 awards. Share. Portlander. • 1y ago. I started the day they released it in the US and I quit last month. Reply reply. Award 0 awards"
qacc-1327,qacc,when was clash royale released in the us?,misinformation,"March 2, 2016",,3,,supercell.com,,noise,"Clash Royale — Jun 18, 2023. CARD EVOLUTION ... There are FOUR new Card Evolutions released with this ... As always, you can catch us on social media."
qacc-1327,qacc,when was clash royale released in the us?,misinformation,"March 2, 2016",,4,,www.playbite.com,,noise,"Mar 21, 2024 ... Clash Royale, a sensation in the world of mobile gaming, made its debut in the US on March 2, 2016. Developed by Supercell, it quickly became ..."
qacc-1327,qacc,when was clash royale released in the us?,misinformation,"March 2, 2016",,5,,supercell.com,,noise,"Oct 9, 2023 ... Clash of Clans and Clash Royale will launch globally on PC with Google Play Games (beta) soon – stay tuned! Follow us on. YouTube · Facebook ..."
qacc-1327,qacc,when was clash royale released in the us?,misinformation,"March 2, 2016",,6,,apps.apple.com,"March 2, 2016",correct,Needs a ton of work. I have played this game on/off since three days after its release. Some versions have been 5/5 stars whereas others have ...
qacc-1327,qacc,when was clash royale released in the us?,misinformation,"March 2, 2016",,7,,supercell.com,,noise,"Epic Real-Time Card Battles. Clash Royale is a real-time multiplayer game starring the Royales, your favourite Clash characters and much, much more."
qacc-1327,qacc,when was clash royale released in the us?,misinformation,"March 2, 2016",,8,,twitter.com,,noise,"... gets split into two. Available in the US and Canada, and for pre-order in select regions! Visit http://booksofclash.com to order your. Show more. Image. 15."
qacc-1327,qacc,when was clash royale released in the us?,misinformation,"March 2, 2016",,9,,supercell.com,,noise,"Oct 23, 2023 ... We are releasing a small update today that features a few changes and sets us up for a bigger November season… did we mention there's a NEW ..."
qacc-1331,qacc,who sang theme song for license to kill?,misinformation,Gladys Knight,,0,,en.wikipedia.org,Gladys Knight,correct,"""Licence to Kill"" is a song by American singer Gladys Knight, written and recorded for the James Bond film Licence to Kill, taken from the soundtrack of the ..."
qacc-1331,qacc,who sang theme song for license to kill?,misinformation,Gladys Knight,,1,,www.reddit.com,Gladys Knight,correct,"Dec 12, 2021 ... Does anyone know why Gladys Knight was uncredited in the opening titles of Licence to Kill? ... She does say “Kill” but the background singer ..."
qacc-1331,qacc,who sang theme song for license to kill?,misinformation,Gladys Knight,,2,,en.wikipedia.org,Gladys Knight,correct,"Track listing edit · ""Licence to Kill"" – Gladys Knight · ""Wedding Party"" – Ivory · ""Dirty Love"" – Tim Feehan · ""Pam"" · ""If You Asked Me To"" – Patti LaBelle · "" ..."
qacc-1331,qacc,who sang theme song for license to kill?,misinformation,Gladys Knight,,3,,www.reddit.com,Gladys Knight,correct,"Mar 22, 2022 ... Rate the song licence to kill ... theme, and Gladys Knight sings the HELL out of that song. ... The License To Kill soundtrack is one of the ..."
qacc-1331,qacc,who sang theme song for license to kill?,misinformation,Gladys Knight,,4,,www.racv.com.au,Gladys Knight,correct,"Nov 17, 2021 ... License To Kill - Gladys Knight. R n' B legend Gladys Knight sang the theme song for 1989's License to Kill. Despite the song and film title ..."
qacc-1331,qacc,who sang theme song for license to kill?,misinformation,Gladys Knight,,5,,jamesbond.fandom.com,Michael Kamen,conflict,Licence to Kill: Original Motion Picture Soundtrack Album was a soundtrack composed and performed by Michael Kamen and the National Philharmonic Orchestra ...
qacc-1331,qacc,who sang theme song for license to kill?,misinformation,Gladys Knight,,6,,debrief.commanderbond.net,Gladys Knight,correct,"Jan 27, 2013 ... ... theme song to Licence to Kill. The theme was said to have been a new version based on the James Bond Theme. The guitar riff heard in the ..."
qacc-1331,qacc,who sang theme song for license to kill?,misinformation,Gladys Knight,,7,,jamesbond.fandom.com,,noise,"It was written by Narada Michael Walden, Jeffrey Cohen, and Walter Afanasieff. The song was performed by the legendary ""Empress of Soul"", Gladys Knight."
qacc-1331,qacc,who sang theme song for license to kill?,misinformation,Gladys Knight,,8,,www.youtube.com,Gladys Knight,correct,"Aug 10, 2020 ... Licence to Kill • Theme Song • Gladys Knight · Comments862."
qacc-1331,qacc,who sang theme song for license to kill?,misinformation,Gladys Knight,,9,,www.amazon.com,Gladys Knight,correct,Amazon.com: Licence To Kill: Original Motion Picture Soundtrack Album: CDs & Vinyl. ... Title song sung by Gladys Knight. Helpful. Share ... theme song by Patti ...
qacc-1333,qacc,how many wins does tiger woods have on the pga tour?,outdated,82,,0,,en.wikipedia.org,82,correct,"Career records and statistics edit · Woods has won 82 official PGA Tour events, tied with Sam Snead also 82, and nine ahead of Jack Nicklaus's 73 wins. · Woods ..."
qacc-1333,qacc,how many wins does tiger woods have on the pga tour?,outdated,82,,1,,tigerwoods.com,82,correct,"With 82 all-time PGA TOUR victories, Tiger Woods is tied with Sam Snead for the most wins in PGA TOUR history. MAJORS WON (ALL). MAJORS WON (PRO). PGA TOUR WINS ..."
qacc-1333,qacc,how many wins does tiger woods have on the pga tour?,outdated,82,,2,,www.pgatour.com,,noise,"The Official PGA TOUR Profile of Tiger Woods ... These cookies do not store any personally identifiable information. ... have visited our site, and will not be able ..."
qacc-1333,qacc,how many wins does tiger woods have on the pga tour?,outdated,82,,3,,en.wikipedia.org,,noise,"Woods leads all active golfers in career major wins and career PGA Tour wins. Woods is the fifth (after Gene Sarazen, Ben Hogan, Gary Player and Jack Nicklaus) ..."
qacc-1333,qacc,how many wins does tiger woods have on the pga tour?,outdated,82,,4,,www.golfdigest.com,82,correct,"A closer look at how Tiger Woods got to 82 career PGA Tour wins, tying Sam Snead's longstanding record."
qacc-1333,qacc,how many wins does tiger woods have on the pga tour?,outdated,82,,5,,golf.com,81,conflict,"Woods has also accumulated 81 career PGA Tour wins, which is also second-most in the history of golf. Sam Snead holds the all-time record with 82 PGA Tour wins."
qacc-1333,qacc,how many wins does tiger woods have on the pga tour?,outdated,82,,6,,www.golfdigest.com,,noise,"Using the 'Sam Snead criteria' for wins, Tiger Woods actually has 95 tour titles. We'll explain ... EDITORS' NOTE—This story was first published in May 2019, ..."
qacc-1333,qacc,how many wins does tiger woods have on the pga tour?,outdated,82,,7,,golfweek.usatoday.com,,noise,"Dec 30, 2023 ... Tiger's number of PGA Tour victories, tied with Sam Snead for most all-time. 41. Tiger's number of wins on the DP World Tour (formerly European ..."
qacc-1333,qacc,how many wins does tiger woods have on the pga tour?,outdated,82,,8,,www.cbssports.com,,noise,"Apr 11, 2024 ... With a win, the world No. 2 will become just the sixth modern era golfer to complete the career grand slam. McIlroy has been paired with Scottie ..."
qacc-1333,qacc,how many wins does tiger woods have on the pga tour?,outdated,82,,9,,espnpressroom.com,82,correct,"Feb 14, 2024 ... Tiger Woods – 82 PGA TOUR wins (tied for most all-time), 15-time major winner, 41 DP World Tour wins (third most all-time), 11-time PGA TOUR ..."
qacc-1339,qacc,who played kelly taylor's mom on 90210?,misinformation,Ann Gillespie,,0,,en.wikipedia.org,,noise,"It is the first installment of the Beverly Hills, 90210 franchise. The original teenage cast. Center: Dylan McKay; Clockwise from far left: Kelly Taylor, Steve ..."
qacc-1339,qacc,who played kelly taylor's mom on 90210?,misinformation,Ann Gillespie,,1,,www.imdb.com,Ann Gillespie,correct,"First appearance of Ann Gillespie as Jackie Taylor, Kelly's mom. She would appear in several episodes of this show, and would reprise her role in 90210 (2008)."
qacc-1339,qacc,who played kelly taylor's mom on 90210?,misinformation,Ann Gillespie,,2,,90210.fandom.com,Ann Gillespie,correct,"Jackie Taylor is a recurring character on Beverly Hills, 90210. She is portrayed by Ann Gillespie."
qacc-1339,qacc,who played kelly taylor's mom on 90210?,misinformation,Ann Gillespie,,3,,www.today.com,Jennie Garth,conflict,"Oct 2, 2023 ... Jennie Garth shares photo of teen daughter ... and she looks just like Kelly Taylor from '90210'. “Kelly Taylor 2.0!!”."
qacc-1339,qacc,who played kelly taylor's mom on 90210?,misinformation,Ann Gillespie,,4,,90210.fandom.com,Ann Gillespie,correct,"Gillespie turned in a memorable performance as Kelly's mother Jackie Taylor on Beverly Hills, 90210, spanning the show's 10-year run."
qacc-1339,qacc,who played kelly taylor's mom on 90210?,misinformation,Ann Gillespie,,5,,www.fanforum.com,,noise,"Kelly's mother, Jackie is a beautiful ex-fashion model who eventually Reforms and emerges as a loving mother, but only after her struggle with ..."
qacc-1339,qacc,who played kelly taylor's mom on 90210?,misinformation,Ann Gillespie,,6,,www.reddit.com,,noise,"Aug 10, 2023 ... You can really tell in that pic why she was cast as Kelly's mom for sure. ... Jackie Taylor. Upvote 4 ... She was the badass bitch of 90210 moms."
qacc-1339,qacc,who played kelly taylor's mom on 90210?,misinformation,Ann Gillespie,,7,,90210-usa.fandom.com,Ann Gillespie,correct,"Kelly Taylor is a recurring character on 90210, portrayed by Jennie Garth. Kelly and Dylan have a son named Sammy (Riley Thomas Stewart), but Dylan departs ..."
qacc-1339,qacc,who played kelly taylor's mom on 90210?,misinformation,Ann Gillespie,,8,,www.reddit.com,,noise,"Jan 5, 2022 ... Top. New. Controversial. Old. Q&A. [deleted]. • 2y ago. I love that Kelly Taylor's mom is also Paris' mom. Upvote 10. Downvote Reply reply"
qacc-1339,qacc,who played kelly taylor's mom on 90210?,misinformation,Ann Gillespie,,9,,teendramawhore.substack.com,Jennie Garth,conflict,"Nov 6, 2020 ... ... Taylor, mother of Kelly and Silver. Ann Gillespie, who appeared in 55 episodes across all 10 seasons of “Beverly Hills, 90210,” reprised her ..."
qacc-1341,qacc,ranjit sagar dam has builded over which river?,misinformation,Ravi River ,,0,,en.wikipedia.org,Ravi River ,correct,"The Ranjit Sagar Dam, also known as the Thein Dam, is part of a hydroelectric project constructed by the Punjab Irrigation Department on the Ravi River on ..."
qacc-1341,qacc,ranjit sagar dam has builded over which river?,misinformation,Ravi River ,,1,,wildlife.punjab.gov.in,Ravi River ,correct,"The Ranjit Sagar Dam, also known as the Thein Dam, is part of a hydroelectric project constructed by the Punjab Irrigation Department on the Ravi River on ..."
qacc-1341,qacc,ranjit sagar dam has builded over which river?,misinformation,Ravi River ,,2,,testbook.com,Ravi River ,correct,"Jun 29, 2021 ... The Correct Answer is Ravi River. Key Points. The Ranjit Sagar Dam, also known as the Thein Dam, is a part of a hydroelectric project."
qacc-1341,qacc,ranjit sagar dam has builded over which river?,misinformation,Ravi River ,,3,,indiawris.gov.in,Ravi River ,correct,"... dam/Ranjit Sagar dam on River Ravi. The CCA and ... Further downstream, Thein Dam, now known as Ranjit Sagar dam has been constructed ... The Ranjit Sagar Dam is ..."
qacc-1341,qacc,ranjit sagar dam has builded over which river?,misinformation,Ravi River ,,4,,www.tripadvisor.com,Ravi River ,correct,The Ranjit Sagar Dam is also known as the Thien Dam and constructed on the river Ravi. The dam is a great picnic spot with its lush green surroundings. The ...
qacc-1341,qacc,ranjit sagar dam has builded over which river?,misinformation,Ravi River ,,5,,environmentclearance.nic.in,Ravi River ,correct,"Jun 23, 2016 ... A major project namely Ranjit Sagar dam near Shajapur town on main river Kalisindh is in ... construction of any major dam /reservoir on the river ..."
qacc-1341,qacc,ranjit sagar dam has builded over which river?,misinformation,Ravi River ,,6,,pathankot.nic.in,Ravi River ,correct,The Ranjit Sagar Dam is also known as the Thien Dam and constructed on the river Ravi. The dam is a great picnic spot with its lush green surroundings. The ...
qacc-1341,qacc,ranjit sagar dam has builded over which river?,misinformation,Ravi River ,,7,,pragativadi.com,Ravi River ,correct,"Feb 26, 2024 ... ... has rights over the water of Indus, Jhelum and Chenab. In 1979 ... It is built on river Ravi, 11 km downstream of Ranjit Sagar Dam Project."
qacc-1341,qacc,ranjit sagar dam has builded over which river?,misinformation,Ravi River ,,8,,irrigation.punjab.gov.in,river Kalisindh,conflict,"The Ranjit Sagar Dam on river Ravi, constructed 24 Km upstream of Madhopur Headworks, was commissioned in the year 2000. Expenditure of Rs. 3745.00 crore has ..."
qacc-1341,qacc,ranjit sagar dam has builded over which river?,misinformation,Ravi River ,,9,,github.com,Ravi River ,correct,"ranjit sagar dam has builded over which river ravi river, ravi river, ravi river, ravi river, ravi river narmada river FALSE. what are the main sources of ..."
qacc-1344,qacc,the general term for software that is designed to damage disable or steal data is?,misinformation,Malware ,pending_screen,0,,blog.totalprosource.com,,noise,"Aug 17, 2020 ... ... damage, exploit, or disable devices, systems, and networks. It is used to compromise device functions, steal data ... program designed to trick ..."
qacc-1344,qacc,the general term for software that is designed to damage disable or steal data is?,misinformation,Malware ,pending_screen,1,,www.legis.state.pa.us,,noise,"Dec 16, 2002 ... ... computer was generally designed. ""Computer ... data, computer programs or computer ... (2) degrade, disable, damage or destroy the performance of a ..."
qacc-1344,qacc,the general term for software that is designed to damage disable or steal data is?,misinformation,Malware ,pending_screen,2,,www.techtarget.com,A Trojan horse,conflict,"These malicious programs steal, encrypt and delete sensitive data ... A Trojan horse is designed to appear as a legitimate software program to gain access to a ..."
qacc-1344,qacc,the general term for software that is designed to damage disable or steal data is?,misinformation,Malware ,pending_screen,3,,www.proofpoint.com,,noise,... used to steal data or make money for the attacker. ... Malware is a general term for any type of malicious software ... computer to prevent it from causing further ...
qacc-1344,qacc,the general term for software that is designed to damage disable or steal data is?,misinformation,Malware ,pending_screen,4,,oag.ca.gov, Malware ,correct,"Antivirus software protects your device from viruses that can destroy your data ... Even if you make all the right moves, your data may be stolen from a company ..."
qacc-1344,qacc,the general term for software that is designed to damage disable or steal data is?,misinformation,Malware ,pending_screen,5,,usa.kaspersky.com,,noise,"Spyware Definition. Spyware is loosely defined as malicious software designed to enter your computer device, gather data about you, and forward it to a ..."
qacc-1344,qacc,the general term for software that is designed to damage disable or steal data is?,misinformation,Malware ,pending_screen,6,,www.crowdstrike.com, Malware ,correct,"Jun 17, 2022 ... Many of these files originate from unofficial, pirated app marketplaces and are designed to steal data and files from the device. How to Prevent ..."
qacc-1344,qacc,the general term for software that is designed to damage disable or steal data is?,misinformation,Malware ,pending_screen,7,,cpp.service-now.com,,noise,"May 30, 2023 ... Malware - Software designed to infiltrate or damage a computer ... The expression is a general term used by computer ... stealing information off a ..."
qacc-1344,qacc,the general term for software that is designed to damage disable or steal data is?,misinformation,Malware ,pending_screen,8,,www.umass.edu, Malware ,correct,Malware is a catch-all term for various malicious software ... computer damage. ... They can do anything from erasing the data on your computer to hijacking your ...
qacc-1344,qacc,the general term for software that is designed to damage disable or steal data is?,misinformation,Malware ,pending_screen,9,,quizlet.com, Malware ,correct,"The general term for software that is designed to damage, disable, or steal data is. malware. The illegal activities involving computers on the internet are ..."
qacc-1347,qacc,who has won the cma entertainer of the year the most?,misinformation,Garth Brooks,pending_screen,0,,en.wikipedia.org,Garth Brooks,correct,"Garth Brooks holds the record for most wins in the category, with seven, while three-time recipient George Strait has a leading nineteen nominations. To date, ..."
qacc-1347,qacc,who has won the cma entertainer of the year the most?,misinformation,Garth Brooks,pending_screen,1,,country1025.com,,noise,"Nov 7, 2022 ... These Artists Have The Most CMA Entertainer Of The Year Wins · Alan Jackson (three wins) 1995, 2002, 2003. Bryan Bedder/Getty Images · George ..."
qacc-1347,qacc,who has won the cma entertainer of the year the most?,misinformation,Garth Brooks,pending_screen,2,,www.yahoo.com,,noise,"Nov 7, 2023 ... and Lainey Wilson are nominated for Entertainer of the Year, the night's most prestigious award. Garth Brooks leads all artists with seven ..."
qacc-1347,qacc,who has won the cma entertainer of the year the most?,misinformation,Garth Brooks,pending_screen,3,,www.yardbarker.com,Garth Brooks,correct,"Feb 14, 2023 ... George Strait ... It's not much of a surprise that the reigning king of country music is also the winningest Country Music Association Award ..."
qacc-1347,qacc,who has won the cma entertainer of the year the most?,misinformation,Garth Brooks,pending_screen,4,,theboot.com,Garth Brooks,correct,"Nov 3, 2022 ... 2017: Garth Brooks ... Garth Brooks won Entertainer of the Year at the 2017 CMA Awards, for the second year in a row, making him a three-time ..."
qacc-1347,qacc,who has won the cma entertainer of the year the most?,misinformation,Garth Brooks,pending_screen,5,,www.wideopencountry.com,Garth Brooks,correct,"Nov 5, 2021 ... Garth Brooks has won the CMA Entertainer of the Year award more times than any other artist, and he took it home for the 5th and 6th time in ..."
qacc-1347,qacc,who has won the cma entertainer of the year the most?,misinformation,Garth Brooks,pending_screen,6,,www.billboard.com,,noise,"Oct 31, 2023 ... We'll get to the list, we promise, but first, to tease you just a bit more, we have four lists of all-time CMA winners: The five acts with the ..."
qacc-1347,qacc,who has won the cma entertainer of the year the most?,misinformation,Garth Brooks,pending_screen,7,,theboot.com,Brad Paisley,conflict,"Oct 27, 2022 ... Brad Paisley is the recipient of 14 total CMA Awards, beginning with the Horizon Award in 2000 and most recently winning Entertainer of the Year ..."
qacc-1347,qacc,who has won the cma entertainer of the year the most?,misinformation,Garth Brooks,pending_screen,8,,people.com,,noise,"Nov 8, 2023 ... A list of the 8 women who've won the CMA Awards' Entertainer of the Year."
qacc-1347,qacc,who has won the cma entertainer of the year the most?,misinformation,Garth Brooks,pending_screen,9,,cmaawards.com,Lainey Wilson,conflict,Past Winners And Nominees. CMA Awards Top Nominations and Winners Lists. CMA Awards Winners by Most Wins – November 2023 · CMA Awards By Most Nominations – 2023.
qacc-1348,qacc,what type of economic system was utilized in the soviet union?,misinformation,Soviet-type economic planning,soft_conflict,0,,www.investopedia.com,,noise,"Sep 9, 2023 ... The Soviet Union was a socialist country with a command economy. The government owned most businesses, set prices, and decided what to produce."
qacc-1348,qacc,what type of economic system was utilized in the soviet union?,misinformation,Soviet-type economic planning,soft_conflict,1,,en.wikipedia.org,,noise,"An administrative-command system managed a distinctive form of central planning. The Soviet economy was characterized by state control of investment, prices, a ..."
qacc-1348,qacc,what type of economic system was utilized in the soviet union?,misinformation,Soviet-type economic planning,soft_conflict,2,,www.imf.org,Soviet-type economic planning,correct,These developments in the economy of the Soviet Union ... economic system. Since it regards markets as ... economies of this type. The selection of interventions ...
qacc-1348,qacc,what type of economic system was utilized in the soviet union?,misinformation,Soviet-type economic planning,soft_conflict,3,,en.wikipedia.org,,noise,Soviet-type economic planning (STP) is the specific model of centralized planning employed by Marxist–Leninist socialist states modeled on the economy of ...
qacc-1348,qacc,what type of economic system was utilized in the soviet union?,misinformation,Soviet-type economic planning,soft_conflict,4,,www.imf.org,,noise,"1950s / Cold War. Communist nations, dominated by the Soviet Union and China, withdraw from the global economic system."
qacc-1348,qacc,what type of economic system was utilized in the soviet union?,misinformation,Soviet-type economic planning,soft_conflict,5,,www.historians.org,,noise,The relatively few members of the aristocracy and the rising middle class were deprived of all property that could be used in productive enterprise. Manyof them ...
qacc-1348,qacc,what type of economic system was utilized in the soviet union?,misinformation,Soviet-type economic planning,soft_conflict,6,,www.loc.gov,,noise,"Lenin, Stalin and the Bolsheviks used ruthless methods to surprises political rivals with tight centralization and secret police to enforce power with ..."
qacc-1348,qacc,what type of economic system was utilized in the soviet union?,misinformation,Soviet-type economic planning,soft_conflict,7,,carnegieendowment.org,,noise,"Mar 9, 2012 ... And that type ... Soviet-era infrastructure in line with modern market-economy requirements. ... used just under half of the efficiency available ..."
qacc-1348,qacc,what type of economic system was utilized in the soviet union?,misinformation,Soviet-type economic planning,soft_conflict,8,,www.nato.int,,noise,"Jun 3, 2022 ... The Soviet Union was spending three times as much as the United States on defence with an economy that was one-third the size. Mikhail Gorbachev ..."
qacc-1348,qacc,what type of economic system was utilized in the soviet union?,misinformation,Soviet-type economic planning,soft_conflict,9,,www.reaganlibrary.gov, centrally planned economies ,conflict,"Internationally, Reagan demonstrated a fierce opposition to the spread of communism throughout the world and a strong distrust of the Soviet Union, which in ..."
qacc-1349,qacc,who made the first spanish landing on the mainland of north america?,misinformation,Juan Ponce de Leon,no_valid_conflict_pair,0,,quizlet.com,Juan Ponce de Leon,correct,Ponce de Leon. Who made the first Spanish landing on the mainland of North America? ; Vasco de Balboa. Who discovered the Pacific Ocean? ; Ferdinand Magellan.
qacc-1349,qacc,who made the first spanish landing on the mainland of north america?,misinformation,Juan Ponce de Leon,no_valid_conflict_pair,1,,www.studystack.com,Juan Ponce de Leon,correct,Who conquered the Aztecs? Hernando Cortes. Who made the first Spanish landing on the mainland of North America? Juan Ponce de Leon. Who led a Spanish expedition ...
qacc-1349,qacc,who made the first spanish landing on the mainland of north america?,misinformation,Juan Ponce de Leon,no_valid_conflict_pair,2,,quizlet.com,Juan Ponce de Leon,correct,Who made the first Spanish landing on the mainland of North America? Juan Ponce de Leon. Who led a Spanish expedition that discovered the Pacific Ocean?
qacc-1349,qacc,who made the first spanish landing on the mainland of north america?,misinformation,Juan Ponce de Leon,no_valid_conflict_pair,3,,www.history.com,,noise,"Jul 21, 2010 ... Explorer Christopher Columbus sets foot on the American mainland ... land routes. ... He entered the Gulf of Paria in Venezuela and planted the ..."
qacc-1349,qacc,who made the first spanish landing on the mainland of north america?,misinformation,Juan Ponce de Leon,no_valid_conflict_pair,4,,omniatlas.com,Juan Ponce de Leon,correct,Historical Map of North America & the Caribbean (7 January 1503 - First Spanish attempts on the Mainland: By the beginning of the 16th century Spanish ...
qacc-1349,qacc,who made the first spanish landing on the mainland of north america?,misinformation,Juan Ponce de Leon,no_valid_conflict_pair,5,,kids.britannica.com,,noise,The first Europeans to land on the mainland of North America were the Viking explorer Leif Eriksson and his party. Leif was one of Erik the Red's sons and had ...
qacc-1349,qacc,who made the first spanish landing on the mainland of north america?,misinformation,Juan Ponce de Leon,no_valid_conflict_pair,6,,www.ccpl.org,,noise,"Sep 24, 2021 ... ... Spanish colonists from the mainland of North America. By ignoring a controversy that colored so much of South Carolina's early history, we ..."
qacc-1349,qacc,who made the first spanish landing on the mainland of north america?,misinformation,Juan Ponce de Leon,no_valid_conflict_pair,7,,en.wikipedia.org,,noise,... mainland of South and Central America occupied them for over two decades. ... Spanish explorers claimed land ... Early Latin America: A History of Colonial Spanish ...
qacc-1349,qacc,who made the first spanish landing on the mainland of north america?,misinformation,Juan Ponce de Leon,no_valid_conflict_pair,8,,nationalhumanitiescenter.org,,noise,... history of early New Spain from state archives. ... first year after landing in November 1620 to the first ... The first major slave revolt in North America ...
qacc-1349,qacc,who made the first spanish landing on the mainland of north america?,misinformation,Juan Ponce de Leon,no_valid_conflict_pair,9,,www.thestoryoftexas.com,,noise,"When Cabeza de Vaca joined fellow Spanish explorer Pánfilo de Narváez on an expedition to conquer and colonize the North American Gulf Coast in 1528, he began a ..."
qacc-1354,qacc,who sang theme song for license to kill?,misinformation,Gladys Knight,,0,,en.wikipedia.org,Gladys Knight,correct,"""Licence to Kill"" is a song by American singer Gladys Knight, written and recorded for the James Bond film Licence to Kill, taken from the soundtrack of the ..."
qacc-1354,qacc,who sang theme song for license to kill?,misinformation,Gladys Knight,,1,,www.reddit.com,Gladys Knight,correct,"Dec 12, 2021 ... Does anyone know why Gladys Knight was uncredited in the opening titles of Licence to Kill? ... She does say “Kill” but the background singer ..."
qacc-1354,qacc,who sang theme song for license to kill?,misinformation,Gladys Knight,,2,,en.wikipedia.org,Gladys Knight,correct,"Track listing edit · ""Licence to Kill"" – Gladys Knight · ""Wedding Party"" – Ivory · ""Dirty Love"" – Tim Feehan · ""Pam"" · ""If You Asked Me To"" – Patti LaBelle · "" ..."
qacc-1354,qacc,who sang theme song for license to kill?,misinformation,Gladys Knight,,3,,www.reddit.com,Gladys Knight,correct,"Mar 22, 2022 ... Rate the song licence to kill ... theme, and Gladys Knight sings the HELL out of that song. ... The License To Kill soundtrack is one of the ..."
qacc-1354,qacc,who sang theme song for license to kill?,misinformation,Gladys Knight,,4,,www.racv.com.au,,noise,"Nov 17, 2021 ... License To Kill - Gladys Knight. R n' B legend Gladys Knight sang the theme song for 1989's License to Kill. Despite the song and film title ..."
qacc-1354,qacc,who sang theme song for license to kill?,misinformation,Gladys Knight,,5,,jamesbond.fandom.com,Michael Kamen,conflict,Licence to Kill: Original Motion Picture Soundtrack Album was a soundtrack composed and performed by Michael Kamen and the National Philharmonic Orchestra ...
qacc-1354,qacc,who sang theme song for license to kill?,misinformation,Gladys Knight,,6,,debrief.commanderbond.net,Gladys Knight,correct,"Jan 27, 2013 ... ... theme song to Licence to Kill. The theme was said to have been a new version based on the James Bond Theme. The guitar riff heard in the ..."
qacc-1354,qacc,who sang theme song for license to kill?,misinformation,Gladys Knight,,7,,jamesbond.fandom.com,,noise,"It was written by Narada Michael Walden, Jeffrey Cohen, and Walter Afanasieff. The song was performed by the legendary ""Empress of Soul"", Gladys Knight."
qacc-1354,qacc,who sang theme song for license to kill?,misinformation,Gladys Knight,,8,,www.youtube.com,Gladys Knight,correct,"Aug 10, 2020 ... Licence to Kill • Theme Song • Gladys Knight · Comments862."
qacc-1354,qacc,who sang theme song for license to kill?,misinformation,Gladys Knight,,9,,www.amazon.com,Gladys Knight,correct,Amazon.com: Licence To Kill: Original Motion Picture Soundtrack Album: CDs & Vinyl. ... Title song sung by Gladys Knight. Helpful. Share ... theme song by Patti ...
qacc-1357,qacc,who wrote the theme to last of the mohicans?,misinformation,Trevor Jones,pending_screen,0,,en.wikipedia.org,Trevor Jones,correct,Composers: Trevor Jones and Randy Edelman · Orchestrator: Jack Smalley · Conductor: Daniel A. Carlin and Randy Edelman · Manufacturer: Morgan Creek · Written by: ...
qacc-1357,qacc,who wrote the theme to last of the mohicans?,misinformation,Trevor Jones,pending_screen,1,,www.amazon.com,Trevor Jones,correct,"Trevor Jones, Randy Edelman - The Last Of The Mohicans: Original Motion Picture Soundtrack - Amazon.com Music."
qacc-1357,qacc,who wrote the theme to last of the mohicans?,misinformation,Trevor Jones,pending_screen,2,,www.cnn.com,Trevor Jones,correct,"Oct 23, 2012 ... You may not know Trevor Jones by name but chances are you are familiar with his work. The South African composer is responsible for over 100 ..."
qacc-1357,qacc,who wrote the theme to last of the mohicans?,misinformation,Trevor Jones,pending_screen,3,,www.maintitles.net,Randy Edelman ,conflict,"Randy Edelman came on board and composed the rest what ultimately needed to be scored. And in that very same year, the movie became an absolute hit, and the ..."
qacc-1357,qacc,who wrote the theme to last of the mohicans?,misinformation,Trevor Jones,pending_screen,4,,moviemusicuk.us,Trevor Jones,correct,"Sep 8, 2022 ... When it came to the music for The Last of the Mohicans director Mann originally turned to South African composer Trevor Jones, who had made his ..."
qacc-1357,qacc,who wrote the theme to last of the mohicans?,misinformation,Trevor Jones,pending_screen,5,,screencrush.com,Trevor Jones,correct,"Sep 25, 2017 ... What Trevor Jones and Randy Edelman, the second credited composer, created was a soundtrack so rich and rousing that it boosts the quality of ..."
qacc-1357,qacc,who wrote the theme to last of the mohicans?,misinformation,Trevor Jones,pending_screen,6,,mondoshop.com,,noise,"Rare is the soundtrack that as time passes overshadows the film of which it was a part, but that's what has happened in the years since the 1992 release of ..."
qacc-1357,qacc,who wrote the theme to last of the mohicans?,misinformation,Trevor Jones,pending_screen,7,,www.reddit.com,,noise,"Jul 28, 2021 ... The main theme isn't even original, it's an adaptation of a song released a few years before the movie. Upvote 6. Downvote Reply reply"
qacc-1357,qacc,who wrote the theme to last of the mohicans?,misinformation,Trevor Jones,pending_screen,8,,open.spotify.com,,noise,Listen to The Last Of The Mohicans (Original Motion Picture Soundtrack) on Spotify. Various Artists · Compilation · 1992 · 16 songs.
qacc-1357,qacc,who wrote the theme to last of the mohicans?,misinformation,Trevor Jones,pending_screen,9,,music.apple.com,,noise,"Jan 1, 1992 ... Last of the Mohicans (Original Motion Picture Soundtrack) · RECORD LABEL · More By Trevor Jones · You Might Also Like · Africa, Middle East, and ..."
qacc-1366,qacc,where does aarp fall on the political spectrum?,misinformation,AARP is a nonpartisan ,soft_conflict,0,,press.aarp.org,,noise,"May 5, 2023 ... Over 70% of voters across the political spectrum say they would be more likely to support a candidate who backed proposals to support family ..."
qacc-1366,qacc,where does aarp fall on the political spectrum?,misinformation,AARP is a nonpartisan ,soft_conflict,1,,states.aarp.org,,noise,Voters from across Iowa and the political spectrum filmed themselves asking these two questions of the candidates as part of AARP Iowa's Pocketbook ...
qacc-1366,qacc,where does aarp fall on the political spectrum?,misinformation,AARP is a nonpartisan ,soft_conflict,2,,press.aarp.org,,noise,"Oct 24, 2023 ... Over 70% of voters across the political spectrum say they would be more likely to support a candidate who backed proposals to support family ..."
qacc-1366,qacc,where does aarp fall on the political spectrum?,misinformation,AARP is a nonpartisan ,soft_conflict,3,,states.aarp.org,,noise,... AARP Hawai`i survey of registered voters 40 and older. That support is widespread and cuts across the political spectrum. Most respondents said the state ...
qacc-1366,qacc,where does aarp fall on the political spectrum?,misinformation,AARP is a nonpartisan ,soft_conflict,4,,spectrumlocalnews.com,,noise,"Jan 17, 2024 ... Luke Parsnow is the New York state politics digital content writer and producer at Spectrum News 1. He is an award-winning writer and political ..."
qacc-1366,qacc,where does aarp fall on the political spectrum?,misinformation,AARP is a nonpartisan ,soft_conflict,5,,www.aarp.org,,noise,"... Fit. Your Personalized Guide to Fitness · spinner ... As engaged citizens and voters across the political spectrum ... AARP is a nonprofit, nonpartisan organization ..."
qacc-1366,qacc,where does aarp fall on the political spectrum?,misinformation,AARP is a nonpartisan ,soft_conflict,6,,www.opensecrets.org,,noise,"NOTE: The organization itself did not donate, rather the money came from the organization's individual members or employees or owners, and those individuals' ..."
qacc-1366,qacc,where does aarp fall on the political spectrum?,misinformation,AARP is a nonpartisan ,soft_conflict,7,,www.aarp.org,AARP is a nonprofit,conflict,"Sep 13, 2023 ... ... fall asleep. ... Multiple websites debunk false statements, images, and videos from across the political spectrum. ... AARP is a nonprofit, ..."
qacc-1366,qacc,where does aarp fall on the political spectrum?,misinformation,AARP is a nonpartisan ,soft_conflict,8,,www.usatoday.com,,noise,"Aug 29, 2020 ... ""AARP is strictly nonpartisan,"" Jason Young, AARP's senior vice president of external relations said, further noting that nonpartisanship is a ..."
qacc-1366,qacc,where does aarp fall on the political spectrum?,misinformation,AARP is a nonpartisan ,soft_conflict,9,,afajournal.org,AARP is a nonpartisan ,correct,"AARP is a nonpartisan organization, and we do not endorse political candidates nor coordinate with any candidate or political party.” Really? Only weeks before, ..."
qacc-1373,qacc,which financial statement involves all aspects of the accounting​ equation?,misinformation,balance sheet,no_valid_conflict_pair,0,,www.highradius.com,balance sheet,correct,"Apr 23, 2024 ... Balance sheet is the financial statement that involves all aspects of the accounting equation namely, assets, liabilities and equity. A balance ..."
qacc-1373,qacc,which financial statement involves all aspects of the accounting​ equation?,misinformation,balance sheet,no_valid_conflict_pair,1,,quizlet.com,balance sheet,correct,Which financial statement involves all aspects of the accounting​ equation? Balance sheet ​Profit-and-loss statement. Income statement. Statement of cash flows
qacc-1373,qacc,which financial statement involves all aspects of the accounting​ equation?,misinformation,balance sheet,no_valid_conflict_pair,2,,web.ung.edu,,noise,"Jul 1, 2018 ... accounting equation must be in balance at all ... The retained earnings statement includes elements similar to those in a ... involves producing ..."
qacc-1373,qacc,which financial statement involves all aspects of the accounting​ equation?,misinformation,balance sheet,no_valid_conflict_pair,3,,www.artsyltech.com,,noise,"This component includes items such as accounts payable, loans, and taxes owed to the government. All liabilities must be reported on the company's balance sheet ..."
qacc-1373,qacc,which financial statement involves all aspects of the accounting​ equation?,misinformation,balance sheet,no_valid_conflict_pair,4,,www.investopedia.com,,noise,"These transactions are summarized in the preparation of financial statements—including the balance sheet, income statement, and cash flow statement—that record ..."
qacc-1373,qacc,which financial statement involves all aspects of the accounting​ equation?,misinformation,balance sheet,no_valid_conflict_pair,5,,gocardless.com,balance sheet,correct,"The accounting equation lays the foundation for financial statements including the balance sheet. ... balance sheet with all assets, liabilities, and equity."
qacc-1373,qacc,which financial statement involves all aspects of the accounting​ equation?,misinformation,balance sheet,no_valid_conflict_pair,6,,www.sec.gov,,noise,"Feb 5, 2007 ... A company's balance sheet is set up like the basic accounting equation shown above. ... statement separately, keep in mind that they are all ..."
qacc-1373,qacc,which financial statement involves all aspects of the accounting​ equation?,misinformation,balance sheet,no_valid_conflict_pair,7,,synder.com,balance sheet,correct,"Aug 14, 2023 ... Revenues swell the coffers and contribute to the company's financial growth. Now, every adventure requires resources, and that's where expenses ..."
qacc-1373,qacc,which financial statement involves all aspects of the accounting​ equation?,misinformation,balance sheet,no_valid_conflict_pair,8,,www.coursehero.com,,noise,15. Which financial statement involves all aspects of the accounting equation? Balance sheet. 16.Which financial statement involves an accurate record of the ...
qacc-1373,qacc,which financial statement involves all aspects of the accounting​ equation?,misinformation,balance sheet,no_valid_conflict_pair,9,,quickbooks.intuit.com,,noise,"Mar 16, 2023 ... To perform double-entry accounting, you use the accounting equation, also called the balance sheet formula, to ensure your company's assets ..."
qacc-1377,qacc,who played skeletor in the movie masters of the universe?,misinformation,Frank Langella,,0,,www.imdb.com,Frank Langella,correct,Frank Langella went on record in an interview stating that playing Skeletor was one of his favorite roles. His young son was a huge fan and was running ...
qacc-1377,qacc,who played skeletor in the movie masters of the universe?,misinformation,Frank Langella,,1,,en.wikipedia.org,Frank Langella,correct,Cast edit · Dolph Lundgren as He-Man · Frank Langella as Skeletor · Courteney Cox as Julie Winston · Barry Livingston as Charlie · James Tolkan as Detective Hugh ...
qacc-1377,qacc,who played skeletor in the movie masters of the universe?,misinformation,Frank Langella,,2,,www.imdb.com,Frank Langella,correct,Masters of the Universe (1987) Frank Langella as Skeletor. ... Movies by GenreTop Box OfficeShowtimes & TicketsMovie NewsIndia Movie Spotlight ... Full Cast and ...
qacc-1377,qacc,who played skeletor in the movie masters of the universe?,misinformation,Frank Langella,,3,,www.reddit.com,Jack Palance,conflict,"Feb 10, 2023 ... I strongly remember Jack Palance hamming it up as Skeletor, especially his distinct voice. I revisted the film and Palance is not in it in ..."
qacc-1377,qacc,who played skeletor in the movie masters of the universe?,misinformation,Frank Langella,,4,,variety.com,,noise,"Jul 18, 2023 ... ... actor like Allen. While he remains attached to play He-Man on paper, production schedules across town have been spun into chaos and may look ..."
qacc-1377,qacc,who played skeletor in the movie masters of the universe?,misinformation,Frank Langella,,5,,www.reddit.com,Frank Langella,correct,"Feb 7, 2017 ... Tough choice time: Who chewed the scenery better, Frank Langella as Skeletor or Raul Julia as M. Bison?"
qacc-1377,qacc,who played skeletor in the movie masters of the universe?,misinformation,Frank Langella,,6,,he-man.fandom.com,,noise,"I must posess all, or I posess nothing.Skeletor Skeletor is the primary antagonist in the 1987 Masters of the Universe (1987 film) ... Played by. Frank Langella. ( ..."
qacc-1377,qacc,who played skeletor in the movie masters of the universe?,misinformation,Frank Langella,,7,,www.yahoo.com,Frank Langella,correct,"Aug 5, 2022 ... Dolph Lundgren reflects on He-Man stint as 'Masters of the Universe' turns 35: 'It was weird playing a toy' ... No compatible source was found for ..."
qacc-1377,qacc,who played skeletor in the movie masters of the universe?,misinformation,Frank Langella,,8,,m.imdb.com,,noise,Cast (25) · Dolph Lundgren · Frank Langella · Meg Foster · Billy Barty · Courteney Cox · Robert Duncan McNeill · Jon Cypher · Chelsea Field.
qacc-1377,qacc,who played skeletor in the movie masters of the universe?,misinformation,Frank Langella,,9,,medium.com,,noise,"Aug 9, 2020 ... Actor Dolph Lundgren as He-Man in the movie 'Masters of the Universe'. Photo: Golan-Globus/Cannon Film. Member-only story. He-Man Is My Gender ..."
qacc-1381,qacc,where did the name huey helicopter come from?,misinformation,an early designation,gold_not_in_candidates,0,,coffeeordie.com,phonetic pronunciation,conflict,"Dec 16, 2022 ... Where Did the Name 'Huey' Helicopter Come From? ... According to the Army War College, the “Huey” nickname came from the phonetic pronunciation of ..."
qacc-1381,qacc,where did the name huey helicopter come from?,misinformation,an early designation,gold_not_in_candidates,1,,ahec.armywarcollege.edu, from an early designation,conflict,"Nicknamed the ""Huey"" after the phonetic sound of its original designation, HU-1, the UH-1 ""Iroquois"" helicopter was the work horse of the Army during the ..."
qacc-1381,qacc,where did the name huey helicopter come from?,misinformation,an early designation,gold_not_in_candidates,2,,en.wikipedia.org,,noise,"Various derivatives and developments of the Iroquois were produced. A dedicated attack helicopter, the Bell AH-1 Cobra, was derived from the UH-1, and retained ..."
qacc-1381,qacc,where did the name huey helicopter come from?,misinformation,an early designation,gold_not_in_candidates,3,,www.nwcg.gov,,noise,The reference became so popular that Bell began casting the name on the helicopter's anti-torque pedals. The official U.S. Army name “Iroquois” was almost never ...
qacc-1381,qacc,where did the name huey helicopter come from?,misinformation,an early designation,gold_not_in_candidates,4,,www.museumofflight.org,,noise,"The Bell UH-1 Iroquois, commonly known as the ""Huey,"" was a multipurpose utility helicopter famous for its widespread use during the Vietnam War."
qacc-1381,qacc,where did the name huey helicopter come from?,misinformation,an early designation,gold_not_in_candidates,5,,www.historyhit.com, from an early designation,conflict,"Aug 17, 2018 ... The name “Huey” comes from an early designation. The Army initially designated the XH-40 as the HU-1 (Helicopter Utility). This designation ..."
qacc-1381,qacc,where did the name huey helicopter come from?,misinformation,an early designation,gold_not_in_candidates,6,,www.af.mil,,noise,"Dec 19, 2019 ... The aircraft is set to replace the Air Force's fleet of UH-1N Huey ... The name Grey Wolf is derived from the wild ... The new helicopter closes ..."
qacc-1381,qacc,where did the name huey helicopter come from?,misinformation,an early designation,gold_not_in_candidates,7,,www.quora.com,,noise,"Apr 20, 2021 ... The name Huey is primarily a male name of German origin that means Bright In Mind And Spirit. Diminutive of the name Hugh. Huey Lewis, singer/ ..."
qacc-1381,qacc,where did the name huey helicopter come from?,misinformation,an early designation,gold_not_in_candidates,8,,www.huey.co.uk, from an early designation,conflict,HUEY HELICOPTER HISTORY. HUEY UH-1. The military helicopter Bell UH-1 series was designed and built by the Bell Helicopter Company in the late 1950s as a ...
qacc-1381,qacc,where did the name huey helicopter come from?,misinformation,an early designation,gold_not_in_candidates,9,,www.hurlburt.af.mil, from an early designation,conflict,"The name Huey derived from the pre-1962 designation. The single engine Models 204 and 205 were skid-equipped helicopters with a single, two-blade, all-metal ..."
qacc-1394,qacc,who played the princess in kingsman secret service?,misinformation,Hanna Carolina Alström,,0,,www.imdb.com,Hanna Carolina Alström,correct,"Hanna Alström. Actress: Kingsman: The Secret Service. Hanna Alström was born ... Princess Tilde. 2014. Colin Firth, Julianne Moore, Mark Strong, Channing Tatum, ..."
qacc-1394,qacc,who played the princess in kingsman secret service?,misinformation,Hanna Carolina Alström,,1,,en.wikipedia.org,Hanna Carolina Alström,correct,Hanna Carolina Alström (born 5 March 1981) is a Swedish actress best known for starring in Kingsman: The Secret Service and its sequel Kingsman: The Golden ...
qacc-1394,qacc,who played the princess in kingsman secret service?,misinformation,Hanna Carolina Alström,,2,,kingsman.fandom.com,,noise,Kingsman: The Secret Service ... Crown Princess Tilde of Sweden was one of several heads of state and VIPs along with Swedish Prime Minister Morten Lindström who ...
qacc-1394,qacc,who played the princess in kingsman secret service?,misinformation,Hanna Carolina Alström,,3,,www.reddit.com,,noise,"Aug 12, 2015 ... [Spoilers] What happened to the princess joke in ""Kingsman: The Secret Service""? ... was cut out completely... ... Nothing of value was lost when ..."
qacc-1394,qacc,who played the princess in kingsman secret service?,misinformation,Hanna Carolina Alström,,4,,en.wikipedia.org,,noise,"Cast edit · Colin Firth as Harry Hart / Galahad · Samuel L. · Mark Strong as Hamish Mycroft / Merlin · Taron Egerton as Gary ""Eggsy"" Unwin / Galahad · Sophie Cookson ..."
qacc-1394,qacc,who played the princess in kingsman secret service?,misinformation,Hanna Carolina Alström,,5,,www.reddit.com,,noise,"Feb 13, 2015 ... ... • 9y ago. Who played Swedish princess? I will be thinking about her last line for a long, long time. Reply reply. Award 0 awards. Share."
qacc-1394,qacc,who played the princess in kingsman secret service?,misinformation,Hanna Carolina Alström,,6,,m.imdb.com,Hanna Carolina Alström,correct,Cast (137) · Adrian Quinton · Colin Firth · Mark Strong · Jonno Davies · Jack Davenport · Alex Nikolov · Samantha Womack · Mark Hamill.
qacc-1394,qacc,who played the princess in kingsman secret service?,misinformation,Hanna Carolina Alström,,7,,basilmarinerchase.wordpress.com,,noise,"Feb 16, 2015 ... One of the Ugliest Films I've Ever Seen — “Kingsman: The Secret Service” ... Hanna Alstrom plays an imprisoned princess. ... Kennedy (who was ..."
qacc-1394,qacc,who played the princess in kingsman secret service?,misinformation,Hanna Carolina Alström,,8,,0b.medium.com,Colin Firth,conflict,"Jun 25, 2016 ... ... played by Colin Firth. Challenging the ... That the princess doesn't know she's being ... Kingsman: The Secret Service is classic Bond for a ..."
qacc-1394,qacc,who played the princess in kingsman secret service?,misinformation,Hanna Carolina Alström,,9,,www.quora.com,,noise,"Apr 30, 2017 ... No. It was a number of shots stitched together. Whenever you see something like a body fly across the screen or the camera pan behind Harry ..."
qacc-1402,qacc,who was the 19th c. artist who was both painter and graphic designer?,misinformation,Henri de Toulouse-Lautrec.,,0,,quizlet.com,,noise,Graphic design used to be called _____. commercial art. Who was the 19th century artist who was both painter and graphic designer? Henri de Toulouse-Lautrec.
qacc-1402,qacc,who was the 19th c. artist who was both painter and graphic designer?,misinformation,Henri de Toulouse-Lautrec.,,1,,www.metmuseum.org,Tiarra Brown,conflict,Tiarra Brown received her Bachelor's degree in both history and art ... 19th Century European painting and Contemporary art. ... He worked in pharmaceutical ...
qacc-1402,qacc,who was the 19th c. artist who was both painter and graphic designer?,misinformation,Henri de Toulouse-Lautrec.,,2,,quizlet.com, Henri de Toulouse-Lautrec.,correct,Who was the 19th century artist who was both painter and graphic designer? Henri de Toulouse-Lautrec. Graphic design used to be called ______. commercial art.
qacc-1402,qacc,who was the 19th c. artist who was both painter and graphic designer?,misinformation,Henri de Toulouse-Lautrec.,,3,,www.nga.gov,,noise,Witness the enduring mark Black artists have made on American art through more than two centuries of Black art in our collection — from 19th century ...
qacc-1402,qacc,who was the 19th c. artist who was both painter and graphic designer?,misinformation,Henri de Toulouse-Lautrec.,,4,,quizlet.com, Henri de Toulouse-Lautrec.,correct,Art Appreciation - Test Two. 30 terms. Profile ... A ______ is to graphic design as a preliminary drawing is to painting ... c) conceptual art d) guild art. B. See ...
qacc-1402,qacc,who was the 19th c. artist who was both painter and graphic designer?,misinformation,Henri de Toulouse-Lautrec.,,5,,www.oxfordartonline.com,,noise,"... Art Resource, NY. Both Impressionism and Post-Impressionism refer to influential artistic movements arising in late 19th-century France. Impressionists ..."
qacc-1402,qacc,who was the 19th c. artist who was both painter and graphic designer?,misinformation,Henri de Toulouse-Lautrec.,,6,,en.wikipedia.org,,noise,"... designs, most of which owed some impetus to patterns of 19th century design. Other British graphic artists who had an important place in the style included ..."
qacc-1402,qacc,who was the 19th c. artist who was both painter and graphic designer?,misinformation,Henri de Toulouse-Lautrec.,,7,,catalog.uwplatt.edu,,noise,"Printmaking Two is designed for studio art majors, art education majors, graphic design majors, and anyone interested in learning the techniques and skills of ..."
qacc-1402,qacc,who was the 19th c. artist who was both painter and graphic designer?,misinformation,Henri de Toulouse-Lautrec.,,8,,www.theartstory.org,,noise,"Jan 21, 2012 ... ... design, seeking to escape the eclectic historical styles that had previously been popular. Artists drew inspiration from both organic and ..."
qacc-1402,qacc,who was the 19th c. artist who was both painter and graphic designer?,misinformation,Henri de Toulouse-Lautrec.,,9,,medium.com,,noise,"Jul 23, 2018 ... And the skills of professional artists had steadily improved over the centuries; by the 19th-century, artists such as the Pre-Rafaelites and the ..."
qacc-1405,qacc,who wrote if she knew what she wants?,misinformation,Jules Shear,,0,,en.wikipedia.org,Jules Shear,correct,"""If She Knew What She Wants"" is a song written by American singer-songwriter Jules Shear and introduced on his 1985 album The Eternal Return."
qacc-1405,qacc,who wrote if she knew what she wants?,misinformation,Jules Shear,,1,,genius.com,,noise,If She Knew What She Wants Lyrics: If she knew what she wants / (I'd be giving it to her) / If she knew what she needs / (I could give her that too) / If ...
qacc-1405,qacc,who wrote if she knew what she wants?,misinformation,Jules Shear,,2,,namebrandketchup.com,The Bangles,conflict,"Feb 28, 2015 ... Desert Island Singles: “If She Knew What She Wants” by The Bangles (1986) ... If She Knew What She Wants' from 'Different Light. ... songwriter. I ..."
qacc-1405,qacc,who wrote if she knew what she wants?,misinformation,Jules Shear,,3,,genius.com,,noise,If She Knew What She Wants Lyrics: If she knew what she wants / (He'd be giving it to her) / If she knew what she needs / (He could give her that too) / If ...
qacc-1405,qacc,who wrote if she knew what she wants?,misinformation,Jules Shear,,4,,www.reddit.com,,noise,"Aug 23, 2023 ... About a year later, my sister (24F) announces she wants to bring her boyfriend home to meet the family. We didn't realize she had a boyfriend, ..."
qacc-1405,qacc,who wrote if she knew what she wants?,misinformation,Jules Shear,,5,,simple.wikipedia.org,The Bangles,conflict,"""If She Knew What She Wants"" is a 1986 song by The Bangles. It was taken from their second studio album Different Light. It went to number 17 in Germany, ..."
qacc-1405,qacc,who wrote if she knew what she wants?,misinformation,Jules Shear,,6,,www.imdb.com,The Bangles,conflict,"The Bangles: If She Knew What She Wants, US Version: Directed by Dan Perri. With The Bangles, Susanna Hoffs, Debbi Peterson, Victoria Peterson."
qacc-1405,qacc,who wrote if she knew what she wants?,misinformation,Jules Shear,,7,,secondhandsongs.com,Jules Shear,correct,"The song If She Knew What She Wants was written by Jules Shear and was first released by Jules Shear in 1985. It was covered by Mick Overman, Bangles, ..."
qacc-1405,qacc,who wrote if she knew what she wants?,misinformation,Jules Shear,,8,,songmeanings.com,,noise,"To me this song is about a serious lack of communication. Whenever I hear it I think, yeah that's me, keeping it all bottled up inside and telling everyone I'm ..."
qacc-1405,qacc,who wrote if she knew what she wants?,misinformation,Jules Shear,,9,,americansongwriter.com,The Bangles,conflict,"May 17, 2024 ... The guy who wrote and first performed “If She Knew What She Wants” was Jules Shear. He has done excellent work as an artist in his own right ..."
qacc-1409,qacc,who sings i wanna rock'n'roll all night?,misinformation,Dominique ,,0,,www.youtube.com,,noise,"Jun 7, 2010 ... Kiss rock 'n' roll all night live by Rochester WCMF 96.5 classic rock choice. 407 views · trailer park boys I want to rock and roll #short. 1K ..."
qacc-1409,qacc,who sings i wanna rock'n'roll all night?,misinformation,Dominique ,,1,,en.wikipedia.org,American,conflict,"""I Wanna Rock & Roll All Night"" redirects here. ... ""Rock and Roll All Nite"" is a song by American ... Let Me Go, Rock 'n' Roll"" / ""Hotter Than Hell"" (1974), ""Rock ..."
qacc-1409,qacc,who sings i wanna rock'n'roll all night?,misinformation,Dominique ,,2,,www.youtube.com, Dominique ,correct,"Jul 25, 2018 ... ... compacto. 829 views · Do ya wanna Rock 'N' Roll all Nighttt? ⚡️// @KISS #guitarcover #rocknroll. 6.3K views · Greatest KISS Cd. 672 views ..."
qacc-1409,qacc,who sings i wanna rock'n'roll all night?,misinformation,Dominique ,,3,,www.songfacts.com,,noise,"""It was, 'I wanna rock and roll all night and party every day. ... Reminiscent of older rock n' roll songs. ... all the people that love rock n' roll; Stormy from ..."
qacc-1409,qacc,who sings i wanna rock'n'roll all night?,misinformation,Dominique ,,4,,www.youtube.com,,noise,"Jan 14, 2008 ... Kiss performing i wanna rock n roll all night under the brooklyn bridge."
qacc-1409,qacc,who sings i wanna rock'n'roll all night?,misinformation,Dominique ,,5,,www.quora.com,,noise,"Sep 4, 2018 ... ... wanna rock 'n roll all night and party every day""? ... Is “I Want To Rock and Roll All Nite” the best KISS song? ... Who sang the most “Kiss” songs?"
qacc-1409,qacc,who sings i wanna rock'n'roll all night?,misinformation,Dominique ,,6,,www.youtube.com,,noise,"Jan 1, 2013 ... Uma ótima música para vocês. ♫♫♫ FaceBook: www.facebook.com/RocksMusicas Letra: Rock And Roll All Night Kiss You show us everything ..."
qacc-1409,qacc,who sings i wanna rock'n'roll all night?,misinformation,Dominique ,,7,,www.reddit.com,,noise,"Mar 18, 2024 ... 92 votes, 58 comments. 122K subscribers in the guitarcirclejerk community."
qacc-1409,qacc,who sings i wanna rock'n'roll all night?,misinformation,Dominique ,,8,,community.pearljam.com,,noise,"Dec 8, 2006 ... Anyone hear Mike McCready's misheard lyrics ""I wanna rock 'n roll all night..., and PART OF every day!"" Eddie was bugging him about that on ..."
qacc-1409,qacc,who sings i wanna rock'n'roll all night?,misinformation,Dominique ,,9,,www.reddit.com,,noise,"Aug 12, 2021 ... In the show I'm trying to remember, one guy says that he's gonna rock and roll all night and part of every day. The other guy makes fun of ..."
qacc-1414,qacc,who is going to host the 2018 winter olympics?,misinformation,South Korea,soft_conflict,0,,olympics.com,Pyeongchang,conflict,About the Games. New Horizons. PyeongChang's vision for the 2018 Games was to offer the Olympic Movement and the world of winter sports New Horizons—a legacy ...
qacc-1414,qacc,who is going to host the 2018 winter olympics?,misinformation,South Korea,soft_conflict,1,,en.wikipedia.org,Pyeongchang,conflict,"Pyeongchang was elected as the host city for the 2018 Winter Games at the 123rd IOC Session in Durban, South Africa in July 2011. This marked the second time ..."
qacc-1414,qacc,who is going to host the 2018 winter olympics?,misinformation,South Korea,soft_conflict,2,,www.csis.org, South Korea,correct,"Jul 7, 2011 ... South Korea Wins Bid to Host 2018 Winter Olympics ... On July 6, the International Olympic Committee (IOC) selected the city of Pyeongchang in ..."
qacc-1414,qacc,who is going to host the 2018 winter olympics?,misinformation,South Korea,soft_conflict,3,,journals.sagepub.com, South Korea,correct,"May 13, 2020 ... Economic growth and development was a key objective for South Korea in hosting the 2018 Winter Olympics in Pyeongchang. It was projected that ..."
qacc-1414,qacc,who is going to host the 2018 winter olympics?,misinformation,South Korea,soft_conflict,4,,www.cbssports.com,,noise,"Jan 17, 2018 ... Katie Couric will be back on NBC after the network announced that she will be joining Mike Tirico in the booth on Feb. 9 for Pyeongchang's ..."
qacc-1414,qacc,who is going to host the 2018 winter olympics?,misinformation,South Korea,soft_conflict,5,,lpdaac.usgs.gov,,noise,"Feb 21, 2018 ... It was designated a sacred area and was given a protected status until South Korea was chosen as the host of the 2018 Winter Olympics. Mount ..."
qacc-1414,qacc,who is going to host the 2018 winter olympics?,misinformation,South Korea,soft_conflict,6,,www.cnn.com,,noise,"Dec 8, 2017 ... Read CNN's Fast Facts about the 2018 Winter Olympics in Pyeongchang, South Korea."
qacc-1414,qacc,who is going to host the 2018 winter olympics?,misinformation,South Korea,soft_conflict,7,,www.usatoday.com,,noise,"Feb 21, 2018 ... In the six years leading up to the Seoul Games, South Korea made huge investments in infrastructure and Olympic-related projects, adding 0.4% to ..."
qacc-1414,qacc,who is going to host the 2018 winter olympics?,misinformation,South Korea,soft_conflict,8,,www.theguardian.com,,noise,"Jul 6, 2011 ... The South Korean city of PyeongChang will host the 2018 Winter Olympics, becoming the first Asian city outside Japan to stage the event, ..."
qacc-1414,qacc,who is going to host the 2018 winter olympics?,misinformation,South Korea,soft_conflict,9,,abcnews.go.com, South Korea,correct,"Feb 9, 2018 ... Pyeongchang, a county in South Korea's Gangwon province, is hosting the 2018 Winter Olympics."
qacc-1417,qacc,the creation of human beings in the kumulipo happens during which wā or period of creation?,misinformation,"second wā, ",,0,,quizlet.com,,noise,"... wā of the Kumulipo are in the Ao? and more ... The creation of human beings in the Kumulipo happens during which wā, or period, of creation?"
qacc-1417,qacc,the creation of human beings in the kumulipo happens during which wā or period of creation?,misinformation,"second wā, ",,1,,www.higp.hawaii.edu,,noise,"Through a channel; water is life to trees;. So the gods may enter, but not man. TENTH VERSE. Man by Waiololi, woman by Waiolola,. The Limukala was born and ..."
qacc-1417,qacc,the creation of human beings in the kumulipo happens during which wā or period of creation?,misinformation,"second wā, ",,2,,quizlet.com,,noise,"The creation of human beings in the Kumulipo happens during which wā, or period, of creation? Last of the Pō. True or False? The Kumulipo was a source of the ..."
qacc-1417,qacc,the creation of human beings in the kumulipo happens during which wā or period of creation?,misinformation,"second wā, ",,3,,en.wikipedia.org,,noise,"In Hawaiian religion, the Kumulipo is the creation chant, first recorded by non-Hawaiians in the 18th century. It also includes a genealogy of the members ..."
qacc-1417,qacc,the creation of human beings in the kumulipo happens during which wā or period of creation?,misinformation,"second wā, ",,4,,quizlet.com,,noise,"The creation of human beings in the Kumulipo happens during which wā, or period, of creation? Last of the Pō. True or False? The Kumulipo was a source of the ..."
qacc-1417,qacc,the creation of human beings in the kumulipo happens during which wā or period of creation?,misinformation,"second wā, ",,5,,hwst270.weebly.com,16 wā,conflict,"Consisting of 16 wā (era or period) this chant ... (human beings). She uses today's issues to show ... Creation begins in pō (night), man is born in ao (day) ..."
qacc-1417,qacc,the creation of human beings in the kumulipo happens during which wā or period of creation?,misinformation,"second wā, ",,6,,hawaiihumpbackwhale.noaa.gov,,noise,"The Kumulipo, a Hawaiian creation ... life forms. Beginning with the coral polyp in the first wā or era, the Kumulipo announces the existence of the whale in the ..."
qacc-1417,qacc,the creation of human beings in the kumulipo happens during which wā or period of creation?,misinformation,"second wā, ",,7,,theumiverse.wordpress.com,,noise,"Oct 23, 2020 ... ... creation that gave birth to the world and all its life. ... Humans don't appear until the eighth wā ... Occupation and Human Rights: A Preliminary ..."
qacc-1417,qacc,the creation of human beings in the kumulipo happens during which wā or period of creation?,misinformation,"second wā, ",,8,,scholarsbank.uoregon.edu,"second wā, ",correct,"May 7, 2013 ... of the generative darkness known as Pō, a time during which non-human life forms were created. The second wā, called Ao, is the generative ..."
qacc-1417,qacc,the creation of human beings in the kumulipo happens during which wā or period of creation?,misinformation,"second wā, ",,9,,www.coursehero.com,,noise,"The creation of human beings in the Kumulipo happens during which wā, or period, of creation? a.The last of the Pō. MIDTERM 1 Hawaiian Studies. 6."
qacc-1421,qacc,what kind of beast is the beast from beauty and the beast?,misinformation,a mixture of several animals,,0,,www.reddit.com,,noise,"Dec 11, 2023 ... He's an amalgamation of buffalo, lion, bear, and wolf."
qacc-1421,qacc,what kind of beast is the beast from beauty and the beast?,misinformation,a mixture of several animals,,1,,www.quora.com, cycle of fairy tales,conflict,"Jul 3, 2017 ... The animated Beast is a combination of various animals. Animator Glen Keane gave him “the mane of a lion, head of a buffalo, brow of a ..."
qacc-1421,qacc,what kind of beast is the beast from beauty and the beast?,misinformation,a mixture of several animals,,2,,www.opengravesopenminds.com,a mixture of several animals,correct,'Beauty and the Beast' belongs to the Animal Groom cycle of fairy tales alongside 'The Frog King' and 'Cupid and Psyche'. I have always been intrigued by ...
qacc-1421,qacc,what kind of beast is the beast from beauty and the beast?,misinformation,a mixture of several animals,,3,,beauty-and-the-beast-disney.fandom.com,a mixture of several animals,correct,"The Beast is not of any one species of animal, but a chimera, a mixture of several animals. He has the head structure and horns of a buffalo, the arms and body ..."
qacc-1421,qacc,what kind of beast is the beast from beauty and the beast?,misinformation,a mixture of several animals,,4,,en.wikipedia.org,,noise,"A pampered prince transformed into a hideous beast as punishment for his cold-hearted and selfish ways, the Beast must, in order to return to his former self, ..."
qacc-1421,qacc,what kind of beast is the beast from beauty and the beast?,misinformation,a mixture of several animals,,5,,www.timeout.com,a mixture of several animals,correct,"Oct 10, 2022 ... Ever wondered what animal the handsome prince was turned into? Well it's a bit of a mash-up. The Beast is a mix of several animals including a ..."
qacc-1421,qacc,what kind of beast is the beast from beauty and the beast?,misinformation,a mixture of several animals,,6,,en.wikipedia.org,,noise,"Film and television edit · Beast, from the fairy tale Beauty and the Beast · Beast (Disney character), a character from the 1991 animated film Beauty and the ..."
qacc-1421,qacc,what kind of beast is the beast from beauty and the beast?,misinformation,a mixture of several animals,,7,,disney.fandom.com,,noise,"The Beast is not of any one species of animal, but a chimera, a mixture of several animals. He has the head structure and horns of a buffalo, the arms, claws ..."
qacc-1421,qacc,what kind of beast is the beast from beauty and the beast?,misinformation,a mixture of several animals,,8,,www.terriwindling.com,a mixture of several animals,correct,"Jul 11, 2019 ... When I first saw Disney Studio's Beauty and the Beast, it was in the company of a five-year-old friend. The film was, of course, ..."
qacc-1421,qacc,what kind of beast is the beast from beauty and the beast?,misinformation,a mixture of several animals,,9,,ellenwoodbury.com,,noise,"I did tons of research, shot my own reference footage, and thumb-nailed lots of actions from the footage. The goal is to learn the animal and character from the ..."
qacc-1423,qacc,who were the two mathematicians that invented calculus?,misinformation,"Isaac Newton, Gottfried Wilhel",,0,,en.wikipedia.org,"Isaac Newton, Gottfried Wilhel",correct,"Calculus, originally called infinitesimal calculus, is a mathematical discipline focused on limits, continuity, derivatives, integrals, and infinite series."
qacc-1423,qacc,who were the two mathematicians that invented calculus?,misinformation,"Isaac Newton, Gottfried Wilhel",,1,,www.stemfellowship.org,,noise,"Oct 3, 2021 ... The Newton-Leibniz Calculus Controversy ... Calculus was primarily introduced by two scientists: Issac Newton and Gottfried Wilhelm Leibniz."
qacc-1423,qacc,who were the two mathematicians that invented calculus?,misinformation,"Isaac Newton, Gottfried Wilhel",,2,,amsi.org.au,"Isaac Newton, Gottfried Wilhel",correct,Today it is generally believed that calculus was discovered independently in the late 17th century by two great mathematicians: Isaac Newton and Gottfried ...
qacc-1423,qacc,who were the two mathematicians that invented calculus?,misinformation,"Isaac Newton, Gottfried Wilhel",,3,,www.oxfordscholastica.com,,noise,"20 Jan, 2024Blog Articles, Mathematics Articles. Calculus is commonly accepted to have been created twice, independently, by two of the seventeenth ..."
qacc-1423,qacc,who were the two mathematicians that invented calculus?,misinformation,"Isaac Newton, Gottfried Wilhel",,4,,www.reddit.com,,noise,"Mar 4, 2014 ... When it comes to the nature of mathematics, there are two primary views: 1.) platonism - this is essentially the idea that mathematical objects ..."
qacc-1423,qacc,who were the two mathematicians that invented calculus?,misinformation,"Isaac Newton, Gottfried Wilhel",,5,,www.mathtutordvd.com,"Isaac Newton, Gottfried Wilhel",correct,"Mar 18, 2017 ... The two categories of calculus are called differential calculus ... second, but that there was no existing mathematical explanation for this."
qacc-1423,qacc,who were the two mathematicians that invented calculus?,misinformation,"Isaac Newton, Gottfried Wilhel",,6,,apcentral.collegeboard.org,,noise,"That was discovered by the Swiss mathematician Jacob Bernoulli at the beginning of the 18th century. For two thousand years, mathematicians had been using sums ..."
qacc-1423,qacc,who were the two mathematicians that invented calculus?,misinformation,"Isaac Newton, Gottfried Wilhel",,7,,www.tutorocean.com,Jacob Bernoulli,conflict,"It was invented independently by two mathematicians, Isaac Newton and Gottfried Wilhelm Leibniz, in the 17th century. Newton and Leibniz's Contributions to ..."
qacc-1423,qacc,who were the two mathematicians that invented calculus?,misinformation,"Isaac Newton, Gottfried Wilhel",,8,,www.quora.com,,noise,"Oct 22, 2016 ... Mathematicians everywhere contributed to the development of Calculus. However, the two most known founders of calculus are Isaac Newton and ..."
qacc-1423,qacc,who were the two mathematicians that invented calculus?,misinformation,"Isaac Newton, Gottfried Wilhel",,9,,study.com,"Isaac Newton, Gottfried Wilhel",correct,"Isaac Newton and Gottfried Leibniz are credited for the invention of calculus. However, it was more of a collective effort of different mathematicians from ..."
qacc-1424,qacc,what engine is in a holden v8 supercar?,misinformation,5.0-Litre V8 engine,,0,,en.wikipedia.org,5.4L or 5.7L ,conflict,"All cars currently use either a 5.4L or 5.7L Naturally aspirated V8 engine. Originally only for Ford Falcons and Holden Commodores, the new generation V8 ..."
qacc-1424,qacc,what engine is in a holden v8 supercar?,misinformation,5.0-Litre V8 engine,,1,,forums.autosport.com,,noise,Page 1 of 2 - V8 Supercar Engines - posted in The Technical Forum Archive: Are there any differences between a Holden V8 and A Chevrolet smallblock?
qacc-1424,qacc,what engine is in a holden v8 supercar?,misinformation,5.0-Litre V8 engine,,2,,www.gtplanet.net,,noise,"Jan 13, 2022 ... Poll 1460: 2003-2004 Holden Commodore VY V8 Supercar nominated by @Twisteddrift Racing Class: V8 Supercars Championship Engine: 5.0-litre, ..."
qacc-1424,qacc,what engine is in a holden v8 supercar?,misinformation,5.0-Litre V8 engine,,3,,tentenths.com,,noise,"Dec 26, 2008 ... Originally Posted by profi: a holden supercar engine is just a small block chev which has descended from a 350 and the aurora is just the code ..."
qacc-1424,qacc,what engine is in a holden v8 supercar?,misinformation,5.0-Litre V8 engine,,4,,www.ls1.com.au,,noise,"Engines are electronically restricted to 7,500 rpm. Broadly speaking, the engines are of 5 litres capacity, 2 valve per cylinder. Compression ..."
qacc-1424,qacc,what engine is in a holden v8 supercar?,misinformation,5.0-Litre V8 engine,,5,,www.carsguide.com.au,5.0-Litre V8 engine,correct,"Nov 19, 2021 ... Both the Ford Mustang and Holden Commodore use a 5.0-litre V8 engine that has been specifically created for racing, with many bespoke parts."
qacc-1424,qacc,what engine is in a holden v8 supercar?,misinformation,5.0-Litre V8 engine,,6,,www.thesupercarscollective.com,5.0-Litre V8 engine,correct,"Engine, Naturally aspirated, fuel injected 5.0-Litre V8 engine - all engines use blocks native to the manufacturer - Ford | Holden | Nissan ; Power ..."
qacc-1424,qacc,what engine is in a holden v8 supercar?,misinformation,5.0-Litre V8 engine,,7,,www.iracing.com,,noise,"... V8 engine, 18-inch control wheels and a specially designed aerodynamics kit featuring Holden's first end-mounted rear wing since the VP Commodore of the 1990s."
qacc-1424,qacc,what engine is in a holden v8 supercar?,misinformation,5.0-Litre V8 engine,,8,,www.ls1.com.au,,noise,Australian LS1 and Holden Forums > Public Forums > Motorsport ... I know that the V8 used in Holdens in the V8 Supercar series is not an engine ...
qacc-1424,qacc,what engine is in a holden v8 supercar?,misinformation,5.0-Litre V8 engine,,9,,www.reddit.com,,noise,"Oct 5, 2015 ... Not an expert, but combustion engines need time to fully power the motor based on the momentum provided by the mini explosions. Electric motors ..."
qacc-1426,qacc,who sang theme song for dukes of hazard?,misinformation,Waylon Jennings,,0,,en.wikipedia.org,Waylon Jennings,correct,"The ""Theme from The Dukes of Hazzard (Good Ol' Boys)"" is a song written and recorded by American country music singer Waylon Jennings."
qacc-1426,qacc,who sang theme song for dukes of hazard?,misinformation,Waylon Jennings,,1,,www.youtube.com,Waylon Jennings,correct,"Jan 24, 2016 ... Theme from the Dukes of Hazzard, (Good Ol' Boys), by Waylon Jennings from his Waylon Greatest Hits 2 · Comments380."
qacc-1426,qacc,who sang theme song for dukes of hazard?,misinformation,Waylon Jennings,,2,,www.quora.com,Waylon Jennings,correct,"Mar 3, 2020 ... That would be the late, great, country singing legend Waylon Jennings. He also did the narration. “Them Duke boys are really in trouble now…”."
qacc-1426,qacc,who sang theme song for dukes of hazard?,misinformation,Waylon Jennings,,3,,www.wideopencountry.com,Waylon Jennings,correct,"Apr 30, 2020 ... Waylon Jennings single version ... ""Theme from The Dukes of Hazzard (Good Ol' Boys)"" was released as a single on Jennings' 1980 album, Music Man."
qacc-1426,qacc,who sang theme song for dukes of hazard?,misinformation,Waylon Jennings,,4,,www.amazon.com,,noise,"Nathan Barr, Various Artists - The Dukes of Hazzard - Music From The Motion Picture - Amazon.com Music."
qacc-1426,qacc,who sang theme song for dukes of hazard?,misinformation,Waylon Jennings,,5,,www.reddit.com,Travis Tritt,conflict,"Oct 29, 2021 ... In “Good Ol Boys”(Theme from Dukes of Hazard) ... At the opening of the theme song from Dukes of Hazzard. ... sings and dances on stage. He's getting ..."
qacc-1426,qacc,who sang theme song for dukes of hazard?,misinformation,Waylon Jennings,,6,,www.amazon.com,,noise,Amazon.com: The Dukes Of Hazzard (Music From The Motion Picture): CDs & Vinyl.
qacc-1426,qacc,who sang theme song for dukes of hazard?,misinformation,Waylon Jennings,,7,,www.imdb.com,,noise,Performed by The Allman Brothers Band. Courtesy of The Island Def Jam Music Group. Under License from Universal Music Enterprises. Mississippi Queen. Written by ...
qacc-1426,qacc,who sang theme song for dukes of hazard?,misinformation,Waylon Jennings,,8,,www.reddit.com,,noise,"Nov 10, 2010 ... He had a Dukes of Hazard watch and had the ... More posts you may like. Related Music. forward. back. r/Music icon. r/Music ... Has there ever been ..."
qacc-1426,qacc,who sang theme song for dukes of hazard?,misinformation,Waylon Jennings,,9,,bbs.zuwharrie.com,,noise,"Jun 20, 2005 ... Well, Jessica has proven she can't sing or dance but she sho' can wash a car! :o."
qacc-1430,qacc,when was south african youth day first celebrated?,misinformation,June 16,,0,,africantravelcanvas.com,June 16,correct,"On June 16 each year, South Africans celebrate Youth Day. Youth Day commemorates the Soweto Uprising, which took place on 16 June 1976, where thousands of ..."
qacc-1430,qacc,when was south african youth day first celebrated?,misinformation,June 16,,1,,dukeengage.duke.edu,,noise,"Jun 22, 2017 ... There was no time to slow down. In four days we were hosting, entertaining and feeding 300 local youths from Wentworth to celebrate Youth Day."
qacc-1430,qacc,when was south african youth day first celebrated?,misinformation,June 16,,2,,kids.britannica.com,June 16,correct,Youth Day is a national holiday in South Africa. It falls on June 16. Youth Day celebrates the contribution that young people made to the struggle for ...
qacc-1430,qacc,when was south african youth day first celebrated?,misinformation,June 16,,3,,www.sahistory.org.za,,noise,"It is commemorated today by a South African national holiday, Youth day, which honors all the young people who lost their lives in the struggle against ..."
qacc-1430,qacc,when was south african youth day first celebrated?,misinformation,June 16,,4,,www.gov.za,June 16,correct,"Jun 16, 2022 ... Youth Day 2022 ... Youth Day commemorates the Soweto youth uprising of 16 June 1976. In 1975 protests started in African schools after a directive ..."
qacc-1430,qacc,when was south african youth day first celebrated?,misinformation,June 16,,5,,en.wikipedia.org,June 16,correct,"In Singapore, Youth Day is celebrated on first ... Youth Day on June 16 is a public holiday in South Africa ... South Africa edit. See also: International Day of ..."
qacc-1430,qacc,when was south african youth day first celebrated?,misinformation,June 16,,6,,www.voicesofyouth.org,June 16,correct,"Jun 20, 2023 ... Annually, the 16th of June marks a national South African celebration known as Youth Day. ... first-year students were admitted to public ..."
qacc-1430,qacc,when was south african youth day first celebrated?,misinformation,June 16,,7,,www.southafrica-usa.net,June 17,conflict,"... Celebrate Black History Month With F.I.T. and #AfriMericans, 23 February ... South African Youth Day Celebration. Saturday, 17 ... There are limited volunteer slots ..."
qacc-1430,qacc,when was south african youth day first celebrated?,misinformation,June 16,,8,,medium.com,June 16,correct,"Jun 20, 2018 ... On 16 June, South Africans celebrated Youth Day. Why is this day important? One Young World Ambassadors share: “Youth day is the realisation ..."
qacc-1430,qacc,when was south african youth day first celebrated?,misinformation,June 16,,9,,www.internationalwomensday.com,,noise,"Aug 9, 2023 ... The first National Women's Day was celebrated on 9 August 1995. In 2006, a reenactment of the march was staged for its 50th anniversary ..."
qacc-1434,qacc,when did starbucks become a publicly traded company?,misinformation,1992,,0,,investor.starbucks.com,,noise,Does Starbucks franchise? · What is the symbol and exchange that the company trades under? · When did Starbucks go public and at what price? · When and where was ...
qacc-1434,qacc,when did starbucks become a publicly traded company?,misinformation,1992,,1,,archive.starbucks.com,1992,correct,"1992. Starbucks becomes a public company, and gets a new logo with a focus on the Siren's face. keep exploring."
qacc-1434,qacc,when did starbucks become a publicly traded company?,misinformation,1992,,2,,www.fool.com,,noise,"May 14, 2021 ... With $10,000, you could have purchased roughly 588 shares of the coffee chain at its IPO. Since that IPO, the company's stock has grown enough ..."
qacc-1434,qacc,when did starbucks become a publicly traded company?,misinformation,1992,,3,,www.nasdaq.com,1992,correct,"Jan 10, 2021 ... Starbucks's growth has been stunning. Its stock made its debut on the public markets on June 26, 1992. It had 165 stores at the time. Today, ..."
qacc-1434,qacc,when did starbucks become a publicly traded company?,misinformation,1992,,4,,stories.starbucks.com,,noise,"Dec 23, 2016 ... In 1992, we became a publicly traded company. ... We went back in and did...we call a little bit of work on her. ... being good to people, being ..."
qacc-1434,qacc,when did starbucks become a publicly traded company?,misinformation,1992,,5,,www.nasdaq.com,1971,conflict,"Discover real-time Starbucks Corporation Common Stock (SBUX) stock prices, quotes, historical data, news, and Insights for informed trading and investment ..."
qacc-1434,qacc,when did starbucks become a publicly traded company?,misinformation,1992,,6,,stories.starbucks.com,1992,correct,Becomes the first privately owned U.S. company to offer a stock option program that includes part-time employees. Opens first licensed airport store at ...
qacc-1434,qacc,when did starbucks become a publicly traded company?,misinformation,1992,,7,,one.starbucks.com,,noise,"Oct 18, 2023 ... ... being threatened and subjected to graphic messages. ... public clarity of ... Company and do not represent the company's views, positions or beliefs ..."
qacc-1434,qacc,when did starbucks become a publicly traded company?,misinformation,1992,,8,,en.wikipedia.org,,noise,"Starbucks Corporation is an American multinational chain of coffeehouses and roastery reserves headquartered in Seattle, Washington. It was founded in 1971, ..."
qacc-1434,qacc,when did starbucks become a publicly traded company?,misinformation,1992,,9,,stories.starbucks.com,,noise,"Dec 9, 2020 ... ... to be a different kind of public company. I ... Additionally, she serves as Chairman of the Board of the company's publicly traded mutual funds."
qacc-1445,qacc,where did the world's largest recorded wave occur?,misinformation,"Lituya Bay, Alaska",,0,,www.rapturecamps.com,"Lituya Bay, Alaska",correct,"Lituya Bay in Alaska is known for the largest recorded wave, with a towering height of 1,720 feet triggered by a massive landslide in 1958, causing extensive ..."
qacc-1445,qacc,where did the world's largest recorded wave occur?,misinformation,"Lituya Bay, Alaska",,1,,www.surfertoday.com,"Lituya Bay, Alaska",correct,"The biggest wave ever recorded by humans was documented on July 9, 1958, in Lituya Bay, in southeast Alaska, when an earthquake triggered a series of events ..."
qacc-1445,qacc,where did the world's largest recorded wave occur?,misinformation,"Lituya Bay, Alaska",,2,,www.pbs.org,"Lituya Bay, Alaska",correct,"A notable exception was the 1958 tsunami triggered by a landslide in a narrow bay on Alaska's coast. Its over 1,700-foot wave was the largest ever recorded for ..."
qacc-1445,qacc,where did the world's largest recorded wave occur?,misinformation,"Lituya Bay, Alaska",,3,,www.wsspc.org,,noise,"It also caused a rockfall in Lituya Bay that generated a wave with a maximum height of 1,720 feet – the world's largest recorded tsunami. Impact. 282px- ..."
qacc-1445,qacc,where did the world's largest recorded wave occur?,misinformation,"Lituya Bay, Alaska",,4,,www.usgs.gov,Chile,conflict,"The largest recorded earthquake in the world was a magnitude 9.5 (Mw) in Chile on May 22, 1960. The earliest reported earthquake in California was felt in ..."
qacc-1445,qacc,where did the world's largest recorded wave occur?,misinformation,"Lituya Bay, Alaska",,5,,www.livescience.com,"Lituya Bay, Alaska",correct,"Apr 9, 2022 ... The official largest open-water wave ever recorded measured 62.3 feet (19 m) and was detected by a buoy in the North Atlantic on Feb. 17, 2013, ..."
qacc-1445,qacc,where did the world's largest recorded wave occur?,misinformation,"Lituya Bay, Alaska",,6,,www.alaskasnewssource.com,,noise,"Sep 1, 2022 ... ANCHORAGE, Alaska ( ..."
qacc-1445,qacc,where did the world's largest recorded wave occur?,misinformation,"Lituya Bay, Alaska",,7,,medium.com,,noise,"Jun 15, 2021 ... It reached an astonishing height of 1,720 feet. As a frame of reference, the Empire State Building is 1,250 feet tall. The wave was caused by a ..."
qacc-1445,qacc,where did the world's largest recorded wave occur?,misinformation,"Lituya Bay, Alaska",,8,,www.brandeis.edu,,noise,"Dec 18, 2020 ... Not only was this the biggest wave ever surfed by a woman, but it also turned out to be the biggest wave surfed by anyone in the 2019-2020 ..."
qacc-1445,qacc,where did the world's largest recorded wave occur?,misinformation,"Lituya Bay, Alaska",,9,,nautil.us,"Lituya Bay, Alaska",correct,"Nov 7, 2022 ... But Nazaré consistently produces the biggest waves in the world—five of the six biggest waves ever surfed were at Nazaré, including the Guinness ..."
qacc-1447,qacc,what type of joint connects the incus with the malleus?,misinformation,synovial,pending_screen,0,,www.ncbi.nlm.nih.gov,,noise,"Feb 24, 2024 ... This bone connects with the stapes and forms the incudostapedial joint. ... stapes' annular ligament, and ligaments of the malleus and incus."
qacc-1447,qacc,what type of joint connects the incus with the malleus?,misinformation,synovial,pending_screen,1,,pubmed.ncbi.nlm.nih.gov,,noise,"... malleus, incus and stapes) and two joints connecting the bones (the incudostapedial joint and the incudomallear joint). The role of the middle ear is to ..."
qacc-1447,qacc,what type of joint connects the incus with the malleus?,misinformation,synovial,pending_screen,2,,www.ncbi.nlm.nih.gov,,noise,"Jul 23, 2020 ... The incudomalleolar joint was missing and adhesive. After cutting the fibrous tissue connecting the incus to the stapes, the bony bar was taken ..."
qacc-1447,qacc,what type of joint connects the incus with the malleus?,misinformation,synovial,pending_screen,3,,pubmed.ncbi.nlm.nih.gov,,noise,"... between the ligaments, malleus and temporomandibular joint (TMJ) and to determine the role of these ligaments on the movement of the malleus. The malleus, incus ..."
qacc-1447,qacc,what type of joint connects the incus with the malleus?,misinformation,synovial,pending_screen,4,,en.wikipedia.org,,noise,The incudomalleolar joint or articulatio incudomallearis is a small synovial joint between the malleus (hammer) and the incus (anvil). The joint's function ...
qacc-1447,qacc,what type of joint connects the incus with the malleus?,misinformation,synovial,pending_screen,5,,www.kenhub.com,,noise,The latter is also known as the incudomallear joint and comprises the articulation between the incus and the malleus. The joint is part of the chain of ...
qacc-1447,qacc,what type of joint connects the incus with the malleus?,misinformation,synovial,pending_screen,6,,radiopaedia.org,incudomalleolar  ,conflict,"Feb 23, 2024 ... two dashes: handle/manubrium of malleus (lateral line), incudostapedial joint involving lenticular process of incus and head of stapes (medial ..."
qacc-1447,qacc,what type of joint connects the incus with the malleus?,misinformation,synovial,pending_screen,7,,www.kenhub.com,synovial,correct,"... malleus, incus, and stapes. Click now to learn ... joints to form ... It is suspended medial to the malleus and lateral to the stapes and joins these ossicles ..."
qacc-1447,qacc,what type of joint connects the incus with the malleus?,misinformation,synovial,pending_screen,8,,bmcdevbiol.biomedcentral.com,,noise,"Dec 5, 2007 ... The middle ear of mammals is composed of three endochondrial ossicles, the stapes, incus and malleus. Joints link the malleus to the incus ..."
qacc-1447,qacc,what type of joint connects the incus with the malleus?,misinformation,synovial,pending_screen,9,,www.toppr.com,synovial,correct,"Jan 9, 2020 ... The joint between malleus and incus is incudomalleolar joints which are a type of small synovial joint. Thus, the correct answer is option D ..."
qacc-1453,qacc,when did the great fire of london end?,misinformation,6th September 1666.,gold_not_in_candidates,0,,www.themonument.org.uk,5 th September 1666.,conflict,"4. How long did the Great Fire of London last? The fire ravaged through London for four days, finally ending on Wednesday 5 th September ..."
qacc-1453,qacc,when did the great fire of london end?,misinformation,6th September 1666.,gold_not_in_candidates,1,,en.wikipedia.org,6 th September 1666.,conflict,"The Great Fire of London was a major conflagration that swept through central London from Sunday 2 September to Thursday 6 September 1666, gutting the ..."
qacc-1453,qacc,when did the great fire of london end?,misinformation,6th September 1666.,gold_not_in_candidates,2,,www.london-fire.gov.uk,,noise,He recommended to the King that buildings were pulled down – many thought it was the only way to stop the fire. The Mayor was ordered to use fire hooks to ...
qacc-1453,qacc,when did the great fire of london end?,misinformation,6th September 1666.,gold_not_in_candidates,3,,www.museumoflondon.org.uk,,noise,"One-third of London was destroyed and about 100,000 people were made homeless. The fire started at 1am on Sunday morning in Thomas Farriner's bakery on Pudding ..."
qacc-1453,qacc,when did the great fire of london end?,misinformation,6th September 1666.,gold_not_in_candidates,4,,www.natgeokids.com,6 th September 1666.,conflict,"The fire raged for four days straight, until its final fizzles were extinguished on Thursday 6 September 1666. What caused the Great Fire of London? The fire ..."
qacc-1453,qacc,when did the great fire of london end?,misinformation,6th September 1666.,gold_not_in_candidates,5,,www.fireoflondon.org.uk,,noise,"The fire was successfully stopped at Fetter Lane Corner, Pie Corner, Holborn Bridge and Temple. ... Most of the remaining fires were put out. Samuel Pepys was ..."
qacc-1453,qacc,when did the great fire of london end?,misinformation,6th September 1666.,gold_not_in_candidates,6,,www.history.com,,noise,"Mar 25, 2020 ... Humans often want to find a silver lining amid disaster, and one myth that sprung up around these twin tragedies is that the Great Fire ended ..."
qacc-1453,qacc,when did the great fire of london end?,misinformation,6th September 1666.,gold_not_in_candidates,7,,www.irmi.com,,noise,"Jun 1, 2001 ... In fact, when William the Conqueror took over in the early 11th Century, he was aghast at what he saw. Fires, sometimes severe fires, were ..."
qacc-1453,qacc,when did the great fire of london end?,misinformation,6th September 1666.,gold_not_in_candidates,8,,www.historic-uk.com,,noise,"During this time, Cock Lane was one of the few places in London (with the notable exception of the relatively lawless Southwark) where brothels were legal, ..."
qacc-1453,qacc,when did the great fire of london end?,misinformation,6th September 1666.,gold_not_in_candidates,9,,historyofinformation.com,,noise,"It threatened, but did not reach, the aristocratic district of Westminster Offsite Link (the modern West End), Charles II's Offsite Link Palace of Whitehall ..."
qacc-1468,qacc,when does bill nye saves the world season 2 come out?,misinformation,2017,,0,,www.netflix.com,,noise,Do monkeys like magic tricks? Bill and his guests explore animal behavior that's remarkably human. Release year: 2017. The Emmy-nominated series returns as ...
qacc-1468,qacc,when does bill nye saves the world season 2 come out?,misinformation,2017,,1,,www.imdb.com,,noise,"Details · Release date · April 21, 2017 (United States) · Country of origin. United States · Language. English · Also known as. 比爾．奈拯救世界 · Production ..."
qacc-1468,qacc,when does bill nye saves the world season 2 come out?,misinformation,2017,,2,,en.wikipedia.org,,noise,1 Release history · 2 Episodes. 2.1 Series overview; 2.2 Season 1 (2017); 2.3 Season 2 (2017); 2.4 Season 3 (2018) · 3 Reception · 4 References · 5 External links ...
qacc-1468,qacc,when does bill nye saves the world season 2 come out?,misinformation,2017,,3,,www.reddit.com,,noise,"Apr 24, 2017 ... I come from the UK, so I never grew up with Bill Nye. ... I wonder if for season 2 Bill Nye, will ... would know that there are barely even 2 sexes."
qacc-1468,qacc,when does bill nye saves the world season 2 come out?,misinformation,2017,,4,,variety.com,2017,correct,"Jun 15, 2017 ... Bill Nye's Netflix talk show, ""Bill Nye Saves the World,"" will return for a second season on the streaming service."
qacc-1468,qacc,when does bill nye saves the world season 2 come out?,misinformation,2017,,5,,deadline.com,,noise,"Jun 15, 2017 ... “Bill Nye is nothing but a totalitarian eugenicist in a fake lab coat,” read one tweet popping up onscreen. Said another: “President Trump did ..."
qacc-1468,qacc,when does bill nye saves the world season 2 come out?,misinformation,2017,,6,,www.cee.ucla.edu,2018,conflict,"Jan 11, 2018 ... Jay and her work. Catch the full episode of Bill Nye Saves the World Season 2: Part 1: Episode 4, “Sex, Drugs, and Superbugs” on Netflix."
qacc-1468,qacc,when does bill nye saves the world season 2 come out?,misinformation,2017,,7,,vcannataro.com,,noise,"Dec 29, 2017 ... Bill Nye the Science Guy meets Vin Can the Science Man ... And it turns out that Bill, and the ... Season 2 Episode 3 of Bill Nye Saves the World)."
qacc-1468,qacc,when does bill nye saves the world season 2 come out?,misinformation,2017,,8,,www.indiewire.com,,noise,"Dec 6, 2017 ... On hand to help Nye along his path to scientific enlightenment is a curious mix of Season 2 helpers, including fellow Netflix alum Ali Wong, ..."
qacc-1468,qacc,when does bill nye saves the world season 2 come out?,misinformation,2017,,9,,answersingenesis.org,,noise,"Jan 27, 2018 ... Two staff members viewed the episodes that were pertinent to origins and historical science, and they wrote a short review you can read below."
qacc-1470,qacc,what is the minimum size of a udp datagram?,misinformation,8,,0,,www.quora.com,,noise,"Jul 10, 2017 ... The minimum size of an UDP packet payload is 0 bytes. The IP headers are a minimum of 20 bytes for IPv4, or a minimum of 40 bytes for IPv6."
qacc-1470,qacc,what is the minimum size of a udp datagram?,misinformation,8,,1,,stackoverflow.com,508,conflict,"Jul 8, 2009 ... The maximum safe UDP payload is 508 bytes. This is a packet size of 576 (the ""minimum maximum reassembly buffer size""), minus the maximum 60- ..."
qacc-1470,qacc,what is the minimum size of a udp datagram?,misinformation,8,,2,,www.chegg.com,8,correct,"Oct 19, 2020 ... A UDP datagram must contain at least 8 byte... View the full answer. answer image blur. Step 2. Unlock."
qacc-1470,qacc,what is the minimum size of a udp datagram?,misinformation,8,,3,,stackoverflow.com,8,correct,"Nov 18, 2010 ... The size of a UDP header is 8 bytes. This means an IP packet with an empty UDP datagram as payload takes at least 28 (IPv4) or 48 (IPv6) ..."
qacc-1470,qacc,what is the minimum size of a udp datagram?,misinformation,8,,4,,en.wikipedia.org,,noise,"In computer networking, the User Datagram Protocol (UDP) is one of the core communication protocols of the Internet protocol suite used to send messages ..."
qacc-1470,qacc,what is the minimum size of a udp datagram?,misinformation,8,,5,,gateoverflow.in,,noise,"May 2, 2016 ... what is the maximum and minimum size of udp datagram ?"
qacc-1470,qacc,what is the minimum size of a udp datagram?,misinformation,8,,6,,medium.com,8,correct,"Dec 17, 2022 ... What is the minimum size of a UDP datagram? ... The minimum size of a User Datagram Protocol (UDP) datagram is 8 bytes. UDP is a connectionless, ..."
qacc-1470,qacc,what is the minimum size of a udp datagram?,misinformation,8,,7,,digilent.com,20,conflict,"The standard size of a TCP packet has a minimum size of 20 bytes, and a maximum of 60 bytes. The UDP packet consists of only 8 bytes for each packet. Credit ..."
qacc-1470,qacc,what is the minimum size of a udp datagram?,misinformation,8,,8,,serverfault.com,,noise,"Mar 12, 2011 ... UDP datagrams have little to do with the MTU size you can make them as big as you like up to the 64K is maximum mentioned above."
qacc-1470,qacc,what is the minimum size of a udp datagram?,misinformation,8,,9,,superuser.com,,noise,"Jan 6, 2022 ... The field size sets a theoretical limit of 65,535 bytes (8-byte header + 65,527 bytes of data) for a UDP datagram. Why is 1 byte missing?"
qacc-1477,qacc,who has the most gold gloves at shortstop?,misinformation,Ozzie Smith,,0,,en.wikipedia.org,Ozzie Smith,correct,"Ozzie Smith, known as ""the Wizard of Oz"", has won the most Gold Glove Awards at shortstop; he captured 13 awards in his 19 seasons with the St. Louis Cardinals."
qacc-1477,qacc,who has the most gold gloves at shortstop?,misinformation,Ozzie Smith,,1,,www.statmuse.com,Ozzie Smith,correct,"Ozzie Smith has won the most career Gold Glove awards by a shortstop, with 13. shortstops with the most gold gloves."
qacc-1477,qacc,who has the most gold gloves at shortstop?,misinformation,Ozzie Smith,,2,,www.baseball-almanac.com,Ozzie Smith,correct,"Ozzie Smith is in a league ""nearly"" by himself defensively and he is considered the standard by which all other defensive shortstops are judged. Did you know ..."
qacc-1477,qacc,who has the most gold gloves at shortstop?,misinformation,Ozzie Smith,,3,,www.mlb.com,Anthony Volpe,conflict,"Nov 5, 2023 ... First base: Nathaniel Lowe, Rangers · Second base: Andrés Giménez, Guardians · Third base: Matt Chapman, Blue Jays · Shortstop: Anthony Volpe, ..."
qacc-1477,qacc,who has the most gold gloves at shortstop?,misinformation,Ozzie Smith,,4,,www.wikiwand.com,Ozzie Smith,correct,"Ozzie Smith, known as ""the Wizard of Oz"", has won the most Gold Glove Awards at shortstop; he captured 13 awards in his 19 seasons with the St. Louis Cardinals."
qacc-1477,qacc,who has the most gold gloves at shortstop?,misinformation,Ozzie Smith,,5,,www.mlb.com,,noise,"Nov 5, 2023 ... The Rawlings Gold Glove Award has a long and rich history. It's a great honor just to win one of these over a Major League career, ..."
qacc-1477,qacc,who has the most gold gloves at shortstop?,misinformation,Ozzie Smith,,6,,www.reddit.com,,noise,"Oct 18, 2023 ... ... ve been the true shortstop. Half the fanbase bought into this BS. ... He's tied for #5 for most gold gloves for SS in history, for exactly the ..."
qacc-1477,qacc,who has the most gold gloves at shortstop?,misinformation,Ozzie Smith,,7,,www.mlb.com,,noise,"Nov 1, 2022 ... Myles Straw wins Gold Glove · You may have missed... · Privacy Preference Center ..."
qacc-1477,qacc,who has the most gold gloves at shortstop?,misinformation,Ozzie Smith,,8,,www.pinstripealley.com,,noise,"Sep 6, 2023 ... ... is the metric that correlates most strongly with winning the Gold Glove at shortstop. ... This set of data is encouraging for Volpe, who has a ..."
qacc-1477,qacc,who has the most gold gloves at shortstop?,misinformation,Ozzie Smith,,9,,www.mlb.com,,noise,"Oct 18, 2023 ... Giménez is the reigning AL Gold Glove Award winner at second base, and he led AL second basemen with +18 OAA this season -- third-best for any ..."
qacc-1489,qacc,who sings you're welcome in moana credits?,misinformation,Jordan Fisher,pending_screen,0,,www.youtube.com,Jordan Fisher,correct,"Mar 23, 2017 ... Jordan Fisher - You're Welcome (From “Moana”/Official Video) ft. Lin-Manuel Miranda · Comments20K."
qacc-1489,qacc,who sings you're welcome in moana credits?,misinformation,Jordan Fisher,pending_screen,1,,en.wikipedia.org,Dwayne Johnson,conflict,"... You're Welcome"", which plays over the end credits. The song as performed by Dwayne Johnson appears in the film. Johnson's version of ""You're Welcome ..."
qacc-1489,qacc,who sings you're welcome in moana credits?,misinformation,Jordan Fisher,pending_screen,2,,www.youtube.com,Dwayne Johnson,conflict,"Nov 3, 2016 ... ... Moana music videos featuring ""How Far I'll Go,"" ""You're Welcome ... Think you're the biggest Disney music expert among your family & ..."
qacc-1489,qacc,who sings you're welcome in moana credits?,misinformation,Jordan Fisher,pending_screen,3,,playbill.com,Jordan Fisher,correct,"Jordan Fisher and Tony Award winner Lin-Manuel Miranda star in the new music video for “You're Welcome,” a song from the hit animated Disney film Moana."
qacc-1489,qacc,who sings you're welcome in moana credits?,misinformation,Jordan Fisher,pending_screen,4,,disney.fandom.com,Jordan Fisher,correct,"A cover version performed by Jordan Fisher and Lin-Manuel Miranda appears during the credits after the Alessia Cara version of ""How Far I'll Go"". Lyrics. Okay, ..."
qacc-1489,qacc,who sings you're welcome in moana credits?,misinformation,Jordan Fisher,pending_screen,5,,www.reddit.com,Dwayne Johnson,conflict,"Dec 23, 2022 ... Yeah, I noticed a few of the newer Disney movies had a celebrity singer cover one of the songs in the movie for the credits. Demi Lovato sang ..."
qacc-1489,qacc,who sings you're welcome in moana credits?,misinformation,Jordan Fisher,pending_screen,6,,people.com,,noise,"Nov 14, 2020 ... Dwayne Johnson is usually singing ""You're Welcome"" but now he has a major reason to start saying thank you. On Saturday, Johnson shared the ..."
qacc-1489,qacc,who sings you're welcome in moana credits?,misinformation,Jordan Fisher,pending_screen,7,,moana.fandom.com,,noise,"You're Welcome is a song from the 2016 feature film, Moana. In the style of pattern rap, it is sung by Maui, and focuses on his various accomplishments as ..."
qacc-1489,qacc,who sings you're welcome in moana credits?,misinformation,Jordan Fisher,pending_screen,8,,genius.com,,noise,"Nov 19, 2016 ... While sweeping Moana and the listener up in his feats of strength and daring, Maui uses the song as a distraction to take Moana's boat and leave ..."
qacc-1489,qacc,who sings you're welcome in moana credits?,misinformation,Jordan Fisher,pending_screen,9,,us.tonies.com,,noise,Songs: 1. You're Welcome. 2. We Know the Way. 3. Where You Are. 4. How Far I'll Go. 5. Shiny. Story: 6. Moana. Total Run Time: 35 minutes.
qacc-1497,qacc,only player to play for manchester united manchester city liverpool and everton?,misinformation,Peter Beardsley,soft_conflict,0,,en.wikipedia.org,,noise,Peter Andrew Beardsley MBE (born 18 January 1961) is an English football coach and former footballer who played as a forward or midfielder.
qacc-1497,qacc,only player to play for manchester united manchester city liverpool and everton?,misinformation,Peter Beardsley,soft_conflict,1,,quizzclub.com,Peter Beardsley,correct,This loan spell made Beardsley the only player to play for both top-flight teams in Liverpool (Liverpool and Everton) and Manchester (United and City). More ...
qacc-1497,qacc,only player to play for manchester united manchester city liverpool and everton?,misinformation,Peter Beardsley,soft_conflict,2,,www.sporcle.com,,noise,The most likely crossword and word puzzle answers for the clue of Only Man To Play For Manchester United Manchester City Liverpool And Everton.
qacc-1497,qacc,only player to play for manchester united manchester city liverpool and everton?,misinformation,Peter Beardsley,soft_conflict,3,,community.betfair.com,,noise,"By: This user is offline. ... Beardsley was at united and i think though not sure he played 1 game, liverpool and everton, he wasnt on youth team with city??"
qacc-1497,qacc,only player to play for manchester united manchester city liverpool and everton?,misinformation,Peter Beardsley,soft_conflict,4,,nationalfootballmuseum.com,,noise,Peter Beardsley scores for Liverpool against Manchester United at Anfield. September 1990. Pic courtesy of Mirrorpix. Throughout his ...
qacc-1497,qacc,only player to play for manchester united manchester city liverpool and everton?,misinformation,Peter Beardsley,soft_conflict,5,,www.quora.com,,noise,"Oct 14, 2017 ... ... play in blue? Or is it because Manchester United and Liverpool are the most popular clubs in Ireland. Well here's why. Starting in Mancheste..."
qacc-1497,qacc,only player to play for manchester united manchester city liverpool and everton?,misinformation,Peter Beardsley,soft_conflict,6,,www.reddit.com,,noise,"Sep 12, 2020 ... Please correct me if I am wrong but the Spurs vs. Everton game will be exclusively on Peacock. They took a prime time game off of nbcsn or nbc."
qacc-1497,qacc,only player to play for manchester united manchester city liverpool and everton?,misinformation,Peter Beardsley,soft_conflict,7,,www.quora.com,,noise,"May 23, 2017 ... Why are blue and red often used by rival teams in England, such as Chelsea-Arsenal, Arsenal-Tottenham, Liverpool-Everton, Manchester United-City ..."
qacc-1497,qacc,only player to play for manchester united manchester city liverpool and everton?,misinformation,Peter Beardsley,soft_conflict,8,,www.goal.com,Beardsley,conflict,"Apr 25, 2024 ... Let's not forget that Man City are allegedly not playing fair! Mo • 3 weeks ago. Pep is just a good manager, someone who's obsessed with having ..."
qacc-1497,qacc,only player to play for manchester united manchester city liverpool and everton?,misinformation,Peter Beardsley,soft_conflict,9,,www.premierleague.com,,noise,"Records ; Most PL home wins in a season, 18 - Chelsea (2005/06) 18 - Manchester United (2010/11) 18 - Manchester City (2011/12 & 2018/19) 18 - Liverpool (2019/20)."
qacc-1499,qacc,what is the name of the shape with 100 sides?,misinformation,hectogon  hecatontagon 100-gon,soft_conflict,0,,en.wikipedia.org,,noise,"These segments are called its edges or sides, and the points where two of the edges meet are the polygon's vertices (singular: vertex) or corners. A ..."
qacc-1499,qacc,what is the name of the shape with 100 sides?,misinformation,hectogon  hecatontagon 100-gon,soft_conflict,1,,www.quora.com,hectogon  hecatontagon 100-gon,correct,"Apr 14, 2020 ... In geometry, a hectogon or hecatontagon or 100-gon is a hundred-sided polygon. The sum of any hectogon's interior angles is 17640 degrees."
qacc-1499,qacc,what is the name of the shape with 100 sides?,misinformation,hectogon  hecatontagon 100-gon,soft_conflict,2,,byjus.com,hectogon  hecatontagon 100-gon,correct,"What is a 100 sided shape called? ... In geometry, a hectogon or hecatontagon or 100-gon is a hundred-sided polygon. The sum of all hectogon's interior angles are ..."
qacc-1499,qacc,what is the name of the shape with 100 sides?,misinformation,hectogon  hecatontagon 100-gon,soft_conflict,3,,hecta-octaksys.fandom.com,,noise,"How To Name Polygons From1- 1,000,000 Sides · Henagon-1 side · Digon-2 sides · Trigon(or Triangle)-3 sides · Tetragon(or Quadrilateral)-4 sides · Pentagon-5 sides ..."
qacc-1499,qacc,what is the name of the shape with 100 sides?,misinformation,hectogon  hecatontagon 100-gon,soft_conflict,4,,mathworld.wolfram.com,Hectogon,conflict,"Hectogon. Hectogon. A 100-sided polygon, virtually indistinguishable in appearance from a circle except at very high magnification. Explore ..."
qacc-1499,qacc,what is the name of the shape with 100 sides?,misinformation,hectogon  hecatontagon 100-gon,soft_conflict,5,,www.proprep.com,Hectogon,conflict,Stuck on a STEM question? Post your question and get video answers from professional experts: A 100-sided polygon is known as a ''hectogon ...
qacc-1499,qacc,what is the name of the shape with 100 sides?,misinformation,hectogon  hecatontagon 100-gon,soft_conflict,6,,math.answers.com,,noise,"Apr 28, 2022 ... Centigon would have to be the name of a shape with 100 sides. There is no official name but you would use the prefix of the number, ..."
qacc-1499,qacc,what is the name of the shape with 100 sides?,misinformation,hectogon  hecatontagon 100-gon,soft_conflict,7,,www.dcode.fr,,noise,"... shapes of the 2D plane (table of n-sided polygon names): ... 100 faces, hectohedron. 200 faces, dihectohedron. 300 ... As the number of sides in a geometric shape ..."
qacc-1499,qacc,what is the name of the shape with 100 sides?,misinformation,hectogon  hecatontagon 100-gon,soft_conflict,8,,simple.wikipedia.org,,noise,Hectogon. polygon with 100 sides. Language; Watch · Change. A hectogon or hectagon is a shape with 100 sides and 100 corners. A hectogon. Regular hectogon ...
qacc-1499,qacc,what is the name of the shape with 100 sides?,misinformation,hectogon  hecatontagon 100-gon,soft_conflict,9,,brainly.ph,,noise,"Dec 1, 2016 ... Types of polygon · Regular (brainly.ph/question/1951763) · Irregular · Concave · Convex · Simple · Complex. What we will enumerate below are ..."
qacc-1500,qacc,when do new episodes of riverdale season 2 come out?,misinformation,2018,pending_screen,0,,en.wikipedia.org,,noise,Riverdale is an American teen drama television series based on the characters of Archie Comics. The series was adapted for The CW by Archie Comics' chief ...
qacc-1500,qacc,when do new episodes of riverdale season 2 come out?,misinformation,2018,pending_screen,1,,www.cosmopolitan.com,,noise,"May 17, 2018 ... ... did not live up to ... Riverdale break up and make up multiple times in the course of one episode. ... When Do New Episodes of IWTV Season 2 Come ..."
qacc-1500,qacc,when do new episodes of riverdale season 2 come out?,misinformation,2018,pending_screen,2,,www.reddit.com,2018,correct,"Sep 9, 2021 ... If you re-watch it, season 1 (and I think season 2 as well?) are so much prettier than current seasons. The artistic direction was so much more ..."
qacc-1500,qacc,when do new episodes of riverdale season 2 come out?,misinformation,2018,pending_screen,3,,www.quora.com,,noise,"Oct 18, 2018 ... I gave up at the end of season three. I just couldn't take anymore of the following: * The acting. The acting was absolutely horrendous."
qacc-1500,qacc,when do new episodes of riverdale season 2 come out?,misinformation,2018,pending_screen,4,,www.reddit.com,2018,correct,"Jul 1, 2019 ... they start filming around ending of June/beginning of July, whilst the seasons come out somewhat in October. They film episodes in advance and ..."
qacc-1500,qacc,when do new episodes of riverdale season 2 come out?,misinformation,2018,pending_screen,5,,www.quora.com,,noise,"Aug 15, 2018 ... ... episodes and then ignored that ... Why do people hate Riverdale season 2 so much? ... are making all of the seasons storylines up as they go ."
qacc-1500,qacc,when do new episodes of riverdale season 2 come out?,misinformation,2018,pending_screen,6,,www.comingsoon.net,,noise,"Jul 27, 2023 ... New episodes of Riverdale season 7 typically come out every Wednesday. The official synopsis for the series reads: “Riverdale's final season ..."
qacc-1500,qacc,when do new episodes of riverdale season 2 come out?,misinformation,2018,pending_screen,7,,m.economictimes.com,,noise,"Apr 3, 2023 ... Starting March 29, the latest season episodes of Riverdale are available on Wednesdays at 9 pm ET (6:30 am IST) on The CW. With 20 episodes in ..."
qacc-1500,qacc,when do new episodes of riverdale season 2 come out?,misinformation,2018,pending_screen,8,,decider.com,,noise,"Oct 11, 2017 ... The season premiere airs tonight, October 11th, on The CW. WHAT TIME DOES RIVERDALE SEASON TWO COME OUT? Archie and the gang return at 8:00 p.m. ..."
qacc-1500,qacc,when do new episodes of riverdale season 2 come out?,misinformation,2018,pending_screen,9,,www.whats-on-netflix.com,2017,conflict,"Apr 26, 2019 ... The final episode (episode 22) of Riverdale season 3 is currently expected to air on The CW on May 15th, 2019. It's now been confirmed that all ..."
qacc-1503,qacc,what kind of dog is nana in snow dogs?,misinformation,Border Collie ,,0,,disney.fandom.com,,noise,"Even though she wasn't a Siberian Husky, she wanted to join the team, but wasn't given the chance until Ted needed her to be lead dog in his rescue effort. When ..."
qacc-1503,qacc,what kind of dog is nana in snow dogs?,misinformation,Border Collie ,,1,,www.imdb.com,Border Collie ,correct,"Nana is the only one of Lucy's dogs not to be a Siberian Husky, she's a Border Collie."
qacc-1503,qacc,what kind of dog is nana in snow dogs?,misinformation,Border Collie ,,2,,www.quora.com,Alaskan Malamutes ,conflict,"Aug 23, 2015 ... ... dogs were named Nana, she ... Snow Dogs are Alaskan Malamutes and are cousins to the Husky breed. ... What breed of dog is Chief in ""Isle of Dogs""?"
qacc-1503,qacc,what kind of dog is nana in snow dogs?,misinformation,Border Collie ,,3,,en.wikipedia.org,,noise,"Snow Dogs is a 2002 American comedy film directed by Brian Levant, and produced by Jordan Kerner. The film stars Cuba Gooding Jr., with a supporting cast of ..."
qacc-1503,qacc,what kind of dog is nana in snow dogs?,misinformation,Border Collie ,,4,,peakd.com,Border Collie ,correct,"Jul 8, 2022 ... As I said, Nana in this film brings out fond memories of our beloved Border Collie, Daisy, and proves that not all sled dogs have to be Huskies, ..."
qacc-1503,qacc,what kind of dog is nana in snow dogs?,misinformation,Border Collie ,,5,,www.deviantart.com,,noise,"Nov 29, 2004 ... I know this is old, but I love this! My favorite dog is Nana! Reply. Load more. More by Smithy9 · Year of the Dog-Zodiac Smithy9 on DeviantArt ..."
qacc-1503,qacc,what kind of dog is nana in snow dogs?,misinformation,Border Collie ,,6,,www.ebay.com,,noise,Snow Dogs Nana Plush Disney Store 10” Black White Dog Stuffed Animal. SJP-Collectibles (4462); 99.6% positive feedback ...
qacc-1503,qacc,what kind of dog is nana in snow dogs?,misinformation,Border Collie ,,7,,www.instagram.com,Border Collie ,correct,"Aug 24, 2023 ... 13K likes, 172 comments - diesel_krispyk9 on August 24, 2023: ""Our favorite days are the ones where granny and Nana come over #Dog ..."
qacc-1503,qacc,what kind of dog is nana in snow dogs?,misinformation,Border Collie ,,8,,www.deviantart.com,,noise,"Jun 16, 2015 ... bordercolliedoghuskynanararesnowdogsdisneystoredisneyplushdisneystoreplushnanasnowdogsdisneysnowdogs. Description. Purchased: ebay. Price ..."
qacc-1503,qacc,what kind of dog is nana in snow dogs?,misinformation,Border Collie ,,9,,www.pinterest.com,,noise,"Mar 13, 2019 ... Even movie and TV producers know that Border Collies are the best. So here are seven celebrity Border Collie that we can see everywhere."
qacc-1504,qacc,who is the original singer of fool if you think it's over?,misinformation,Chris Rea,pending_screen,0,,www.youtube.com,Chris Rea,correct,"Apr 25, 2019 ... Chris Rea ~ Fool (If You Think It's Over) 1978 Pop Purrfection Version · C h r i s R e a Greatest Hits ❤️ 70s 80s 90s Golden Music ❤️ Best Songs ..."
qacc-1504,qacc,who is the original singer of fool if you think it's over?,misinformation,Chris Rea,pending_screen,1,,en.wikipedia.org,Chris Rea,correct,"""Fool (If You Think It's Over)"" is a popular song originally released in 1978 by the British singer-songwriter Chris Rea. Rea also wrote the lyrics and composed ..."
qacc-1504,qacc,who is the original singer of fool if you think it's over?,misinformation,Chris Rea,pending_screen,2,,www.youtube.com,Chris Rea,correct,"Jan 6, 2012 ... Fool (If You Think It's Over) ◉ CHRIS REA · Comments1.7K."
qacc-1504,qacc,who is the original singer of fool if you think it's over?,misinformation,Chris Rea,pending_screen,3,,simple.wikipedia.org,"Elkie Brooks, Chris Rea",conflict,"""Fool (If You Think It's Over)"" is a 1978 song by English singer Chris Rea and taken from his debut studio album Whatever Happened to Benny Santini?. It ..."
qacc-1504,qacc,who is the original singer of fool if you think it's over?,misinformation,Chris Rea,pending_screen,4,,secondhandsongs.com,,noise,Fool (If You Think It's Over) by Elkie Brooks was written by Chris Rea and was first released by Chris Rea in 1978. Elkie Brooks released it on the album ...
qacc-1504,qacc,who is the original singer of fool if you think it's over?,misinformation,Chris Rea,pending_screen,5,,edgeinducedcohesion.blog,"Elkie Brooks, Chris Rea",conflict,"May 12, 2014 ... At the beginning of his rather odd and surprisingly dark musical career, singer-songwriter Chris Rea did something that showed his character ..."
qacc-1504,qacc,who is the original singer of fool if you think it's over?,misinformation,Chris Rea,pending_screen,6,,secondhandsongs.com,,noise,"The song Fool (If You Think It's Over) was written by Chris Rea and was first released by Chris Rea in 1978. It was covered by David Michael Cass, ..."
qacc-1504,qacc,who is the original singer of fool if you think it's over?,misinformation,Chris Rea,pending_screen,7,,genius.com,Chris Rea,correct,Who wrote “Fool (If You Think It's Over)” by Chris Rea?
qacc-1504,qacc,who is the original singer of fool if you think it's over?,misinformation,Chris Rea,pending_screen,8,,secondhandsongs.com,,noise,Fool (If You Think It's Over) by Elkie Brooks was written by Chris Rea and was first released by Chris Rea in 1978. Elkie Brooks released it on the album ...
qacc-1504,qacc,who is the original singer of fool if you think it's over?,misinformation,Chris Rea,pending_screen,9,,open.spotify.com,Chris Rea,correct,Whatever Happened to Benny Santini19784:44. Sign into Premium to see lyrics. Sign up. Chris Rea. Artist. Chris Rea. Recommended based on this song.
qacc-1511,qacc,who was one of the first to chart the course of forgetting over time?,misinformation,Alzheimer,gold_not_in_candidates,0,,www.pennmedicine.org,Alzheimer's,conflict,"Dec 31, 2020 ... Over time, Alzheimer's can lead to an ... with memory. They may still ... first in order to provide the care and support your loved one needs."
qacc-1511,qacc,who was one of the first to chart the course of forgetting over time?,misinformation,Alzheimer,gold_not_in_candidates,1,,www.reaganlibrary.gov,,noise,"Jan 11, 1989 ... You spend a lot of time going by too fast in a ... one another on a first-name ... I even remember one highly respected economist saying, back in ..."
qacc-1511,qacc,who was one of the first to chart the course of forgetting over time?,misinformation,Alzheimer,gold_not_in_candidates,2,,www.csustan.edu,Ebbinghaus,conflict,"Ebbinghaus' research was groundbreaking at the time, and his work (though he was not a proliferate writer) was generally well received. In recognition of his ..."
qacc-1511,qacc,who was one of the first to chart the course of forgetting over time?,misinformation,Alzheimer,gold_not_in_candidates,3,,www.alz.org,Alzheimer's,conflict,"Changes in the brain related to Alzheimer's begin years before any signs of the disease. This time period, which can last for years, is referred to as ..."
qacc-1511,qacc,who was one of the first to chart the course of forgetting over time?,misinformation,Alzheimer,gold_not_in_candidates,4,,www.learnupon.com,,noise,"Is there any point in investing time and money in course creation and training, if learners are unlikely to retain the information they've gained? To tackle ..."
qacc-1511,qacc,who was one of the first to chart the course of forgetting over time?,misinformation,Alzheimer,gold_not_in_candidates,5,,www.nia.nih.gov,,noise,"Nov 22, 2023 ... Dementia versus age-related forgetfulness ; Making a bad decision once in a while · Making poor judgments and decisions a lot of the time ; Missing ..."
qacc-1511,qacc,who was one of the first to chart the course of forgetting over time?,misinformation,Alzheimer,gold_not_in_candidates,6,,www.unco.edu,,noise,"... over the course ... did you remember to use the syllabus in your courses to map ... If you are not a morning person, don't schedule study time first thing in the ..."
qacc-1511,qacc,who was one of the first to chart the course of forgetting over time?,misinformation,Alzheimer,gold_not_in_candidates,7,,www.alzheimers.org.uk,,noise,"Other symptoms, such as memory loss and problems with language and thinking, tend to stay and get worse with time. It is natural to ask which stage a person is ..."
qacc-1511,qacc,who was one of the first to chart the course of forgetting over time?,misinformation,Alzheimer,gold_not_in_candidates,8,,www.indegene.com,,noise,"Research on the forgetting ... It is similar to walking the same path through dense woods – the first time ... In short, you need to be exposed to the learned ..."
qacc-1511,qacc,who was one of the first to chart the course of forgetting over time?,misinformation,Alzheimer,gold_not_in_candidates,9,,www.aft.org,,noise,"Answer: We certainly forget things over time, and there's no reason to expect that what students learn in school should be any exception. But take heart: we don ..."
qacc-1521,qacc,how many episodes curse of oak island season 5?,misinformation,16 Episodes,,0,,en.wikipedia.org,,noise,"The Curse of Oak Island is a reality television series that premiered on January 5, 2014. The program features the Oak Island mystery. As of April 30, 2024, ..."
qacc-1521,qacc,how many episodes curse of oak island season 5?,misinformation,16 Episodes,,1,,www.imdb.com,,noise,"The Curse of Oak Island (TV Series ... Season 5 Premiere. 7.4/10 (64) Rate. Drake Tester ... Later, Rick and Gary make what may prove to be the biggest find on Oak ..."
qacc-1521,qacc,how many episodes curse of oak island season 5?,misinformation,16 Episodes,,2,,www.tvguide.com,,noise,Two brothers search for legendary treasure on an island off the coast of Nova Scotia. Season 5 Episode Guide. Season 5.
qacc-1521,qacc,how many episodes curse of oak island season 5?,misinformation,16 Episodes,,3,,www.history.com,,noise,"Everything You Need to Know About the New Season of ""The Curse of Oak Island"" ... On Lot 5, located on the western side of the island ... may date back more than a ..."
qacc-1521,qacc,how many episodes curse of oak island season 5?,misinformation,16 Episodes,,4,,www.reddit.com,16 Episodes,correct,"Mar 3, 2024 ... Waiting for last Tuesday , Feb 27th episode 16 of the Curse of Oak Island to be available after pre purchasing the season ."
qacc-1521,qacc,how many episodes curse of oak island season 5?,misinformation,16 Episodes,,5,,www.history.com,,noise,"Amazing Discoveries. Aired on Mar 06, 2018 ; A Family Album. Aired on Feb 27, 2018 ; Seeing Red. Aired on Feb 27, 2018."
qacc-1521,qacc,how many episodes curse of oak island season 5?,misinformation,16 Episodes,,6,,www.amazon.com,,noise,"In this pre-season special, Matty Blake treks to Oak Island to get new insight from the brothers Rick and Marty Lagina on the many highlights from the first ..."
qacc-1521,qacc,how many episodes curse of oak island season 5?,misinformation,16 Episodes,,7,,www.history.com,,noise,Season 5 19 Episodes Available; Season 6 22 ... Episode 18 May The Norse Be With You. S 11 E 18 ... may explain the 228-year-old Oak Island mystery. Start ...
qacc-1521,qacc,how many episodes curse of oak island season 5?,misinformation,16 Episodes,,8,,www.reddit.com,,noise,"Jan 25, 2021 ... Have you tried using a VPN and then going to History Channel's archive of episodes? I ask because I'm in the U.S. (Wisconsin) and don't have any ..."
qacc-1521,qacc,how many episodes curse of oak island season 5?,misinformation,16 Episodes,,9,,www.history.com,19 Episodes,conflict,Season 5 19 Episodes Available; Season 6 22 Episodes Available ... Episode 8 The Mystery of ... may be a secret entrance to an underground treasure tunnel on Oak ...
qacc-1522,qacc,where does a brisket come from on a cow?,misinformation,lower breast,soft_conflict,0,,www.youtube.com,,noise,"Mar 12, 2023 ... brisket #smokedmeat #bbq In this lesson of Smokin' U with Crossbuck, #pitmater Tim McLaughlin and Damian Avila teach us about what is ..."
qacc-1522,qacc,where does a brisket come from on a cow?,misinformation,lower breast,soft_conflict,1,,kccattlecompany.com,lower breast,correct,"The brisket is one of the primal cuts on beef. It comes from the breast/pectoral area. The brisket can be separated into the point and the flat, ..."
qacc-1522,qacc,where does a brisket come from on a cow?,misinformation,lower breast,soft_conflict,2,,www.youtube.com,lower breast,correct,"Jun 26, 2018 ... Brisket is a cut of meat from the breast under the first five ribs of beef. It is sold boneless and usually weighs in anywhere from 7 to 20 ..."
qacc-1522,qacc,where does a brisket come from on a cow?,misinformation,lower breast,soft_conflict,3,,www.quora.com,chest,conflict,"May 24, 2017 ... Same is true for the cattle. Brisket is located just behind the shank on the lower breast area of the animal. It has a great deal of fibrous ..."
qacc-1522,qacc,where does a brisket come from on a cow?,misinformation,lower breast,soft_conflict,4,,www.mccormick.com,,noise,Become a Texan grill master in no time with this guide. Review our cow meat diagram to learn about all of the different cuts of beef available.
qacc-1522,qacc,where does a brisket come from on a cow?,misinformation,lower breast,soft_conflict,5,,www.quora.com,lower breast,correct,"Dec 22, 2016 ... Typically “brisket” IS a cut of meat - specifically that of a beef cattle or veal - it's is comprised of the “chest” muscles. the same cut of ..."
qacc-1522,qacc,where does a brisket come from on a cow?,misinformation,lower breast,soft_conflict,6,,www.dianeduane.com,above cow's foreleg ,conflict,"Mar 16, 2006 ... Corned beef is usually made from the brisket cut above the cow's foreleg (indicated above). In England and Ireland it's also sometimes made from ..."
qacc-1522,qacc,where does a brisket come from on a cow?,misinformation,lower breast,soft_conflict,7,,www.quora.com,lower breast,correct,"Jun 5, 2020 ... Brisket is a cut of meat from the breast or lower chest of beef cattle. It's a specific cut, so “worthy” has nothing to do with it."
qacc-1522,qacc,where does a brisket come from on a cow?,misinformation,lower breast,soft_conflict,8,,www.thespruceeats.com,,noise,"Jan 14, 2023 ... Curious about where chuck, rib, loin, and brisket come from? Here's a handy guide to beef cut locations, along with the best way to cook ..."
qacc-1522,qacc,where does a brisket come from on a cow?,misinformation,lower breast,soft_conflict,9,,www.allrecipes.com,,noise,"Feb 26, 2021 ... Brisket is a cut of beef that comes from the lower breast or pectoral muscles of a cow. Because this area is so well-exercised, it makes for ..."
qacc-1527,qacc,who plays dawn on nicky ricky dicky and dawn?,misinformation,Elizabeth Anne Greene,pending_screen,0,,en.wikipedia.org,Elizabeth Anne Greene,correct,"Elizabeth Anne Greene (born May 1, 2003) is an American actress, known for her titular role as Dawn Harper in the Nickelodeon sitcom Nicky, Ricky, Dicky ..."
qacc-1527,qacc,who plays dawn on nicky ricky dicky and dawn?,misinformation,Elizabeth Anne Greene,pending_screen,1,,nrdd.fandom.com,,noise,"Dawn Abigail Harper is one of the Harper quadruplets and one of the four protagonists in Nicky, Ricky, Dicky & Dawn. She is the only daughter of Anne Harper ..."
qacc-1527,qacc,who plays dawn on nicky ricky dicky and dawn?,misinformation,Elizabeth Anne Greene,pending_screen,2,,en.wikipedia.org,,noise,"The series stars Brian Stepanek, Allison Munn, Aidan Gallagher, Casey Simpson, Mace Coronel, Lizzy Greene, Gabrielle Elyse, and Kyla-Drew Simmons. Nicky, Ricky, ..."
qacc-1527,qacc,who plays dawn on nicky ricky dicky and dawn?,misinformation,Elizabeth Anne Greene,pending_screen,3,,nrdd.fandom.com,Dawn Abigail Harper ,conflict,"Fandom Apps. Take your favorite fandoms with you and never miss a beat. ... Nicky, Ricky, Dicky & Dawn Wiki is a FANDOM TV Community."
qacc-1527,qacc,who plays dawn on nicky ricky dicky and dawn?,misinformation,Elizabeth Anne Greene,pending_screen,4,,www.imdb.com,,noise,Top cast ; Lizzy Greene · Dawn Harper ; Casey Simpson · Ricky Harper ; Aidan Gallagher · Nicholas 'Nicky' Harper ; Allison Munn · Anne Harper ; Brian Stepanek · Tom ...
qacc-1527,qacc,who plays dawn on nicky ricky dicky and dawn?,misinformation,Elizabeth Anne Greene,pending_screen,5,,www.instagram.com,,noise,"140K Followers, 606 Following, 236 Posts - Nicky Ricky Dicky and Dawn Fan (@nickyrickydickydawn) on Instagram: "" ‍ ‍ ‍ ‍ First NRDD fanpage!"
qacc-1527,qacc,who plays dawn on nicky ricky dicky and dawn?,misinformation,Elizabeth Anne Greene,pending_screen,6,,www.imdb.com,,noise,"The show revolves ten-year-old quadruplets made up of three boys Nicky, Ricky and Dicky with their sister Dawn (as yet, it's not been addressed whether Ricky ..."
qacc-1527,qacc,who plays dawn on nicky ricky dicky and dawn?,misinformation,Elizabeth Anne Greene,pending_screen,7,,www.netflix.com,,noise,"Nicky, Ricky, Dicky & Dawn ... Just because they're quadruplets, that doesn't mean these 10-year-olds always get along. But for all the bickering, they're loyal ..."
qacc-1527,qacc,who plays dawn on nicky ricky dicky and dawn?,misinformation,Elizabeth Anne Greene,pending_screen,8,,twitter.com,,noise,"Jul 12, 2015 ... My baby's acting debut on Nicky Ricky Dicky and Dawn show :) she is so happy! Had fun doin... https://t.co/yQ3X2kaSXn."
qacc-1527,qacc,who plays dawn on nicky ricky dicky and dawn?,misinformation,Elizabeth Anne Greene,pending_screen,9,,screenrant.com,,noise,"The show focuses on the Harper kids — a set of pre-teen quadruplets played by Aidan Gallagher, Casey Simpson, Mace Coronel and Lizzy Greene — who have very ..."
qacc-1531,qacc,when does shadowhunters season 2 episode 17 come out?,misinformation,"July 24, 2017",,0,,www.fangsforthefantasy.com,"Jul 25, 2017",conflict,"Jul 27, 2017 ... Shadowhunters, Season 2, Episode 17: A Dark Reflection · Clary now has · She's also all torn up about leanring her brother Jonathan is actually ..."
qacc-1531,qacc,when does shadowhunters season 2 episode 17 come out?,misinformation,"July 24, 2017",,1,,www.imdb.com,"July 24, 2017",correct,"Details · Release date · July 24, 2017 (United States) · Production companies · Directors Guild of Canada: Ontario · Alliance of Canadian Cinema, Television and ..."
qacc-1531,qacc,when does shadowhunters season 2 episode 17 come out?,misinformation,"July 24, 2017",,2,,www.freeform.com,,noise,"Dot shows Clary a strange, new marking on her arm which appears to indicate the location of the Mortal Mirror, the missing Mortal Instrument."
qacc-1531,qacc,when does shadowhunters season 2 episode 17 come out?,misinformation,"July 24, 2017",,3,,www.reddit.com,"July 24, 2017",correct,"Jul 25, 2017 ... Season 2 Episode 17: A Dark Reflection. Air ... should love his sister, so it comes out creepy and twisted. ... I like the way Alec favors ..."
qacc-1531,qacc,when does shadowhunters season 2 episode 17 come out?,misinformation,"July 24, 2017",,4,,www.tvfanatic.com,"Jul 25, 2017",conflict,"Jul 24, 2017 ... Clary and Jace search for the Mortal Mirror on Shadowhunters Season 2 Episode 17, but they're not the only ones looking. Jonathan is..."
qacc-1531,qacc,when does shadowhunters season 2 episode 17 come out?,misinformation,"July 24, 2017",,5,,mundiemoms.blogspot.com,,noise,"Jul 29, 2017 ... We are at episode 17, can you believe it, Mundie Moms? It seems like yesterday that Season 2 started, and we were all so full of hope."
qacc-1531,qacc,when does shadowhunters season 2 episode 17 come out?,misinformation,"July 24, 2017",,6,,www.bilibili.tv,,noise,Shadowhunters - Season 2 - Episode 17: A Dark Reflection HD. creator avatar. TuneIn. 30. My List. Download. Comments. Top 50. Recommended for You.
qacc-1531,qacc,when does shadowhunters season 2 episode 17 come out?,misinformation,"July 24, 2017",,7,,www.rottentomatoes.com,,noise,"Jul 24, 2017 ... With two of the three Mortal Instruments missing, everyone hunts for the last one -- The Mortal Mirror; Jace and Clary race to recover it ..."
qacc-1531,qacc,when does shadowhunters season 2 episode 17 come out?,misinformation,"July 24, 2017",,8,,ladykatiereads.wordpress.com,"July 24, 2017",correct,"Aug 2, 2017 ... On top of this, Clary finds out that her brother, Jonathan Christopher, is still alive. However, she has no idea that he has been disguised as ..."
qacc-1531,qacc,when does shadowhunters season 2 episode 17 come out?,misinformation,"July 24, 2017",,9,,www.netflix.com,,noise,"Episode 2 of Season 2. 2. A Door Into the Dark. 44m. Valentine comes up with a new method of winning over Jace, while Simon asks Magnus for help, and Clary ..."
qacc-1552,qacc,when did the log flume closed at alton towers?,misinformation,12 years later in 1996,,0,,en.wikipedia.org,,noise,The ride was a bath time themed log flume with three drops. It was the longest log flume attraction in the world at the time of opening. The attraction closed ...
qacc-1552,qacc,when did the log flume closed at alton towers?,misinformation,12 years later in 1996,,1,,www.reddit.com,,noise,"May 3, 2018 ... ... Log Flume have closed in ... The flume at Alton Towers was removed to make way for Wicker Man. Was always a fav of mine until they did ..."
qacc-1552,qacc,when did the log flume closed at alton towers?,misinformation,12 years later in 1996,,2,,www.cupcakesandcoasters.com,after 35 years of operation,conflict,"Feb 28, 2016 ... With Alton Towers announcing this week that they would be retiring The Flume after 35 years of operation and Logger's Leap at THORPE PARK ..."
qacc-1552,qacc,when did the log flume closed at alton towers?,misinformation,12 years later in 1996,,3,,www.reddit.com,,noise,"Apr 30, 2021 ... Log In / Sign Up ... r/submechanophobia - This ride was my nightmare fuel for years but it closed in ... was like someday I'll find out what Alton ..."
qacc-1552,qacc,when did the log flume closed at alton towers?,misinformation,12 years later in 1996,,4,,www.tripadvisor.com,,noise,Younger son insisted on Fried Chicken....chicken was lovely (although ended up with far too much as I felt pressured to order quickly after they told me that ...
qacc-1552,qacc,when did the log flume closed at alton towers?,misinformation,12 years later in 1996,,5,,www.bbc.co.uk,,noise,"Feb 24, 2024 ... He bought the fibreglass vessel after Alton Towers closed the flume ride in 2016. The ride cars were auctioned off to collectors and ..."
qacc-1552,qacc,when did the log flume closed at alton towers?,misinformation,12 years later in 1996,,6,,www.bbc.com,,noise,"Feb 24, 2024 ... He bought the fibreglass vessel after Alton Towers closed the flume ride in 2016. The ride cars were auctioned off to collectors and ..."
qacc-1552,qacc,when did the log flume closed at alton towers?,misinformation,12 years later in 1996,,7,,www.expressandstar.com,,noise,"Mar 1, 2016 ... The Staffordshire theme park confirmed the closure just three weeks before its gates are due to open for the 2016 season. Alton Towers is also ..."
qacc-1552,qacc,when did the log flume closed at alton towers?,misinformation,12 years later in 1996,,8,,www.towerstimes.co.uk,12 years later in 1996,correct,"They were eventually removed 12 years later in 1996. Alongside the opening of Spinball Whizzer, 2004 promised a brand new theme for The Flume. After striking a ..."
qacc-1552,qacc,when did the log flume closed at alton towers?,misinformation,12 years later in 1996,,9,,www.altontowers.com,,noise,"... Ride & Attraction Availability · Security ... Swash your buckles, man the galleons and brave shark-infested waters to do battle in the Pirate Cove! ... CLOSED. See ..."
qacc-1554,qacc,how many seasons of from dusk till dawn are there?,misinformation,3,,0,,en.wikipedia.org,3,correct,From Dusk till Dawn: The Series ; United States · English · 3 · 30 (list of episodes).
qacc-1554,qacc,how many seasons of from dusk till dawn are there?,misinformation,3,,1,,www.imdb.com,,noise,From Dusk Till Dawn: The Series · Episodes31 · Videos5 · Photos589 · Top cast · More like this · Storyline · Did you know · User reviews115.
qacc-1554,qacc,how many seasons of from dusk till dawn are there?,misinformation,3,,2,,en.wikipedia.org,3,correct,"As of November 1, 2016, 30 episodes of From Dusk till Dawn have aired, concluding the third season."
qacc-1554,qacc,how many seasons of from dusk till dawn are there?,misinformation,3,,3,,screenrant.com,4,conflict,"Mar 5, 2019 ... It's now been over two years since the final episode aired so while it was never officially canceled, From Dusk Till Dawn season 4 is very ..."
qacc-1554,qacc,how many seasons of from dusk till dawn are there?,misinformation,3,,4,,www.imdb.com,,noise,"The Gecko brothers and the Fuller family enter the Titty Twister and find more than they bargained for, as Seth senses his deal with Carlos may be slipping away ..."
qacc-1554,qacc,how many seasons of from dusk till dawn are there?,misinformation,3,,5,,www.amazon.com,,noise,"From executive producer Robert Rodriguez comes the first season of the original El Rey Network series, FROM DUSK TILL DAWN, swooping onto Blu-ray and DVD, ..."
qacc-1554,qacc,how many seasons of from dusk till dawn are there?,misinformation,3,,6,,musingsofamiddleagedgeek.blog,,noise,"Sep 4, 2021 ... Before long, an epic bar brawl breaks out, and is quickly (albeit temporarily) put down when Seth and Richie shoot their would-be attackers–but ..."
qacc-1554,qacc,how many seasons of from dusk till dawn are there?,misinformation,3,,7,,www.reddit.com,,noise,"Dec 29, 2017 ... I had no idea it was a vampire film. It's been a long time since I saw it, but I seem to remember that it's a bit like Psycho, in that there's a ..."
qacc-1554,qacc,how many seasons of from dusk till dawn are there?,misinformation,3,,8,,m.facebook.com,,noise,"Nov 2, 2016 ... So i missed last week's episode and when I played it this morning to watch it, I didn't have any audio except for the music that"
qacc-1554,qacc,how many seasons of from dusk till dawn are there?,misinformation,3,,9,,www.reddit.com,,noise,"Mar 18, 2018 ... 140 votes, 178 comments. It seems like every week or so, a thread somewhere on Reddit cites that ""nobody knew"" that ""From Dusk Till Dawn"" ..."
qacc-1557,qacc,winner of first series of great british bake off?,misinformation,Edd Kimber,,0,,www.businessinsider.com, Jo Wheatley,conflict,"Nov 24, 2022 ... In the show's first season with 12 contestants, Jo Wheatley emerged as the winner. ... Wheatley, a mom of three, surpassed Holly Bell and Mary- ..."
qacc-1557,qacc,winner of first series of great british bake off?,misinformation,Edd Kimber,,1,,www.bbc.co.uk,Edd Kimber,correct,"Drawing in three million viewers, the first GBBO final saw Edd Kimber crowned the first ever marquee champ. Formerly a debt collector (""I used to spend most of ..."
qacc-1557,qacc,winner of first series of great british bake off?,misinformation,Edd Kimber,,2,,en.wikipedia.org,,noise,The first series of The Great British Bake Off first aired on BBC Two on 17 August 2010. Ten home bakers took part in a bake-off to test their baking skills ...
qacc-1557,qacc,winner of first series of great british bake off?,misinformation,Edd Kimber,,3,,www.netflix.com,Edd Kimber,correct,"Dec 21, 2022 ... Edd Kimber, Series 1. The first winner of The Great British Baking Show credits his time on the series as a stepping stone that helped him ..."
qacc-1557,qacc,winner of first series of great british bake off?,misinformation,Edd Kimber,,4,,en.wikipedia.org,,noise,Contents · 6.1 Nadiya Hussain (winner) · 6.2 Ian Cumming · 6.3 Tamal Ray.
qacc-1557,qacc,winner of first series of great british bake off?,misinformation,Edd Kimber,,5,,www.the-sun.com,Edd Kimber,correct,"Sep 27, 2023 ... Edd Kimber was The Great British Bake Off's first-ever champion. After launching to fame in series one he ditched his debt-collecting job and ..."
qacc-1557,qacc,winner of first series of great british bake off?,misinformation,Edd Kimber,,6,,www.standard.co.uk,,noise,"Nov 29, 2023 ... Matty Edgell was on Tuesday night crowned the winner of the 14th series of the Great British Bake Off, beating Josh Smalley and Dan Hunter ..."
qacc-1557,qacc,winner of first series of great british bake off?,misinformation,Edd Kimber,,7,,www.theboywhobakes.co.uk,,noise,After studying politics at university I realised the corporate world wasn't for me and after entering and winning the first series of The Great British Bake Off ...
qacc-1557,qacc,winner of first series of great british bake off?,misinformation,Edd Kimber,,8,,www.eonline.com,Edd Kimber,correct,"Sep 23, 2022 ... Some fans might not be familiar with the show's first-ever champion Edd Kimber, as season one of The Great British Baking Show never aired in ..."
qacc-1557,qacc,winner of first series of great british bake off?,misinformation,Edd Kimber,,9,,www.reddit.com,,noise,"Dec 30, 2023 ... I use Planet VPN to watch GBBO both on my tablet and my laptop. It's free. I add the Planet VPN extension to my Chrome browser and watch all the ..."
qacc-1565,qacc,who sang if this world were mine with luther vandross?,misinformation,Cheryl Lynn ,,0,,www.youtube.com,Cheryl Lynn ,correct,"Oct 1, 2019 ... Cheryl Lynn - If This World Were Mine (Audio) ft. Luther Vandross · Comments618."
qacc-1565,qacc,who sang if this world were mine with luther vandross?,misinformation,Cheryl Lynn ,,1,,en.wikipedia.org,Marvin Gaye,conflict,"""If This World Were Mine"" is a 1967 song by soul music duo Marvin Gaye and Tammi Terrell from their album United. Written solely by Gaye, it was one of the ..."
qacc-1565,qacc,who sang if this world were mine with luther vandross?,misinformation,Cheryl Lynn ,,2,,www.youtube.com,Marvin Gaye,conflict,"Nov 7, 2014 ... ... Luther Vandross Composer, Lyricist: Marvin Gaye Engineer, Mixing Engineer: Michael Brauer Arranger: Nat Adderley Jr. Auto-generated by YouTube."
qacc-1565,qacc,who sang if this world were mine with luther vandross?,misinformation,Cheryl Lynn ,,3,,djspivey.bandcamp.com,,noise,"In 1982 this classic was covered masterfully by the great Luther Vandross and Cheryl Llynn (That was the version I fell in love with). Well, in 2013 Dalminjo ..."
qacc-1565,qacc,who sang if this world were mine with luther vandross?,misinformation,Cheryl Lynn ,,4,,www.youtube.com,Cheryl Lynn ,correct,"Jul 3, 2011 ... Comments3.1K ; Luther and Cheryl Lynn performing ""If This World Were Mine"" on Soul Train (1982). 63K views ; If This World Were Mine. 849 views ..."
qacc-1565,qacc,who sang if this world were mine with luther vandross?,misinformation,Cheryl Lynn ,,5,,genius.com,Cheryl Lynn ,correct,[Verse 1: Luther Vandross] If this world were mine. I would place at your feet. All that I own. You've been so good to me. If this world were mine
qacc-1565,qacc,who sang if this world were mine with luther vandross?,misinformation,Cheryl Lynn ,,6,,www.youtube.com,Cheryl Lynn ,correct,"Feb 8, 2020 ... Soul Train Cheryl Lynn & Luther Vandross "" If This World Were Mine "" thak you for watching don't forget to subscribe."
qacc-1565,qacc,who sang if this world were mine with luther vandross?,misinformation,Cheryl Lynn ,,7,,www.facebook.com,Cheryl Lynn ,correct,"Gladys Knight & The... ... Luther and Cheryl Lynn performing ""If This World Were Mine"" on... More content."
qacc-1565,qacc,who sang if this world were mine with luther vandross?,misinformation,Cheryl Lynn ,,8,,open.spotify.com,Cheryl Lynn ,correct,"Listen to If This World Were Mine (with Luther Vandross) on Spotify. Cheryl Lynn, Luther Vandross · Song · 1982."
qacc-1565,qacc,who sang if this world were mine with luther vandross?,misinformation,Cheryl Lynn ,,9,,www.sessiondays.com,Cheryl Lynn ,correct,"""If This World Were Mine"" is a 1967 song by soul music duo Marvin Gaye and Tammi Terrell from their album United. Fifteen years after the original recording ..."
qacc-1574,qacc,who came out first batman or spider man?,misinformation,Bat man,,0,,www.answers.com,Bat man,correct,"Oct 5, 2008 ... Batman's first appearance was in Detective Comics #27 in 1939. Therefore Batman came out first. This answer is: Helpful (1)"
qacc-1574,qacc,who came out first batman or spider man?,misinformation,Bat man,,1,,www.reddit.com,,noise,"May 14, 2017 ... 594 votes, 62 comments. 963K subscribers in the Spiderman community. The subreddit for the Marvel character, Spider-Man."
qacc-1574,qacc,who came out first batman or spider man?,misinformation,Bat man,,2,,www.instagram.com,Spider man,conflict,"Sep 24, 2023 ... I bought that the week it came out. September ... #Spiderman WIP in color by me and ... men who hire me to live out my dream with these characters."
qacc-1574,qacc,who came out first batman or spider man?,misinformation,Bat man,,3,,www.reddit.com,,noise,"Nov 10, 2021 ... Tbf Carnage is damn hard to kill, Kaine (spider man but edgy and a killer) snapped his neck and he got right back up iirc. Upvote"
qacc-1574,qacc,who came out first batman or spider man?,misinformation,Bat man,,4,,www.quora.com,,noise,"Oct 7, 2023 ... LEVEL, OR POPULARITY. The greatest out of all of these is Peter Parker, Spider-Man. ... first Superman comic came out ... What movie came before ..."
qacc-1574,qacc,who came out first batman or spider man?,misinformation,Bat man,,5,,kids.guinnessworldrecords.com,,noise,"... appearance – whether that be in a comic book, a ... Batman and Superman, although part of the original line-up ... Spider-Man appeared in Mar 1963. The character ..."
qacc-1574,qacc,who came out first batman or spider man?,misinformation,Bat man,,6,,www.quora.com,,noise,"Mar 10, 2021 ... There have been two cross-company team-ups of Batman and Spider-Man. The first was came in 1995, in a one-shot titled: Spider-Man and Batman."
qacc-1574,qacc,who came out first batman or spider man?,misinformation,Bat man,,7,,www.jmdematteis.com,Spider man,conflict,"Sep 27, 2010 ... I bought the signed hardcover when it first came out and just loved it. ... Batman: Apocalypse that came out on Tuesday)? ... Spider-Man movie comes ..."
qacc-1574,qacc,who came out first batman or spider man?,misinformation,Bat man,,8,,www.quora.com,,noise,"Feb 3, 2018 ... Batman's first appearance was in Detective Comics #27 in May 1939. Therefore Superman came first."
qacc-1574,qacc,who came out first batman or spider man?,misinformation,Bat man,,9,,steamcommunity.com,,noise,"Sep 11, 2022 ... Don't know if people know or not, but Spider-Man ps1 though came out with the dodge mechanic and combo system that Batman uses. Batman though, ..."
qacc-1575,qacc,who coined the phrase let get ready to rumble?,misinformation,Michael Buffer,,0,,en.wikipedia.org,Bruce Buffer,conflict,"1982–present · ""Let's get ready to rumble!"" catchphrase · 2 · Bruce Buffer (brother)."
qacc-1575,qacc,who coined the phrase let get ready to rumble?,misinformation,Michael Buffer,,1,,www.mekiplaw.com,Michael Buffer,correct,The phrase “Let's get ready to rumble!” was trademarked by Michael Buffer in 1992. He first started using the catchphrase in 1984. The trademark was issued in ...
qacc-1575,qacc,who coined the phrase let get ready to rumble?,misinformation,Michael Buffer,,2,,www.lgrtr.com,Michael Buffer,correct,"Apr 3, 2023 ... Michael Buffer, the world-renowned boxing and wrestling ring announcer, has become a household name thanks to his iconic catchphrase, ""Let's ..."
qacc-1575,qacc,who coined the phrase let get ready to rumble?,misinformation,Michael Buffer,,3,,www.reddit.com,,noise,"Mar 4, 2018 ... TIL that UFC announcer Bruce Buffer met his half brother when he was thirty...that man is Michael Buffer the “Let's Get Ready to Rumble!” Guy."
qacc-1575,qacc,who coined the phrase let get ready to rumble?,misinformation,Michael Buffer,,4,,www.one37pm.com,Michael Buffer,correct,"Oct 12, 2018 ... The greatest thing famed boxing announcer Michael Buffer ever did was come up with the catchphrase ""Let's get ready to rumble!""."
qacc-1575,qacc,who coined the phrase let get ready to rumble?,misinformation,Michael Buffer,,5,,abcnews.go.com,,noise,"Sports announcer Michael Buffer has built his lucrative career on five words. ... Nov. 9, 2009&#151; -- When Hollywood producers cast a ring announcer in a boxing ..."
qacc-1575,qacc,who coined the phrase let get ready to rumble?,misinformation,Michael Buffer,,6,,secureyourtrademark.com,,noise,"Jul 29, 2021 ... Michael Buffer is one of the world's best-known sports announcers. His elegant appearance and deep, rolling voice have made him a familiar ..."
qacc-1575,qacc,who coined the phrase let get ready to rumble?,misinformation,Michael Buffer,,7,,ftw.usatoday.com,,noise,"Dec 11, 2018 ... Michael Buffer on his signature phrase and losing his voice before Mayweather-Pacquiao ..."
qacc-1575,qacc,who coined the phrase let get ready to rumble?,misinformation,Michael Buffer,,8,,www.quora.com,,noise,"May 7, 2020 ... So let's get ready to rumble means a fight is about to happen. It's a common expression at combat sports events. Rumble means to fight. So '' ..."
qacc-1575,qacc,who coined the phrase let get ready to rumble?,misinformation,Michael Buffer,,9,,talksport.com,,noise,"Sep 25, 2021 ... Buffer started saying his timeless catchphrase in 1984 - two years after he started as an announcer - after drawing inspiration from Muhammad ..."
qacc-1580,qacc,how many states have a cracker barrel restaurant?,outdated,44,,0,,www.crackerbarrel.com,45,conflict,Free Shipping on retail orders over $100. See details. ✕. Find a Cracker Barrel by State. Locations. Pick your location.
qacc-1580,qacc,how many states have a cracker barrel restaurant?,outdated,44,,1,,guestrelations.crackerbarrel.com,,noise,"Oct 30, 2023 ... As of today, there are 662 locations in 45 states. Visit our Store Directory to find your local Cracker Barrel."
qacc-1580,qacc,how many states have a cracker barrel restaurant?,outdated,44,,2,,vinepair.com,,noise,"Sep 12, 2022 ... The Number of Cracker Barrels by State ; North Carolina, 41 ; Kentucky, 37 ; Virginia, 32 ; Alabama, 31 ; Ohio, 31."
qacc-1580,qacc,how many states have a cracker barrel restaurant?,outdated,44,,3,,www.scrapehero.com,,noise,"Apr 10, 2024 ... How many Cracker Barrel restaurants are there in the United States? ... There are 662 Cracker Barrel restaurants in the United States as of April ..."
qacc-1580,qacc,how many states have a cracker barrel restaurant?,outdated,44,,4,,hasdata.com,45,conflict,There are 687 Cracker Barrel restaurants in the USA. These restaurants are located in 45 states and territories and 591 cities. The state with the most ...
qacc-1580,qacc,how many states have a cracker barrel restaurant?,outdated,44,,5,,en.wikipedia.org,45,conflict,"As of August 10, 2023, the company operates 660 stores in 45 states. Cracker Barrel Old Country Store, Inc. Trade name. Cracker Barrel. Company type ..."
qacc-1580,qacc,how many states have a cracker barrel restaurant?,outdated,44,,6,,247wallst.com,,noise,"Nov 23, 2023 ... On the flip side, there are five states that have no Cracker Barrel restaurants. (There are also no Cracker Barrels in Washington, D.C., or any ..."
qacc-1580,qacc,how many states have a cracker barrel restaurant?,outdated,44,,7,,www.thedailymeal.com,45,conflict,"May 16, 2023 ... As of May 2023, there were 661 Cracker Barrel restaurants in 564 cities across 45 states. While you may assume that Tennessee has the most ..."
qacc-1580,qacc,how many states have a cracker barrel restaurant?,outdated,44,,8,,abcnews.go.com,44,correct,"Jul 26, 2017 ... The couple, married for 60 years, are just one visit away from visiting all 645 Cracker Barrel Old Country Store locations in 44 states across ..."
qacc-1580,qacc,how many states have a cracker barrel restaurant?,outdated,44,,9,,www.quora.com,,noise,"Jun 2, 2020 ... There are six Cracker Barrel locations in California. California is so full of restaurants. If they pick locations correctly, they could do ok."
qacc-1581,qacc,how many indian astronauts have gone to space?,outdated,four,pending_screen,0,,en.wikipedia.org,,noise,"As of 2024, Four people of Indian origin have been in space. The first astronaut of Indian nationality, in space was Rakesh Sharma on Soyuz T-11 in 1984."
qacc-1581,qacc,how many indian astronauts have gone to space?,outdated,four,pending_screen,1,,www.spacefoundation.org,four,correct,"Jul 26, 2018 ... Rakesh Sharma from Patiala, Punjab is a military pilot as well as a cosmonaut who has spent almost 8 glorious days onboard the Soyuz 7 orbital ..."
qacc-1581,qacc,how many indian astronauts have gone to space?,outdated,four,pending_screen,2,,www.quora.com,three,conflict,"Jan 6, 2018 ... As of Jan 2024 : A total of three Indian astronauts have flown to space in which One Rakesh Sharma (Indian Citizen ) but Kalpana & Sunita ..."
qacc-1581,qacc,how many indian astronauts have gone to space?,outdated,four,pending_screen,3,,www.niam.org,,noise,"On April 21, 2021 when NASA announced the names of 18 astronauts selected for its manned mission to the Moon and beyond, Indians had one more reason to cheer."
qacc-1581,qacc,how many indian astronauts have gone to space?,outdated,four,pending_screen,4,,www.nytimes.com,,noise,"Aug 24, 2023 ... But the project, which aims to send three Indian astronauts to space on the country's own spacecraft, has faced delays, and ISRO has not ..."
qacc-1581,qacc,how many indian astronauts have gone to space?,outdated,four,pending_screen,5,,homework.study.com,,noise,"Unfortunately, the number of Indian astronauts or vyomanauts that have landed on the moon is zero. The first vyomanaut, Rakesh Sharma, was sent into space ..."
qacc-1581,qacc,how many indian astronauts have gone to space?,outdated,four,pending_screen,6,,thewire.in,,noise,"Jul 4, 2023 ... Rakesh Sharma is the only Indian citizen to visit the space till date. He flew aboard the Soyuz T-11 in April 1984. This opportunity came as an ..."
qacc-1581,qacc,how many indian astronauts have gone to space?,outdated,four,pending_screen,7,,www.bbc.com,,noise,"Feb 27, 2024 ... The Gaganyaan mission aims to send three astronauts to an orbit of 400km and bring them back after three days. India's space agency Isro has ..."
qacc-1581,qacc,how many indian astronauts have gone to space?,outdated,four,pending_screen,8,,www.nature.com,,noise,"Aug 28, 2018 ... ... Indian citizen to have gone to space. The Indian astronauts aboard Gaganyaan — hopefully one of them female — will be launched into space on ..."
qacc-1581,qacc,how many indian astronauts have gone to space?,outdated,four,pending_screen,9,,www.thehindu.com,,noise,"Mar 28, 2023 ... ... Astronaut Training Facility in Bengaluru. File | Photo Credit: AFP. The four astronauts who have been selected for India's first Human Space ..."
qacc-1585,qacc,when was the letter j introduced to the alphabet?,misinformation,1524.,soft_conflict,0,,www.dictionary.com,,noise,"Apr 8, 2011 ... J is a bit of a late bloomer; after all, it was the last letter added to the alphabet. It is no coincidence that I and J stand side by side—they ..."
qacc-1585,qacc,when was the letter j introduced to the alphabet?,misinformation,1524.,soft_conflict,1,,homework.study.com,500 years ago,conflict,"Until the year 1524, there was no letter 'J' in the alphabet. The letter 'J' was originally the same letter as 'I.' The 'father of the letter J' is Gian ..."
qacc-1585,qacc,when was the letter j introduced to the alphabet?,misinformation,1524.,soft_conflict,2,,www.marstranslation.com,1524,correct,"Jul 27, 2022 ... They were separated only after Gian Giorgio Trissino (an Italian grammarian) argued for them to be. But before we indulge in how the letter J ..."
qacc-1585,qacc,when was the letter j introduced to the alphabet?,misinformation,1524.,soft_conflict,3,,www.quora.com,,noise,"Aug 31, 2017 ... The letter J was the last letter to be added to the English alphabet (estimated around 500 years ago). The sound was used previously in middle ..."
qacc-1585,qacc,when was the letter j introduced to the alphabet?,misinformation,1524.,soft_conflict,4,,en.wikipedia.org,500 years ago,conflict,"J, or j, is the tenth letter of the Latin alphabet, used in the modern English alphabet, the alphabets of other western European languages and others ..."
qacc-1585,qacc,when was the letter j introduced to the alphabet?,misinformation,1524.,soft_conflict,5,,www.quora.com,,noise,"Mar 16, 2018 ... The letter J was created in 1524. How is Jesus a real person? 47 Answers."
qacc-1585,qacc,when was the letter j introduced to the alphabet?,misinformation,1524.,soft_conflict,6,,www.reddit.com,1524,correct,"Feb 17, 2013 ... ...J has been around since the start of the language. It didn't have a curl on the end until cursive became a thing. It was just an elongated ""i ..."
qacc-1585,qacc,when was the letter j introduced to the alphabet?,misinformation,1524.,soft_conflict,7,,www.rd.com,,noise,"Jan 30, 2023 ... “Z” may be the last letter in alphabetical order, but the last letter added to our alphabet was actually “J.” Talk-About-Irony--The-English ..."
qacc-1585,qacc,when was the letter j introduced to the alphabet?,misinformation,1524.,soft_conflict,8,,www.quora.com,,noise,"Mar 21, 2021 ... The letter “J” was invented to represent the sound of the “y” in “yes,” and that is still the sound that it conveys in German (the language for ..."
qacc-1585,qacc,when was the letter j introduced to the alphabet?,misinformation,1524.,soft_conflict,9,,www.britannica.com,,noise,"History, etymology, and pronunciation of j, the 10th letter of the alphabet. It was not differentiated from the letter i until comparatively modern times."
qacc-1588,qacc,nearest metro station to gandhi nagar in delhi?,misinformation,East Azad Nagar,,0,,moovitapp.com,Seelampur,conflict,"May 19, 2024 ... The nearest metro station to Gandhi Nagar in Delhi is Seelampur. It's a 19 min walk away. What's the nearest bus stop to Gandhi Nagar in Delhi?"
qacc-1588,qacc,nearest metro station to gandhi nagar in delhi?,misinformation,East Azad Nagar,,1,,www.travelkhana.com,Seelampur,conflict,"Mar 13, 2020 ... The nearest metro station to Gandhi Nagar Market is Seelampur metro station, which is located on the red line of metro railways. People can ..."
qacc-1588,qacc,nearest metro station to gandhi nagar in delhi?,misinformation,East Azad Nagar,,2,,moovitapp.com,East Azad Nagar,correct,"May 19, 2024 ... The nearest metro station to Gandhi Nagar in Delhi is East Azad Nagar. It's a 3 min walk away. What's the nearest bus stop to Gandhi Nagar in ..."
qacc-1588,qacc,nearest metro station to gandhi nagar in delhi?,misinformation,East Azad Nagar,,3,,www.billclap.com,Seelampur,conflict,"By Metro: The nearest metro station is the Seelampur Metro Station on the Red Line. From there, you can take a short rickshaw ride or walk to Gandhi Nagar ..."
qacc-1588,qacc,nearest metro station to gandhi nagar in delhi?,misinformation,East Azad Nagar,,4,,moovitapp.com,Shahdara,conflict,"May 19, 2024 ... Metro stations near Gandhi Market in Delhi · Barakhamba Road,9 min walk, VIEW · New Delhi,11 min walk, VIEW · Delhi Gate,26 min walk, VIEW ..."
qacc-1588,qacc,nearest metro station to gandhi nagar in delhi?,misinformation,East Azad Nagar,,5,,www.instagram.com,,noise,... COME ON TRADERS 9/7452 CHANDRAHAS GALI GANDHI NAGAR DELHI NEAREST METRO STATION IS SHASTRI PARK ...
qacc-1588,qacc,nearest metro station to gandhi nagar in delhi?,misinformation,East Azad Nagar,,6,,en.wikipedia.org,,noise,The Krishna Nagar metro station is located on the Pink Line of the Delhi Metro. Krishna Nagar. Logo of the Delhi Metro Delhi Metro station.
qacc-1588,qacc,nearest metro station to gandhi nagar in delhi?,misinformation,East Azad Nagar,,7,,play.google.com,,noise,Delhi Metro Rail app provides the customers of metro services with lot of useful information that helps in using the Metro Services.
qacc-1588,qacc,nearest metro station to gandhi nagar in delhi?,misinformation,East Azad Nagar,,8,,www.delhimetrorail.com,,noise,"Shastri Park Metro Station, Metro Feeder Bus Depot, Kailash Nagar Pusta, Kailash Nagar , Gandhi Nagar, Shamshan Ghat ,Chacha Nehru Hospital, Geeta Colony DTC ..."
qacc-1588,qacc,nearest metro station to gandhi nagar in delhi?,misinformation,East Azad Nagar,,9,,revenue.delhi.gov.in,,noise,"8 days ago ... ... Nagar, Delhi. ... Office of e-Sub-Registrar II A, Punjabi Bagh (Nangloi) Near Nangloi Metro Station, New Delhi. ... (Gandhi Nagar), Office of the SR ..."
qacc-1598,qacc,what is the latest edition of the intelligent investor?,outdated,Kindle Edition published ,pending_screen,0,,www.amazon.com,Fourth Revised Edition ,conflict,"Book details · Print length. 640 pages · Language. English · Publisher. Harper Business · Publication date. February 21, 2006 · Dimensions. 5.31 x 1.6 x 8 inches."
qacc-1598,qacc,what is the latest edition of the intelligent investor?,outdated,Kindle Edition published ,pending_screen,1,,www.grahamvalue.com,,noise,"May 23, 2015 ... The last version written by Graham himself is the Fourth Revised Edition from 1973. This edition was reprinted in 1986 with a Preface by Warren ..."
qacc-1598,qacc,what is the latest edition of the intelligent investor?,outdated,Kindle Edition published ,pending_screen,2,,en.wikipedia.org,,noise,"Historically, the book has been one of the most popular books on investing and Graham's legacy remains. The Intelligent Investor. First edition. Author ..."
qacc-1598,qacc,what is the latest edition of the intelligent investor?,outdated,Kindle Edition published ,pending_screen,3,,www.bogleheads.org,,noise,"Jun 17, 2021 ... I would imagine that the latest edition has the most up-to-date information. Why would you want an older edition? 50% VTSAX | 25% VTIAX | 25 ..."
qacc-1598,qacc,what is the latest edition of the intelligent investor?,outdated,Kindle Edition published ,pending_screen,4,,www.quora.com,,noise,"Nov 19, 2017 ... So the latest versions came up with explanations from present scenarios. It is a great insight. I have written a book summary and review of ..."
qacc-1598,qacc,what is the latest edition of the intelligent investor?,outdated,Kindle Edition published ,pending_screen,5,,www.harpercollins.com,,noise,By far the best book on investing ever written.” — Warren Buffett The classic text of Benjamin Graham's seminal The Intelligent Investor has now been ...
qacc-1598,qacc,what is the latest edition of the intelligent investor?,outdated,Kindle Edition published ,pending_screen,6,,www.valuethemarkets.com,,noise,"Apr 18, 2024 ... ', this revised edition aims to make Benjamin Graham's timeless principles applicable to today's financial markets. It serves as an updated ..."
qacc-1598,qacc,what is the latest edition of the intelligent investor?,outdated,Kindle Edition published ,pending_screen,7,,www.goodreads.com,Kindle Edition published ,correct,"Editions for The Intelligent Investor: 0060555661 (Paperback published in 2006), (Kindle Edition published in 2009), (Kindle Edition), 8423413020 (Kindle..."
qacc-1598,qacc,what is the latest edition of the intelligent investor?,outdated,Kindle Edition published ,pending_screen,8,,www.barnesandnoble.com,,noise,Graham's book will always be relevant to new investors. Jason Zweig's commentaries add much value with the supplementary information from more recent events.
qacc-1598,qacc,what is the latest edition of the intelligent investor?,outdated,Kindle Edition published ,pending_screen,9,,dspace.vnbrims.org:13000,,noise,Page 1. Page 2. THE. INTELLIGENT. INVESTOR. A BOOK OF PRACTICAL COUNSEL. REVISED EDITION ... most recent share price ... latest market news. But instead of CNBC or ...
qacc-1602,qacc,who was the chief guest of 2014 republic day?,misinformation,Shinzo Abe,,0,,obamawhitehouse.archives.gov,,noise,"Jan 26, 2015 ... The President and the Prime Minister of India welcomed President Obama as the chief guest at India's 66th Republic Day celebrations -- a day ..."
qacc-1602,qacc,who was the chief guest of 2014 republic day?,misinformation,Shinzo Abe,,1,,en.wikipedia.org,Shinzo Abe,correct,List of chief guests edit ; 2013. Jigme Khesar Namgyel Wangchuck ; 2014. Shinzo Abe ; 2015. Barack Obama ; 2016. François Hollande.
qacc-1602,qacc,who was the chief guest of 2014 republic day?,misinformation,Shinzo Abe,,2,,timesofindia.indiatimes.com,President Obama,conflict,"Jan 25, 2024 ... Chief guest for the year 2014 was Shinzo Abe ... Japan's Prime Minister Shinzo Abe was the chief guest at the 65th Republic Day parade on Sunday, ..."
qacc-1602,qacc,who was the chief guest of 2014 republic day?,misinformation,Shinzo Abe,,3,,twitter.com,Shinzo Abe,correct,"... friend over…invited President Obama to be the 1st US President to grace the occasion as Chief Guest. 2:00 PM · Nov 21, 2014 · 6,525. Reposts · 2. Quotes."
qacc-1602,qacc,who was the chief guest of 2014 republic day?,misinformation,Shinzo Abe,,4,,www.deccanherald.com,,noise,"Jan 25, 2024 ... Here's a list of chief guests invited for Republic Day since BJP's rise to power in 2014. Chief guest at Republic Day Parade 2015. Barack ..."
qacc-1602,qacc,who was the chief guest of 2014 republic day?,misinformation,Shinzo Abe,,5,,www.thehindubusinessline.com,Shinzo Abe,correct,"Sep 21, 2023 ... In 2014, the then-Japanese Prime Minister Shinzo Abe was the chief guest at the celebrations, while Bhutan king Jigme Khesar Namgyel ..."
qacc-1602,qacc,who was the chief guest of 2014 republic day?,misinformation,Shinzo Abe,,6,,www.bbc.com,,noise,"Jan 22, 2015 ... ... chief guest at India's Republic Day celebrations. This is the first time that a US head of state will be given this honour by India and ..."
qacc-1602,qacc,who was the chief guest of 2014 republic day?,misinformation,Shinzo Abe,,7,,www.indianembassyusa.gov.in,Shinzo Abe,correct,"Feb 1, 2014 ... February 2014. 4. STORY. Cover. (Left) Chief guest of Republic Day, Prime Minister of Japan Shinzo Abe and his wife Akie Abe with President ..."
qacc-1602,qacc,who was the chief guest of 2014 republic day?,misinformation,Shinzo Abe,,8,,www.mofa.go.jp,,noise,"... Chief Minister of Gujarat, was elected as the new Prime Minister. ... guest of honor at India's Republic Day celebrations. ... 2014, it is vital for both countries ..."
qacc-1602,qacc,who was the chief guest of 2014 republic day?,misinformation,Shinzo Abe,,9,,www.jagranjosh.com,Shinzo Abe,correct,"Jan 25, 2024 ... 2014. Prime Minister Shinzo Abe. Japan. 2015. President Barack Obama. United States. 2016. President François Hollande. France. 2017. Crown ..."
