question_id,conflict_type,question,correct_answer,corrected_answer(정오표: 수정 시만),doc_id,date,url,draft_label,final_label(correct/conflicting/noise),exclusion_flag,note
dragged-0007,misinfo,Where did the expression a bridge too far come from?,Operation Market Garden during World War II.,,0,2019-04-13,https://en.wikipedia.org/wiki/A_Bridge_Too_Far,noise,,multi_match_needs_authority,
dragged-0007,misinfo,Where did the expression a bridge too far come from?,Operation Market Garden during World War II.,,1,2024-09-27,https://en.wiktionary.org/wiki/a_bridge_too_far,noise,,multi_match_needs_authority,
dragged-0007,misinfo,Where did the expression a bridge too far come from?,Operation Market Garden during World War II.,,2,2024-02-13 19:54:21,https://www.youtube.com/watch?v=i8hK5_Bpx7U,noise,,multi_match_needs_authority,
dragged-0007,misinfo,Where did the expression a bridge too far come from?,Operation Market Garden during World War II.,,3,,https://study.com/academy/lesson/a-bridge-too-far-setting-summary-description.html,noise,,multi_match_needs_authority,
dragged-0007,misinfo,Where did the expression a bridge too far come from?,Operation Market Garden during World War II.,,4,2019-01-13 00:00:00,https://www.quora.com/What-does-the-saying-a-bridge-too-far-mean,noise,,multi_match_needs_authority,
dragged-0007,misinfo,Where did the expression a bridge too far come from?,Operation Market Garden during World War II.,,5,2024-08-14 00:00:00,https://www.cwgc.org/our-work/blog/arnhem-a-bridge-too-far-the-true-story-behind-the-film/,conflicting,,multi_match_needs_authority,
dragged-0007,misinfo,Where did the expression a bridge too far come from?,Operation Market Garden during World War II.,,6,2025-01-13,https://englishdocs.eu/a-bridge-too-far/,conflicting,,multi_match_needs_authority,
dragged-0007,misinfo,Where did the expression a bridge too far come from?,Operation Market Garden during World War II.,,7,2020-05-23,https://www.battle-of-arnhem.com/the-statement-a-bridge-too-far-was-made-before-the-battle-of-arnhem/,noise,,multi_match_needs_authority,
dragged-0007,misinfo,Where did the expression a bridge too far come from?,Operation Market Garden during World War II.,,8,2024-10-15 00:00:00,https://7esl.com/a-bridge-too-far/,conflicting,,multi_match_needs_authority,
dragged-0007,misinfo,Where did the expression a bridge too far come from?,Operation Market Garden during World War II.,,9,2023-06-13 00:00:00,https://indianacapitalchronicle.com/2023/06/13/for-trump-supporters-a-bridge-too-far-must-be-nearby/,noise,,multi_match_needs_authority,
dragged-0012,temporal,When does this year's Passover start?,"begins at sundown on Saturday, April 12.",,0,2025-01-01,https://www.chabad.org/holidays/passover/pesach_cdo/aid/671901/jewish/When-Is-Passover-in-2025-2026-2027-and-2028.htm,conflicting,,,
dragged-0012,temporal,When does this year's Passover start?,"begins at sundown on Saturday, April 12.",,1,2024-05-01,https://www.passoverlistings.com/when-is-passover-dates-of-passover-for-upcoming-years/,noise,,,
dragged-0012,temporal,When does this year's Passover start?,"begins at sundown on Saturday, April 12.",,2,2024-03-11,https://www.today.com/life/holidays/when-is-passover-rcna69723,conflicting,,,
dragged-0012,temporal,When does this year's Passover start?,"begins at sundown on Saturday, April 12.",,3,2023-05-25,https://www.elpasotimes.com/story/life/holiday/2024/04/19/when-is-passover-2024-heres-what-to-know-about-the-jewish-holiday/73381289007/,noise,,,
dragged-0012,temporal,When does this year's Passover start?,"begins at sundown on Saturday, April 12.",,4,2024-03-12 00:00:00,https://www.quora.com/What-are-the-dates-for-the-start-and-end-of-Passover-this-year,noise,,,
dragged-0012,temporal,When does this year's Passover start?,"begins at sundown on Saturday, April 12.",,5,2024-03-29 00:00:00,https://www.usatoday.com/story/news/nation/2024/03/29/when-is-passover-2024/73143014007/,noise,,,
dragged-0012,temporal,When does this year's Passover start?,"begins at sundown on Saturday, April 12.",,6,,https://reformjudaism.org/jewish-holidays/passover,noise,,,
dragged-0012,temporal,When does this year's Passover start?,"begins at sundown on Saturday, April 12.",,7,2025-03-27,https://www.almanac.com/passover,correct,,,
dragged-0012,temporal,When does this year's Passover start?,"begins at sundown on Saturday, April 12.",,8,2025-03-12 00:00:00,https://www.quora.com/When-does-Passover-start-and-end-How-does-it-differ-from-Easter,noise,,,
dragged-0012,temporal,When does this year's Passover start?,"begins at sundown on Saturday, April 12.",,9,2024-06-07,https://www.myjewishlearning.com/article/passover-2024/,conflicting,,,
dragged-0018,temporal,how many people in israel per square mile,"1,098",,0,2000-06-30,https://www.worldometers.info/world-population/israel-population/,noise,,,
dragged-0018,temporal,how many people in israel per square mile,"1,098",,1,2025-03-30,https://en.wikipedia.org/wiki/Demographics_of_Israel,noise,,,
dragged-0018,temporal,how many people in israel per square mile,"1,098",,2,2025-04-03,https://www.britannica.com/place/Israel,noise,,,
dragged-0018,temporal,how many people in israel per square mile,"1,098",,3,2024-01-22,https://www.jewishvirtuallibrary.org/latest-population-statistics-for-israel,noise,,,
dragged-0018,temporal,how many people in israel per square mile,"1,098",,4,2025-03-05,https://en.wikipedia.org/wiki/List_of_countries_and_dependencies_by_population_density,noise,,,
dragged-0018,temporal,how many people in israel per square mile,"1,098",,5,2025-03-31,https://www.macrotrends.net/global-metrics/countries/ISR/israel/population-density,noise,,,
dragged-0018,temporal,how many people in israel per square mile,"1,098",,6,2023-10-11 00:00:00,https://abcnews.go.com/International/israel-geography-size-center-decades-conflict/story?id=103835668,correct,,,
dragged-0018,temporal,how many people in israel per square mile,"1,098",,7,2025-01-01,https://www.worldometers.info/demographics/israel-demographics/,noise,,,
dragged-0018,temporal,how many people in israel per square mile,"1,098",,8,2021-01-01,https://www.ceicdata.com/en/israel/population-and-urbanization-statistics/il-population-density-people-per-square-km,noise,,,
dragged-0021,temporal,who is the director of the fbi,Kash Patel,,0,2016-05-03,https://www.fbi.gov/history/directors,noise,,,
dragged-0021,temporal,who is the director of the fbi,Kash Patel,,1,2016-06-13,https://www.fbi.gov/about/faqs/who-is-the-head-of-the-fbi,conflicting,,,
dragged-0021,temporal,who is the director of the fbi,Kash Patel,,2,2025-03-11,https://www.fbi.gov/about/leadership-and-structure/director-patel,correct,,,
dragged-0021,temporal,who is the director of the fbi,Kash Patel,,3,2025-03-28,https://en.wikipedia.org/wiki/Director_of_the_Federal_Bureau_of_Investigation,noise,,,
dragged-0021,temporal,who is the director of the fbi,Kash Patel,,4,2025-02-24 12:58:52,https://www.youtube.com/shorts/u9DFrjouj4Y,conflicting,,,
dragged-0021,temporal,who is the director of the fbi,Kash Patel,,5,2025-02-20 00:00:00,https://www.bbc.com/news/articles/c0rqpp52j5vo,conflicting,,,
dragged-0021,temporal,who is the director of the fbi,Kash Patel,,6,2025-03-31,https://en.wikipedia.org/wiki/J._Edgar_Hoover,noise,,,
dragged-0021,temporal,who is the director of the fbi,Kash Patel,,7,2025-02-21 09:10:00,https://www.youtube.com/watch?v=g_JUZf8sPcE,noise,,,
dragged-0021,temporal,who is the director of the fbi,Kash Patel,,8,2025-02-24 00:00:00,https://www.bbc.com/news/articles/cpwd2qrn1e2o,conflicting,,,
dragged-0028,temporal,When is the next U.S. federal holiday?,"Memorial Day, on Monday, May 26, 2025.",,0,2010-01-01,https://www.ca2.uscourts.gov/clerk/calendars/federal_holidays.html,noise,,,
dragged-0028,temporal,When is the next U.S. federal holiday?,"Memorial Day, on Monday, May 26, 2025.",,1,2025-02-13,https://www.opm.gov/policy-data-oversight/pay-leave/federal-holidays/,correct,,,
dragged-0028,temporal,When is the next U.S. federal holiday?,"Memorial Day, on Monday, May 26, 2025.",,2,2025-01-01,https://www.federalpay.org/holidays,conflicting,,,
dragged-0028,temporal,When is the next U.S. federal holiday?,"Memorial Day, on Monday, May 26, 2025.",,3,2023-09-21,https://www.trinet.com/insights/federal-holidays-for-small-business-owners,conflicting,,,
dragged-0028,temporal,When is the next U.S. federal holiday?,"Memorial Day, on Monday, May 26, 2025.",,4,2025-01-23 00:00:00,https://www.lohud.com/story/news/2025/01/23/whats-the-next-holiday-see-2025-federal-holiday-schedule/77898076007/,conflicting,,,
dragged-0028,temporal,When is the next U.S. federal holiday?,"Memorial Day, on Monday, May 26, 2025.",,5,2024-05-20,https://www.redcort.com/us-federal-bank-holidays?srsltid=AfmBOorIxZ6HZeixcEfKbL0JR6yAFa8--VzDq4qQ8iyqsQaYgsAW-znQ,noise,,,
dragged-0028,temporal,When is the next U.S. federal holiday?,"Memorial Day, on Monday, May 26, 2025.",,6,2025-03-04,https://www.frbservices.org/about/holiday-schedules,noise,,,
dragged-0028,temporal,When is the next U.S. federal holiday?,"Memorial Day, on Monday, May 26, 2025.",,7,2023-06-20,https://www.qualee.com/blog/guide-to-all-federal-holidays,conflicting,,,
dragged-0028,temporal,When is the next U.S. federal holiday?,"Memorial Day, on Monday, May 26, 2025.",,8,2025-01-01,https://aa.usno.navy.mil/faq/holidays,conflicting,,,
dragged-0031,temporal,Who is the latest winner of The Voice US?,Sofronio Vasquez,,0,2025-02-21 00:00:00,https://www.nbc.com/nbc-insider/every-winner-of-the-voice-through-the-years,noise,,,
dragged-0031,temporal,Who is the latest winner of The Voice US?,Sofronio Vasquez,,1,2025-04-03,https://en.wikipedia.org/wiki/The_Voice_(American_TV_series),noise,,,
dragged-0031,temporal,Who is the latest winner of The Voice US?,Sofronio Vasquez,,2,2025-02-04 00:00:00,https://www.billboard.com/lists/the-voice-winners-every-season/,noise,,,
dragged-0031,temporal,Who is the latest winner of The Voice US?,Sofronio Vasquez,,3,2024-12-11 12:00:29,https://www.youtube.com/watch?v=goeisg95oQE,noise,,,
dragged-0031,temporal,Who is the latest winner of The Voice US?,Sofronio Vasquez,,4,2024-12-11 00:00:00,https://www.nbcphiladelphia.com/entertainment/entertainment-news/the-voice-season-26-winner/4051358/?os=wtmb5utkcxk5ref%3Dapp&ref=app,conflicting,,,
dragged-0031,temporal,Who is the latest winner of The Voice US?,Sofronio Vasquez,,5,2025-03-29,https://en.wikipedia.org/wiki/The_Voice_(American_TV_series)_season_25,noise,,,
dragged-0031,temporal,Who is the latest winner of The Voice US?,Sofronio Vasquez,,6,2024-12-10 00:00:00,https://www.usatoday.com/story/entertainment/tv/2024/12/10/the-voice-season-26-winner-sofronio-vasquez/76902132007/,conflicting,,,
dragged-0031,temporal,Who is the latest winner of The Voice US?,Sofronio Vasquez,,7,2024-12-10 00:00:00,https://www.tiktok.com/@nbcthevoice/video/7447009072236301611?lang=en,conflicting,,,
dragged-0031,temporal,Who is the latest winner of The Voice US?,Sofronio Vasquez,,8,2025-03-24 00:00:00,https://www.businessinsider.com/the-voice-winners-ranked-by-success-2021-3,correct,,,
dragged-0031,temporal,Who is the latest winner of The Voice US?,Sofronio Vasquez,,9,2024-12-11 00:00:00,https://www.yahoo.com/entertainment/the-voice-crowns-its-season-26-winner-who-is-the-new-champion-045617867.html,conflicting,,,
dragged-0056,temporal,Who won the latest Ballon D'or?,Rodri,,0,2025-01-01,https://www.topendsports.com/sport/soccer/list-player-of-the-year-ballondor.htm,correct,,,
dragged-0056,temporal,Who won the latest Ballon D'or?,Rodri,,1,2025-03-23,https://en.wikipedia.org/wiki/Ballon_d%27Or,noise,,,
dragged-0056,temporal,Who won the latest Ballon D'or?,Rodri,,2,2024-10-28 00:00:00,https://www.nytimes.com/athletic/live-blogs/ballon-dor-2024-live-updates-winners-time-vinicius-messi/iznIEpM4wJW6/JWpLDWAVbZdD/,noise,,,
dragged-0056,temporal,Who won the latest Ballon D'or?,Rodri,,3,2025-01-01,https://www.transfermarkt.us/erfolge/spielertitel/statistik/676,noise,,,
dragged-0056,temporal,Who won the latest Ballon D'or?,Rodri,,4,2024-10-28 00:00:00,https://www.olympics.com/en/news/ballon-d-or-winners-messi-ronaldo-zidane-complete-list,noise,,,
dragged-0056,temporal,Who won the latest Ballon D'or?,Rodri,,5,2025-03-25,https://en.wikipedia.org/wiki/FIFA_Ballon_d%27Or,noise,,,
dragged-0056,temporal,Who won the latest Ballon D'or?,Rodri,,6,2024-10-28 15:10:36,https://www.youtube.com/watch?v=6vGMPjmlHKQ,conflicting,,,
dragged-0056,temporal,Who won the latest Ballon D'or?,Rodri,,7,2024-10-28 00:00:00,https://www.espn.com/soccer/story/_/id/42052911/ballon-dor-man-city-rodri-wins-amid-vinicius-junior-snub,conflicting,,,
dragged-0056,temporal,Who won the latest Ballon D'or?,Rodri,,8,2024-10-29 01:45:01,https://www.youtube.com/watch?v=X2dtTMO8I1c,conflicting,,,
dragged-0056,temporal,Who won the latest Ballon D'or?,Rodri,,9,2024-10-29 00:00:00,https://indianexpress.com/article/sports/football/ballon-dor-winners-list-1956-2024-messi-ronaldo-awards-9642700/,conflicting,,,
dragged-0064,temporal,Who won the most recent season of America's Got Talent?,Richard Goodall,,0,2025-03-20,https://en.wikipedia.org/wiki/America%27s_Got_Talent,correct,,,
dragged-0064,temporal,Who won the most recent season of America's Got Talent?,Richard Goodall,,1,2024-09-24 00:00:00,https://www.goldderby.com/gallery/americas-got-talent-winners-list/,noise,,,
dragged-0064,temporal,Who won the most recent season of America's Got Talent?,Richard Goodall,,2,2024-09-24 00:00:00,https://deadline.com/2024/09/americas-got-talent-season-19-winner-nbc-1236098617/,conflicting,,,
dragged-0064,temporal,Who won the most recent season of America's Got Talent?,Richard Goodall,,3,2025-02-26,https://en.wikipedia.org/wiki/America%27s_Got_Talent_season_19,conflicting,,,
dragged-0064,temporal,Who won the most recent season of America's Got Talent?,Richard Goodall,,4,2024-09-24 00:00:00,https://ew.com/americas-got-talent-season-19-winner-interview-8717138?srsltid=AfmBOopv9gZPFlCA5wpYzLhg90jAeFccbEsitBW4wceDRauXtn_naPf7,conflicting,,,
dragged-0064,temporal,Who won the most recent season of America's Got Talent?,Richard Goodall,,5,2024-09-25 00:00:00,https://www.billboard.com/lists/americas-got-talent-winners-every-season/,noise,,,
dragged-0064,temporal,Who won the most recent season of America's Got Talent?,Richard Goodall,,6,2024-09-25 00:00:00,https://www.courier-journal.com/story/entertainment/2024/09/25/americas-got-talent-winner-last-night-agt-2024-richard-goodall-terre-haute-janitor/75374083007/,conflicting,,,
dragged-0064,temporal,Who won the most recent season of America's Got Talent?,Richard Goodall,,7,2024-12-22 05:00:42,https://www.youtube.com/watch?v=cOvDwQqcAMk,conflicting,,,
dragged-0064,temporal,Who won the most recent season of America's Got Talent?,Richard Goodall,,8,2024-09-24 00:00:00,https://www.nbc.com/nbc-insider/americas-got-talent-winners-now,noise,,,
dragged-0064,temporal,Who won the most recent season of America's Got Talent?,Richard Goodall,,9,2024-09-24 20:00:29,https://www.youtube.com/watch?v=mEKTDq5PCWs,conflicting,,,
dragged-0069,temporal,how many billionaires are there,around 3000,,0,2025-04-02,https://en.wikipedia.org/wiki/The_World%27s_Billionaires,noise,,no_match,
dragged-0069,temporal,how many billionaires are there,around 3000,,1,2025-03-17,https://www.forbes.com/billionaires/,noise,,no_match,
dragged-0069,temporal,how many billionaires are there,around 3000,,2,2025-04-01 08:39:03,https://www.npr.org/2025/04/01/nx-s1-5345950/forbes-billionaires-list,noise,,no_match,
dragged-0069,temporal,how many billionaires are there,around 3000,,3,2025-03-21 00:00:00,https://www.statista.com/topics/2229/billionaires-around-the-world/,noise,,no_match,
dragged-0069,temporal,how many billionaires are there,around 3000,,4,2025-04-02 09:39:00,https://fortune.com/2025/04/02/world-record-number-of-billionaires-wealth-higher-than-most-gdp-despite-stock-market-bloodbath/,noise,,no_match,
dragged-0069,temporal,how many billionaires are there,around 3000,,5,2025-03-27,https://en.wikipedia.org/wiki/List_of_countries_by_number_of_billionaires,noise,,no_match,
dragged-0069,temporal,how many billionaires are there,around 3000,,6,2023-11-29,https://www.madisontrust.com/information-center/visualizations/which-us-states-have-the-most-billionaires/,noise,,no_match,
dragged-0069,temporal,how many billionaires are there,around 3000,,7,,https://www.bloomberg.com/billionaires/,noise,,no_match,
dragged-0069,temporal,how many billionaires are there,around 3000,,8,2025-04-01 06:00:48,https://www.youtube.com/watch?v=XgxPqma19Uk,noise,,no_match,
dragged-0069,temporal,how many billionaires are there,around 3000,,9,2025-04-03 00:17:54,https://www.burlingtonfreepress.com/story/news/2025/04/02/forbes-billionaire-list-see-who-lives-in-vermont/82753606007/,noise,,no_match,
dragged-0071,temporal,In what country was the most recent winner of the Nobel Prize for Literature born?,South Korea,,0,2025-01-29,https://en.wikipedia.org/wiki/List_of_Nobel_laureates_in_Literature,noise,,no_match,
dragged-0071,temporal,In what country was the most recent winner of the Nobel Prize for Literature born?,South Korea,,1,2025-02-21 00:00:00,https://www.britannica.com/art/Winners-of-the-Nobel-Prize-for-Literature-1856938,noise,,no_match,
dragged-0071,temporal,In what country was the most recent winner of the Nobel Prize for Literature born?,South Korea,,2,2025-04-03,https://www.nobelprize.org/prizes/literature/2022/ernaux/facts/,noise,,no_match,
dragged-0071,temporal,In what country was the most recent winner of the Nobel Prize for Literature born?,South Korea,,3,2025-03-22,https://en.wikipedia.org/wiki/Nobel_Prize_in_Literature,noise,,no_match,
dragged-0071,temporal,In what country was the most recent winner of the Nobel Prize for Literature born?,South Korea,,4,2025-04-03,https://www.nobelprize.org/prizes/literature/2021/gurnah/facts/,noise,,no_match,
dragged-0071,temporal,In what country was the most recent winner of the Nobel Prize for Literature born?,South Korea,,5,2021-10-07 00:00:00,https://www.theguardian.com/books/2021/oct/07/abdulrazak-gurnah-wins-the-2021-nobel-prize-in-literature,noise,,no_match,
dragged-0071,temporal,In what country was the most recent winner of the Nobel Prize for Literature born?,South Korea,,6,2025-04-03,https://www.nobelprize.org/prizes/lists/all-nobel-prizes-in-literature/,noise,,no_match,
dragged-0071,temporal,In what country was the most recent winner of the Nobel Prize for Literature born?,South Korea,,7,2021-07-06,https://researchinpoland.org/polish-nobel-prize-winners/,noise,,no_match,
dragged-0071,temporal,In what country was the most recent winner of the Nobel Prize for Literature born?,South Korea,,8,2024-07-24 00:00:00,https://www.quora.com/Which-countries-have-won-a-Nobel-Prize-for-Literature-Is-there-any-data-or-statistics-available-on-this-topic,noise,,no_match,
dragged-0071,temporal,In what country was the most recent winner of the Nobel Prize for Literature born?,South Korea,,9,2023-10-05 08:34:08,https://www.youtube.com/watch?v=EGh6g1EkGZ0,noise,,no_match,
dragged-0080,temporal,how many cracker barrels in the united states?,Over 660,,0,2025-02-05 00:00:00,https://www.scrapehero.com/location-reports/Cracker%20Barrel-USA/,noise,,,
dragged-0080,temporal,how many cracker barrels in the united states?,Over 660,,1,2022-09-12 00:00:00,https://vinepair.com/articles/map-states-cracker-barrel/,conflicting,,,
dragged-0080,temporal,how many cracker barrels in the united states?,Over 660,,2,2025-03-02,https://en.wikipedia.org/wiki/Cracker_Barrel,noise,,,
dragged-0080,temporal,how many cracker barrels in the united states?,Over 660,,3,2024-11-26 00:00:00,https://www.statista.com/statistics/868969/cracker-barrel-number-of-stores-us/,noise,,,
dragged-0080,temporal,how many cracker barrels in the united states?,Over 660,,4,,https://www.crackerbarrel.com/newsroom/get-to-know-us,conflicting,,,
dragged-0080,temporal,how many cracker barrels in the united states?,Over 660,,5,2025-01-02 00:00:00,https://www.yahoo.com/lifestyle/us-state-highest-number-cracker-140004767.html,noise,,,
dragged-0080,temporal,how many cracker barrels in the united states?,Over 660,,6,2025-03-06,https://crackerbarrellmenu.us/cracker-barrel-locations/,correct,,,
dragged-0080,temporal,how many cracker barrels in the united states?,Over 660,,7,2024-11-26 00:00:00,https://www.statista.com/statistics/868823/cracker-barrel-number-of-stores-by-ownership-type-us/,noise,,,
dragged-0080,temporal,how many cracker barrels in the united states?,Over 660,,8,2023-11-23 00:00:00,https://247wallst.com/special-report/2023/11/23/the-number-of-cracker-barrels-in-every-state/,noise,,,
dragged-0084,temporal,How many tornadoes have been confirmed so far in the United States this year?,"at least 1,759",,0,2024-11-01,https://disasterphilanthropy.org/disasters/2024-us-tornadoes/,noise,,,
dragged-0084,temporal,How many tornadoes have been confirmed so far in the United States this year?,"at least 1,759",,1,"Nov 2, 2024",https://www.ncei.noaa.gov/access/monitoring/monthly-report/tornadoes,noise,,,
dragged-0084,temporal,How many tornadoes have been confirmed so far in the United States this year?,"at least 1,759",,2,2025-01-10,https://www.ncei.noaa.gov/access/monitoring/tornadoes/,noise,,,
dragged-0084,temporal,How many tornadoes have been confirmed so far in the United States this year?,"at least 1,759",,3,2025-01-08,https://en.wikipedia.org/wiki/Tornadoes_of_2024,correct,,,
dragged-0084,temporal,How many tornadoes have been confirmed so far in the United States this year?,"at least 1,759",,4,2025-01-05,https://en.wikipedia.org/wiki/List_of_United_States_tornadoes_from_January_to_March_2024,noise,,,
dragged-0084,temporal,How many tornadoes have been confirmed so far in the United States this year?,"at least 1,759",,5,"May 17, 2024",https://spectrumlocalnews.com/mo/st-louis/weather/2024/05/17/tornadoes-by-the-numbers--is-2024-seeing-more-twisters-,noise,,,
dragged-0084,temporal,How many tornadoes have been confirmed so far in the United States this year?,"at least 1,759",,6,"May 29, 2024",https://www.usatoday.com/story/news/weather/2024/05/29/is-2024-a-record-year-for-tornadoes/73875481007/,noise,,,
dragged-0084,temporal,How many tornadoes have been confirmed so far in the United States this year?,"at least 1,759",,7,2024-09-30,https://www.weather.gov/rlx/2024-WV-tornadoes,noise,,,
dragged-0084,temporal,How many tornadoes have been confirmed so far in the United States this year?,"at least 1,759",,8,"May 15, 2024",https://www.3newsnow.com/weather/weather-blog/2024-is-the-second-most-active-tornado-year-on-record-so-far,noise,,,
dragged-0086,temporal,what is the most visited country in south america,Argentina,,0,"Jul 2, 2024",https://www.statista.com/statistics/305482/latin-american-countries-with-the-most-international-tourist-arrivals/,noise,,,
dragged-0086,temporal,what is the most visited country in south america,Argentina,,1,"Jul 9, 2023",https://www.bbva.com/en/what-is-south-americas-most-popular-tourist-destination/,noise,,,
dragged-0086,temporal,what is the most visited country in south america,Argentina,,2,"Nov 20, 2023",https://www.reddit.com/r/asklatinamerica/comments/17zuw5j/why_does_south_american_countries_receive_very/,noise,,,
dragged-0086,temporal,what is the most visited country in south america,Argentina,,3,"Jan 24, 2024",https://worldlyadventurer.com/most-visited-countries-south-america/,correct,,,
dragged-0086,temporal,what is the most visited country in south america,Argentina,,4,2017-04-25,https://www.worldatlas.com/articles/which-countries-of-latin-america-receive-the-greatest-number-of-international-tourists.html,conflicting,,,
dragged-0086,temporal,what is the most visited country in south america,Argentina,,5,"Aug 7, 2020",https://www.quora.com/What-is-the-most-visited-country-in-South-America,noise,,,
dragged-0086,temporal,what is the most visited country in south america,Argentina,,6,"Feb 3, 2025",https://www.youtube.com/watch?v=Tsxv1KSTUdk,noise,,,
dragged-0086,temporal,what is the most visited country in south america,Argentina,,7,2025-02-12,https://www.metrojourneys.com/blog/where-should-i-travel-to-in-south-america/,noise,,,
dragged-0086,temporal,what is the most visited country in south america,Argentina,,8,2018-01-13,https://www.amazonadventures.com/blog/travel-to-south-america-most-visited-countries,conflicting,,,
dragged-0090,temporal,Who won the latest NBA championship?,Boston Celtis,,0,2010-05-05,https://en.wikipedia.org/wiki/List_of_NBA_champions,conflicting,,,
dragged-0090,temporal,Who won the latest NBA championship?,Boston Celtis,,1,"Oct 21, 2024",https://www.espn.com/nba/story/_/id/37736110/who-won-nba-finals-championship-winners-year,noise,,,
dragged-0090,temporal,Who won the latest NBA championship?,Boston Celtis,,2,"Jul 16, 2024",https://www.foxsports.com/stories/nba/nba-champions-by-year-complete-list-of-nba-finals-winners,noise,,,
dragged-0090,temporal,Who won the latest NBA championship?,Boston Celtis,,3,"Jun 18, 2024",https://www.nba.com/news/history-nba-champions,correct,,,
dragged-0090,temporal,Who won the latest NBA championship?,Boston Celtis,,4,"Jun 17, 2024",https://www.youtube.com/watch?v=s-4GqipzqH0,noise,,,
dragged-0090,temporal,Who won the latest NBA championship?,Boston Celtis,,5,2025-01-07,https://www.statmuse.com/nba/ask/nba-championship-winners-last-10-years,noise,,,
dragged-0090,temporal,Who won the latest NBA championship?,Boston Celtis,,6,"Aug 12, 2024",https://www.nba.com/news/history-season-recaps-index,noise,,,
dragged-0090,temporal,Who won the latest NBA championship?,Boston Celtis,,7,"Jun 18, 2024",https://blog.ticketmaster.com/nba-finals-winners/,correct,,,
dragged-0090,temporal,Who won the latest NBA championship?,Boston Celtis,,8,2023-06-06,https://www.britannica.com/sports/National-Basketball-Association-NBA-champions-2226019,noise,,,
dragged-0093,temporal,In what country was the current Miss World born?,Czech Republic,,0,2024-11-24,https://en.wikipedia.org/wiki/Karolina_Bielawska,noise,,,
dragged-0093,temporal,In what country was the current Miss World born?,Czech Republic,,1,2022-03-16,https://www.facebook.com/MissWorld/,noise,,,
dragged-0093,temporal,In what country was the current Miss World born?,Czech Republic,,2,"Mar 17, 2022",https://www.jagranjosh.com/general-knowledge/karolina-bielawska-biography-1647504598-1,noise,,,
dragged-0093,temporal,In what country was the current Miss World born?,Czech Republic,,3,"Mar 9, 2024",https://www.thehindu.com/entertainment/krystyna-pyszkova-from-czech-republic-crowned-miss-world-2024/article67933562.ece,correct,,,
dragged-0093,temporal,In what country was the current Miss World born?,Czech Republic,,4,"Mar 17, 2022",https://www.jagranjosh.com/general-knowledge/list-of-miss-world-winners-1639460986-1,noise,,,
dragged-0093,temporal,In what country was the current Miss World born?,Czech Republic,,5,,https://www.missworld.com/,noise,,,
dragged-0093,temporal,In what country was the current Miss World born?,Czech Republic,,6,2 days ago,https://www.cnn.com/2025/01/06/style/miss-america-abbie-stockard-intl-hnk/index.html,noise,,,
dragged-0093,temporal,In what country was the current Miss World born?,Czech Republic,,7,"Mar 10, 2024",https://www.youtube.com/watch?v=jZ-dH8BEgFo,noise,,,
dragged-0099,temporal,How many exoplanets have been discovered?,5811,,0,2017-02-21,https://science.nasa.gov/exoplanets/how-many-exoplanets-are-there/,noise,,no_match,
dragged-0099,temporal,How many exoplanets have been discovered?,5811,,1,2023-06-07,https://science.nasa.gov/exoplanets/,noise,,no_match,
dragged-0099,temporal,How many exoplanets have been discovered?,5811,,2,2024-12-27,https://en.wikipedia.org/wiki/Exoplanet,noise,,no_match,
dragged-0099,temporal,How many exoplanets have been discovered?,5811,,3,"Apr 10, 2024",https://spaceexplored.com/how-many-exoplanets-are-there-discovered/,noise,,no_match,
dragged-0099,temporal,How many exoplanets have been discovered?,5811,,4,2020-05-02,https://exoplanetarchive.ipac.caltech.edu/docs/counts_detail.html,noise,,no_match,
dragged-0099,temporal,How many exoplanets have been discovered?,5811,,5,"Mar 24, 2022",https://bigthink.com/starts-with-a-bang/first-5000-exoplanets/,noise,,no_match,
dragged-0099,temporal,How many exoplanets have been discovered?,5811,,6,"Mar 17, 2022",https://science.nasa.gov/resource/video-nasa-confirms-5000-exoplanets-and-counting/,noise,,no_match,
dragged-0099,temporal,How many exoplanets have been discovered?,5811,,7,2024-07-10,https://www.planetary.org/worlds/exoplanets,noise,,no_match,
dragged-0099,temporal,How many exoplanets have been discovered?,5811,,8,"Apr 14, 2024",https://www.reddit.com/r/spaceporn/comments/1c3zj8h/nasa_has_now_confirmed_the_existence_of_5602/,noise,,no_match,
dragged-0103,temporal,Who is the current ATP top-ranked men's singles tennis player?,Jannik Sinner ( ITA ),,0,2024-12-01,https://www.atptour.com/en/rankings/singles,noise,,,
dragged-0103,temporal,Who is the current ATP top-ranked men's singles tennis player?,Jannik Sinner ( ITA ),,1,2025-01-08,https://www.espn.com/tennis/rankings,noise,,,
dragged-0103,temporal,Who is the current ATP top-ranked men's singles tennis player?,Jannik Sinner ( ITA ),,2,2024-10-01,https://www.atptour.com/en/rankings/singles/live,noise,,,
dragged-0103,temporal,Who is the current ATP top-ranked men's singles tennis player?,Jannik Sinner ( ITA ),,3,2025-01-01,https://www.tennis24.com/rankings/atp/,correct,,,
dragged-0103,temporal,Who is the current ATP top-ranked men's singles tennis player?,Jannik Sinner ( ITA ),,4,2025-01-01,https://www.tennis.com/players-rankings/,correct,,,
dragged-0103,temporal,Who is the current ATP top-ranked men's singles tennis player?,Jannik Sinner ( ITA ),,5,2025-01-08,https://live-tennis.eu/en/atp-live-ranking,noise,,,
dragged-0103,temporal,Who is the current ATP top-ranked men's singles tennis player?,Jannik Sinner ( ITA ),,6,"Nov 20, 2023",https://olympics.com/en/news/tennis-atp-men-singles-world-rankings-complete-list,conflicting,,,
dragged-0103,temporal,Who is the current ATP top-ranked men's singles tennis player?,Jannik Sinner ( ITA ),,7,2025-01-06,https://en.wikipedia.org/wiki/Current_tennis_rankings,noise,,,
dragged-0103,temporal,Who is the current ATP top-ranked men's singles tennis player?,Jannik Sinner ( ITA ),,8,2025-01-01,https://www.eurosport.com/tennis/atp/standings.shtml,noise,,,
dragged-0112,temporal,when was the last time cleveland browns went to playoffs,2023,,0,2025-02-09,https://champsorchumps.us/team/nfl/cleveland-browns,correct,,,
dragged-0112,temporal,when was the last time cleveland browns went to playoffs,2023,,1,2025-01-01,https://www.pro-football-reference.com/teams/cle/playoffs.htm,noise,,,
dragged-0112,temporal,when was the last time cleveland browns went to playoffs,2023,,2,"Dec 8, 2024",https://www.sportskeeda.com/nfl/cleveland-browns-playoff-history,noise,,,
dragged-0112,temporal,when was the last time cleveland browns went to playoffs,2023,,3,2021-01-10,https://www.statmuse.com/nfl/ask/browns-playoff-record-last-10-years,noise,,,
dragged-0112,temporal,when was the last time cleveland browns went to playoffs,2023,,4,"Dec 28, 2023",https://www.clevelandbrowns.com/news/browns-clinch-playoff-berth-with-win-over-the-jets,noise,,,
dragged-0112,temporal,when was the last time cleveland browns went to playoffs,2023,,5,2025-01-04,https://www.statmuse.com/nfl/ask/when-is-the-last-time-the-browns-won-a-playoff-game,noise,,,
dragged-0112,temporal,when was the last time cleveland browns went to playoffs,2023,,6,"Dec 28, 2023",https://www.sportingnews.com/us/nfl/news/last-time-browns-made-playoffs-clinch-jets/019b7b02b3f52d978efe3124,noise,,,
dragged-0112,temporal,when was the last time cleveland browns went to playoffs,2023,,7,2002-01-01,https://www.profootballhof.com/teams/cleveland-browns/team-history/,noise,,,
dragged-0112,temporal,when was the last time cleveland browns went to playoffs,2023,,8,2025-01-07,https://www.clevelandbrowns.com/team/history/year-by-year-results,noise,,,
dragged-0115,temporal,Where is EMNLP this year?,Punta Cana,,0,2022-12-07,https://2022.emnlp.org/,noise,,,
dragged-0115,temporal,Where is EMNLP this year?,Punta Cana,,1,2016-11-12,https://2024.emnlp.org/,noise,,,
dragged-0115,temporal,Where is EMNLP this year?,Punta Cana,,2,2024-11-12,http://www.wikicfp.com/cfp/program?id=883,noise,,,
dragged-0115,temporal,Where is EMNLP this year?,Punta Cana,,3,2021-11-11,https://2021.emnlp.org/,conflicting,,,
dragged-0115,temporal,Where is EMNLP this year?,Punta Cana,,4,2024-03-29,https://en.wikipedia.org/wiki/Empirical_Methods_in_Natural_Language_Processing,noise,,,
dragged-0115,temporal,Where is EMNLP this year?,Punta Cana,,5,2023-11-30,https://2023.emnlp.org/,noise,,,
dragged-0115,temporal,Where is EMNLP this year?,Punta Cana,,6,2021-01-01,https://research.com/conference/emnlp-2021-conference-on-empirical-methods-in-natural-language-processing-emnlp,noise,,,
dragged-0115,temporal,Where is EMNLP this year?,Punta Cana,,7,2021-11-17,https://aclanthology.org/2021.emnlp-main.0/,correct,,,
dragged-0115,temporal,Where is EMNLP this year?,Punta Cana,,8,2021-10-15,https://2021.emnlp.org/registration/,conflicting,,,
dragged-0123,temporal,What date is Thanksgiving this year?,For 2025 it is November 27th,,0,"Oct 18, 2024",https://www.cincinnati.com/story/news/2024/10/18/when-is-thanksgiving-2024-why-comes-late-this-year/75714364007/,noise,,,
dragged-0123,temporal,What date is Thanksgiving this year?,For 2025 it is November 27th,,1,"Nov 18, 2024",https://www.today.com/life/holidays/what-day-is-thanksgiving-this-year-rcna165939,correct,,,
dragged-0123,temporal,What date is Thanksgiving this year?,For 2025 it is November 27th,,2,2025-01-18,https://www.timeanddate.com/holidays/us/thanksgiving-day,noise,,,
dragged-0123,temporal,What date is Thanksgiving this year?,For 2025 it is November 27th,,3,"Nov 18, 2024",https://www.nbcnewyork.com/entertainment/holidays/when-is-thanksgiving-2024-heres-what-to-know-about-the-upcoming-holiday/5995001/,noise,,,
dragged-0123,temporal,What date is Thanksgiving this year?,For 2025 it is November 27th,,4,"Nov 16, 2024",https://www.providencejournal.com/story/entertainment/holiday/thanksgiving/2024/11/16/thanksgiving-2024-date/76328621007/,noise,,,
dragged-0123,temporal,What date is Thanksgiving this year?,For 2025 it is November 27th,,5,2025-01-01,https://en.wikipedia.org/wiki/Thanksgiving_(United_States),noise,,,
dragged-0123,temporal,What date is Thanksgiving this year?,For 2025 it is November 27th,,6,"Nov 8, 2024",https://www.courier-journal.com/story/life/holiday/2024/11/08/when-is-thanksgiving-2024-what-day-thanks-giving-date-nov-28-when-macys-parade-turkey-dinner-facts/76126133007/,noise,,,
dragged-0123,temporal,What date is Thanksgiving this year?,For 2025 it is November 27th,,7,5 days ago,https://www.almanac.com/thanksgiving-day,conflicting,,,
dragged-0123,temporal,What date is Thanksgiving this year?,For 2025 it is November 27th,,8,2024-11-23,https://www.nbcchicago.com/news/local/why-is-thanksgiving-so-late-this-year-heres-an-explanation/3608207/,noise,,,
dragged-0124,temporal,who was the oldest man elected president,Donald Trump,,0,2025-01-10,https://en.wikipedia.org/wiki/List_of_presidents_of_the_United_States_by_age,noise,,,
dragged-0124,temporal,who was the oldest man elected president,Donald Trump,,1,"Nov 19, 2022",https://www.axios.com/2022/11/19/joe-biden-oldest-us-presidents-in-office,noise,,,
dragged-0124,temporal,who was the oldest man elected president,Donald Trump,,2,"Dec 29, 2024",https://www.cbsnews.com/news/oldest-us-presidents/,correct,,,
dragged-0124,temporal,who was the oldest man elected president,Donald Trump,,3,"Nov 6, 2024",https://www.statista.com/statistics/1035542/age-incumbent-us-presidents-first-taking-office/,conflicting,,,
dragged-0124,temporal,who was the oldest man elected president,Donald Trump,,4,"Nov 20, 2024",https://www.thv11.com/article/news/nation-world/president-biden-turns-82-oldest-us-presidents/507-4a508d88-8c35-49e3-827c-68d3bee2dcb4,conflicting,,,
dragged-0124,temporal,who was the oldest man elected president,Donald Trump,,5,2022-12-23,https://www.whitehouse.gov/about-the-white-house/presidents/william-henry-harrison/,noise,,,
dragged-0124,temporal,who was the oldest man elected president,Donald Trump,,6,"Nov 21, 2022",https://thehill.com/changing-america/enrichment/arts-culture/3744771-here-are-the-oldest-us-presidents-to-ever-hold-office/,noise,,,
dragged-0124,temporal,who was the oldest man elected president,Donald Trump,,7,"Nov 7, 2024",https://m.economictimes.com/news/international/global-trends/donald-trump-oldest-person-to-be-elected-us-president/articleshow/115017413.cms,conflicting,,,
dragged-0129,temporal,who is the current director of the cia,John Ratcliffe,,0,2024-01-01,https://www.cia.gov/about/director-of-cia/,noise,,date_tie,
dragged-0129,temporal,who is the current director of the cia,John Ratcliffe,,1,2025-01-05,https://en.wikipedia.org/wiki/Director_of_the_Central_Intelligence_Agency,noise,,date_tie,
dragged-0129,temporal,who is the current director of the cia,John Ratcliffe,,2,2025-01-06,https://en.wikipedia.org/wiki/William_J._Burns_(diplomat),noise,,date_tie,
dragged-0129,temporal,who is the current director of the cia,John Ratcliffe,,3,2024-04-02,https://www.usglc.org/positions/related-director-of-the-central-intelligence-agency/,noise,,date_tie,
dragged-0129,temporal,who is the current director of the cia,John Ratcliffe,,4,"Jul 21, 2023",https://www.pbs.org/newshour/politics/biden-names-cia-director-william-burns-as-a-member-of-his-cabinet,noise,,date_tie,
dragged-0129,temporal,who is the current director of the cia,John Ratcliffe,,5,2011-09-28,https://www.britannica.com/topic/list-of-Central-Intelligence-Agency-directors-1787118,noise,,date_tie,
dragged-0129,temporal,who is the current director of the cia,John Ratcliffe,,6,"Nov 12, 2024",https://www.cnn.com/2024/11/12/politics/john-ratcliffe-cia-director/index.html,conflicting,,date_tie,
dragged-0129,temporal,who is the current director of the cia,John Ratcliffe,,7,,https://www.dni.gov/index.php/who-we-are/leadership/director-of-national-intelligence,noise,,date_tie,
dragged-0129,temporal,who is the current director of the cia,John Ratcliffe,,8,"Nov 12, 2024",https://www.youtube.com/watch?v=UzZNpKlvQFU,conflicting,,date_tie,
dragged-0129,temporal,who is the current director of the cia,John Ratcliffe,,9,2024-01-01,https://www.cia.gov/about/organization/,noise,,date_tie,
dragged-0131,temporal,When is this year's Ramadan?,28th of February or 1st of March,,0,2025-01-01,https://www.muslimaid.org/what-we-do/religious-dues/when-is-ramadan/,correct,,,
dragged-0131,temporal,When is this year's Ramadan?,28th of February or 1st of March,,1,"Nov 18, 2024",https://www.almanac.com/content/when-start-ramadan,conflicting,,,
dragged-0131,temporal,When is this year's Ramadan?,28th of February or 1st of March,,2,,https://studentlife.mit.edu/orsel/interfaith-understanding/about-ramadan-2024,noise,,,
dragged-0131,temporal,When is this year's Ramadan?,28th of February or 1st of March,,3,"Mar 8, 2024",https://today.marquette.edu/2024/03/ramadan-begins-the-evening-of-march-10/,conflicting,,,
dragged-0131,temporal,When is this year's Ramadan?,28th of February or 1st of March,,4,2025-01-01,https://www.qppstudio.net/global-holidays-observances/start-of-ramadan.htm,noise,,,
dragged-0131,temporal,When is this year's Ramadan?,28th of February or 1st of March,,5,2021-01-01,https://inclusion.msu.edu/hiring/Observances/Ramadan.html,noise,,,
dragged-0131,temporal,When is this year's Ramadan?,28th of February or 1st of March,,6,2025-01-01,https://islamic-relief.org/ramadan-2025-key-dates-common-questions-our-work/ramadan-timetable-2025-islamic-relief-worldwide/,correct,,,
dragged-0131,temporal,When is this year's Ramadan?,28th of February or 1st of March,,7,"Apr 6, 2024",https://www.independent.co.uk/life-style/when-does-ramadan-finish-2024-b2524381.html,conflicting,,,
dragged-0131,temporal,When is this year's Ramadan?,28th of February or 1st of March,,8,2025-01-01,https://www.brandeis.edu/spiritual-life/resources/guide-to-observances/ramadan.html,correct,,,
dragged-0131,temporal,When is this year's Ramadan?,28th of February or 1st of March,,9,2025-01-01,https://www.american.edu/student-affairs/kay/resources-for-ramadan.cfm,correct,,,
dragged-0137,temporal,What is the name of the world's fastest supercomputer?,EL-Capitan,,0,2024-12-19,https://en.wikipedia.org/wiki/TOP500,noise,,,
dragged-0137,temporal,What is the name of the world's fastest supercomputer?,EL-Capitan,,1,"Mar 28, 2024",https://www.livescience.com/technology/computing/top-7-most-powerful-supercomputers-in-the-world-right-now,noise,,,
dragged-0137,temporal,What is the name of the world's fastest supercomputer?,EL-Capitan,,2,"Nov 18, 2024",https://www.pcmag.com/news/us-el-capitan-is-now-the-worlds-fastest-supercomputer-top500,conflicting,,,
dragged-0137,temporal,What is the name of the world's fastest supercomputer?,EL-Capitan,,3,"Nov 20, 2024",https://www.hpcwire.com/off-the-wire/llnls-el-capitan-verified-as-worlds-fastest-supercomputer/,correct,,,
dragged-0137,temporal,What is the name of the world's fastest supercomputer?,EL-Capitan,,4,2012-06-09,https://en.wikipedia.org/wiki/Supercomputer,noise,,,
dragged-0137,temporal,What is the name of the world's fastest supercomputer?,EL-Capitan,,5,"Sep 4, 2024",https://www.nature.com/articles/d41586-024-02832-5,noise,,,
dragged-0137,temporal,What is the name of the world's fastest supercomputer?,EL-Capitan,,6,"Nov 18, 2024",https://www.amd.com/en/newsroom/press-releases/2024-11-18-amd-accelerates-exascale-computing-to-new-heights-.html,conflicting,,,
dragged-0137,temporal,What is the name of the world's fastest supercomputer?,EL-Capitan,,7,"Nov 20, 2024",https://www.techrepublic.com/article/hpe-el-capitan-worlds-fastest-supercomputer-2024/,correct,,,
dragged-0147,temporal,how many students attend university of texas at austin,"51,913",,0,"Sep 24, 2024",https://www.utexas.edu/about/facts-and-figures,noise,,no_match,
dragged-0147,temporal,how many students attend university of texas at austin,"51,913",,1,2025-02-16,https://en.wikipedia.org/wiki/University_of_Texas_at_Austin,noise,,no_match,
dragged-0147,temporal,how many students attend university of texas at austin,"51,913",,2,2020-06-25,https://datausa.io/profile/university/the-university-of-texas-at-austin,noise,,no_match,
dragged-0147,temporal,how many students attend university of texas at austin,"51,913",,3,2024-11-12,https://en.wikipedia.org/wiki/List_of_public_universities_in_Texas_by_enrollment,noise,,no_match,
dragged-0147,temporal,how many students attend university of texas at austin,"51,913",,4,"Sep 19, 2024",https://www.kvue.com/article/news/local/ut-austin-enrollment-applications-graduation-rates-growth-texas-local/269-9a8962f4-a2dc-4281-9236-c6526905927f,noise,,no_match,
dragged-0147,temporal,how many students attend university of texas at austin,"51,913",,5,2025-01-01,https://www.princetonreview.com/college/university-texas-at-austin-1023590,noise,,no_match,
dragged-0147,temporal,how many students attend university of texas at austin,"51,913",,6,2025-02-12,https://www.utsystem.edu/about,noise,,no_match,
dragged-0148,temporal,Where is the next Grand Prix?,"Melbourne, Australia",,0,2024-12-31,https://www.formula1.com/en/racing/2024,noise,,date_tie,
dragged-0148,temporal,Where is the next Grand Prix?,"Melbourne, Australia",,1,2016-03-13,https://www.espn.com/f1/schedule,noise,,date_tie,
dragged-0148,temporal,Where is the next Grand Prix?,"Melbourne, Australia",,2,"Dec 8, 2024",https://www.planetf1.com/news/f1-schedule-next-race-calendar,conflicting,,date_tie,
dragged-0148,temporal,Where is the next Grand Prix?,"Melbourne, Australia",,3,"Nov 21, 2024",https://www.radiotimes.com/tv/sport/formula-1/f1-next-race/,noise,,date_tie,
dragged-0148,temporal,Where is the next Grand Prix?,"Melbourne, Australia",,4,2024-12-25,https://www.formula1.com/en/latest/article/the-beginners-guide-to-the-formula-1-grand-prix-calendar.VEmteiTb3F3tE95A7qke7,noise,,date_tie,
dragged-0148,temporal,Where is the next Grand Prix?,"Melbourne, Australia",,5,"Dec 8, 2024",https://www.motorsport.com/f1/news/when-is-the-next-f1-race-and-2025-grand-prix-calendar/10680675/,conflicting,,date_tie,
dragged-0148,temporal,Where is the next Grand Prix?,"Melbourne, Australia",,6,2025-01-01,http://www.espn.com/racing/schedule/_/series/f1,noise,,date_tie,
dragged-0148,temporal,Where is the next Grand Prix?,"Melbourne, Australia",,7,2024-12-17,https://racingnews365.com/formula-1-calendar-2024,noise,,date_tie,
dragged-0148,temporal,Where is the next Grand Prix?,"Melbourne, Australia",,8,"Sep 23, 2024",https://www.motorsportmagazine.com/articles/single-seaters/f1/https-www-motorsportmagazine-com-articles-single-seaters-f1-when-is-the-next-grand-prix-full-2025-f1-schedule-and-results/,noise,,date_tie,
dragged-0151,temporal,who was the last person executed,Gary Ray Bowles,,0,"Dec 28, 2022",https://www.fd.org/news/every-person-death-row-executed-us-2022,noise,,no_match,
dragged-0151,temporal,who was the last person executed,Gary Ray Bowles,,1,2025-01-08,https://deathpenaltyinfo.org/executions/executions-overview,noise,,no_match,
dragged-0151,temporal,who was the last person executed,Gary Ray Bowles,,2,"Dec 19, 2024",https://www.nbcnews.com/news/us-news/oklahoma-executes-kevin-underwood-as-biden-weighs-clemency-rcna184571,noise,,no_match,
dragged-0151,temporal,who was the last person executed,Gary Ray Bowles,,3,2025-01-01,https://en.wikipedia.org/wiki/List_of_most_recent_executions_by_jurisdiction,noise,,no_match,
dragged-0151,temporal,who was the last person executed,Gary Ray Bowles,,4,2024-09-25,https://deathpenaltyinfo.org/state-and-federal-info/federal-death-penalty/executions-under-the-federal-death-penalty,noise,,no_match,
dragged-0151,temporal,who was the last person executed,Gary Ray Bowles,,5,"Sep 25, 2024",https://www.cnn.com/2024/09/24/us/marcellus-williams-scheduled-execution-date/index.html,noise,,no_match,
dragged-0151,temporal,who was the last person executed,Gary Ray Bowles,,6,2025-01-06,https://en.wikipedia.org/wiki/List_of_people_executed_by_lethal_injection,noise,,no_match,
dragged-0151,temporal,who was the last person executed,Gary Ray Bowles,,7,2019-07-30,https://www.cdcr.ca.gov/capital-punishment/inmates-executed-1978-to-present/,noise,,no_match,
dragged-0151,temporal,who was the last person executed,Gary Ray Bowles,,8,,https://www.tn.gov/correction/statistics/executions/capital-punishment-chronology.html,noise,,no_match,
dragged-0155,misinfo,How many FIFA World Cups has Argentina won?,3,,0,2024-12-18,https://en.wikipedia.org/wiki/Argentina_at_the_FIFA_World_Cup,conflicting,,multi_match_needs_authority,
dragged-0155,misinfo,How many FIFA World Cups has Argentina won?,3,,1,"Dec 18, 2022",https://olympics.com/en/news/fifa-world-cup-football-titles-argentina,conflicting,,multi_match_needs_authority,
dragged-0155,misinfo,How many FIFA World Cups has Argentina won?,3,,2,"Sep 19, 2024",https://www.statista.com/statistics/266464/number-of-world-cup-titles-won-by-country-since-1930/,conflicting,,multi_match_needs_authority,
dragged-0155,misinfo,How many FIFA World Cups has Argentina won?,3,,3,2025-01-04,https://en.wikipedia.org/wiki/FIFA_World_Cup,conflicting,,multi_match_needs_authority,
dragged-0155,misinfo,How many FIFA World Cups has Argentina won?,3,,4,"Dec 18, 2022",https://www.sportingnews.com/us/soccer/news/how-many-world-cup-argentina-won-history-wins-times-champions/mxbpsvnkpofurt0q0aibnmqy,noise,,multi_match_needs_authority,
dragged-0155,misinfo,How many FIFA World Cups has Argentina won?,3,,5,"Dec 23, 2022",https://www.nbcsports.com/soccer/news/argentina-lionel-messi-world-cup-history-2022,conflicting,,multi_match_needs_authority,
dragged-0155,misinfo,How many FIFA World Cups has Argentina won?,3,,6,"Dec 21, 2023",https://www.mpl.live/blog/how-many-times-argentina-won-fifa-world-cup/,conflicting,,multi_match_needs_authority,
dragged-0155,misinfo,How many FIFA World Cups has Argentina won?,3,,7,2025-01-21,https://onefootball.com/en/news/how-many-times-has-argentina-won-the-fifa-world-cup-35922542,conflicting,,multi_match_needs_authority,
dragged-0155,misinfo,How many FIFA World Cups has Argentina won?,3,,8,"Apr 25, 2023",https://www.fifa.com/en/articles/world-cup-champions-1982-2022-italy-argentina-germany-brazil-france-spain,noise,,multi_match_needs_authority,
dragged-0171,temporal,What is the title of Taylor Swift's most recent studio album?,The Tortured Poets Department,,0,"Apr 19, 2024",https://www.cosmopolitan.com/uk/entertainment/a44471722/taylor-swift-albums/,noise,,,
dragged-0171,temporal,What is the title of Taylor Swift's most recent studio album?,The Tortured Poets Department,,1,"Oct 28, 2024",https://www.radiotimes.com/audio/taylor-swift-albums-in-order/,noise,,,
dragged-0171,temporal,What is the title of Taylor Swift's most recent studio album?,The Tortured Poets Department,,2,"Jan 8, 2024",https://www.forbes.com/sites/entertainment/article/taylor-swift-albums/,conflicting,,,
dragged-0171,temporal,What is the title of Taylor Swift's most recent studio album?,The Tortured Poets Department,,3,2024-12-29,https://en.wikipedia.org/wiki/List_of_songs_by_Taylor_Swift,noise,,,
dragged-0171,temporal,What is the title of Taylor Swift's most recent studio album?,The Tortured Poets Department,,4,"Oct 29, 2024",https://screenrant.com/taylor-swift-album-order/,correct,,,
dragged-0171,temporal,What is the title of Taylor Swift's most recent studio album?,The Tortured Poets Department,,5,"May 31, 2024",https://www.capitalfm.com/news/music/taylor-swift-albums-order-by-year/,conflicting,,,
dragged-0171,temporal,What is the title of Taylor Swift's most recent studio album?,The Tortured Poets Department,,6,2024-06-10,https://rbeatz.com/taylor-swift-albums-in-order/,noise,,,
dragged-0171,temporal,What is the title of Taylor Swift's most recent studio album?,The Tortured Poets Department,,7,"Apr 18, 2024",https://www.nbcnews.com/pop-culture/music/taylor-swift-new-album-tortured-poets-department-what-know-rcna148277,conflicting,,,
dragged-0171,temporal,What is the title of Taylor Swift's most recent studio album?,The Tortured Poets Department,,8,"Aug 21, 2024",https://www.capitalfm.com/news/taylor-swift-albums-rerecording-songs/,conflicting,,,
dragged-0190,temporal,What won the latest Academy Award for Best Animated Short Film?,War is Over!,,0,2022-09-25,https://en.wikipedia.org/wiki/Category:Best_Animated_Short_Academy_Award_winners,noise,,,
dragged-0190,temporal,What won the latest Academy Award for Best Animated Short Film?,War is Over!,,1,2013-04-18,https://www.imdb.com/list/ls051616027/,noise,,,
dragged-0190,temporal,What won the latest Academy Award for Best Animated Short Film?,War is Over!,,2,"Mar 10, 2024",https://www.youtube.com/watch?v=4tbM4G5kctA,conflicting,,,
dragged-0190,temporal,What won the latest Academy Award for Best Animated Short Film?,War is Over!,,3,"Mar 11, 2024",https://www.vulture.com/article/best-oscar-winner-for-animated-shorts-ranked.html,correct,,,
dragged-0190,temporal,What won the latest Academy Award for Best Animated Short Film?,War is Over!,,4,"Mar 10, 2024",https://deadline.com/2024/03/war-is-over-inspired-by-the-music-of-john-oko-wins-best-animated-short-film-2024-oscars-1235852623/,conflicting,,,
dragged-0190,temporal,What won the latest Academy Award for Best Animated Short Film?,War is Over!,,5,"Mar 10, 2024",https://www.reddit.com/r/beatles/comments/1bboq13/yall_war_is_over_just_won_best_animated_short/,conflicting,,,
dragged-0190,temporal,What won the latest Academy Award for Best Animated Short Film?,War is Over!,,6,2025-01-08,https://www.youtube.com/playlist?list=PL68gfsJwBv3fl-yBbO4N5FvnLK8nn5mcF,noise,,,
dragged-0190,temporal,What won the latest Academy Award for Best Animated Short Film?,War is Over!,,7,2011-07-18,https://www.imdb.com/list/ls005755424/,noise,,,
dragged-0192,temporal,What won the latest Academy Award for Best Animated Feature?,The Boy and the Heron,,0,"Mar 10, 2024",https://www.billboard.com/lists/oscar-winners-best-animated-feature-complete-list/,conflicting,,,
dragged-0192,temporal,What won the latest Academy Award for Best Animated Feature?,The Boy and the Heron,,1,"Mar 11, 2024",https://www.reddit.com/r/TwoBestFriendsPlay/comments/1bbsy8d/hayao_miyazakis_the_boy_and_the_heron_wins_the/,correct,,,
dragged-0192,temporal,What won the latest Academy Award for Best Animated Feature?,The Boy and the Heron,,2,2013-09-17,https://guides.lib.udel.edu/c.php?g=85648&p=3991579,noise,,,
dragged-0192,temporal,What won the latest Academy Award for Best Animated Feature?,The Boy and the Heron,,3,2020-05-13,https://www.imdb.com/list/ls098094655/,noise,,,
dragged-0192,temporal,What won the latest Academy Award for Best Animated Feature?,The Boy and the Heron,,4,"Mar 10, 2024",https://apnews.com/article/best-animated-film-2024-oscars-346ebe9c9392126031969ff51044a4a2,conflicting,,,
dragged-0192,temporal,What won the latest Academy Award for Best Animated Feature?,The Boy and the Heron,,5,"Mar 12, 2023",https://www.oscars.org/oscars/ceremonies/2023,noise,,,
dragged-0192,temporal,What won the latest Academy Award for Best Animated Feature?,The Boy and the Heron,,6,"Mar 10, 2024",https://www.goldderby.com/gallery/oscar-best-animated-feature-gallery-every-winner-in-academy-awards-history/,conflicting,,,
dragged-0192,temporal,What won the latest Academy Award for Best Animated Feature?,The Boy and the Heron,,7,2024-08-12,https://simple.wikipedia.org/wiki/Academy_Award_for_Best_Animated_Feature,noise,,,
dragged-0192,temporal,What won the latest Academy Award for Best Animated Feature?,The Boy and the Heron,,8,2015-02-21,https://www.imdb.com/list/ls076720883/,noise,,,
dragged-0220,temporal,On what date did the Patriots last play the Miami Dolphins?,"Nov 24, 2024",,0,2024-12-31,https://en.wikipedia.org/wiki/Dolphins%E2%80%93Patriots_rivalry,noise,,,
dragged-0220,temporal,On what date did the Patriots last play the Miami Dolphins?,"Nov 24, 2024",,1,"Nov 25, 2024",https://www.patriots.com/news/game-observations-eight-takeaways-from-the-patriots-loss-to-the-dolphins-in-week-12,correct,,,
dragged-0220,temporal,On what date did the Patriots last play the Miami Dolphins?,"Nov 24, 2024",,2,"Nov 24, 2024",https://www.patriots.com/news/rapid-recap-dolphins-ride-relentless-second-quarter-to-win-over-patriots,conflicting,,,
dragged-0220,temporal,On what date did the Patriots last play the Miami Dolphins?,"Nov 24, 2024",,3,"Nov 24, 2024",https://www.cbsnews.com/boston/news/new-england-patriots-miami-dolphins-week-12-recap-tua-tagovailoa-drake-maye/,noise,,,
dragged-0220,temporal,On what date did the Patriots last play the Miami Dolphins?,"Nov 24, 2024",,4,2024-11-24,https://www.espn.com/nfl/game/_/gameId/401671847/patriots-dolphins,noise,,,
dragged-0220,temporal,On what date did the Patriots last play the Miami Dolphins?,"Nov 24, 2024",,5,"Oct 6, 2024",https://www.espn.com/nfl/recap/_/gameId/401671700,noise,,,
dragged-0220,temporal,On what date did the Patriots last play the Miami Dolphins?,"Nov 24, 2024",,6,3 days ago,https://www.patriots.com/video/patriots-vs-dolphins-highlights-nfl-week-12,conflicting,,,
dragged-0220,temporal,On what date did the Patriots last play the Miami Dolphins?,"Nov 24, 2024",,7,2015-10-29,https://www.statmuse.com/nfl/ask/dolphins-record-against-patriots-last-10-years,noise,,,
dragged-0220,temporal,On what date did the Patriots last play the Miami Dolphins?,"Nov 24, 2024",,8,2024-12-12,https://en.wikipedia.org/wiki/Miracle_in_Miami,noise,,,
dragged-0230,temporal,What Berber year corresponds to the present year?,2975,,0,2024-12-26,https://en.wikipedia.org/wiki/Berber_calendar,correct,,,
dragged-0230,temporal,What Berber year corresponds to the present year?,2975,,1,2025-01-08,https://en.wikipedia.org/wiki/Yennayer,noise,,,
dragged-0230,temporal,What Berber year corresponds to the present year?,2975,,2,2024-01-31,https://www.holidayscalendar.com/event/berber-new-year/,noise,,,
dragged-0230,temporal,What Berber year corresponds to the present year?,2975,,3,"Jan 11, 2021",https://www.middleeasteye.net/discover/what-you-need-know-about-amazigh-new-year-or-yennayer,noise,,,
dragged-0230,temporal,What Berber year corresponds to the present year?,2975,,4,"Jan 12, 2021",https://www.pressenza.com/2021/01/yennayer-2971-berber-new-year-in-north-africa/,noise,,,
dragged-0230,temporal,What Berber year corresponds to the present year?,2975,,5,"Nov 4, 2024",https://www.facebook.com/Kabyliauk/posts/what-is-the-date-of-the-berber-new-yearwe-know-that-new-years-day-falls-on-1-jan/953277626816958/,conflicting,,,
dragged-0230,temporal,What Berber year corresponds to the present year?,2975,,6,"May 4, 2023",https://www.aljazeera.com/news/2023/5/4/morocco-recognises-berber-new-year-as-official-holiday,noise,,,
dragged-0230,temporal,What Berber year corresponds to the present year?,2975,,7,"Jan 10, 2023",https://www.crossroadsculturalexchange.com/blog/amazigh-new-year,noise,,,
dragged-0249,temporal,Who is the latest MotoGP World Riders' Champion?,Jorge Martin,,0,2024-11-17,https://en.wikipedia.org/wiki/List_of_Grand_Prix_motorcycle_racing_World_Riders%27_Champions_by_year,noise,,date_tie,
dragged-0249,temporal,Who is the latest MotoGP World Riders' Champion?,Jorge Martin,,1,2024-11-17,https://www.motogp.com/en/world-standing,noise,,date_tie,
dragged-0249,temporal,Who is the latest MotoGP World Riders' Champion?,Jorge Martin,,2,2024-11-20,https://en.wikipedia.org/wiki/2022_MotoGP_World_Championship,noise,,date_tie,
dragged-0249,temporal,Who is the latest MotoGP World Riders' Champion?,Jorge Martin,,3,14 hours ago,https://www.roadracingworld.com/news/motogp-stars-headline-valentino-rossis-100km-of-champions/,noise,,date_tie,
dragged-0249,temporal,Who is the latest MotoGP World Riders' Champion?,Jorge Martin,,4,"Nov 17, 2024",https://www.youtube.com/watch?v=6xjHUD5Lr0I,conflicting,,date_tie,
dragged-0249,temporal,Who is the latest MotoGP World Riders' Champion?,Jorge Martin,,5,2024-12-17,https://www.ducati.com/ww/en/news/francesco-bagnaia-and-ducati-are-2022-motogp-world-champions,noise,,date_tie,
dragged-0249,temporal,Who is the latest MotoGP World Riders' Champion?,Jorge Martin,,6,"Nov 17, 2024",https://www.aljazeera.com/sports/2024/11/17/jorge-martin-of-spain-wins-2024-motogp-championship-in-barcelona,conflicting,,date_tie,
dragged-0249,temporal,Who is the latest MotoGP World Riders' Champion?,Jorge Martin,,7,"Nov 17, 2024",https://www.youtube.com/watch?v=N6UHJfJ8aME,conflicting,,date_tie,
dragged-0249,temporal,Who is the latest MotoGP World Riders' Champion?,Jorge Martin,,8,"Nov 17, 2024",https://www.eurosport.com/moto/grand-prix-barcelona/2024/motogp-jorge-martin-claims-motogp-title-with-third-place-finish-in-barcelona_sto10395681/story.shtml,conflicting,,date_tie,
dragged-0249,temporal,Who is the latest MotoGP World Riders' Champion?,Jorge Martin,,9,2025-01-08,https://motogp.fandom.com/wiki/List_of_500cc/MotoGP_World_Champions,noise,,date_tie,
dragged-0252,temporal,Who is the current leader of al-Qaeda?,Sayf al-‘Adl,,0,"Aug 4, 2022",https://www.csis.org/analysis/zawahiris-death-and-whats-next-al-qaeda,noise,,,
dragged-0252,temporal,Who is the current leader of al-Qaeda?,Sayf al-‘Adl,,1,"Feb 16, 2023",https://extremism.gwu.edu/al-qaeda-de-facto-leader-sayf-al-adl,conflicting,,,
dragged-0252,temporal,Who is the current leader of al-Qaeda?,Sayf al-‘Adl,,2,"May 6, 2024",https://crsreports.congress.gov/product/pdf/IF/IF11854,noise,,,
dragged-0252,temporal,Who is the current leader of al-Qaeda?,Sayf al-‘Adl,,3,NA,https://foreignaffairs.house.gov/press-release/mccaul-reacts-to-death-of-al-qaeda-leader-al-zawahiri/,noise,,,
dragged-0252,temporal,Who is the current leader of al-Qaeda?,Sayf al-‘Adl,,4,NA,https://www.brookings.edu/articles/al-qaida-after-al-zawahri/,noise,,,
dragged-0252,temporal,Who is the current leader of al-Qaeda?,Sayf al-‘Adl,,5,"Aug 1, 2022",https://www.whitehouse.gov/briefing-room/press-briefings/2022/08/01/background-press-call-by-a-senior-administration-official-on-a-u-s-counterterrorism-operation/,noise,,,
dragged-0252,temporal,Who is the current leader of al-Qaeda?,Sayf al-‘Adl,,6,"Feb 15, 2023",https://www.iranintl.com/en/202302157586,noise,,,
dragged-0252,temporal,Who is the current leader of al-Qaeda?,Sayf al-‘Adl,,7,"Feb 14, 2023",https://www.voanews.com/a/new-al-qaida-leader-commanding-from-iran-/6962758.html,noise,,,
dragged-0252,temporal,Who is the current leader of al-Qaeda?,Sayf al-‘Adl,,8,"Jun 8, 2024",https://www.longwarjournal.org/archives/2024/06/al-qaeda-leader-calls-foreign-fighters-to-afghanistan.php,correct,,,
dragged-0257,misinfo,What is the best-selling jazz album of all time?,Kind of Blue,,0,NA,https://rateyourmusic.com/list/Rifugium/best-selling-jazz-albums-of-all-time-riaa-or-theres-no-money-in-jazz/,conflicting,,multi_match_needs_authority,
dragged-0257,misinfo,What is the best-selling jazz album of all time?,Kind of Blue,,1,"Aug 31, 2014",https://www.reddit.com/r/Jazz/comments/2f49am/bestselling_jazz_albums_of_all_time/,noise,,multi_match_needs_authority,
dragged-0257,misinfo,What is the best-selling jazz album of all time?,Kind of Blue,,2,NA,https://www.thejazzresource.com/top_25_jazz_albums.html,conflicting,,multi_match_needs_authority,
dragged-0257,misinfo,What is the best-selling jazz album of all time?,Kind of Blue,,3,"May 12, 2023",https://brainly.com/question/32221646,conflicting,,multi_match_needs_authority,
dragged-0257,misinfo,What is the best-selling jazz album of all time?,Kind of Blue,,4,NA,https://en.wikipedia.org/wiki/List_of_certified_jazz_recordings,noise,,multi_match_needs_authority,
dragged-0257,misinfo,What is the best-selling jazz album of all time?,Kind of Blue,,5,"Jan 30, 2009",https://www.newsweek.com/how-kind-blue-became-best-selling-jazz-album-ever-77791,conflicting,,multi_match_needs_authority,
dragged-0257,misinfo,What is the best-selling jazz album of all time?,Kind of Blue,,6,"Mar 25, 2024",https://jazzfuel.com/best-jazz-albums/,noise,,multi_match_needs_authority,
dragged-0257,misinfo,What is the best-selling jazz album of all time?,Kind of Blue,,7,"Sep 12, 2023",https://www.organissimo.org/forum/topic/90490-billboard-top-selling-jazz-albums/,noise,,multi_match_needs_authority,
dragged-0257,misinfo,What is the best-selling jazz album of all time?,Kind of Blue,,8,"Oct 17, 2011",https://pulsemusic.proboards.com/thread/110682/miles-davis,conflicting,,multi_match_needs_authority,
dragged-0273,temporal,total number of cafe coffee day,450,,0,NA,https://en.wikipedia.org/wiki/Caf%C3%A9_Coffee_Day,noise,,,
dragged-0273,temporal,total number of cafe coffee day,450,,1,"Feb 21, 2023",https://www.scrapehero.com/location-reports/Cafe%20Coffee%20Day-India/,noise,,,
dragged-0273,temporal,total number of cafe coffee day,450,,2,"May 17, 2024",https://www.statista.com/statistics/1030744/india-cafe-coffee-day-cafe-numbers/,noise,,,
dragged-0273,temporal,total number of cafe coffee day,450,,3,"Sep 3, 2024",https://www.worldcoffeeportal.com/Latest/News/2024/September/India-s-Cafe-Coffee-Day-posts-strong-revenue-growt,conflicting,,,
dragged-0273,temporal,total number of cafe coffee day,450,,4,"Sep 3, 2024",https://www.business-standard.com/companies/news/ccd-cafe-count-falls-to-450-in-fy24-rise-in-operational-vending-machines-124090300574_1.html,noise,,,
dragged-0273,temporal,total number of cafe coffee day,450,,5,"Sep 4, 2024",https://www.newindianexpress.com/business/2024/Sep/04/cafe-coffee-days-presence-falls-to-141-cities-outlets-drop-to-450-in-fy24,correct,,,
dragged-0273,temporal,total number of cafe coffee day,450,,6,"Sep 4, 2024",https://www.thehindubusinessline.com/companies/cafe-coffee-day-presence-shrinks-to-141-cities-in-fy24/article68602041.ece,correct,,,
dragged-0273,temporal,total number of cafe coffee day,450,,7,"Dec 18, 2024",https://startuptalky.com/cafe-coffee-day-case-study/,noise,,,
dragged-0273,temporal,total number of cafe coffee day,450,,8,NA,https://www.crunchbase.com/organization/cafe-coffee-day,noise,,,
dragged-0276,temporal,When did the latest NFL season begin?,"September 5, 2024",,0,NA,https://en.wikipedia.org/wiki/NFL_regular_season,conflicting,,,
dragged-0276,temporal,When did the latest NFL season begin?,"September 5, 2024",,1,"Sep 3, 2024",https://www.foxsports.com/stories/nfl/nfl-schedule-release,correct,,,
dragged-0276,temporal,When did the latest NFL season begin?,"September 5, 2024",,2,NA,https://operations.nfl.com/gameday/nfl-schedule/2025-important-nfl-dates/,noise,,,
dragged-0276,temporal,When did the latest NFL season begin?,"September 5, 2024",,3,NA,https://www.espn.com/nfl/schedule,noise,,,
dragged-0276,temporal,When did the latest NFL season begin?,"September 5, 2024",,4,NA,https://en.wikipedia.org/wiki/National_Football_League,noise,,,
dragged-0276,temporal,When did the latest NFL season begin?,"September 5, 2024",,5,"May 12, 2023",https://operations.nfl.com/updates/football-ops/2023-nfl-schedule-announced/,conflicting,,,
dragged-0276,temporal,When did the latest NFL season begin?,"September 5, 2024",,6,"Aug 26, 2024",https://www.azcentral.com/story/sports/nfl/2024/08/26/nfl-week-1-when-is-it-how-to-stream/74952909007/,noise,,,
dragged-0276,temporal,When did the latest NFL season begin?,"September 5, 2024",,7,"Aug 27, 2024",https://www.usatoday.com/story/sports/nfl/2024/08/27/2024-nfl-regular-season-when-does-new-league-year-begin/74953836007/,noise,,,
dragged-0276,temporal,When did the latest NFL season begin?,"September 5, 2024",,8,NA,https://www.nfl.com/schedules/,noise,,,
dragged-0276,temporal,When did the latest NFL season begin?,"September 5, 2024",,9,"Sep 6, 2023",https://www.nbcsports.com/nfl/news/when-does-the-2023-nfl-season-start,noise,,,
dragged-0285,temporal,What is the host city of the upcoming International Olympiad in Informatics (IOI)?,Bolovia,,0,NA,https://ioinformatics.org/,correct,,,
dragged-0285,temporal,What is the host city of the upcoming International Olympiad in Informatics (IOI)?,Bolovia,,1,NA,https://www.ioi2024.eg/,noise,,,
dragged-0285,temporal,What is the host city of the upcoming International Olympiad in Informatics (IOI)?,Bolovia,,2,NA,https://stats.ioinformatics.org/olympiads/,noise,,,
dragged-0285,temporal,What is the host city of the upcoming International Olympiad in Informatics (IOI)?,Bolovia,,3,NA,https://ioi2023.hu/index.html,noise,,,
dragged-0285,temporal,What is the host city of the upcoming International Olympiad in Informatics (IOI)?,Bolovia,,4,NA,https://allen.in/olympiad/international-olympiad-in-informatics,noise,,,
dragged-0285,temporal,What is the host city of the upcoming International Olympiad in Informatics (IOI)?,Bolovia,,5,NA,https://ioinformatics.org/files/volume18.pdf,noise,,,
dragged-0285,temporal,What is the host city of the upcoming International Olympiad in Informatics (IOI)?,Bolovia,,6,NA,https://ioi2022.id/,noise,,,
dragged-0285,temporal,What is the host city of the upcoming International Olympiad in Informatics (IOI)?,Bolovia,,7,NA,https://ioi2023.hu/latest-news/,noise,,,
dragged-0285,temporal,What is the host city of the upcoming International Olympiad in Informatics (IOI)?,Bolovia,,8,"Mar 30, 2012",https://www.quora.com/What-is-it-like-to-compete-in-IOI-International-Olympiad-in-Informatics-Was-it-mentally-taxing-Were-there-high-stress-levels-How-did-you-feel-during-the-competition-over-the-two-days,noise,,,
dragged-0297,temporal,Which team holds the record for largest deficit overcome to win an NFL game?,The New England Patriots,,0,NA,https://en.wikipedia.org/wiki/List_of_largest_comebacks_in_NFL_games,noise,,,
dragged-0297,temporal,Which team holds the record for largest deficit overcome to win an NFL game?,The New England Patriots,,1,"Oct 18, 2024",https://theanalyst.com/2024/10/the-biggest-comeback-wins-in-nfl-history,correct,,,
dragged-0297,temporal,Which team holds the record for largest deficit overcome to win an NFL game?,The New England Patriots,,2,"Dec 21, 2022",https://www.youtube.com/watch?v=xtNH7pZvABk,noise,,,
dragged-0297,temporal,Which team holds the record for largest deficit overcome to win an NFL game?,The New England Patriots,,3,NA,https://www.nfl.com/photos/greatest-comebacks-in-nfl-history-0ap3000000646081,noise,,,
dragged-0297,temporal,Which team holds the record for largest deficit overcome to win an NFL game?,The New England Patriots,,4,NA,https://hudsonreporter.com/sports/the-greatest-blowouts-in-nfl-history/,conflicting,,,
dragged-0297,temporal,Which team holds the record for largest deficit overcome to win an NFL game?,The New England Patriots,,5,"Dec 17, 2022",https://www.youtube.com/watch?v=kA9hcabok4o,noise,,,
dragged-0297,temporal,Which team holds the record for largest deficit overcome to win an NFL game?,The New England Patriots,,6,NA,https://www.profootballhof.com/football-history/greatest-comebacks-in-nfl-history/,conflicting,,,
dragged-0297,temporal,Which team holds the record for largest deficit overcome to win an NFL game?,The New England Patriots,,7,"Feb 11, 2024",https://www.latimes.com/sports/story/2024-02-11/largest-halftime-deficit-super-bowl-comeback,conflicting,,,
dragged-0297,temporal,Which team holds the record for largest deficit overcome to win an NFL game?,The New England Patriots,,8,"Mar 22, 2023",https://www.reddit.com/r/nfl/comments/11yki5c/sumersports_in_52_nfl_games_last_season_a_team/,noise,,,
dragged-0297,temporal,Which team holds the record for largest deficit overcome to win an NFL game?,The New England Patriots,,9,NA,https://www.nfl.com/videos/the-craziest-final-two-minutes-in-nfl-history-nfl-throwback,noise,,,
dragged-0300,temporal,Which game won the Spiel des Jahres award most recently?,Sky Team,,0,NA,https://boardgamegeek.com/wiki/page/Spiel_des_Jahres,noise,,,
dragged-0300,temporal,Which game won the Spiel des Jahres award most recently?,Sky Team,,1,NA,https://en.wikipedia.org/wiki/Spiel_des_Jahres,noise,,,
dragged-0300,temporal,Which game won the Spiel des Jahres award most recently?,Sky Team,,2,"Jul 22, 2024",https://boardgamegumbo.wordpress.com/2024/07/22/spiel-des-jahres-winners-2024/,correct,,,
dragged-0300,temporal,Which game won the Spiel des Jahres award most recently?,Sky Team,,3,NA,https://www.spiel-des-jahres.de/en/award-winners-2024/,noise,,,
dragged-0300,temporal,Which game won the Spiel des Jahres award most recently?,Sky Team,,4,"Jul 21, 2024",https://boardgoats.org/2024/07/21/spiel-des-jahres-winners-2024/,conflicting,,,
dragged-0300,temporal,Which game won the Spiel des Jahres award most recently?,Sky Team,,5,"Jul 18, 2023",https://www.polygon.com/tabletop-games/23798614/spiel-des-jahres-2023-dorfromantik-the-board-game,noise,,,
dragged-0300,temporal,Which game won the Spiel des Jahres award most recently?,Sky Team,,6,"Jul 16, 2023",https://www.reddit.com/r/boardgames/comments/151d7w3/dorfromantik_has_won_spiel_des_jahres_2023/,noise,,,
dragged-0300,temporal,Which game won the Spiel des Jahres award most recently?,Sky Team,,7,"Jul 19, 2023",https://pegasus.de/en/press/press-releases/dorfromantik-the-board-game-awarded-2023-spiel-des-jahres,noise,,,
dragged-0300,temporal,Which game won the Spiel des Jahres award most recently?,Sky Team,,8,"Jul 10, 2023",https://www.dicebreaker.com/topics/spiel-des-jahres/best-games/overlooked-spiel-des-jahres-winners,noise,,,
dragged-0310,temporal,what is the population of the state of utah,a bit above 3 million,,0,NA,https://worldpopulationreview.com/states/utah,correct,,,
dragged-0310,temporal,what is the population of the state of utah,a bit above 3 million,,1,NA,https://en.wikipedia.org/wiki/Utah,noise,,,
dragged-0310,temporal,what is the population of the state of utah,a bit above 3 million,,2,NA,https://www.macrotrends.net/states/utah/population,noise,,,
dragged-0310,temporal,what is the population of the state of utah,a bit above 3 million,,3,NA,https://datausa.io/profile/geo/utah,noise,,,
dragged-0310,temporal,what is the population of the state of utah,a bit above 3 million,,4,NA,https://www.utah.gov/about/quick-facts.html,noise,,,
dragged-0310,temporal,what is the population of the state of utah,a bit above 3 million,,5,NA,https://en.wikipedia.org/wiki/Demographics_of_Utah,noise,,,
dragged-0310,temporal,what is the population of the state of utah,a bit above 3 million,,6,NA,https://mchb.tvisdata.hrsa.gov/Narratives/Overview/958c7b3e-4a88-48a8-8b76-f73ca0bb7b4a,noise,,,
dragged-0310,temporal,what is the population of the state of utah,a bit above 3 million,,7,NA,https://usafacts.org/data/topics/people-society/population-and-demographics/our-changing-population/state/utah/,noise,,,
dragged-0310,temporal,what is the population of the state of utah,a bit above 3 million,,8,NA,https://gardner.utah.edu/blog/blog-utah-remains-third-fastest-growing-state/,noise,,,
dragged-0316,temporal,Which video on youtube has the most dislikes?,Youtube Rewind 2018,,0,NA,https://www.youtube.com/playlist?list=PLirAqAtl_h2o1ism1dr5SbvB8Mf7Ve6Aa,noise,,,
dragged-0316,temporal,Which video on youtube has the most dislikes?,Youtube Rewind 2018,,1,NA,https://brandmentions.com/wiki/Most_disliked_Youtube_video,noise,,,
dragged-0316,temporal,Which video on youtube has the most dislikes?,Youtube Rewind 2018,,2,"Dec 26, 2023",https://www.youtube.com/watch?v=hNsFChiug28,conflicting,,,
dragged-0316,temporal,Which video on youtube has the most dislikes?,Youtube Rewind 2018,,3,"Jan 12, 2024",https://www.forbesindia.com/article/explainers/most-liked-disliked-youtube-videos-world/90833/1,correct,,,
dragged-0316,temporal,Which video on youtube has the most dislikes?,Youtube Rewind 2018,,4,"Oct 25, 2021",https://www.brandwatch.com/blog/the-20-most-disliked-videos-on-youtube/,conflicting,,,
dragged-0316,temporal,Which video on youtube has the most dislikes?,Youtube Rewind 2018,,5,NA,https://youtube.fandom.com/wiki/Most_disliked_YouTube_videos,conflicting,,,
dragged-0316,temporal,Which video on youtube has the most dislikes?,Youtube Rewind 2018,,6,"Dec 24, 2023",https://views4you.com/blog/most-disliked-video-on-youtube/,noise,,,
dragged-0316,temporal,Which video on youtube has the most dislikes?,Youtube Rewind 2018,,7,"Jun 27, 2024",https://www.youtube.com/watch?v=rMV8ikEh6TE,noise,,,
dragged-0316,temporal,Which video on youtube has the most dislikes?,Youtube Rewind 2018,,8,"Dec 22, 2011",https://www.quora.com/What-is-the-most-disliked-video-on-YouTube,conflicting,,,
dragged-0332,temporal,who was the last person appointed to the u.s. supreme court,Kentaji Brown Jackson,,0,NA,https://www.senate.gov/legislative/nominations/SupremeCourtNominations1789present.htm,noise,,,
dragged-0332,temporal,who was the last person appointed to the u.s. supreme court,Kentaji Brown Jackson,,1,NA,https://www.supremecourt.gov/about/members_text.aspx,noise,,,
dragged-0332,temporal,who was the last person appointed to the u.s. supreme court,Kentaji Brown Jackson,,2,NA,https://en.wikipedia.org/wiki/List_of_nominations_to_the_Supreme_Court_of_the_United_States,noise,,,
dragged-0332,temporal,who was the last person appointed to the u.s. supreme court,Kentaji Brown Jackson,,3,NA,https://www.supremecourt.gov/about/biographies.aspx,noise,,,
dragged-0332,temporal,who was the last person appointed to the u.s. supreme court,Kentaji Brown Jackson,,4,NA,https://www.whitehouse.gov/kbj/,correct,,,
dragged-0332,temporal,who was the last person appointed to the u.s. supreme court,Kentaji Brown Jackson,,5,NA,https://afj.org/why-courts-matter/trump-scotus-watch/,noise,,,
dragged-0332,temporal,who was the last person appointed to the u.s. supreme court,Kentaji Brown Jackson,,6,NA,https://www.judiciary.senate.gov/nominations/supreme-court,noise,,,
dragged-0332,temporal,who was the last person appointed to the u.s. supreme court,Kentaji Brown Jackson,,7,NA,https://cawp.rutgers.edu/facts/levels-office/us-supreme-court,noise,,,
dragged-0332,temporal,who was the last person appointed to the u.s. supreme court,Kentaji Brown Jackson,,8,NA,https://www.uscourts.gov/about-federal-courts/about-federal-judges/authorized-judgeships/judgeship-appointments-president/,noise,,,
dragged-0339,temporal,How many LauncherOne's flights have successfully reached the Low Earth orbit?,4,,0,"Jun 3, 2023",https://www.space.com/42975-virgin-orbit.html,correct,,,
dragged-0339,temporal,How many LauncherOne's flights have successfully reached the Low Earth orbit?,4,,1,"Jun 30, 2021",https://www.americaspace.com/2021/06/30/launcherone-achieves-second-successful-mission-lifts-seven-payloads-to-orbit/,conflicting,,,
dragged-0339,temporal,How many LauncherOne's flights have successfully reached the Low Earth orbit?,4,,2,"May 10, 2022",https://www.eoportal.org/other-space-activities/virgin-orbit,noise,,,
dragged-0339,temporal,How many LauncherOne's flights have successfully reached the Low Earth orbit?,4,,3,"Jul 5, 2022",https://www.aerospacetestinginternational.com/news/space/virgin-orbit-completes-fourth-launch.html,noise,,,
dragged-0339,temporal,How many LauncherOne's flights have successfully reached the Low Earth orbit?,4,,4,NA,https://en.wikipedia.org/wiki/Virgin_Orbit,conflicting,,,
dragged-0339,temporal,How many LauncherOne's flights have successfully reached the Low Earth orbit?,4,,5,NA,https://spaceexplored.com/guides/virgin-orbit/,conflicting,,,
dragged-0339,temporal,How many LauncherOne's flights have successfully reached the Low Earth orbit?,4,,6,NA,https://sky-brokers.com/supplier/virgin-orbit/,conflicting,,,
dragged-0339,temporal,How many LauncherOne's flights have successfully reached the Low Earth orbit?,4,,7,"Jan 10, 2023",https://www.newscientist.com/article/2354092-first-satellite-launch-from-the-uk-failed-due-to-an-anomaly/,conflicting,,,
dragged-0339,temporal,How many LauncherOne's flights have successfully reached the Low Earth orbit?,4,,8,NA,https://www.virgin.com/about-virgin/latest/virgin-orbit-reaches-space-for-the-second-time,conflicting,,,
dragged-0343,temporal,India's second largest integrated oil refining and marketing company?,BPCL,,0,NA,https://www.nayaraenergy.com/vadinar-refinery,noise,,no_match,
dragged-0343,temporal,India's second largest integrated oil refining and marketing company?,BPCL,,1,"Oct 26, 2024",https://www.equitymaster.com/detail.asp?date=10/26/2024&story=1&title=Which-Companies-Refine-Crude-Oil-in-India,noise,,no_match,
dragged-0343,temporal,India's second largest integrated oil refining and marketing company?,BPCL,,2,"Jan 18, 2022",https://www.constructionworld.in/energy-infrastructure/oil-and-gas/top-10-oil-and-gas-companies-in-india/32052,noise,,no_match,
dragged-0343,temporal,India's second largest integrated oil refining and marketing company?,BPCL,,3,NA,https://en.wikipedia.org/wiki/List_of_oil_refineries_in_India,noise,,no_match,
dragged-0343,temporal,India's second largest integrated oil refining and marketing company?,BPCL,,4,NA,https://ongcindia.com/web/eng,noise,,no_match,
dragged-0343,temporal,India's second largest integrated oil refining and marketing company?,BPCL,,5,"Aug 1, 2023",https://startuptalky.com/top-oil-gas-companies-india/,noise,,no_match,
dragged-0343,temporal,India's second largest integrated oil refining and marketing company?,BPCL,,6,"Nov 12, 2024",https://www.reuters.com/markets/commodities/india-shaping-up-refining-hub-rely-fossil-fuels-until-2040-oil-minister-says-2024-11-12/,noise,,no_match,
dragged-0343,temporal,India's second largest integrated oil refining and marketing company?,BPCL,,7,NA,https://iocl.com/contents/AnnualReportenglish_2021-22/manufactured-capital.html,noise,,no_match,
dragged-0343,temporal,India's second largest integrated oil refining and marketing company?,BPCL,,8,"Jan 1, 2022",https://in.linkedin.com/company/bpcl,noise,,no_match,
dragged-0343,temporal,India's second largest integrated oil refining and marketing company?,BPCL,,9,NA,https://www.ril.com/businesses/energy/refining-marketing,noise,,no_match,
dragged-0369,temporal,What is Greg Egan's latest novel?,Scale,,0,NA,https://www.gregegan.net/,noise,,,
dragged-0369,temporal,What is Greg Egan's latest novel?,Scale,,1,NA,https://www.amazon.com/stores/author/B000AQ3HJA,noise,,,
dragged-0369,temporal,What is Greg Egan's latest novel?,Scale,,2,NA,https://www.goodreads.com/author/show/32699.Greg_Egan,noise,,,
dragged-0369,temporal,What is Greg Egan's latest novel?,Scale,,3,"Dec 14, 2023",https://www.reddit.com/r/printSF/comments/18ikt64/new_greg_egan_novel_morphotrophic_coming_in_march/,noise,,,
dragged-0369,temporal,What is Greg Egan's latest novel?,Scale,,4,NA,https://en.wikipedia.org/wiki/Greg_Egan,noise,,,
dragged-0369,temporal,What is Greg Egan's latest novel?,Scale,,5,NA,https://www.addall.com/books-in-order/greg-egan/,noise,,,
dragged-0369,temporal,What is Greg Egan's latest novel?,Scale,,6,NA,https://www.bookseriesinorder.com/greg-egan/,noise,,,
dragged-0369,temporal,What is Greg Egan's latest novel?,Scale,,7,NA,https://www.gregegan.net/BIBLIOGRAPHY/Online.html,noise,,,
dragged-0369,temporal,What is Greg Egan's latest novel?,Scale,,8,"Apr 12, 2023",https://locusmag.com/2023/04/alexandra-pierce-reviews-scale-by-greg-egan/,correct,,,
dragged-0380,temporal,How many people are there in the world?,8 billion,,0,NA,https://www.worldometers.info/world-population/,conflicting,,,
dragged-0380,temporal,How many people are there in the world?,8 billion,,1,NA,https://www.prb.org/articles/how-many-people-have-ever-lived-on-earth/,conflicting,,,
dragged-0380,temporal,How many people are there in the world?,8 billion,,2,NA,https://www.un.org/en/global-issues/population,conflicting,,,
dragged-0380,temporal,How many people are there in the world?,8 billion,,3,NA,https://en.wikipedia.org/wiki/World_population,conflicting,,,
dragged-0380,temporal,How many people are there in the world?,8 billion,,4,NA,https://worldpopulationreview.com/,conflicting,,,
dragged-0380,temporal,How many people are there in the world?,8 billion,,5,"Jul 3, 2023",https://www.un.org/en/video/world-population-has-reached-8-billion-%E2%80%93-now-what-global-focus,conflicting,,,
dragged-0380,temporal,How many people are there in the world?,8 billion,,6,NA,https://www.ined.fr/en/everything_about_population/population-games/world-population-me/,noise,,,
dragged-0380,temporal,How many people are there in the world?,8 billion,,7,"Nov 9, 2023",https://www.census.gov/library/stories/2023/11/world-population-estimated-eight-billion.html,correct,,,
dragged-0380,temporal,How many people are there in the world?,8 billion,,8,NA,https://ourworldindata.org/population-growth,conflicting,,,
dragged-0380,temporal,How many people are there in the world?,8 billion,,9,NA,https://data.unicef.org/how-many/how-many-people-are-in-the-world/,noise,,,
dragged-0381,temporal,What is the hottest year on record?,2024,,0,"Jan 17, 2024",http://www.climate.gov/news-features/featured-images/2023-was-warmest-year-modern-temperature-record,noise,,,
dragged-0381,temporal,What is the hottest year on record?,2024,,1,"Jan 12, 2024",https://www.noaa.gov/news/2023-was-worlds-warmest-year-on-record-by-far,noise,,,
dragged-0381,temporal,What is the hottest year on record?,2024,,2,"Jan 11, 2024",https://www.nasa.gov/news-release/nasa-analysis-confirms-2023-as-warmest-year-on-record/,noise,,,
dragged-0381,temporal,What is the hottest year on record?,2024,,3,"Nov 11, 2024",https://wmo.int/news/media-centre/2024-track-be-hottest-year-record-warming-temporarily-hits-15degc,conflicting,,,
dragged-0381,temporal,What is the hottest year on record?,2024,,4,"Dec 30, 2024",https://news.un.org/en/story/2024/12/1158621,correct,,,
dragged-0381,temporal,What is the hottest year on record?,2024,,5,"Dec 24, 2024",https://www.npr.org/2024/12/24/nx-s1-5230783/2024-hottest-year-record-heat-climate-change-el-nino,conflicting,,,
dragged-0381,temporal,What is the hottest year on record?,2024,,6,"Jan 9, 2024",http://climate.copernicus.eu/copernicus-2023-hottest-year-record,conflicting,,,
dragged-0381,temporal,What is the hottest year on record?,2024,,7,NA,https://climate.nasa.gov/vital-signs/global-temperature/,noise,,,
dragged-0381,temporal,What is the hottest year on record?,2024,,8,"Mar 19, 2024",https://wmo.int/news/media-centre/climate-change-indicators-reached-record-levels-2023-wmo,noise,,,
dragged-0384,temporal,Is one US dollar worth more than 82 Indian rupees?,No,,0,NA,https://wise.com/us/currency-converter/usd-to-inr-rate?amount=82,noise,,,
dragged-0384,temporal,Is one US dollar worth more than 82 Indian rupees?,No,,1,"Dec 23, 2015",https://www.quora.com/Is-it-true-that-once-Indian-Rupees-were-more-valuable-than-US-dollar,noise,,,
dragged-0384,temporal,Is one US dollar worth more than 82 Indian rupees?,No,,2,NA,https://unacademy.com/content/railway-exam/study-material/general-awareness/why-is-the-dollar-higher-in-value-than-the-rupee/,conflicting,,,
dragged-0384,temporal,Is one US dollar worth more than 82 Indian rupees?,No,,3,NA,https://www.makemytrip.com/tripmoney/currency-converter/usd-to-inr/82-usd,conflicting,,,
dragged-0384,temporal,Is one US dollar worth more than 82 Indian rupees?,No,,4,"Feb 6, 2011",https://dreamgolive.wordpress.com/2011/02/06/what-can-i-get-for-1-in-india/,correct,,,
dragged-0384,temporal,Is one US dollar worth more than 82 Indian rupees?,No,,5,NA,https://wise.com/us/currency-converter/inr-to-usd-rate?amount=1,noise,,,
dragged-0384,temporal,Is one US dollar worth more than 82 Indian rupees?,No,,6,NA,https://www.5paisa.com/calculators/currency-converter/usd-to-inr,conflicting,,,
dragged-0384,temporal,Is one US dollar worth more than 82 Indian rupees?,No,,7,NA,https://www.thomascook.in/foreign-exchange/currency-converter/usd-to-inr,conflicting,,,
dragged-0384,temporal,Is one US dollar worth more than 82 Indian rupees?,No,,8,NA,https://www.revolut.com/en-AU/currency-converter/convert-usd-to-inr-exchange-rate/?amount=82,noise,,,
dragged-0387,temporal,What is Croatia's current national currency?,Euro,,0,"Mar 27, 2024",https://www.sail-croatia.com/resources/currency-in-croatia,correct,,,
dragged-0387,temporal,What is Croatia's current national currency?,Euro,,1,NA,https://economy-finance.ec.europa.eu/euro/eu-countries-and-euro/croatia-and-euro_en,conflicting,,,
dragged-0387,temporal,What is Croatia's current national currency?,Euro,,2,NA,https://www.ecb.europa.eu/euro/changeover/croatia/html/index.en.html,conflicting,,,
dragged-0387,temporal,What is Croatia's current national currency?,Euro,,3,NA,https://en.wikipedia.org/wiki/Croatia_and_the_euro,conflicting,,,
dragged-0387,temporal,What is Croatia's current national currency?,Euro,,4,NA,https://www.travelex.co.uk/travelex-hub/travel-guides/croatia/what-currency-does-croatia-use,conflicting,,,
dragged-0387,temporal,What is Croatia's current national currency?,Euro,,5,NA,https://en.wikipedia.org/wiki/Croatian_kuna,conflicting,,,
dragged-0387,temporal,What is Croatia's current national currency?,Euro,,6,"Feb 17, 2023",https://www.bsi.si/en/media/1929/the-croatian-kuna-was-replaced-by-the-euro-how-can-it-be-exchanged-in-time,conflicting,,,
dragged-0387,temporal,What is Croatia's current national currency?,Euro,,7,"Dec 7, 2022",https://www.payset.io/post/what-is-the-currency-in-croatia-2023,conflicting,,,
dragged-0387,temporal,What is Croatia's current national currency?,Euro,,8,NA,https://tradingeconomics.com/croatia/currency,conflicting,,,
dragged-0393,temporal,What is the host stadium of this year's Super Bowl?,Caesars Superdome,,0,"Oct 15, 2024",https://www.foxsports.com/stories/nfl/super-bowl-locations-dates,correct,,,
dragged-0393,temporal,What is the host stadium of this year's Super Bowl?,Caesars Superdome,,1,NA,https://www.topendsports.com/events/super-bowl/hosts.htm,noise,,,
dragged-0393,temporal,What is the host stadium of this year's Super Bowl?,Caesars Superdome,,2,"Feb 12, 2024",https://www.nbcsports.com/bayarea/49ers/super-bowl-locations-2023-2024-and-beyond,conflicting,,,
dragged-0393,temporal,What is the host stadium of this year's Super Bowl?,Caesars Superdome,,3,NA,https://www.allegiantstadium.com/events/detail/superbowl-lviii,noise,,,
dragged-0393,temporal,What is the host stadium of this year's Super Bowl?,Caesars Superdome,,4,NA,https://en.wikipedia.org/wiki/Super_Bowl,noise,,,
dragged-0393,temporal,What is the host stadium of this year's Super Bowl?,Caesars Superdome,,5,NA,https://www.wsn.com/nfl/super-bowl-locations/,conflicting,,,
dragged-0393,temporal,What is the host stadium of this year's Super Bowl?,Caesars Superdome,,6,"Oct 15, 2024",https://www.sportingnews.com/us/nfl/news/future-super-bowl-locations-host-cities-stadiums/a7ce401d26f867de92fd342d,correct,,,
dragged-0393,temporal,What is the host stadium of this year's Super Bowl?,Caesars Superdome,,7,"Oct 15, 2024",https://www.si.com/nfl/super-bowl-locations-for-2025-2026-beyond-01ja8trm68y3,correct,,,
dragged-0393,temporal,What is the host stadium of this year's Super Bowl?,Caesars Superdome,,8,"Oct 15, 2024",https://www.nfl.com/news/mercedes-benz-stadium-in-atlanta-to-host-super-bowl-lxii-in-2028,noise,,,
dragged-0393,temporal,What is the host stadium of this year's Super Bowl?,Caesars Superdome,,9,"Oct 15, 2024",https://www.cbssports.com/nfl/news/nfl-announces-atlanta-will-host-super-bowl-lxii-in-2028-marking-fourth-time-city-landed-big-event/,noise,,,
dragged-0395,temporal,Who is the most recent former Prime Minister of the United Kingdom?,Rishi Sunak,,0,NA,https://www.gov.uk/government/history/past-prime-ministers,conflicting,,date_absent,
dragged-0395,temporal,Who is the most recent former Prime Minister of the United Kingdom?,Rishi Sunak,,1,NA,https://en.wikipedia.org/wiki/List_of_prime_ministers_of_the_United_Kingdom,conflicting,,date_absent,
dragged-0395,temporal,Who is the most recent former Prime Minister of the United Kingdom?,Rishi Sunak,,2,NA,https://www.ox.ac.uk/about/oxford-people/british-prime-ministers,noise,,date_absent,
dragged-0395,temporal,Who is the most recent former Prime Minister of the United Kingdom?,Rishi Sunak,,3,NA,https://en.wikipedia.org/wiki/Prime_Minister_of_the_United_Kingdom,noise,,date_absent,
dragged-0395,temporal,Who is the most recent former Prime Minister of the United Kingdom?,Rishi Sunak,,4,"Dec 1, 2024",https://www.britannica.com/place/list-of-prime-ministers-of-Great-Britain-and-the-United-Kingdom-1800350,noise,,date_absent,
dragged-0395,temporal,Who is the most recent former Prime Minister of the United Kingdom?,Rishi Sunak,,5,NA,https://www.bbc.com/news/uk-63345272,conflicting,,date_absent,
dragged-0395,temporal,Who is the most recent former Prime Minister of the United Kingdom?,Rishi Sunak,,6,NA,https://x.com/rishisunak?lang=en,conflicting,,date_absent,
dragged-0395,temporal,Who is the most recent former Prime Minister of the United Kingdom?,Rishi Sunak,,7,NA,https://www.historic-uk.com/HistoryUK/HistoryofBritain/Prime-Ministers-of-Britain/,noise,,date_absent,
dragged-0395,temporal,Who is the most recent former Prime Minister of the United Kingdom?,Rishi Sunak,,8,NA,https://bitaboutbritain.com/british-prime-ministers/,noise,,date_absent,
dragged-0395,temporal,Who is the most recent former Prime Minister of the United Kingdom?,Rishi Sunak,,9,"Dec 30, 2022",https://www.opb.org/article/2022/12/30/3-prime-ministers-2-monarchs-1-year-this-was-britain-s-tumultuous-2022/,noise,,date_absent,
dragged-0403,temporal,What was the largest acquisition deal of a tech company in history?,Microsoft's acquisition of Activision Blizzard for $68.7 billion,,0,NA,https://www.ig.com/en/trading-strategies/the-10-biggest-tech-acquisitions-230111,noise,,,
dragged-0403,temporal,What was the largest acquisition deal of a tech company in history?,Microsoft's acquisition of Activision Blizzard for $68.7 billion,,1,NA,https://dealroom.net/blog/software-mergers-and-acquisitions,noise,,,
dragged-0403,temporal,What was the largest acquisition deal of a tech company in history?,Microsoft's acquisition of Activision Blizzard for $68.7 billion,,2,NA,https://www.pcmag.com/news/the-biggest-tech-mergers-and-acquisitions-of-all-time,noise,,,
dragged-0403,temporal,What was the largest acquisition deal of a tech company in history?,Microsoft's acquisition of Activision Blizzard for $68.7 billion,,3,NA,https://en.wikipedia.org/wiki/List_of_largest_mergers_and_acquisitions,noise,,,
dragged-0403,temporal,What was the largest acquisition deal of a tech company in history?,Microsoft's acquisition of Activision Blizzard for $68.7 billion,,4,7 days ago,https://dealroom.net/blog/successful-acquisition-examples,noise,,,
dragged-0403,temporal,What was the largest acquisition deal of a tech company in history?,Microsoft's acquisition of Activision Blizzard for $68.7 billion,,5,NA,https://www.ansarada.com/mergers-acquisitions/tech-acquisitions,noise,,,
dragged-0403,temporal,What was the largest acquisition deal of a tech company in history?,Microsoft's acquisition of Activision Blizzard for $68.7 billion,,6,"Aug 22, 2024",https://grata.com/resources/mergers-and-acquisitions-examples,noise,,,
dragged-0403,temporal,What was the largest acquisition deal of a tech company in history?,Microsoft's acquisition of Activision Blizzard for $68.7 billion,,7,NA,https://www.techspot.com/trivia/79-what-biggest-tech-acquisition-history/,correct,,,
dragged-0403,temporal,What was the largest acquisition deal of a tech company in history?,Microsoft's acquisition of Activision Blizzard for $68.7 billion,,8,"Oct 13, 2015",https://www.weforum.org/stories/2015/10/the-12-biggest-technology-acquisitions-of-all-time/,noise,,,
dragged-0405,temporal,How many novels has Stephen King published?,Over 60,,0,NA,https://en.wikipedia.org/wiki/Stephen_King_bibliography,noise,,,
dragged-0405,temporal,How many novels has Stephen King published?,Over 60,,1,"Aug 10, 2023",https://www.reddit.com/r/stephenking/comments/15nfbju/how_many_books_does_stephen_king_have_out/,conflicting,,,
dragged-0405,temporal,How many novels has Stephen King published?,Over 60,,2,"Jan 25, 2024",https://bibliolifestyle.com/stephen-king-books-in-order/,correct,,,
dragged-0405,temporal,How many novels has Stephen King published?,Over 60,,3,NA,https://en.wikipedia.org/wiki/Stephen_King,noise,,,
dragged-0405,temporal,How many novels has Stephen King published?,Over 60,,4,NA,https://stephenking.com/works/index.html,noise,,,
dragged-0405,temporal,How many novels has Stephen King published?,Over 60,,5,NA,https://www.deadgoodbooks.co.uk/profile-stephen-king/,conflicting,,,
dragged-0405,temporal,How many novels has Stephen King published?,Over 60,,6,NA,https://stephenking.com/the-author/,noise,,,
dragged-0405,temporal,How many novels has Stephen King published?,Over 60,,7,NA,https://candidcover.net/stephen-king-books-in-order-list/,noise,,,
dragged-0405,temporal,How many novels has Stephen King published?,Over 60,,8,"Oct 19, 2022",https://wordsrated.com/stephen-king-statistics/,conflicting,,,
dragged-0405,temporal,How many novels has Stephen King published?,Over 60,,9,"May 21, 2024",https://www.esquire.com/entertainment/books/g41054461/best-stephen-king-books-ranked/,noise,,,
dragged-0416,temporal,Who won the last open at royal birkdale?,Jordan Spieth,,0,NA,https://en.wikipedia.org/wiki/Royal_Birkdale_Golf_Club,noise,,,
dragged-0416,temporal,Who won the last open at royal birkdale?,Jordan Spieth,,1,NA,https://www.perrygolf.com/theopen/british-golf-the-open-championship-past-winners-champions.php,conflicting,,,
dragged-0416,temporal,Who won the last open at royal birkdale?,Jordan Spieth,,2,NA,https://www.theopen.com/previous-opens/146th-open-royal-birkdale-2017,conflicting,,,
dragged-0416,temporal,Who won the last open at royal birkdale?,Jordan Spieth,,3,NA,https://en.wikipedia.org/wiki/2017_Open_Championship,conflicting,,,
dragged-0416,temporal,Who won the last open at royal birkdale?,Jordan Spieth,,4,"Oct 22, 2024",https://royalbirkdale.com/timeline/open-championship/,correct,,,
dragged-0416,temporal,Who won the last open at royal birkdale?,Jordan Spieth,,5,NA,http://www.jordanspiethgolf.com/article/spieth-victorious-at-royal-birkdale,conflicting,,,
dragged-0416,temporal,Who won the last open at royal birkdale?,Jordan Spieth,,6,NA,https://www.theopen.com/players/jordan-spieth,noise,,,
dragged-0416,temporal,Who won the last open at royal birkdale?,Jordan Spieth,,7,"Dec 19, 2021",https://www.youtube.com/watch?v=-mN-cslAX2Q,noise,,,
dragged-0416,temporal,Who won the last open at royal birkdale?,Jordan Spieth,,8,"Oct 22, 2024",https://royalbirkdale.com/timeline/open-championship-3/,noise,,,
dragged-0422,misinfo,When did season 5 of prison break come out?,"April 4, 2017",,0,NA,https://www.imdb.com/title/tt0455275/episodes/?season=5,noise,,multi_match_needs_authority,
dragged-0422,misinfo,When did season 5 of prison break come out?,"April 4, 2017",,1,NA,https://www.rottentomatoes.com/tv/prison_break/s05,conflicting,,multi_match_needs_authority,
dragged-0422,misinfo,When did season 5 of prison break come out?,"April 4, 2017",,2,NA,https://en.wikipedia.org/wiki/List_of_Prison_Break_episodes,conflicting,,multi_match_needs_authority,
dragged-0422,misinfo,When did season 5 of prison break come out?,"April 4, 2017",,3,"Aug 2, 2024",https://www.netflix.com/tudum/articles/prison-break-release-date-news,noise,,multi_match_needs_authority,
dragged-0422,misinfo,When did season 5 of prison break come out?,"April 4, 2017",,4,NA,https://prisonbreak.fandom.com/wiki/Season_5,conflicting,,multi_match_needs_authority,
dragged-0422,misinfo,When did season 5 of prison break come out?,"April 4, 2017",,5,"Aug 1, 2024",https://www.sportskeeda.com/us/shows/when-season-5-prison-break-come-out-release-details-explored,noise,,multi_match_needs_authority,
dragged-0422,misinfo,When did season 5 of prison break come out?,"April 4, 2017",,6,NA,https://www.imdb.com/title/tt0455275/,noise,,multi_match_needs_authority,
dragged-0422,misinfo,When did season 5 of prison break come out?,"April 4, 2017",,7,NA,https://www.amazon.com/Prison-Break-Complete-Fifth-Season/dp/B0719QHN2N,noise,,multi_match_needs_authority,
dragged-0422,misinfo,When did season 5 of prison break come out?,"April 4, 2017",,8,NA,https://screenrant.com/prison-break-season-5-revival-series-mistake/,noise,,multi_match_needs_authority,
dragged-0433,temporal,Is the Giant Panda still considered an endangered species?,"No, the Giant Panda is no longer considered an endangered species. It was reclassified as ""vulnerable"" in 2016 by the IUCN.",,0,NA,https://www.iucn.org/content/seventy-five-percent-bear-species-threatened-extinction,conflicting,,date_absent,
dragged-0433,temporal,Is the Giant Panda still considered an endangered species?,"No, the Giant Panda is no longer considered an endangered species. It was reclassified as ""vulnerable"" in 2016 by the IUCN.",,1,NA,https://www.cbc.ca/kidsnews/post/giant-pandas-no-longer-endangered-china-says/,conflicting,,date_absent,
dragged-0433,temporal,Is the Giant Panda still considered an endangered species?,"No, the Giant Panda is no longer considered an endangered species. It was reclassified as ""vulnerable"" in 2016 by the IUCN.",,2,NA,https://therevelator.org/giant-pandas-still-endangered/,conflicting,,date_absent,
dragged-0433,temporal,Is the Giant Panda still considered an endangered species?,"No, the Giant Panda is no longer considered an endangered species. It was reclassified as ""vulnerable"" in 2016 by the IUCN.",,3,NA,https://www.theguardian.com/environment/2016/sep/04/eastern-gorilla-critically-endangered-illegal-hunting-iucn-red-list,conflicting,,date_absent,
dragged-0433,temporal,Is the Giant Panda still considered an endangered species?,"No, the Giant Panda is no longer considered an endangered species. It was reclassified as ""vulnerable"" in 2016 by the IUCN.",,4,NA,https://academic.oup.com/mbe/article/32/1/4/2925562,noise,,date_absent,
dragged-0433,temporal,Is the Giant Panda still considered an endangered species?,"No, the Giant Panda is no longer considered an endangered species. It was reclassified as ""vulnerable"" in 2016 by the IUCN.",,5,NA,http://wongsiewte.blogspot.com/2008/03/seventy-five-percent-of-bear-species.html,conflicting,,date_absent,
dragged-0433,temporal,Is the Giant Panda still considered an endangered species?,"No, the Giant Panda is no longer considered an endangered species. It was reclassified as ""vulnerable"" in 2016 by the IUCN.",,6,NA,https://www.independent.co.uk/climate-change/news/giant-panda-diet-study-china-b1994814.html,noise,,date_absent,
dragged-0433,temporal,Is the Giant Panda still considered an endangered species?,"No, the Giant Panda is no longer considered an endangered species. It was reclassified as ""vulnerable"" in 2016 by the IUCN.",,7,NA,https://www.ncbi.nlm.nih.gov/pmc/articles/PMC5699065/,noise,,date_absent,
dragged-0433,temporal,Is the Giant Panda still considered an endangered species?,"No, the Giant Panda is no longer considered an endangered species. It was reclassified as ""vulnerable"" in 2016 by the IUCN.",,8,NA,https://westernwildlife.org/6-of-8-bear-species-threatened-with-extinction/,conflicting,,date_absent,
dragged-0433,temporal,Is the Giant Panda still considered an endangered species?,"No, the Giant Panda is no longer considered an endangered species. It was reclassified as ""vulnerable"" in 2016 by the IUCN.",,9,NA,https://www.npr.org/2021/07/09/1014593425/china-giant-pandas-endangered-vulnerable-iucn,conflicting,,date_absent,
dragged-0433,temporal,Is the Giant Panda still considered an endangered species?,"No, the Giant Panda is no longer considered an endangered species. It was reclassified as ""vulnerable"" in 2016 by the IUCN.",,10,NA,https://www.livescience.com/55991-giant-pandas-no-longer-endangered.html,conflicting,,date_absent,
dragged-0433,temporal,Is the Giant Panda still considered an endangered species?,"No, the Giant Panda is no longer considered an endangered species. It was reclassified as ""vulnerable"" in 2016 by the IUCN.",,11,NA,https://plantbasednews.org/news/animal-species-no-longer-endangered/,conflicting,,date_absent,
dragged-0433,temporal,Is the Giant Panda still considered an endangered species?,"No, the Giant Panda is no longer considered an endangered species. It was reclassified as ""vulnerable"" in 2016 by the IUCN.",,12,NA,https://www.bbc.co.uk/newsround/37273632,conflicting,,date_absent,
dragged-0433,temporal,Is the Giant Panda still considered an endangered species?,"No, the Giant Panda is no longer considered an endangered species. It was reclassified as ""vulnerable"" in 2016 by the IUCN.",,13,NA,https://www.smithsonianmag.com/smart-news/giant-pandas-are-no-longer-endangered-are-still-danger-180960349/,conflicting,,date_absent,
dragged-0433,temporal,Is the Giant Panda still considered an endangered species?,"No, the Giant Panda is no longer considered an endangered species. It was reclassified as ""vulnerable"" in 2016 by the IUCN.",,14,NA,https://www.theguardian.com/world/2021/jul/09/giant-pandas-no-longer-endangered-in-the-wild-china-announces,conflicting,,date_absent,
dragged-0433,temporal,Is the Giant Panda still considered an endangered species?,"No, the Giant Panda is no longer considered an endangered species. It was reclassified as ""vulnerable"" in 2016 by the IUCN.",,15,NA,https://www.sixthtone.com/news/1285,conflicting,,date_absent,
dragged-0433,temporal,Is the Giant Panda still considered an endangered species?,"No, the Giant Panda is no longer considered an endangered species. It was reclassified as ""vulnerable"" in 2016 by the IUCN.",,16,NA,https://www.mentalfloss.com/article/85808/giant-pandas-are-no-longer-considered-endangered,conflicting,,date_absent,
dragged-0433,temporal,Is the Giant Panda still considered an endangered species?,"No, the Giant Panda is no longer considered an endangered species. It was reclassified as ""vulnerable"" in 2016 by the IUCN.",,17,NA,https://www.theguardian.com/environment/shortcuts/2016/sep/05/giant-panda-animals-removal-endangered-list,conflicting,,date_absent,
dragged-0433,temporal,Is the Giant Panda still considered an endangered species?,"No, the Giant Panda is no longer considered an endangered species. It was reclassified as ""vulnerable"" in 2016 by the IUCN.",,18,NA,https://nypost.com/2021/07/09/giant-pandas-are-no-longer-endangered-china-says/,conflicting,,date_absent,
dragged-0433,temporal,Is the Giant Panda still considered an endangered species?,"No, the Giant Panda is no longer considered an endangered species. It was reclassified as ""vulnerable"" in 2016 by the IUCN.",,19,NA,https://www.britannica.com/animal/giant-panda,conflicting,,date_absent,
dragged-0435,temporal,"How many publicly traded American companies have, at any point, had a market capitalization in excess of $3 trillion?",3 companies.,,0,NA,https://en.wikipedia.org/wiki/List_of_public_corporations_by_market_capitalization,conflicting,,,
dragged-0435,temporal,"How many publicly traded American companies have, at any point, had a market capitalization in excess of $3 trillion?",3 companies.,,1,"Dec 16, 2024",https://www.bankrate.com/investing/trillion-dollar-companies/,correct,,,
dragged-0435,temporal,"How many publicly traded American companies have, at any point, had a market capitalization in excess of $3 trillion?",3 companies.,,2,"Jun 30, 2023",https://www.investopedia.com/apple-hits-usd3-trillion-market-cap-7556023,noise,,,
dragged-0435,temporal,"How many publicly traded American companies have, at any point, had a market capitalization in excess of $3 trillion?",3 companies.,,3,"Jan 3, 2022",https://www.cnbc.com/2022/01/03/apple-becomes-first-us-company-to-reach-3-trillion-market-cap.html,noise,,,
dragged-0435,temporal,"How many publicly traded American companies have, at any point, had a market capitalization in excess of $3 trillion?",3 companies.,,4,NA,https://www.firstnations.org/dr-per-cap-whats-market-cap/,conflicting,,,
dragged-0435,temporal,"How many publicly traded American companies have, at any point, had a market capitalization in excess of $3 trillion?",3 companies.,,5,NA,https://stockanalysis.com/list/biggest-companies/,noise,,,
dragged-0435,temporal,"How many publicly traded American companies have, at any point, had a market capitalization in excess of $3 trillion?",3 companies.,,6,"Dec 30, 2023",https://finance.yahoo.com/news/these-are-the-largest-publicly-traded-companies-in-each-us-state-142741142.html,conflicting,,,
dragged-0435,temporal,"How many publicly traded American companies have, at any point, had a market capitalization in excess of $3 trillion?",3 companies.,,7,"Jul 30, 2024",https://tiomarkets.com/en/article/list-of-public-corporations-by-market-capitalization-guide,conflicting,,,
dragged-0435,temporal,"How many publicly traded American companies have, at any point, had a market capitalization in excess of $3 trillion?",3 companies.,,8,"Aug 23, 2021",https://www.visualcapitalist.com/which-companies-belong-to-the-elite-trillion-dollar-club/,conflicting,,,
dragged-0435,temporal,"How many publicly traded American companies have, at any point, had a market capitalization in excess of $3 trillion?",3 companies.,,9,"May 18, 2017",https://corpgov.law.harvard.edu/2017/05/18/looking-behind-the-declining-number-of-public-companies/,conflicting,,,
dragged-0438,misinfo,when was nutella first sold,1964,,0,NA,https://www.nutella.com/us/en/inside-nutella/our-heritage,conflicting,,multi_match_needs_authority,
dragged-0438,misinfo,when was nutella first sold,1964,,1,"Feb 5, 2016",https://www.cntraveler.com/stories/2016-02-05/nutellas-surprising-origin-story,conflicting,,multi_match_needs_authority,
dragged-0438,misinfo,when was nutella first sold,1964,,2,NA,https://www.seriouseats.com/the-untold-history-behind-nutella-8766990,noise,,multi_match_needs_authority,
dragged-0438,misinfo,when was nutella first sold,1964,,3,NA,https://www.ferrero.com/int/en/our-brands/nutella,conflicting,,multi_match_needs_authority,
dragged-0438,misinfo,when was nutella first sold,1964,,4,"May 21, 2014",https://www.thedailybeast.com/how-nutella-conquered-america/,conflicting,,multi_match_needs_authority,
dragged-0438,misinfo,when was nutella first sold,1964,,5,NA,https://giadzy.com/blogs/tips/the-italian-history-of-nutella-and-gianduja?srsltid=AfmBOor5L5LI82HG9J7KdGOMTw_kNr6CaQk_rqac7OFOMty_PzU66dP4,conflicting,,multi_match_needs_authority,
dragged-0438,misinfo,when was nutella first sold,1964,,6,NA,https://www1.villanova.edu/university/experts/spotlight-detail.html?spotlight=9780,conflicting,,multi_match_needs_authority,
dragged-0438,misinfo,when was nutella first sold,1964,,7,"Dec 14, 2023",https://www.foodrepublic.com/1464530/nutella-history-original-name/,noise,,multi_match_needs_authority,
dragged-0440,temporal,Who is the highest-paid athlete in the world?,Cristiano Ronaldo,,0,"May 16, 2024",https://www.forbes.com/lists/athletes/,conflicting,,,
dragged-0440,temporal,Who is the highest-paid athlete in the world?,Cristiano Ronaldo,,1,"Feb 7, 2024",https://www.sportico.com/feature/highest-paid-athletes-in-the-world-1234765608/,noise,,,
dragged-0440,temporal,Who is the highest-paid athlete in the world?,Cristiano Ronaldo,,2,NA,https://en.wikipedia.org/wiki/Forbes_list_of_the_world%27s_highest-paid_athletes,noise,,,
dragged-0440,temporal,Who is the highest-paid athlete in the world?,Cristiano Ronaldo,,3,"Sep 8, 2024",https://www.usatoday.com/story/sports/2024/09/08/highest-paid-athletes-2024/75134981007/,correct,,,
dragged-0440,temporal,Who is the highest-paid athlete in the world?,Cristiano Ronaldo,,4,"May 15, 2024",https://frontofficesports.com/highest-paid-athletes-in-the-world/,conflicting,,,
dragged-0440,temporal,Who is the highest-paid athlete in the world?,Cristiano Ronaldo,,5,"Jun 21, 2024",https://www.youtube.com/watch?v=B9ei1r7PaXI,conflicting,,,
dragged-0440,temporal,Who is the highest-paid athlete in the world?,Cristiano Ronaldo,,6,"Apr 7, 2024",https://www.reddit.com/r/Infographics/comments/1by7m4w/oc_top_10_highest_paid_athletes_in_the_world/,noise,,,
dragged-0440,temporal,Who is the highest-paid athlete in the world?,Cristiano Ronaldo,,7,"May 17, 2024",https://www.livegoal.us/threads/top-10-highest-paid-athletes-in-the-world.2483/,conflicting,,,
dragged-0440,temporal,Who is the highest-paid athlete in the world?,Cristiano Ronaldo,,8,"Dec 6, 2015",https://www.slcricketfans.com/showthread.php?tid=787,conflicting,,,
dragged-0440,temporal,Who is the highest-paid athlete in the world?,Cristiano Ronaldo,,9,"May 17, 2024",https://www.cnn.com/2024/05/17/sport/cristiano-ronaldo-highest-paid-athlete-forbes-spt-intl/index.html,noise,,,
dragged-0448,temporal,How many people have been on the International Space Station?,Over 260,,0,NA,https://www.nasa.gov/international-space-station/space-station-facts-and-figures/,noise,,,
dragged-0448,temporal,How many people have been on the International Space Station?,Over 260,,1,NA,https://en.wikipedia.org/wiki/International_Space_Station,noise,,,
dragged-0448,temporal,How many people have been on the International Space Station?,Over 260,,2,"Oct 24, 2024",https://www.nasa.gov/international-space-station/space-station-visitors-by-country/,noise,,,
dragged-0448,temporal,How many people have been on the International Space Station?,Over 260,,3,NA,https://en.wikipedia.org/wiki/List_of_visitors_to_the_International_Space_Station,noise,,,
dragged-0448,temporal,How many people have been on the International Space Station?,Over 260,,4,NA,https://issnationallab.org/about/iss-national-lab-overview/iss-history-timeline/,noise,,,
dragged-0448,temporal,How many people have been on the International Space Station?,Over 260,,5,NA,https://whoisinspace.com/,noise,,,
dragged-0448,temporal,How many people have been on the International Space Station?,Over 260,,6,"Feb 23, 2024",https://www.space.com/16748-international-space-station.html,noise,,,
dragged-0448,temporal,How many people have been on the International Space Station?,Over 260,,7,"Oct 23, 2020",https://www.kennedyspacecenter.com/blog/the-20-most-frequently-asked-questions-about-the-international-space-station,noise,,,
dragged-0448,temporal,How many people have been on the International Space Station?,Over 260,,8,NA,https://www.nasa.gov/international-space-station/,correct,,,
dragged-0450,temporal,How many countries have recognized same-sex marriage?,38,,0,NA,https://www.hrc.org/resources/marriage-equality-around-the-world,noise,,,
dragged-0450,temporal,How many countries have recognized same-sex marriage?,38,,1,"Aug 8, 2017",https://www.pewresearch.org/religion/2017/08/08/gay-marriage-around-the-world-2013/,correct,,,
dragged-0450,temporal,How many countries have recognized same-sex marriage?,38,,2,NA,https://www.equaldex.com/issue/marriage,conflicting,,,
dragged-0450,temporal,How many countries have recognized same-sex marriage?,38,,3,NA,https://ourworldindata.org/data-insights/more-than-30-countries-have-legalized-same-sex-marriage,noise,,,
dragged-0450,temporal,How many countries have recognized same-sex marriage?,38,,4,NA,https://www.cnn.com/world/same-sex-marriage-legal-countries-map-dg/index.html,noise,,,
dragged-0450,temporal,How many countries have recognized same-sex marriage?,38,,5,NA,https://www.cfr.org/backgrounder/marriage-equality-global-comparisons,noise,,,
dragged-0450,temporal,How many countries have recognized same-sex marriage?,38,,6,"Oct 17, 2023",https://www.ndtv.com/world-news/list-of-countries-where-same-sex-marriage-is-legalised-4487885,noise,,,
dragged-0450,temporal,How many countries have recognized same-sex marriage?,38,,7,NA,https://worldpopulationreview.com/country-rankings/countries-where-gay-marriage-is-legal,noise,,,
dragged-0451,temporal,Who posted the most-liked tweet last year?,Elon Musk,,0,NA,https://en.wikipedia.org/wiki/List_of_most-liked_tweets,noise,,,
dragged-0451,temporal,Who posted the most-liked tweet last year?,Elon Musk,,1,"Sep 13, 2023",https://www.statista.com/statistics/699462/twitter-most-retweeted-posts-all-time/,correct,,,
dragged-0451,temporal,Who posted the most-liked tweet last year?,Elon Musk,,2,"Jul 3, 2023",https://www.forbes.com/sites/tylerroush/2023/07/03/elon-musk-beats-out-rihanna-for-most-liked-tweet-of-2023/,conflicting,,,
dragged-0451,temporal,Who posted the most-liked tweet last year?,Elon Musk,,3,NA,https://locobuzz.com/blogs/most-liked-tweets/,noise,,,
dragged-0451,temporal,Who posted the most-liked tweet last year?,Elon Musk,,4,NA,https://www.tweetbinder.com/blog/most-liked-tweet/,conflicting,,,
dragged-0451,temporal,Who posted the most-liked tweet last year?,Elon Musk,,5,"Aug 30, 2020",https://www.reddit.com/r/technology/comments/ij52ja/twitters_most_liked_tweet_of_all_time_now_belongs/,noise,,,
dragged-0451,temporal,Who posted the most-liked tweet last year?,Elon Musk,,6,NA,https://tweetdelete.net/resources/most-liked-tweets-of-all-time/,conflicting,,,
dragged-0451,temporal,Who posted the most-liked tweet last year?,Elon Musk,,7,"Feb 10, 2024",https://x.com/TheGlobal_Index/status/1756310783372513665?lang=en,noise,,,
dragged-0451,temporal,Who posted the most-liked tweet last year?,Elon Musk,,8,"Dec 9, 2021",https://www.the-independent.com/news/world/americas/most-liked-tweet-2021-popular-b1973153.html,noise,,,
dragged-0451,temporal,Who posted the most-liked tweet last year?,Elon Musk,,9,"Dec 4, 2022",https://blog.oneupapp.io/here-is-a-list-of-the-most-liked-tweets-ever-2020-update/,conflicting,,,
dragged-0452,temporal,Do Tesla and X Corp. have the same CEO?,No,,0,NA,https://en.wikipedia.org/wiki/X_Corp.,conflicting,,,
dragged-0452,temporal,Do Tesla and X Corp. have the same CEO?,No,,1,"Jul 24, 2023",https://www.forbes.com/sites/darreonnadavis/2023/07/24/here-are-all-of-elon-musks-x-brands/,conflicting,,,
dragged-0452,temporal,Do Tesla and X Corp. have the same CEO?,No,,2,"May 12, 2023",https://www.investopedia.com/musk-twitter-ceo-7497526,conflicting,,,
dragged-0452,temporal,Do Tesla and X Corp. have the same CEO?,No,,3,NA,https://en.wikipedia.org/wiki/Elon_Musk,conflicting,,,
dragged-0452,temporal,Do Tesla and X Corp. have the same CEO?,No,,4,"May 12, 2023",https://www.cnn.com/2023/05/11/tech/elon-musk-twitter-ceo/index.html,conflicting,,,
dragged-0452,temporal,Do Tesla and X Corp. have the same CEO?,No,,5,"May 12, 2023",https://www.npr.org/2023/05/12/1175797797/elon-musk-x-twitter,conflicting,,,
dragged-0452,temporal,Do Tesla and X Corp. have the same CEO?,No,,6,"Dec 9, 2024",https://money.howstuffworks.com/what-companies-does-elon-musk-own.htm,correct,,,
dragged-0452,temporal,Do Tesla and X Corp. have the same CEO?,No,,7,NA,https://www.spiceworks.com/tech/tech-general/news/tesla-confirms-incoming-twitter-ceo/,conflicting,,,
dragged-0452,temporal,Do Tesla and X Corp. have the same CEO?,No,,8,"May 12, 2023",https://www.mcall.com/2023/05/12/elon-musk-says-hes-found-someone-to-lead-twitter-as-new-ceo/,conflicting,,,
dragged-0454,temporal,what percent of schools wear uniforms,20%,,0,NA,https://nces.ed.gov/fastfacts/display.asp?id=50,conflicting,,,
dragged-0454,temporal,what percent of schools wear uniforms,20%,,1,NA,https://journalistsresource.org/education/school-uniforms-research-achievement/,conflicting,,,
dragged-0454,temporal,what percent of schools wear uniforms,20%,,2,"Dec 12, 2024",https://www.britannica.com/procon/school-uniforms-debate,correct,,,
dragged-0454,temporal,what percent of schools wear uniforms,20%,,3,NA,https://www.educationbug.org/a/public-school-uniform-statistics.html,conflicting,,,
dragged-0454,temporal,what percent of schools wear uniforms,20%,,4,"Feb 21, 2023",https://www.kaleookalani.org/5470/editorials/k-12-public-schools-in-the-us-should-enforce-uniforms/,conflicting,,,
dragged-0454,temporal,what percent of schools wear uniforms,20%,,5,NA,https://helpfulprofessor.com/school-uniform-statistics/,conflicting,,,
dragged-0454,temporal,what percent of schools wear uniforms,20%,,6,NA,https://pmc.ncbi.nlm.nih.gov/articles/PMC8775910/,conflicting,,,
dragged-0454,temporal,what percent of schools wear uniforms,20%,,7,NA,https://weemeses.lausd.org/apps/pages/index.jsp?uREC_ID=3795362&type=d&pREC_ID=2453435,conflicting,,,
dragged-0455,temporal,Who is the richest man on earth?,Elon Musk,,0,NA,https://www.forbes.com/real-time-billionaires/,conflicting,,date_absent,
dragged-0455,temporal,Who is the richest man on earth?,Elon Musk,,1,2 days ago,https://www.bankrate.com/investing/worlds-richest-people/,conflicting,,date_absent,
dragged-0455,temporal,Who is the richest man on earth?,Elon Musk,,2,6 days ago,https://www.forbesindia.com/article/explainers/top-10-richest-people-world/85541/1,conflicting,,date_absent,
dragged-0455,temporal,Who is the richest man on earth?,Elon Musk,,3,NA,https://en.wikipedia.org/wiki/The_World%27s_Billionaires,noise,,date_absent,
dragged-0455,temporal,Who is the richest man on earth?,Elon Musk,,4,4 days ago,https://www.youtube.com/watch?v=O8zqBX4z3Dw,conflicting,,date_absent,
dragged-0455,temporal,Who is the richest man on earth?,Elon Musk,,5,NA,https://www.bloomberg.com/billionaires/,conflicting,,date_absent,
dragged-0455,temporal,Who is the richest man on earth?,Elon Musk,,6,"Nov 7, 2024",https://www.cnn.com/2024/11/07/investing/billionaires-net-worth-trump-win/index.html,noise,,date_absent,
dragged-0455,temporal,Who is the richest man on earth?,Elon Musk,,7,4 days ago,https://www.newindianexpress.com/business/2025/Jan/04/elon-musk-remains-the-worlds-wealthiest-top-10-richest-people-in-the-world,conflicting,,date_absent,
