question_id,dataset,question,conflict_type,correct_answer,exclusion_flag,doc_id,date,url,supported_answer,label,text
dragged-0012,dragged,When does this year's Passover start?,outdated,"begins at sundown on Saturday, April 12.",,0,2025-01-01,https://www.chabad.org/holidays/passover/pesach_cdo/aid/671901/jewish/When-Is-Passover-in-2025-2026-2027-and-2028.htm,,,"Pesach 2025 (Passover) begins before sundown on Saturday April 12, 2025, and ends after nightfall on April 20, 2025."
dragged-0012,dragged,When does this year's Passover start?,outdated,"begins at sundown on Saturday, April 12.",,1,2024-05-01,https://www.passoverlistings.com/when-is-passover-dates-of-passover-for-upcoming-years/,,,"When is Passover? What are the Dates of Pesach? Passover also know as Pesach, is a major Jewish festival that celebrates the springtime. It starts at dusk on the same day of the Hebrew calendar every year, which is the evening of 14th of Nisan, and ends after dark on the 21st of Nisan in Israel or the 22nd of Nisan outside Israel. The dates of Pesach on the secular calendar usually happens in April and occasionally in late March. Passover dates for the next several years Passover 2025: April 12-20 Passover 2026: April 1-9 Passover 2027: April 21-29 Passover 2028: April 10-18 Passover 2029: March 30 – April 7 Passover 2030: April 17-25 Passover 2031: April 7-15 Passover 2032: March 26 – April 3 Passover 2033: April 13-21 Passover 2034: April 3-11 Passover 2035: April 23 – May 1 Passover 2036: April 11-19 Passover 2037: March 30 – April 7 Passover 2038: April 19-27 Passover 2039: April 8-16 Passover 2040: March 28 – April 5 When is the Pesach Seder? Passover is a Jewish holiday that celebrates the freedom and redemption of the Jewish people from slavery. The Seder is a special and joyful meal that symbolizes this celebration. It is held on the first two nights of Passover and only the first night in Israel. Table set for Pesach seder Upcoming dates of the Passover Seder: Pesach Seder 2025: April 12-13 Pesach Seder 2026: April 1-"
dragged-0012,dragged,When does this year's Passover start?,outdated,"begins at sundown on Saturday, April 12.",,2,2024-03-11,https://www.today.com/life/holidays/when-is-passover-rcna69723,,,"H Jewish Center) in Long Beach, NY, tells TODAY.com. Additionally, Passover customs require several changes to daily life. During Passover, observant Jews forgo leavened grain and bread products. Instead, these foods are replaced with matzah, an unleavened cracker or flatbread. Some households also refrain from working, driving, and using electricity. Keep reading to learn more about the history of Passover, how Passover is celebrated and when you should celebrate this year. When is Passover in 2024? This year, Passover begins on Monday, April 22 at sundown and ends on Tuesday, April 30 at sundown. While the date in the English calendar changes each year, the holiday always falls on the 15th day of the Hebrew month of Nissan through the 22nd. The second night of Passover also marks the beginning of a 49-day period called the Omer, during which observers are expected to count the days according to the ancient custom of thanking God for the harvest. The Omer concludes with the holiday of Shavuot, which commemorates God giving the Torah to the Israelites on Mount Sinai. What is the history of Passover? The Passover story comes from the Book of Exodus in the Torah. Thousands of years ago, the Jewish people were enslaved in Egypt and forced to labor by the Pharaoh. When God heard of this, he sent the prophet Moses to convince Pharaoh to free the Jews. Moses asked Pharaoh to let his people go, but Pharaoh refused, causing God to send down ten plagues. The first nine plagues included the Nile River turning to blood, infestations of frogs, lice, and flies, livestock pestilence, boils, hail, locusts, and darkness. For the last of the ten plagues, God asked the Jews to sacrifice a lamb or goat and smear its blood on their doorposts as a way to show that their house was Jewish."
dragged-0012,dragged,When does this year's Passover start?,outdated,"begins at sundown on Saturday, April 12.",,3,2023-05-25,https://www.elpasotimes.com/story/life/holiday/2024/04/19/when-is-passover-2024-heres-what-to-know-about-the-jewish-holiday/73381289007/,,,"Passover will begin in the evening of Monday, April 22, and will last through April 30 just after sundown."
dragged-0012,dragged,When does this year's Passover start?,outdated,"begins at sundown on Saturday, April 12.",,4,2024-03-12,https://www.quora.com/What-are-the-dates-for-the-start-and-end-of-Passover-this-year,,,"This year, Passover starts before nightfall on Monday, April 22nd, and lasts through Tuesday, April 30th after dark. The first two days and ..."
dragged-0012,dragged,When does this year's Passover start?,outdated,"begins at sundown on Saturday, April 12.",,5,2024-03-29,https://www.usatoday.com/story/news/nation/2024/03/29/when-is-passover-2024/73143014007/,,,"When is Passover 2024? This year, Passover begin before sundown on Monday, April 22 and ends after nightfall on April 30 in the United States."
dragged-0012,dragged,When does this year's Passover start?,outdated,"begins at sundown on Saturday, April 12.",,6,,https://reformjudaism.org/jewish-holidays/passover,,,"Passover will be observed this year from April 12 to April 19, 2025. It is the Jewish spring festival celebrating freedom and family as we remember the Exodus ..."
dragged-0012,dragged,When does this year's Passover start?,outdated,"begins at sundown on Saturday, April 12.",,7,2025-03-27,https://www.almanac.com/passover,"begins at sundown on Saturday, April 12.",correct,"Passover 2025: When Does Passover Start? Learn About the History of Passover and Its Traditions Passover 2025 begins at sundown on Saturday, April 12. What does this annual holiday celebrate? Learn about Passover’s meaning and find traditional recipes, including charoset and beef brisket. What Is Passover? The holiday of Pesach, or Passover, is an annual weeklong festival commemorating the emancipation of Jewish peoples from slavery (in ancient Egypt). The Hebrew name, Pesach, means “to passover” because the plague in Egypt that killed all firstborns passed over the Israelites’ homes, sparing the lives of their children. When Is Passover 2025? The dates are based on the Hebrew calendar, from the 15th day of the Hebrew month of Nissan (or Nisan) through the 22nd day. Read Next Passover 2025 will be celebrated from April 12 to April 20. The first Seder will be on April 12 after nightfall, and the second Seder will be on April 13 after nightfall. Passover Dates Year Passover Begins (at sundown) Passover Ends (at nightfall, when 3 medium stars become visible) 2025 Saturday, April 12 Sunday, April 20 2026 Wednesday, April 1 Thursday, April 9 2027 Wednesday, April 21 Thursday, April 28 2028 Monday, April 10 Tuesday, April 18 Note: What is often called Passover today has its origins in two ancient observances. Nissan 14 was the Passover as mentioned in the Torah; at this time, an offering to the Lord, the sacrifice of a lamb, was slaughtered and prepared during the afternoon. Nissan 15 (the new day starting at sundown) was the beginning of the seven-day Festival of Unleavened Bread."
dragged-0012,dragged,When does this year's Passover start?,outdated,"begins at sundown on Saturday, April 12.",,8,2025-03-12,https://www.quora.com/When-does-Passover-start-and-end-How-does-it-differ-from-Easter,,,Passover starts on 12 Nissan on the Hebrew calendar (this year on April 12) and ends on 20 Nissan (April 20). It commemorates the liberation of ...
dragged-0012,dragged,When does this year's Passover start?,outdated,"begins at sundown on Saturday, April 12.",,9,2024-06-07,https://www.myjewishlearning.com/article/passover-2024/,,,"Share You might also like The first Passover seder is on the evening of Monday, April 22nd, and the second Passover seder takes place on the evening of Tuesday, April 23rd. Passover 2024 begins at sundown on Monday, April 22nd and ends the evening of Tuesday, April 30th for most Jews in diaspora. Jews in the land of Israel and some Reform Jews in diaspora will end Passover on the evening of Monday, April 29th. What is Passover? It commemorates the Israelites’ Exodus from Egypt, and their transition from slavery to freedom. The main ritual of Passover is the seder, which occurs on the first two nights (in Israel just the first night) of the holiday — a festive meal that involves the re-telling of the Exodus through stories and song and the consumption of ritual foods, including matzah and maror (bitter herbs). The seder’s rituals and other readings are outlined in the Haggadah — today, many different versions of this Passover guide are available in print and online, and you can also create your own. Support My Jewish Learning Help us keep Jewish knowledge accessible to millions of people around the world. What are some Passover practices? The central Passover practice is a set of intense dietary changes, mainly the absence of hametz, or foods with leaven. (Ashkenazi Jews also avoid kitniyot, a category of food that includes legumes.) In recent years, many Jews have compensated for the lack of grain by cooking with quinoa, although not all recognize it as kosher for Passover. The ecstatic cycle of psalms called Hallel is recited both at night and day (during the seder and morning prayers). Additionally, Passover commences a 49-day period called the Omer, which recalls the count between offerings brought to the ancient Temple in Jerusalem. This count culminates in the holiday of Shavuot, the anniversary of the receiving of the Torah at Sinai."
dragged-0018,dragged,how many people in israel per square mile,outdated,"1,098",,0,2000-06-30,https://www.worldometers.info/world-population/israel-population/,,,"Notes The Israel Population (Live) counter shows a continuously updated estimate of the current population of Israel delivered by Worldometer’s RTS algorithm, which processes data collected from the United Nations Population Division. The Population of Israel (1950 - 2025) chart plots the total population count as of July 1 of each year, from 1950 to 2025. The Yearly Population Growth Rate chart plots the annual percentage changes in population registered on July 1 of each year, from 1951 to 2025. This value can differ from the Yearly % Change shown in the historical table, which shows the last year equivalent percentage change assuming homogeneous change in the preceding five year period. Definitions Year: as of July 1 of the year indicated. Population: Overall total population (both sexes and all ages) in the country as of July 1 of the year indicated, as estimated by the United Nations, Department of Economic and Social Affairs, Population Division. World Population Prospects: The 2024 Revision. For forecasted years, the U.N. medium-fertility variant is used. Yearly % Change: For 2025: percentage change in total population over the last year (from July 1, 2024 to June 30, 2025). For all other years: latest year annual percentage change equivalent assuming homogeneous change in the preceding five year period, calculated through reverse compounding. Yearly Change: For 2025: absolute change in total population (increase or decrease in number of people) over the last year (from July 1, 2024 to June 30, 2025). For all other years: average annual numerical change over the preceding five year period. Migrants (net): The average annual number of immigrants minus the number of emigrants over the preceding five year period (running from July 1 to June 30 of the initial and final years), or subsequent five year period (for 2016 data). A negative number means that there are more emigrants than immigrants."
dragged-0018,dragged,how many people in israel per square mile,outdated,"1,098",,1,2025-03-30,https://en.wikipedia.org/wiki/Demographics_of_Israel,,,"The Israel Central Bureau of Statistics defines the population of Israel as including Jews living in all of the West Bank and Palestinians in East Jerusalem but excluding Palestinians anywhere in the rest of the West Bank, the Gaza Strip, and foreign workers anywhere in Israel. As of December 2023, this calculation stands at approximately 9,842,000 of whom: 73.2% (about 7,208,000 people) are Jews, including about 503,000 living outside the self-defined borders of the State of Israel in the West Bank An additional 5.7% (roughly 554,000 people) are classified as ""others"". This diverse group comprises those with Jewish ancestry but not recognized as Jewish by religious law, non-Jewish family members of Jewish immigrants, Christians other than Arabs and Armenians, and residents without a distinct ethnic or religious categorization.[2][1] Israel's annual population growth rate stood at 2.0% in 2015, more than three times faster than the OECD average of around 0.6%.[3] With an average of three children per woman, Israel also has the highest fertility rate in the OECD by a considerable margin and much higher than the OECD average of 1.7.[4] Definitions The definition of what constitutes the population of Israel varies depending on which territories are counted and which population groups are counted in each territory. Total population 10,054,460[11] (most current update from the Israeli Central Bureau for Statistics, via live feed) Note: includes over 200,000 Israelis and 250,000 Arabs in East Jerusalem, about 421,400 Jewish settlers on the West Bank, and about 42,000 in the Golan Heights (July 2007 estimate). Does not include Arab populations in the West Bank and Gaza Strip. Does not include 222,000 foreigners living in the country.[12] Population growth rate During the 1990s, the Jewish population growth rate was about 3%"
dragged-0018,dragged,how many people in israel per square mile,outdated,"1,098",,2,2025-04-03,https://www.britannica.com/place/Israel,,,"Palestine, remained under the sway of successive Islamic dynasties until the collapse of the Ottoman Empire at the end of World War I, when it was placed under British mandate from the League of Nations. Even before the mandate, the desire for a Jewish homeland prompted a small number of Jews to immigrate to Palestine, a migration that grew dramatically during the second quarter of the 20th century with the increased persecution of Jews worldwide and subsequent Holocaust perpetrated by Nazi Germany. This vast influx of Jewish immigrants into the region, however, caused tension with the native Palestinian Arabs, and violence flared between the two groups leading up to the United Nations plan to partition Palestine into Jewish and Arab sectors and Israel’s ensuing declaration of statehood on May 14, 1948. Israel fought a series of wars against neighboring Arab states during the next 35 years, which have resulted in ongoing disputes over territory and the status of refugees. Despite continuing tensions, however, Israel concluded peace treaties with several neighboring Arab states during the final quarter of the 20th century. Land Relief Despite its small size, about 290 miles (470 km) north-to-south and 85 miles (135 km) east-to-west at its widest point, Israel has four geographic regions—the Mediterranean coastal plain, the hill regions of northern and central Israel, the Great Rift Valley, and the Negev—and a wide range of unique physical features and microclimates. The coastal plain is a narrow strip about 115 miles (185 km) long that widens to about 25 miles (40 km) in the south. A sandy shoreline with many beaches borders the Mediterranean coast. Inland to the east, fertile farmland is giving way to growing agricultural settlements and the cities of Tel Aviv and Haifa and their suburbs."
dragged-0018,dragged,how many people in israel per square mile,outdated,"1,098",,3,2024-01-22,https://www.jewishvirtuallibrary.org/latest-population-statistics-for-israel,,,"The Tel Aviv District is the most densely populated, with 1,507,300 residents and a staggering 22,693 people per square mile. Close behind, the Jerusalem District has 1,239,300 residents and a density of 4,912 people per square mile. The Central District, home to 2,347,700 residents, follows with a density of 4,698 people per square mile. The Haifa District, housing 1,124,400 residents, has a density of 3,368 people per square mile. In contrast, the Northern District, with 1,542,100 residents, has a relatively lower density of 894 people per square mile. The Southern District, with 1,422,700 residents, is the least densely populated, with just 259 people per square mile. The Judea and Samaria District, which has 478,600 residents, does not provide a specific density figure but reflects a more dispersed population than the central regions. Birth & Marriage As of 2023, the overall fertility rate in Israel is 2.89 children per woman. The fertility rate for Jewish women has declined from 4.02 children per woman in 1951 to 3.03 in 2023. Among Muslim women, there has been a significant decrease in fertility from 9.31 children per woman in 1960 to 2.91 in 2023. Since 2018, except for a small increase during the COVID-19 pandemic, fertility rates in Israel have been decreasing. The fertility of Israeli Jewish women in 2018 exceeded that of Arab women for the first time. The rate among Jewish women living in Israel and in settlements in the West Bank was 3.05 compared to 3.04 for Israeli Arab women. The overall fertility rate in Israel in 2018 was 3.17 children per woman. By 2022, it had dropped to 3.03."
dragged-0018,dragged,how many people in israel per square mile,outdated,"1,098",,4,2025-03-05,https://en.wikipedia.org/wiki/List_of_countries_and_dependencies_by_population_density,,,"Unless otherwise noted, areas and populations are sourced from the United Nations World Population Prospects,[a] which uses the latest censuses and official figures, as well as figures from the Food and Agriculture Organization, an agency of the UN.[2] Data is current as of 2025. Notes ^The De Agostini Atlas Calendar(in Italian) listed the area of Vatican City as 0.44 km2 (0.17 sq mi) in its 1930 edition[5] but corrected it to 0.49 km2 (0.19 sq mi) in its 1945–46 edition.[6] The figure of 0.44 km2 (0.17 sq mi) is still widely cited by many sources despite its inaccuracy. In 2018, there were 618 citizens regardless of residence, including 246 resident citizens.[7] In 2024, there were 882 residents regardless of citizenship.[7] The population density is calculated using the number of residents regardless of citizenship and the revised area of 0.49 km2 (0.19 sq mi). ^While the Palestinian Authority is the recognized government for both the Gaza Strip and the West Bank, the Gaza Strip has been de-facto independent from it since 2007. The West Bank has a population density of 575/km2 (1,490/sq mi),[8] and the Gaza Strip 5,950/km2 (15,400/sq mi).[9]"
dragged-0018,dragged,how many people in israel per square mile,outdated,"1,098",,5,2025-03-31,https://www.macrotrends.net/global-metrics/countries/ISR/israel/population-density,,,"The population density of Israel in 2023 was 415.70 people per square kilometer, a 1.51% increase from 2022."
dragged-0018,dragged,how many people in israel per square mile,outdated,"1,098",,6,2023-10-11,https://abcnews.go.com/International/israel-geography-size-center-decades-conflict/story?id=103835668,"1,098",correct,"How Israel's geography, size put it in the center of decades of conflict Israel's geography and relatively small size have been some of the major factors behind the decades of conflict between it and surrounding nations, according to an expert. The country sits in the eastern Mediterranean section of the Middle East, bordering Egypt, Lebanon, Syria and Jordan. All of these nations have had military battles against Israel since it declared its independence in 1948. Steven E. Zipperstein, an assistant adjunct professor at UCLA's Luskin School of Public Affairs who has taught in Israel, said Israel's geography and relatively small size are ""double-edged swords"" when it comes to defense and vulnerability. On one hand, Israel has all of its resources, from military bases and personnel to short-range rockets, ready to go on a moment's notice because of its density, he said. But at the same time, Zipperstein said the country's size and proximity to its enemies make its people and infrastructure ""sitting ducks. "" Israel and Surrounding Countries ABC News Israel's geography is most comparable to New Jersey, according to Zipperstein. ""Imagine you're living in Newark and someone is firing rockets from the other side of the Hudson River,"" Zipperstein told ABC News. ""How much time would you be able to prepare and get to safety?"" Israel has a total area of roughly 8,469 square miles and a population of about 9.3 million people, according to U.S. Census data, with roughly 1,098 people per square mile. The total area of the United States, by comparison, is roughly 3.8 million square miles with an estimated population of 333 million people, and a density of 87 people per square mile. The Northeast state also has a population of about 9.3 million people and encompasses 8,722 square miles, according to the U.S. Census. Its density is 1,263 people per square mile. Zipperstein said this weekend's rocket attack by Hamas terrorists exemplified the dangers of Israel's small size."
dragged-0018,dragged,how many people in israel per square mile,outdated,"1,098",,7,2025-01-01,https://www.worldometers.info/demographics/israel-demographics/,,,"Median Age Fertility in Israel A Total Fertility Rate (TFR) of 2.1 represents the Replacement-Level Fertility: the average number of children per woman needed for each generation to exactly replace itself without needing international immigration. A value below 2.1 will cause the native population to decline Definitions Population Pyramid A Population pyramid (also called “Age-Sex Pyramid”) is a graphical representation of the age and sex of a population. Types: Expansive - pyramid with a wide base (larger percentage of people in younger age groups, indicating high birth rates and high fertility rates) and narrow top (high death rate and lower life expectancies). It suggests a growing population. Example: Nigeria Population Pyramid Constrictive - pyramid with a narrow base (lower percentage of younger people, indicating declining birth rates with each succeeding age group getting smaller than the previous one). Example: United States Stationary - with a somewhat equal proportion of the population in each age group. The population is stable, neither increasing nor decreasing. Stages: Dependency Ratio There are three types of age dependency ratio: Youth, Elderly, and Total. All three ratios are commonly multiplied by 100. NOTE: Dependency Ratio does not take into account labor force participation rates by age group. Some portion of the population counted as “working age” may actually be unemployed or not in the labor force whereas some portion of the “dependent” population may be employed and not necessarily economically dependent."
dragged-0018,dragged,how many people in israel per square mile,outdated,"1,098",,8,2021-01-01,https://www.ceicdata.com/en/israel/population-and-urbanization-statistics/il-population-density-people-per-square-km,,,"This website stores cookies on your computer. These cookies are used to collect information about how you interact with our website and allow us to remember you. We use this information in order to improve and customize your browsing experience and for analytics and metrics about our visitors both on this website and other media. To find out more about the cookies we use, see our Cookies Policy. If you decline, your information won’t be tracked when you visit this website. A single cookie will be used in your browser to remember your preference not to be tracked. Israel IL: Population Density: People per Square Km Israel IL: Population Density: People per Square Km data was reported at 402.606 Person/sq km in 2017. This records an increase from the previous number of 394.917 Person/sq km for 2016. Israel IL: Population Density: People per Square Km data is updated yearly, averaging 208.780 Person/sq km from Dec 1961 (Median) to 2017, with 57 observations. The data reached an all-time high of 402.606 Person/sq km in 2017 and a record low of 100.970 Person/sq km in 1961. Israel IL: Population Density: People per Square Km data remains active status in CEIC and is reported by World Bank. The data is categorized under Global Database’s Israel – Table IL.World Bank: Population and Urbanization Statistics. Population density is midyear population divided by land area in square kilometers. Population is based on the de facto definition of population, which counts all residents regardless of legal status or citizenship--except for refugees not permanently settled in the country of asylum, who are generally considered part of the population of their country of origin. Land area is a country's total area, excluding area under inland water bodies, national claims to continental shelf, and exclusive economic zones. In most cases the definition of inland water bodies includes major rivers and lakes.; ; Food and Agriculture Organization and World Bank population estimates."
dragged-0021,dragged,who is the director of the fbi,outdated,Kash Patel,,0,2016-05-03,https://www.fbi.gov/history/directors,,,"Directors, Then and Now Directors, Then and Now Since its beginning in 1908, the FBI has been led by a single individual. At first called “Chief,” this leader has been titled “Director” since the term of William Flynn (1919-1921). The FBI Director has answered directly to the attorney general since the 1920s.‬ ‪Under the Omnibus Crime Control Act and Safe Streets Act of 1968, Public Law 90-3351, the Director is appointed by the U.S. President and confirmed by the Senate. On October 15, 1976, in reaction to the extraordinary 48-year term of J. Edgar Hoover, Congress passed Public Law 94-503, limiting the FBI Director to a single term of no longer than 10 years. ‪ J. Edgar Hoover led the FBI for nearly a half-century, from 1924 until 1972. Under Director Hoover, the Bureau grew in responsibility and importance, becoming an integral part of the national government and an icon in American popular culture. At the end of April 1912, Attorney General Wickersham appointed Mr. Bielaski to replace Mr. Finch. As chief, Mr. Bielaski oversaw a steady increase in the resources and responsibilities assigned to the Bureau."
dragged-0021,dragged,who is the director of the fbi,outdated,Kash Patel,,1,2016-06-13,https://www.fbi.gov/about/faqs/who-is-the-head-of-the-fbi,,,The current Director is Kash Patel. You can find information on all Directors who have served the FBI on our History website.
dragged-0021,dragged,who is the director of the fbi,outdated,Kash Patel,,2,2025-03-11,https://www.fbi.gov/about/leadership-and-structure/director-patel,Kash Patel,correct,"Director Kash Patel Director Kash Patel Kash Patel became the ninth Director of the FBI on February 20, 2025. On February 24, 2025, Mr. Patel was also sworn in as the Acting Director of ATF. A native of New York, Mr. Patel graduated from the University of Richmond in 2002 with a bachelor’s degree in criminal justice and history. He later returned to New York to earn his juris doctor and earned a certificate in international law from University College London Faculty of Laws in the United Kingdom. Mr. Patel began his career in 2005 as a public defender in Florida, trying scores of jury trials in federal and state courts, ranging from murder to narco-trafficking and complex financial crimes. In 2014, Mr. Patel began his tenure with the Department of Justice (DOJ) as a national security prosecutor under the Obama Administration, where he led investigations spanning multiple theaters of conflict and oversaw the successful prosecution of al-Qaida, ISIS, and other terrorist actors. He also served as the DOJ liaison officer to Joint Special Operations Command (JSOC), working with our nation’s tier one special forces units to conduct collaborative global targeting operations in almost every theater of war worldwide. Mr. Patel then served as the national security advisor and senior counsel for the House Permanent Select Committee on Intelligence (HPSCI), where he spearheaded the investigation into Russia’s influence campaign of the 2016 presidential election and ultimately unearthed U.S. intelligence malpractice during the FBI’s Crossfire Hurricane investigation. Concurrently, he led congressional oversight of sensitive programs for the Intelligence Community (IC) and U.S. Special Operations Forces. His efforts ensured that legislation was enacted to fully fund the multi-billion-dollar budgets supporting intelligence and counterterrorism operations worldwide. During the first Trump Administration, Mr. Patel led President Trump’s counterterrorism mission as deputy assistant to the president on the National Security Council ("
dragged-0021,dragged,who is the director of the fbi,outdated,Kash Patel,,3,2025-03-28,https://en.wikipedia.org/wiki/Director_of_the_Federal_Bureau_of_Investigation,,,"Flynn (1919–1921) and to its current name when the BOI was renamed FBI in 1935. Federal Bureau of Investigation directors (1935–present) The FBI became an independent service within the Department of Justice in 1935.[14] In the same year, its name was officially changed to the present-day Federal Bureau of Investigation (FBI), with J. Edgar Hoover receiving the current title of Director of the Federal Bureau of Investigation. Since 1972, the United States Senate has had to confirm the nomination of a permanent officeholder. Frank Johnson had been nominated by Jimmy Carter in 1977, but withdrew for health reasons.[15] Although Sessions denied that he had acted improperly, he was pressured to resign in early July, with some suggesting that President Clinton was giving Sessions the chance to step down in a dignified manner. Sessions refused, saying that he had done nothing wrong, and insisted on staying in office until his successor was confirmed. As a result, President Clinton dismissed Sessions on July 19, 1993, five and a half years into a ten-year term. Clinton's public explanation was that there had been a loss of confidence in Sessions' leadership, and then-Attorney General Reno recommended the dismissal.[19] Clinton nominated Louis Freeh to be FBI Director on July 20. Then-FBI deputy director Floyd I. Clarke, who Sessions suggested had led a coup to force his removal, served as acting director until September 1, 1993, when Freeh was sworn in.[20] In the dismissal letter Trump stated that Comey had asserted ""on three separate occasions that I am not under investigation"" which was later confirmed by Comey to the Senate while under oath.[29] This is disputed by reporting from multiple news agencies with multiple sources. According to the reporting, Trump had been openly talking about firing Comey for at least a week before his dismissal. Trump and Democratic leaders had long questioned Comey's judgment."
dragged-0021,dragged,who is the director of the fbi,outdated,Kash Patel,,4,2025-02-24,https://www.youtube.com/shorts/u9DFrjouj4Y,,,"""I am living the American Dream. We will uphold the Constitution - we will uphold ourselves to the Constitution."" - FBI Director Kash Patel."
dragged-0021,dragged,who is the director of the fbi,outdated,Kash Patel,,5,2025-02-20,https://www.bbc.com/news/articles/c0rqpp52j5vo,,,"Who is Kash Patel? Trump's new FBI director vows to shake up the agency 20 February 2025 Ana Faguy BBC News, Washington Watch: Trump's pick for FBI Director - Kash Patel Kash Patel, a one-time aide to President Donald Trump, has been confirmed by the US Senate to lead the Federal Bureau of Investigation (FBI). Patel, a former defence department chief of staff and ex-federal prosecutor, is a staunch Trump supporter and a fellow critic of the US government's top law enforcement agency. He was confirmed in a party line vote of 51-49, with only two Republicans joining all Democrats against him, citing concerns over his qualifications to lead the agency and claiming that he will pursue retribution against critics of Trump. Patel has previously suggested dramatically limiting the authority of the FBI, which Republicans allege has unfairly targeted conservatives in recent years. The FBI's outgoing director Christopher Wray has denied such allegations. Patel replaces Christopher Wray whom Trump picked in 2017. Wray resigned before inauguration day last month after the incoming Republican president indicated he would fire him. The FBI director leads 37,000 employees across 55 US field offices. They also oversee 350 satellite offices and more than 60 other foreign locations expected to cover almost 200 countries. Patel only narrowly cleared the final hurdle, reflecting the deep divisions over his nomination - the last three FBI picks were approved by at least 90 senators. Getty Images Patel is a fervent Trump supporter and a fellow critic of the the US government's top law enforcement agency In his confirmation hearings, Patel denied keeping a list of ""deep state"" enemies, while playing down controversial past remarks he had made, such as referring to law enforcement officials who investigated Trump as ""criminal gangsters"". The 60-name roster includes former President Joe Biden, former Attorney General Merrick Garland and former National Security Adviser John Bolton, among others."
dragged-0021,dragged,who is the director of the fbi,outdated,Kash Patel,,6,2025-03-31,https://en.wikipedia.org/wiki/J._Edgar_Hoover,,,"In 1964, just days before Hoover testified in the earliest stages of the Warren Commission hearings, President Lyndon B. Johnson waived the then mandatory U.S. Government Service Retirement Age of 70, allowing Hoover to remain the FBI Director ""for an indefinite period of time"".[98] The House Select Committee on Assassinations issued a report in 1979 critical of the performance by the FBI, the Warren Commission, and other agencies. The report criticized the FBI's (Hoover's) reluctance to investigate thoroughly the possibility of a conspiracy to assassinate the President.[99][100] When Nixon took office in January 1969, Hoover had just turned 74. There was a growing sentiment in Washington, D.C., that the aging FBI chief should retire, but Hoover's power and friends in Congress remained too strong for him to be forced to do so.[101] Hoover remained director of the FBI until he died of a heart attack in his Washington home, on May 2, 1972,[102] whereupon operational command of the Bureau was passed onto Associate Director Clyde Tolson. On May 3, 1972, Nixon appointed L. Patrick Gray – a Justice Department official with no FBI experience – as acting director of the FBI, with W. Mark Felt becoming associate director.[103] Legacy FBI For better or worse, he built the FBI into a modern, national organization stressing professionalism and scientific crime-fighting. For most of his life, Americans considered him a hero. He made the G-Man brand so popular that, at its height, it was harder to become an FBI agent than to be accepted into an Ivy League college.[94] Hoover worked to groom the image of the FBI in American media; he was a consultant to Warner Brothers for a theatrical film about the FBI, The FBI Story (1959), and in 1965 on Warner's long-"
dragged-0021,dragged,who is the director of the fbi,outdated,Kash Patel,,7,2025-02-21,https://www.youtube.com/watch?v=g_JUZf8sPcE,,,"Our systems have detected unusual traffic from your computer network. This page checks to see if it's really you sending the requests, and not a robot. Why did this happen? This page appears when Google automatically detects requests coming from your computer network which appear to be in violation of the Terms of Service. The block will expire shortly after those requests stop. In the meantime, solving the above CAPTCHA will let you continue to use our services. This traffic may have been sent by malicious software, a browser plug-in, or a script that sends automated requests. If you share your network connection, ask your administrator for help — a different computer using the same IP address may be responsible. Learn more Sometimes you may be asked to solve the CAPTCHA if you are using advanced terms that robots are known to use, or sending requests very quickly."
dragged-0021,dragged,who is the director of the fbi,outdated,Kash Patel,,8,2025-02-24,https://www.bbc.com/news/articles/cpwd2qrn1e2o,,,"""Kash Patel is there for one reason, he is there to make the FBI great again,"" he said. He's committed to fighting crime and only that, he added, calling his new boss the ""change agent"" the FBI needs. ""How amazing would it be in four years to look back with a good, high-quality, reformed FBI free of woke culture and DEI that goes out making headline, big arrests of real bad guys destroying your community. How good would that be?"" Watch: Trump's pick for FBI Director - Kash Patel Bongino's appointment comes with FBI in flux after the justice department forced out some of its top officials and demanded the names of agents who investigated the 2021 riot by Trump supporters at the US Capitol. Critics have said that threatened the FBI's political independence. Bongino and PateI are both seen as Trump loyalists. Bongino, on Monday on his daily radio show, addressed concerns about political partisanship in his content. ""We play different roles in our life, and each one requires a different skill set,"" he said. He later added: ""We are going to re-establish faith in this institution. The FBI belongs to the American people. "" Bongino, who has run for Congress three times, hosted Trump on his podcast ahead of last year's election. Episodes of his programme from the last week include titles such as ""Trump Keeps Delivering And The Libs Are Seething"" and ""The Only People Who Love Crime Are Criminals!!! "" He has repeated Trump's false claim that he won the 2020 election and advanced another conspiracy that Joe Biden's administration was behind the FBI search for classified documents at Trump's Florida home. ""EVERYONE involved in this DOJ/FBI abomination, from the management down to the agents, must be immediately terminated when the tyrants are thrown out of office,"" he said on X. In 2018, when talking about his career as a prolific conservative political commentator, Bongino said: ""My life is all about owning the libs now."""
dragged-0028,dragged,When is the next U.S. federal holiday?,outdated,"Memorial Day, on Monday, May 26, 2025.",,0,2010-01-01,https://www.ca2.uscourts.gov/clerk/calendars/federal_holidays.html,,,"*This holiday is designated as ""Inauguration Day"" in section 6103(c) of title 5 of the United States Code, which is the law that specifies holidays for Federal employees. Federal employees in the Washington, DC, area are entitled to a holiday on the day a President is inaugurated on January 20th for each fourth year after 1965. **This holiday is designated as ""Washington's Birthday""; in section 6103(a) of title 5 of the United States Code, which is the law that specifies holidays for Federal employees. Though other institutions such as state and local governments and private businesses may use other names, it is our policy to always refer to holidays by the names designated in the law. OPM web site: ""Federal law (5 U.S.C., § 6103) establishes [these] public holidays for Federal employees. Please note that most Federal employees work on a Monday through Friday schedule. For these employees, when a holiday falls on a nonworkday -- Saturday or Sunday -- the holiday usually is observed on Monday (if the holiday falls on Sunday) or Friday (if the holiday falls on Saturday)."""
dragged-0028,dragged,When is the next U.S. federal holiday?,outdated,"Memorial Day, on Monday, May 26, 2025.",,1,2025-02-13,https://www.opm.gov/policy-data-oversight/pay-leave/federal-holidays/,"Memorial Day, on Monday, May 26, 2025.",correct,"Resources For Federal Holidays Overview Federal law (5 U.S.C. 6103) establishes the public holidays listed in these pages for Federal employees. Please note that most Federal employees work on a Monday through Friday schedule. For these employees, when a holiday falls on a nonworkday -- Saturday or Sunday -- the holiday usually is observed on Monday (if the holiday falls on Sunday) or Friday (if the holiday falls on Saturday). To see holidays for a specific year, please select the tab labeled with your year of interest. *This holiday is designated as ""Washington’s Birthday"" in section 6103(a) of title 5 of the United States Code, which is the law that specifies holidays for Federal employees. Though other institutions such as state and local governments and private businesses may use other names, it is our policy to always refer to holidays by the names designated in the law. 2025 2025 Holiday Schedule Date Holiday Wednesday, January 01 New Year’s Day Monday, January 20 Birthday of Martin Luther King, Jr. Monday, January 20 * Inauguration Day Monday, February 17 ** Washington’s Birthday Monday, May 26 Memorial Day Thursday, June 19 Juneteenth National Independence Day Friday, July 04 Independence Day Monday, September 01 Labor Day Monday, October 13 Columbus Day Tuesday, November 11 Veterans Day Thursday, November 27 Thanksgiving Day Thursday, December 25 Christmas Day * This holiday is designated as ""Inauguration Day"" in section 6103(c) of title 5 of the United States Code, which is the law that specifies holidays for Federal employees."
dragged-0028,dragged,When is the next U.S. federal holiday?,outdated,"Memorial Day, on Monday, May 26, 2025.",,2,2025-01-01,https://www.federalpay.org/holidays,,,"List of Federal Holidays - FederalPay.org There are eleven Federal Holidays recognized by the United States Government (5 U.S.C. 6103). On these days, all non-essential government employees are off work, and most government offices (including post offices) are closed. States and private companies are not required to observe federal holidays, but most state and local governments as well as many private businesses are also closed on these days. When is the next federal holidays? The next federal holiday is Memorial Day. Memorial Day is 52 days away and will be observed on Monday, May 26, 2025. Print & Download Federal Holidays Use the links below to download or print holidays tables. The calendar link can be used to import federal holidays into any major calendar softwares including Microsoft Outlook, Apple Calendar, Google Calendar. You can use the JSON or XML link to add federal holidays into your website or application. Is the post office closed on federal holidays? The Postal Service is part of the Executive Branch of the Federal Government. That means USPS is required to observe all federal holidays. All post offices will be closed, and mail will not be delivered on MLK Day, President's Day, Columbus Day, and all other federal holidays. If New Year's Day falls on a Saturday, the preceding day will be observed as a federal holiday. This occurred on January 1st, 2022. That year January only had one holiday and the preceding December had have a holiday on December 31st, 2021. In 2023, January 1st was a Sunday so the holiday was be observed on January 2nd. When did Juneteenth become a federal holiday? Juneteenth became a federal holiday in June 2021. As part of America's racial reckoning, which included removal statues of Confederate soldiers and movements such as Black Lives Matter, Congress passed the ""Juneteenth National Independence Day Act"" which made June 19th a federal holiday."
dragged-0028,dragged,When is the next U.S. federal holiday?,outdated,"Memorial Day, on Monday, May 26, 2025.",,3,2023-09-21,https://www.trinet.com/insights/federal-holidays-for-small-business-owners,,,"In 2025, the federal holidays in the United States fall on the following dates: New Year’s Day: Wednesday, January 1, 2025 Martin Luther King, Jr. Day: Monday, January 20, 2025 Presidents' Day: Monday, February 17, 2025 Memorial Day: Monday, May 26, 2025 Juneteenth National Independence Day: Thursday, June 19, 2025 Independence Day: Friday, July 4, 2025 Labor Day: Monday, September 1, 2025 Native American or Indigenous Peoples' Day: Monday, October 13, 2025 Veterans Day: Tuesday, November 11, 2025 Thanksgiving Day: Thursday, November 27, 2025 Christmas Day: Thursday, December 25, 2025 2024 federal holidays"
dragged-0028,dragged,When is the next U.S. federal holiday?,outdated,"Memorial Day, on Monday, May 26, 2025.",,4,2025-01-23,https://www.lohud.com/story/news/2025/01/23/whats-the-next-holiday-see-2025-federal-holiday-schedule/77898076007/,,,"When are 2025's federal holidays? · Presidents' Day: Monday, Feb. 17 · Memorial Day: Monday, May 26 · Juneteenth: Thursday, June 19 · Independence ..."
dragged-0028,dragged,When is the next U.S. federal holiday?,outdated,"Memorial Day, on Monday, May 26, 2025.",,5,2024-05-20,https://www.redcort.com/us-federal-bank-holidays?srsltid=AfmBOorIxZ6HZeixcEfKbL0JR6yAFa8--VzDq4qQ8iyqsQaYgsAW-znQ,,,"There are eleven annual U.S. federal holidays on the calendar designated by the United States Congress. Unlike many other countries, there are no “national holidays” in the United States because Congress only has constitutional authority to create holidays for federal institutions. Most federal holidays are also observed as state holidays. * When a legal public holiday falls on a Saturday, it is usually observed on the preceding Friday for pay and leave purposes. When the holiday falls on a Sunday, it is usually observed on the following Monday for pay and leave purposes. More about Federal Holidays In addition to the eleven annual federal holidays, Inauguration Day is a twelfth holiday designated by Congress for observance every four years on January 20 following a U.S. presidential election. It is only observed by government employees in Washington D.C. and the border counties of Maryland and Virginia. Though not technically accurate, U.S. federal holidays are often referred to as ""public holidays"" or ""legal holidays"" because of their wide spread observance. Bank holidays are usually the same as federal holidays since most banks follow the holiday calendar of the U.S. Federal Reserve. They tend to use the modern President’s Day for the observance of George Washington’s Birthday. Redcort Software Inc. assumes no liability and makes no warranties on or for the information contained on these pages. The information presented is intended for reference only and is neither tax nor legal advice. Consult a professional tax, legal or other advisor to verify this information and determine if and/or how it may apply to your particular situation. The U.S. Office of Personnel Management has additional information and federal holiday dates for years not listed above. Official Dates Some Federal Holidays repeatedly fall on the same date every year, while others fall on the same day of the week every year."
dragged-0028,dragged,When is the next U.S. federal holiday?,outdated,"Memorial Day, on Monday, May 26, 2025.",,6,2025-03-04,https://www.frbservices.org/about/holiday-schedules,,,Holiday Schedules The following is the standard holiday schedule for the Federal Reserve System. Please click on a holiday date to view service change announcements where applicable. See the International Holiday Schedules for the FedGlobal® Gateway Operator Holiday Schedules. See the Holiday Schedule for FedACH® Services to find out when file processing ends and resumes.
dragged-0028,dragged,When is the next U.S. federal holiday?,outdated,"Memorial Day, on Monday, May 26, 2025.",,7,2023-06-20,https://www.qualee.com/blog/guide-to-all-federal-holidays,,,"A Guide to All Federal Holidays in 2025 A Guide to All Federal Holidays in 2025 Federal holidays in the United States are an integral part of the nationâs calendar, offering workers a chance to rest, celebrate, and commemorate important historical events and figures. Federal employees have specific work schedules and pay regulations on federal holidays, determining whether they are required to work and how they receive paid leave. In 2025, the United States will observe eleven federal holidays, each with its own significance and impact on both public and private sector employees. Private businesses have the discretion to decide whether to observe these holidays, and many tend to close, aligning their operations with those of government offices. The Federal Holiday Calendar for 2025 The federal government has designated the following days as holidays for 2025: New Yearâs Day - Wednesday, January 1 Martin Luther King Jr. Day - Monday, January 20 Presidentsâ Day - Monday, February 17 Memorial Day - Monday, May 26 Juneteenth National Independence Day - Thursday, June 19 Independence Day - Friday, July 4 Labor Day - Monday, September 1 Columbus Day - Monday, October 13 Veterans Day - Tuesday, November 11 Thanksgiving Day - Thursday, November 27 Christmas Day - Thursday, December 25 If a federal holiday falls on a weekend, it is typically observed on the nearest weekday. These dates mark important moments in American history and culture, providing opportunities for citizens to reflect on the nationâs past and celebrate its present. Significance of Each Federal Holiday New Year's Day Falling on January 1st, New Year's Day marks the beginning of the Gregorian calendar year. It's a time for reflection on the past year and setting goals for the future. Many Americans celebrate with parties, fireworks, and the traditional New Year's resolutions."
dragged-0028,dragged,When is the next U.S. federal holiday?,outdated,"Memorial Day, on Monday, May 26, 2025.",,8,2025-01-01,https://aa.usno.navy.mil/faq/holidays,,,"The U.S. has 11 federal holidays, including New Year's Day (Jan 1), Juneteenth (June 19), Independence Day (July 4), Memorial Day (May last Monday), and Thanksgiving (Nov 4th)."
dragged-0031,dragged,Who is the latest winner of The Voice US?,outdated,Sofronio Vasquez,,0,2025-02-21,https://www.nbc.com/nbc-insider/every-winner-of-the-voice-through-the-years,,,"Prepare to be awestruck. Auditioning with a haunting rendition of Cyndi Lauper's power ballad, ""Time After Time,"" it was no surprise when the Coaches argued over who'd claim Colon for their team. Colon continued to deliver showstoppers until the very end, where he claimed the top spot and earned Levine the first Coach victory. Following his time on The Voice, Colon continued recording music and touring around the country. He's released two albums since his Team Adam tenure, 2011's Come Through For You and his 2016 album, Gravity. In 2023, Colon performed with The Hartford Symphony for their “Celebrate America” concert in Simsbury, Connecticut. Colon also regularly posts videos of himself singing on his Instagram, including a gorgeous cover of Benson Boone's ""Beautiful Things. "" Javier Colon the winner of Season 1 of The Voice. Photo: NBC Who won The Voice Season 2? Jermaine Paul (2012) Jermaine Paul had the honor of winning The Voice's sophomore season. He had joined the competition with experience: He'd previously recorded backing vocals for then-future Voice Coach Alicia Keys. The R&B artist auditioned with a soulful rendition of Avril Lavigne's ""Complicated"" and immediately impressed the Coaches, ultimately choosing Team Blake to take him to the end. He ended up giving Shelton his first Coach win of many to come. Paul has yet to release a full album but is the proud creator of several infectious pop hits, like 2015's ""Working Sista,"" his 2019 release ""Water,"" and his 2024 single ""Red, White and Blues."" Paul continues to perform live, regularly posting his sets on his Instagram, like his 2022 tour with the Summertime Choir in Italy. Who won The Voice Season 3?"
dragged-0031,dragged,Who is the latest winner of The Voice US?,outdated,Sofronio Vasquez,,1,2025-04-03,https://en.wikipedia.org/wiki/The_Voice_(American_TV_series),,,"Partnering The Voice with Smash (NBC's musical Lab) helped NBC win the Monday night ratings. However, by Monday, April 9, the ratings had fallen to a 4.0 rating in the adult 18–49 demographic. The third season premiered on Monday, September 10, 2012, to 12.28 million viewers and a 4.2 rating in the 18–49 demographic and has since then grown to a season-high 4.8 rating in the 18–49 demographic on October 8, October 15 and 29, 2012 and a 4.9 rating in the finale. The Voice, along with NBC's new Lab, Revolution has once again led NBC to win every Monday night of the season so far, just like it did last season. On Tuesdays, comedies Go On and The New Normal has been successful thanks to The Voice, leading NBC to be the only network of the Big 5 to grow in ratings from last season. Each U.S. network television season starts in late September and ends in late May, which coincides with the completion of May sweeps. Video game The Voice: I Want You is a video game based on the television show. It was released on PlayStation 3, Xbox 360, Wii, and Wii U on October 21, 2014, and was published by Activision. The game includes a microphone and has songs from the show including songs performed by the coaches. Broadcast The Voice is broadcast on the NBC network in the United States. The show premiered in Canada on April 26, 2011, on CTV."
dragged-0031,dragged,Who is the latest winner of The Voice US?,outdated,Sofronio Vasquez,,2,2025-02-04,https://www.billboard.com/lists/the-voice-winners-every-season/,,,"Paul proved his musical talent prior to appearing on the show: the soul singer was co-nominated with future Voice coach Alicia Keys at the 48th Grammys for best performance by a duo or group with vocals. Paul crowning moment would bring coach Blake Shelton to his first of a three consecutive wins in the next few seasons. Coaches: Adam Levine, Blake Shelton, Christina Aguilera, CeeLo Green. Winner: Jermaine Paul Winning Coach: Team Blake (1) Season 3 28-year-old Florida country singer Cassadee Pope became the first female winner of The Voice in season 3, coached by none other than the previous year’s champion. Advantage Team Blake. Coaches: Adam Levine, Blake Shelton, Christina Aguilera, CeeLo Green Winner: Cassadee Pope Winning Coach: Team Blake (2) Season 4 Season 4 saw the first change in the show’s coaching lineup, as Christina and CeeLo were replaced with R&B crooner Usher and Latin pop star Shakira. The change in coaches did not seem to cause any disturbance for the Blake Shelton train, which churned on and landed its third consecutive Voice victory. Danielle Bradbery, a country singer from Houston, won the season 4 title, which at the time made the 16-year-old the youngest winner in Voice history. Coaches: Adam Levine, Blake Shelton, Usher, Shakira Winner: Danielle Bradbery Winning Coach: Team Blake (3) Season 5 The fifth season saw the coaching roster return to its original cast. Along with the OG cast, Team Levine made its way back to the top for the first time since Season 1, as Jamaican soul artist Tessanne Chin took the crown over Team Christina’s Jacquie Lee, performing a beautiful rendition of soul great Whitney Houston’"
dragged-0031,dragged,Who is the latest winner of The Voice US?,outdated,Sofronio Vasquez,,3,2024-12-11,https://www.youtube.com/watch?v=goeisg95oQE,,,"... latest headlines and expert tips on money, health and parenting. We ... us. We are in the people business. Subscribe to our channel for ..."
dragged-0031,dragged,Who is the latest winner of The Voice US?,outdated,Sofronio Vasquez,,4,2024-12-11,https://www.nbcphiladelphia.com/entertainment/entertainment-news/the-voice-season-26-winner/4051358/?os=wtmb5utkcxk5ref%3Dapp&ref=app,,,"Martha Stewart kicked off the Monday, Dec. 9, episode by getting the coaches finale ready. She looked over their outfits, giving her very honest opinion about their looks, only giving her approval to McEntire. She also made the coaches and Daly her “Snoop Noggy Nog” eggnog later on in the show. Former coach duo Dan + Shay performed, as did Kelly Clarkson, who sang her new holiday single “You for Christmas.” Additional performers included Myles Smith, Riley Green and Ella Langley, Tears For Fears and Snoop, who took the stage with Sting and Dr. Dre. Team Niall’s Season 24 winner Huntley performed his new single, “Skyline Drive.” See the two-part recap and winner below. What happened during ‘The Voice’ Season 26 finale Part 1? During the Dec. 9 episode, each contestant performed two songs. Team Reba's Danny Joseph sang ""Ain’t No Love in Oklahoma"" by Luke Combs and “Back to Black” by Amy Winehouse Team Snoop’s Jeremy Beloate sang “What the World Needs Now Is Love” by Jackie DeShannon and “Dancing on My Own” by Robyn Team Bublé’s Shye sang “One of Us” by Joan Osborne and “Falling” by Harry Styles Team Bublé's Sofronio Vasquez sang “Unstoppable” by Sia and “A Million Dreams” from “The Greatest Showman” What happened during ‘The Voice’ Season 26 finale Part 2? In the Dec. 10 finale, the contestants returned to the stage to perform with their coaches. Stefani and Sterlace sang “Wild World” by Cat Stevens Snoop and Beloate sang “(Sittin’ on) The Dock of the Bay” by Otis Redding Bublé and Shye sang “Somethin’ Stupid” by Frank and Nancy Sinatra McEntire and Joseph sang “You Don’t Know Me” by Ray Charles Bublé and Vasquez sang “Who’s Lovin’ You”"
dragged-0031,dragged,Who is the latest winner of The Voice US?,outdated,Sofronio Vasquez,,5,2025-03-29,https://en.wikipedia.org/wiki/The_Voice_(American_TV_series)_season_25,,,"The Voice (American TV series) season 25 The twenty-fifth season of the American reality television series The Voice premiered on February 26, 2024, on NBC. The season is presented by Carson Daly, who returned as the host for his twenty-fifth season. The coaching panel consists of John Legend and Reba McEntire, who return for their ninth and second seasons, respectively; returning coach Chance the Rapper, who returns for his second season following a one-season hiatus; and debuting coaches Dan + Shay, who join the panel as the show's first coaching duo. Asher HaVon was named the winner of the season, marking Reba McEntire's first win as a coach. With HaVon's win, he became the fifth African-American male to win the show. He was also the first openly LGBTQ person to win.[1] Additionally, after two attempts, McEntire became the fifth female coach to win the competition, following Christina Aguilera, Alicia Keys, Kelly Clarkson, and Gwen Stefani, as well as the oldest coach to win a season. This was the fourth season in the history of the show that a coach (McEntire) had the top two artists on their team, following Blake Shelton in seasons 3, 18, and 22. Overview Development On June 21, 2023, NBC announced that the show would be renewed for its twenty-fifth season, to be aired in spring 2024.[2][3]"
dragged-0031,dragged,Who is the latest winner of The Voice US?,outdated,Sofronio Vasquez,,6,2024-12-10,https://www.usatoday.com/story/entertainment/tv/2024/12/10/the-voice-season-26-winner-sofronio-vasquez/76902132007/,,,"""The Voice"" crowned Team Michael Bublé singer Sofronio Vasquez was winner of Season 26 in Tuesday's finale."
dragged-0031,dragged,Who is the latest winner of The Voice US?,outdated,Sofronio Vasquez,,7,2024-12-10,https://www.tiktok.com/@nbcthevoice/video/7447009072236301611?lang=en,,,Sofronio Vasquez Wins The Voice Season 26. Celebrate Sofronio Vasquez's incredible journey and finale performance! Discover the highlights and ...
dragged-0031,dragged,Who is the latest winner of The Voice US?,outdated,Sofronio Vasquez,,8,2025-03-24,https://www.businessinsider.com/the-voice-winners-ranked-by-success-2021-3,Sofronio Vasquez,correct,"All 26 winners of 'The Voice' ranked from least to most successful This story is available exclusively to Business Insider subscribers. Become an Insider and start reading now. Have an account? . ""The Voice"" started in 2011, and the 27th season premiered last month. In honor of the latest season, we've ranked the last 26 winners from least to most successful. We considered chart history, the success of other contestants, and social media followers. ""The Voice"" premiered in 2011 as a brand-new take on the singing competition show. Instead of simply having celebrity judges critique contestants, four musical icons were recruited as ""coaches."" They would battle each other via a team of hopeful stars selected after blind auditions. In the nearly 14 years since, there have been 27 seasons of ""The Voice."" But while the show is a ratings hit and attracts A-list talent like Ariana Grande, Adam Levine, Snoop Dogg, Michael Bublé, Reba McEntire, Miley Cyrus, John Legend, and more, its winners haven't enjoyed the same level of success as, say, some ""American Idol"" winners. Nevertheless, we used streaming numbers, chart success, social media, and the careers of other musicians in each season to determine which winner of ""The Voice"" has had the best career (and which ones could use a little boost). 26. Sofronio Vasquez (season 26) Sofronio Vasquez in season 26 of ""The Voice. "" Griffin Nagel/NBC/Getty Images By default, Vasquez has to be at the bottom of this list because he only won in December 2024. The 32-year-old has 83,400 followers on Instagram and regularly posts about upcoming shows and other events, but he hasn't put out any music yet. 25. Josh Kaufman (season 6) Josh Kaufman and his coach Usher in season six of ""The Voice."
dragged-0031,dragged,Who is the latest winner of The Voice US?,outdated,Sofronio Vasquez,,9,2024-12-11,https://www.yahoo.com/entertainment/the-voice-crowns-its-season-26-winner-who-is-the-new-champion-045617867.html,,,"After weeks of Blind Auditions, Battles, Knockouts, Playoffs and live shows, the NBC singing competition named the Season 26 winner, who received $100,000, a recording contract and a shiny new trophy as part of the grand prize. Though Sterlace came up short, Gwen Stefani praised the 16-year-old singer for making it this far in her young journey. “Every single moment counts. Being in the moment is what matters. Winning doesn’t matter. You’ve won,” Stefani said. Second place: Shye (Team Bublé) Shye. (Trae Patton/NBC) Advertisement Advertisement Advertisement Right before the Voice winner was announced, Bublé promised that he and Shye would be working together in the future. “These are not the last words,” he said. “These are one of the many words that you and I are going to share going into a future together where I watch you make beautiful music.” And The Voice Season 26 champion is… Sofronio Vasquez (Team Bublé) Vasquez and Bublé, his coach. (NBCUniversal Media) Vasquez dropped to his knees once host Carson Daly named him the winner. Overcome with emotion, he cried tears of joy. Moments earlier, his coach, Michael Bublé, said the Filipino singer represented “the hope of so many people.” “Not just in the Philippines, but Asians everywhere truly are looking at you tonight. You have represented them so well. It has been an unbelievable journey,” Bublé said. It’s been an incredible run for Vasquez, who earned a four-chair turn in the Blind Auditions and has stuck with Bublé since day one, building an impressive catalog of performances throughout the season. His victory also earned Bublé his first win on his first try as a Voice coach. Every coach’s duet with the Top 5 The coaches took the stage to perform memorable duets with their finalists."
dragged-0056,dragged,Who won the latest Ballon D'or?,outdated,Rodri,,0,2025-01-01,https://www.topendsports.com/sport/soccer/list-player-of-the-year-ballondor.htm,Rodri,correct,"Ballon d'Or Winner's List The Ballon d'Or award is an annualÂ footballÂ awardÂ for the best player over the previous year. It was first awarded in 1956. The most recent winner is was Spanish player Rodri in 2024. Prior to that the award has been dominated by Argentinian Lionel Messi, winning the men's Ballon d'Or award a record eight times. Cristiano Ronaldo also won the award five times. Many visitors to this page are looking for the results of the FIFA player of the year, which was merged with the Ballon d'Or between 2010 and 2015 to create the FIFA Ballon d'Or, but is now a separate award."
dragged-0056,dragged,Who won the latest Ballon D'or?,outdated,Rodri,,1,2025-03-23,https://en.wikipedia.org/wiki/Ballon_d%27Or,,,"Ballon d'Or The Ballon d'Or (French pronunciation:[balɔ̃dɔʁ]ⓘ; lit.'Golden Ball') is an annual football award presented by French magazine France Football since 1956 to honour the player deemed to have performed the best over the previous season. Conceived by sports writers Gabriel Hanot and Jacques Ferran, the Ballon d'Or was based exclusively on voting by football journalists up until 2006. Originally, it was awarded only to players from Europe and was widely known as the European Footballer of the Year award. In 1995, the Ballon d'Or was expanded to include all players of any origin that have been active at European clubs. The award became a global prize in 2007 with all professional footballers from around the world being eligible; additionally, coaches and captains of national teams were also given the right to vote, before reverting to just journalists in 2016. Between 2010 and 2015, in an agreement with FIFA, the award was temporarily merged with the FIFA World Player of the Year, and was known as the FIFA Ballon d'Or. That partnership ended in 2016, and the award reverted to the Ballon d'Or, while FIFA also reverted to its own separate annual award, The Best FIFA Men's Player. In 2022, France Football modified the rules for the Ballon d'Or. The timing was changed so that awards were given not for achievements during a calendar year, but for a football season, and it was also determined that an international jury of specialized journalists, with one representative per country, from the top 100 in the latest FIFA Men's World Ranking would elect the winner of the award. UEFA co-organizes the Ballon d'Or gala since 2024, with France Football retaining the voting system and the Ballon d'Or name."
dragged-0056,dragged,Who won the latest Ballon D'or?,outdated,Rodri,,2,2024-10-28,https://www.nytimes.com/athletic/live-blogs/ballon-dor-2024-live-updates-winners-time-vinicius-messi/iznIEpM4wJW6/JWpLDWAVbZdD/,,,"Messi’s stats aren’t too shabby for the period in question — August 1, 2023, to July 31, 2024 — with 22 goals and 13 assists in all competitions for Inter Miami, who he helped win the 2024 Supporters' Shield. But injury heavily curtailed his game time, and the quality of MLS is widely regarded as inferior to Europe’s biggest leagues, which would have played a major part in Messi, 37, dropping out. Simply put: others have played more and performed better in tougher leagues. What is the Ballon d’Or? Sparking debates in barbershops and online, the award presented by the magazine France Football since 1956 (since 2018 for women) is meant to name the best footballers in the world for that year. This year, UEFA — European football’s governing body — will help organise the award for the first time. FIFA and France Football collaborated on the award from 2010 to 2015, but FIFA created its own trophy eight years ago, The Best. Messi leads the way with eight Ballon d’Or wins between 2009 and 2023. Ronaldo has five. The pair have dominated the men’s award in recent history but, for the first time in 21 years, neither has been nominated. In the women’s game, Spaniards have won the last three awards — Alexia Putellas has two and Aitana Bonmati was the most recent winner. Both are nominated again for the 2024 award. The popularity of the award in wider culture has even led to the release of an Afrobeats song named after it — B. D’OR by Grammy-winning artist Burna Boy (a Manchester United fan)."
dragged-0056,dragged,Who won the latest Ballon D'or?,outdated,Rodri,,3,2025-01-01,https://www.transfermarkt.us/erfolge/spielertitel/statistik/676,,,Winner Ballon d'Or ; 2021. Lionel Messi. Right Winger. Argentina Spain ; 2019. Lionel Messi. Right Winger. Argentina Spain ; 2018. Luka Modric. Central Midfield ...
dragged-0056,dragged,Who won the latest Ballon D'or?,outdated,Rodri,,4,2024-10-28,https://www.olympics.com/en/news/ballon-d-or-winners-messi-ronaldo-zidane-complete-list,,,"Since its inception in 1956, the prestigious annual football award has been presented to some of the biggest names in the sport. Discover all the winners of the Ballon d'Or and the Ballon d'Or Feminin. There is no greater individual accolade in football than the Ballon d'Or. Legends of the game including Johan Cruyff, Eusébio, Gerd Müller, Zinedine Zidane, Ronaldo and Lionel Messi have all won the prestigious ‘Golden Ball’, which honours the best player of the season. Messi currently holds the record for most Ballon d'Ors with eight (2009, 2010, 2011, 2012, 2015, 2019, 2021 and 2023), while five-time winner Cristiano Ronaldo has the most nominations with 18. The Ballon d’Or has been awarded every year since 1956, while the Ballon d'Or Féminin was awarded for the first time in 2018. Neither award was given out in 2020 due to the COVID-19 pandemic. Stanley Matthews of England was the first-ever player to receive the men's prize, which was created by French news magazine France Football, as Norway’s Ada Hegerberg holds the distinction of being the first female winner."
dragged-0056,dragged,Who won the latest Ballon D'or?,outdated,Rodri,,5,2025-03-25,https://en.wikipedia.org/wiki/FIFA_Ballon_d%27Or,,,"The FIFA Ballon d'Or (""Golden Ball"") was an annual association football award presented to the world's best men's player from 2010 to 2015. Awarded jointly by FIFA and France Football, the prize was a merger of the FIFA World Player of the Year award and the Ballon d'Or, the two most prestigious individual honours in world football. Unlike the Ballon d'Or awarded by France Football, the FIFA Ballon d'Or, was not awarded solely based on votes from international journalists, but votes from national team coaches and captains also, who selected the players they deemed to have performed the best in the previous calendar year. Messi, who played for Barcelona, won the inaugural Ballon d'Or in 2010 and went on to win three in a row, after his wins in 2011 and 2012. Ronaldo, who played for Real Madrid, won successive awards in the next two years. The final FIFA Ballon d'Or was presented to Messi in 2015. Its awarding bodies subsequently ended their partnership; for 2016, France Football reintroduced the previous format of the Ballon d'Or, while FIFA created The Best FIFA Men's Player award. History Historically, the leading individual awards in association football were the Ballon d'Or and the FIFA World Player of the Year award.[1][2] The original Ballon d'Or, also known as the European Footballer of the Year award, had been awarded by the French publication France Football since 1956. The FIFA World Player of the Year award was presented by FIFA, the sport's governing body, from 1991.[3] From 2005, the winners of the Ballon d'Or and FIFA World Player of the Year award were identical each year. Following the introduction of a global Ballon d'Or format in 2007, France Football and FIFA opted to merge the two awards. The creation of the FIFA Ballon d'Or was subsequently announced during the 2010 FIFA World Cup in South Africa.[3]"
dragged-0056,dragged,Who won the latest Ballon D'or?,outdated,Rodri,,6,2024-10-28,https://www.youtube.com/watch?v=6vGMPjmlHKQ,,,Rodri becomes first Man City player to win the Ballon d'Or | CBS Sports Golazo · Comments4.7K.
dragged-0056,dragged,Who won the latest Ballon D'or?,outdated,Rodri,,7,2024-10-28,https://www.espn.com/soccer/story/_/id/42052911/ballon-dor-man-city-rodri-wins-amid-vinicius-junior-snub,,,"and Carlo Ancelotti received the coach of the year award, though no representatives of the last Champions League winners were present to accept it. Madrid midfielder Eduardo Camavinga made it clear what he thought of the vote, calling it ""football politics. "" ""FOOTBALL POLITICS X. My brother, you are the best player in the world and no award can say otherwise. Love you my bro,"" the France international wrote on X along with a photo of him and Vinicius celebrating together. The awards are based on voting by a panel of journalists from the top 100 FIFA-ranked countries. Rodri was part of the Spain team that won Euro 2024, starting every game except the third group stage match against Albania, and claimed the player of the tournament prize. He went a world-record 74 games unbeaten for club and country from March 2023 to May 2024, avoiding defeat (other than via penalties) until City's loss to Manchester United in the FA Cup final. Rodri becomes the second men's player born in Spain to win the sport's most prestigious individual prize, and the first since former Barcelona star Luis Suárez claimed it in 1960. Real Madrid's legendary striker Alfredo di Stefano won the award twice, in 1957 and 1959, though he was born in Argentina. The past four Ballons d'Or Féminin have been won by Spanish women (Alexia Putellas in 2021 and 2022 and Aitana Bonmatí in 2023 and 2024). ""Today is not a victory for me, it is for Spanish football, for so many players who have not won it and have deserved it, like [Andres] Iniesta, Xavi [Hernandez], Iker [Casillas], Sergio Busquets, so many others. It is for Spanish football and for the figure of the midfielder,"" Rodri said on stage at the ceremony."
dragged-0056,dragged,Who won the latest Ballon D'or?,outdated,Rodri,,8,2024-10-29,https://www.youtube.com/watch?v=X2dtTMO8I1c,,,Rodri wins Ballon d'Or as Real Madrid boycott awards · Comments1K.
dragged-0056,dragged,Who won the latest Ballon D'or?,outdated,Rodri,,9,2024-10-29,https://indianexpress.com/article/sports/football/ballon-dor-winners-list-1956-2024-messi-ronaldo-awards-9642700/,,,"Ballon d'Or winners: Ahead of the 2024 award announcement, here is a look at the full list of Ballon d'Or winners across 67 seasons since 1956, with Lionel Messi and Cristiano Ronaldo topping the charts. Started in the year 1956, the Ballon d’Or represents the highest individual prize in world football and is being conducted by France Football in collaboration with the Union of European Football Associations (UEFA) for the first time this season. Argentine superstar Lionel Messi has won the award a record eight times. Messi is followed by his long-time European club football rival, Cristiano Ronaldo, who bagged the award five times between 2008 and 2017 while receiving a record 18 nominations since 2003. Story continues below this ad Prior to the Messi-Ronaldo domination, only three other players – Michel Platini, Johan Cruyff and Marco van Basten – had lifted the Ballon d’Or thrice in their careers. While Ronaldo and Messi have missed the cut for the 2024 Ballon d’Or for the first time in over two decades, Spain and Manchester City mid-fielder Rodri signalled a new era by claiming his maiden award on Monday."
dragged-0064,dragged,Who won the most recent season of America's Got Talent?,outdated,Richard Goodall,,0,2025-03-20,https://en.wikipedia.org/wiki/America%27s_Got_Talent,Richard Goodall,correct,"In the auditions, each judge received two ""Golden Buzzers"" to give out, up from the one each received since its adoption in 2014.[109] Additionally, during the live shows, each judge was allowed one ""Golden Buzzer"" to give to an act, marking the first time this occurred on the American version of Got Talent.[110] This season was won by singer Richard Goodall, with dog tricks act Roni Sagi & Rhythm coming in second, and drone precision group Sky Elements placing third. Season 20 On January 8, 2025, it was announced that auditions for America's Got Talent had been postponed until further notice due to the ongoing wildfires in Southern California, where the show is filmed.[111][112] On February 3, 2025, it was revealed the twentieth season will premiere on May 27, 2025. Crews will return as host for his seventh season, and Mandel, Cowell, and Vergara will return as judges. Klum will depart the panel and will be replaced by Mel B, who returns after a six-season absence.[18] In 2015, America's Got Talent Live discontinued operating as a live tour, instead functioning as a series of shows at the Planet Hollywood Resort in Las Vegas. Performances from the top acts from the tenth season included winner Paul Zerdin, runner-up Drew Lynch, and fan favorite Piff the Magic Dragon. In 2016, four more shows were scheduled at the same venue, and featured performances from the top acts of the eleventh season's final: Grace VanderWaal, The Clairvoyants and Tape Face.[116]"
dragged-0064,dragged,Who won the most recent season of America's Got Talent?,outdated,Richard Goodall,,1,2024-09-24,https://www.goldderby.com/gallery/americas-got-talent-winners-list/,,,"‘America’s Got Talent’ winners list: All seasons, plus spin-offs Since its creation in 2006, many different acts have claimed the top prize on NBC's ""America's Got Talent"" -- most of them singers. Who will join their ranks for ""AGT"" Season 19, which is expected to start airing in the summer of 2024? Tour our photos below that highlight all of the past winners from ""America's Got Talent"" plus its spin-offs, ""AGT: The Champions,"" ""AGT: Extreme"" and ""AGT: Fantasy League,"" from Bianca Ryan to the most recent. Originally published May 2018. Season 1: Bianca Ryan Image Credit: NBC Bianca Ryan won Season 1 on August 16, 2006, an 11-year-old singer. The runners-up were male clogging group All That and singers/musicians The Millers. Shortly after winning the first season of “Americas Got Talent,” singer Bianca Ryan released her eponymous debut studio album. The album was full of covers, including her audition song, “And I Am Telling You I’m Not Going.” This remains her only studio album, though she has released multiple singles and Christmas EPs over the years. In 2016, she underwent stomach surgery after being at risk for esophageal cancer. She is set to release another EP this year. Season 2: Terry Fator Image Credit: NBC Terry Fator won Season 2 on August 21, 2007, a 42-year-old ventriloquist/singing impressionist. The runner-up was singer/guitarist Cas Haley. Terry Fator has been one of the most successful winners in “AGT” history, with his singing ventriloquist impressions act finding great popularity in Las Vegas. In 2008 he signed a five-year deal with the Mirage on the Las Vegas Strip, where he performed on a nightly basis. He wrote a book and has released multiple DVDs of his performances."
dragged-0064,dragged,Who won the most recent season of America's Got Talent?,outdated,Richard Goodall,,2,2024-09-24,https://deadline.com/2024/09/americas-got-talent-season-19-winner-nbc-1236098617/,,,"Richard Goodall was crowned the winner of America’s Got Talent Season 19. Richard Goodall, winner of ‘America’s Got Talent’ Season 19NBC Deadline talked to Goodall after his America’s Got Talent win and told us he was shocked with the results. “I went into every single portion of the show with no expectations,” Goodall told us. “I’ve just gone out there and left it all out on the stage. I sang a song and whatever happens, happens. I’ve just went out there, every single time, and had fun and soaked in everything that I’ve been taught here on the show.” Goodall’s biggest support throughout the experience was his wife who accompanied him during the quarterfinals, semifinals and the finale. “She was always like, ‘You know, you’re going to make it all the way. If we just choose the right song, you’re going to make it all the way,'” Goodall recalled his wife telling him. “And in every single round, we jumped the hurdle until finally, I was crowned the winner, which still, it just, doesn’t… I don’t think it’s sunk in yet.” Goodall said the prize money “is going to change our lives” and noted that “whatever happens after the show, I’m sure will just be icing on the cake.” “We’re going to have us a nice little house and be able to retire, maybe retire in style and see what other opportunities are on the horizon,” he added. Goodall said he wanted his story to inspire people to never give up on their dreams, remembering that he had auditioned for AGT in 2009 but didn’t make it. “I’ve been a fan of the show for years,” he said. “I had tried out and it wasn’t that I gave up, it was just like if it was meant to be, it was meant to be. And then here I am at my age, and I’m back up doing it.”"
dragged-0064,dragged,Who won the most recent season of America's Got Talent?,outdated,Richard Goodall,,3,2025-02-26,https://en.wikipedia.org/wiki/America%27s_Got_Talent_season_19,,,"The season was won by singer Richard Goodall, with dog tricks act Roni Sagi & Rhythm finishing second, and drone precision group Sky Elements placing third. For the season, AGT averaged around 4.78 million viewers per broadcast. Production During the finale of the previous season, it was announced that the entire main cast would return for the new season marking the fifth consecutive year the judging panel and host would remain the same. Filming of the auditions again happened at the Pasadena Civic Auditorium in March and April 2024.[3] Sonic Drive-In ended its sponsorship with the series, having been its sponsor for the last three seasons before the start of this season. The current sponsor was revealed to be Lavazza as featured in the end credits and on all of the judge's cups during the live shows. A two-week hiatus in the broadcast schedule was also made, to avoid the NBC's live coverage of the 2024 Summer Olympics between July and August.[4] Season overview For the first time in the show's history, each judge was able to give two Golden Buzzers instead of the usual one. However, host Crews still only received one to give out.[5] Furthermore, each judge was able to give out one Golden Buzzer during the live shows, making the first time on the American version of Got Talent.[6] ^1 Although it was Mandel's week to press the golden buzzer, Cowell attempted to press the golden buzzer for this act. At the same time, Mandel promptly attempted to press the golden buzzer as well. During a replay at the end of the show, it was revealed that Mandel pressed the buzzer slightly before Cowell."
dragged-0064,dragged,Who won the most recent season of America's Got Talent?,outdated,Richard Goodall,,4,2024-09-24,https://ew.com/americas-got-talent-season-19-winner-interview-8717138?srsltid=AfmBOopv9gZPFlCA5wpYzLhg90jAeFccbEsitBW4wceDRauXtn_naPf7,,,"After countless impressive performances and millions of votes, America's Got Talent viewers named singer Richard Goodall the winner of season 19."
dragged-0064,dragged,Who won the most recent season of America's Got Talent?,outdated,Richard Goodall,,5,2024-09-25,https://www.billboard.com/lists/americas-got-talent-winners-every-season/,,,"NBC’s America’s Got Talent is one of the country’s leading talent competition shows, and Billboard is looking back at the many gifted winners who’ve made history on the series so far. Created by former American Idol judge, X Factor mastermind and Syco Entertainment founder Simon Cowell, the global talent competition premiered in the U.S. on NBC in 2006. The idea was to find the best talent of any age in the country — whether they specialized in singing, dancing, performing magic tricks, acting as a ventriloquist or even training dogs to do tricks — and then have them headline a show on the Las Vegas Strip on top of winning a $1 million cash prize. The show has seen a number of stars grace its judges’ panel, with the just-wrapped season 19 featuring Cowell alongside Heidi Klum, Sofia Vergara and Howie Mandel, as well as host Terry Crews. Each of the judges recruits viewers’ votes to help crown the most talented contestant, and each season’s top pick runs the gamut of skill sets. Season 1 At only 11 years old, the Philadelphia-based singer performed the Dreamgirls‘ showstopper “And I Am Telling You I’m Not Going” for her viral audition — and the only place she was going after that was straight to the finale. Season 2 Winner: Terry Fator Date Crowned: Aug. 21, 2007 With more than 20 years of experience and opening gigs for country superstars like Reba McEntire and Garth Brooks, the Dallas native became the first ventriloquist to win the talent competition series. Season 3 The Sikeston, Missouri-based classical opera singer won the competition in its third season and eventually landed a top 10 classical album with 2009’s My American Dream. He sadly died a decade after his victory on June 10, 2018."
dragged-0064,dragged,Who won the most recent season of America's Got Talent?,outdated,Richard Goodall,,6,2024-09-25,https://www.courier-journal.com/story/entertainment/2024/09/25/americas-got-talent-winner-last-night-agt-2024-richard-goodall-terre-haute-janitor/75374083007/,,,"Terre Haute janitor Richard Goodall was a fan favorite to win Season 19 of ""America's Got Talent."" The Vigo County native has stolen hearts after a run of ..."
dragged-0064,dragged,Who won the most recent season of America's Got Talent?,outdated,Richard Goodall,,7,2024-12-22,https://www.youtube.com/watch?v=cOvDwQqcAMk,,,"After receiving the Golden Buzzer from Heidi Klum, janitor Richard Goodall won Season 19 of America's Got Talent! » Watch the latest from ..."
dragged-0064,dragged,Who won the most recent season of America's Got Talent?,outdated,Richard Goodall,,8,2024-09-24,https://www.nbc.com/nbc-insider/americas-got-talent-winners-now,,,"AGT Winners List Season 1 - Bianca Ryan Ryan was just 11 years old when she became the first-ever winner of America's Got Talent. Her larger-than-life vocals and renditions of classics like Dreamgirls' ""And I Am Telling You I'm Not Going"" and ""I Am Changing"" stunned Judges and viewers, leading to her victory. After multiple vocal surgeries and a paralyzed vocal cord stalled her career for 10 years, Ryan returned to the stage on AGT: Champions in 2020. And in a recent Instagram video, she revealed to her followers that new music is coming sooner rather than later. Season 2 - Terry Fator With his collection of puppets, knack for comedy, and spot-on impersonations of everyone from Etta James to Kermit the Frog, Fator took home the $1 million grand prize in 2007. He's since been a guest Act on six different seasons of AGT and has had residencies at the Las Vegas Hilton and The Mirage. He currently headlines a new show, Who's the Dummy Now, at the New York, New York Hotel and Casino in Vegas. Season 3 - Neal E. Boyd After clinching the winning title for his powerful vocal chops—he auditioned with Puccini’s ""Nessun Dorma""—the then 32-year-old opera singer took home the $1 million grand prize and headlining spot in a show at MGM's Grand Garden Arena. He'd go on to release an album in 2009, My American Dream, and ran for the Missouri House of Representatives twice. Sadly, Boyd died in 2018 at the age of 42. “We are very saddened to hear that one of our AGT family members, Neal E. Boyd, has passed away,"" AGT said in a statement. ""Our hearts are with Neal’s loved ones during this difficult time.” Season 4 - Kevin Skinner Photo: Paul Drinkwater/NBC Talent:"
dragged-0064,dragged,Who won the most recent season of America's Got Talent?,outdated,Richard Goodall,,9,2024-09-24,https://www.youtube.com/watch?v=mEKTDq5PCWs,,,"Singing janitor Richard Goodall cleaned up the competition on NBC's ""America's Got Talent"" Season 19 and won the top prize of $1 million ..."
dragged-0069,dragged,how many billionaires are there,outdated,around 3000,no_match,0,2025-04-02,https://en.wikipedia.org/wiki/The_World%27s_Billionaires,,,"Koch also slipped from their previous year's positions, with Ellison dropping to seventh from fifth, and the Kochs falling to ninth position from sixth. 2015 In the 29th annual Forbes list of global billionaires, a record 1,826 billionaires were named with an aggregated net worth of $7.1 trillion compared to $6.4 trillion in the previous year. 46 of the billionaires in this list were under the age of 40. A record number of 290 people joined the list for the first time, of whom 25 percent hailed from China, which produced a world-leading 71 newcomers. The United States came in second, with 57; followed by India, with 28; and Germany, with 23.[26] The United States had the largest number of billionaires with 526. Russia went down to 88 from 111 in 2014. Russia was placed behind China, Germany and India by the number of billionaires. Self-made billionaires made up the largest number of people on the list with 1,191 positions (over 65 percent), while just 230 (under 13 percent) had wealth through inheritance. The number of billionaires who inherited a portion but were still working to increase their fortunes is 405.[27] 2014 Gates added $9 billion to his fortune since 2013 and topped the Forbes 2014 billionaire list. He had topped the list in 15 of the previous 20 years, but his previous number one ranking was in 2009.[30] Mexican telecommunication mogul Carlos Slim came in second place after being number one the previous four years. Zara founder Amancio Ortega placed third for the second consecutive year."
dragged-0069,dragged,how many billionaires are there,outdated,around 3000,no_match,1,2025-03-17,https://www.forbes.com/billionaires/,,,"The U.S. has a record 902 billionaires, followed by China (516, including Hong Kong) and India (205). We used stock prices and exchange rates from March 7, ..."
dragged-0069,dragged,how many billionaires are there,outdated,around 3000,no_match,2,2025-04-01,https://www.npr.org/2025/04/01/nx-s1-5345950/forbes-billionaires-list,,,"Forbes unveils the 2025 billionaires list. Here are the top 10There are now more than 3,000 billionaires in the world, according to Forbes' annual ranking of the wealthiest people. They collectively hold about $16.1 trillion in wealth. The 39th annual version is out now and includes 3,028 billionaires, the most ever recorded by Forbes. Forbes senior editor Chase Peterson-Withorn told Morning Edition the annual world's billionaires list has $2 trillion more in wealth from just a year ago. In total, they have an estimated $16.1 trillion in riches. How does Forbes put this list together? Peterson-Withorn said upwards of 100 reporters around the world work on the list, combing through everything from shares in publicly traded companies, trying to value private companies, looking at cash and investments, and how billionaires might be spending their money in their down time. ""Everything from art and yachts and car collections and dinosaur bone collections and all kinds of crazy stuff billionaires own,"" Peterson-Withorn said. ""So it's sort of what the total value of all of their assets are minus any debt that they have. "" Some billionaires do open up to Forbes, Peterson-Withorn said, but for those who don't, reporters also look at government registries, legal filings and offshore registries. They work with information leaks and interview billionaires, their handlers and their competitors to try to find ""answers to questions that a lot of billionaires maybe would rather we don't ask. "" So who tops this year's list? The U.S. has the most billionaires with 902, followed by China and Hong Kong at 516. India has the third most with 205. Here are the top 10 ranked by wealth and by how they came by their fortunes: How might the public feel about billionaires these days?"
dragged-0069,dragged,how many billionaires are there,outdated,around 3000,no_match,3,2025-03-21,https://www.statista.com/topics/2229/billionaires-around-the-world/,,,"Statista R identifies and awards industry leaders, top providers, and exceptional brands through exclusive rankings and top lists in collaboration with renowned media brands worldwide. For more details, visit our website. Why Statista See why Statista is the trusted choice for reliable data and insights. We provide one platform to simplify research and support your strategic decisions. Read more Typology of billionaires & sources of wealth According to the 2024 Billionaire Census, most billionaires are “self-made”. However, there is a significant difference between male and female billionaires: whereas most of the former were “self-made”, close to 40 percent of the latter had inherited their fortune. Furthermore, when looking at the demographics of billionaires globally, only 13 percent were women. Finally, only about 10 percent of the billionaires worldwide were younger than 50 years old. As of March 2025, 20-year-old Clemente Del Vecchio was the world's youngest billionaire. While this is not necessarily the industry from which the billionaires earn their fortune, nearly one-fourth of the world's male billionaires devote most of their time to banking and financing. On the other hand, the first industry among female billionaires was non-profit and social organizations. Concerning asset allocation; almost 40 percent of the wealth of male billionaires is derived from public holdings, while the same was the case for only 22 percent of female billionaires. The “self-made” billionaire myth The common narrative about “self-made” is that in opposition to billionaires who inherited their fortune, “self-made” billionaires came from nothing and earned their wealth by themselves, working harder than others. However, this narrative fails to take into consideration systemic inequalities. Indeed, most of today's billionaires benefited from their family wealth, privilege, and social connections to start their businesses. And then, their businesses were largely supported by labor exploitation, tax loopholes, and government subsidies. This text provides general information. Statista assumes no liability for the information given being complete or correct."
dragged-0069,dragged,how many billionaires are there,outdated,around 3000,no_match,4,2025-04-02,https://fortune.com/2025/04/02/world-record-number-of-billionaires-wealth-higher-than-most-gdp-despite-stock-market-bloodbath/,,,"A record-breaking 3,028 people are now billionaires, according to Forbes' latest rankings—their combined $16.1 trillion in wealth rivals that ..."
dragged-0069,dragged,how many billionaires are there,outdated,around 3000,no_match,5,2025-03-27,https://en.wikipedia.org/wiki/List_of_countries_by_number_of_billionaires,,,"This is a list of countries by their number of billionaire residents, based on annual assessments of the net worth in United States Dollars of wealthy ..."
dragged-0069,dragged,how many billionaires are there,outdated,around 3000,no_match,6,2023-11-29,https://www.madisontrust.com/information-center/visualizations/which-us-states-have-the-most-billionaires/,,,"Which U.S. States Have the Most Billionaires? A calculation of how many billionaires there are in the world for Forbes’s 37th Annual World’s Billionaires List found that there are 2,640 billionaires, and these people have a combined worth of $12.2 trillion. The total world wealth reached $454.4 trillion by the end of 2022, which means that billionaires around the world possess around 2% of all of the money in the world, despite making up a minuscule fraction of the global population. How Many Billionaires Are in the United States? America is home to 759 billionaires. The estimated that U.S. billionaire total wealth was a combined $4.48 trillion as of November 2022, an amount that grew grown a staggering 50% since before to the pandemic. It is easy to imagine how the 1% lives with this astonishing wealth, but where does the 1% live? The team at Madison Trust has visualized which U.S. states have the most billionaires based on the number of billionaires per million people. Check it out: Where Do Billionaires Live in the United States?"
dragged-0069,dragged,how many billionaires are there,outdated,around 3000,no_match,7,,https://www.bloomberg.com/billionaires/,,,"View profiles for each of the world's 500 richest people, see the biggest movers, and compare fortunes or track returns."
dragged-0069,dragged,how many billionaires are there,outdated,around 3000,no_match,8,2025-04-01,https://www.youtube.com/watch?v=XgxPqma19Uk,,,"Our systems have detected unusual traffic from your computer network. This page checks to see if it's really you sending the requests, and not a robot. Why did this happen? This page appears when Google automatically detects requests coming from your computer network which appear to be in violation of the Terms of Service. The block will expire shortly after those requests stop. In the meantime, solving the above CAPTCHA will let you continue to use our services. This traffic may have been sent by malicious software, a browser plug-in, or a script that sends automated requests. If you share your network connection, ask your administrator for help — a different computer using the same IP address may be responsible. Learn more Sometimes you may be asked to solve the CAPTCHA if you are using advanced terms that robots are known to use, or sending requests very quickly."
dragged-0069,dragged,how many billionaires are there,outdated,around 3000,no_match,9,2025-04-03,https://www.burlingtonfreepress.com/story/news/2025/04/02/forbes-billionaire-list-see-who-lives-in-vermont/82753606007/,,,"Forbes rolled out its latest global billionaire's list, announcing that a record 3,028 people have joined the three comma club. It's the first ..."
dragged-0071,dragged,In what country was the most recent winner of the Nobel Prize for Literature born?,outdated,South Korea,no_match,0,2025-01-29,https://en.wikipedia.org/wiki/List_of_Nobel_laureates_in_Literature,,,"List of Nobel laureates in Literature The Nobel Prize in Literature (Swedish: Nobelpriset i litteratur) is awarded annually by the Swedish Academy to authors for outstanding contributions in the field of literature. It is one of the five Nobel Prizes established by the 1895 will of Alfred Nobel, which are awarded for outstanding contributions in chemistry, physics, literature, peace, and physiology or medicine.[1] As dictated by Nobel's will, the award is administered by the Nobel Foundation and awarded by the Swedish Academy.[2] Each recipient receives a medal, a diploma and a monetary award prize that has varied throughout the years.[3] In 1901, the first laureate Sully Prudhomme received 150,782 SEK, which is equivalent to 8,823,637.78 SEK in January 2018. The award is presented in Stockholm at an annual ceremony on December 10, the anniversary of Nobel's death.[4] As of 2024, the Nobel Prize in Literature has been awarded to 121 individuals.[5] 18 women have been awarded the Nobel Prize in Literature, the second highest number of any of the Nobel Prizes behind the Nobel Peace Prize.[6][7] As of 2024, there have been 29 English-speaking laureates of the Nobel Prize in Literature, followed by French with 16 laureates and German with 14 laureates. France has the highest number of Nobel laureates."
dragged-0071,dragged,In what country was the most recent winner of the Nobel Prize for Literature born?,outdated,South Korea,no_match,1,2025-02-21,https://www.britannica.com/art/Winners-of-the-Nobel-Prize-for-Literature-1856938,,,"The Nobel Prize for Literature is awarded, according to the will of Swedish inventor and industrialist Alfred Bernhard Nobel, “to those who, during the preceding year, shall have conferred the greatest benefit on mankind” in the field of literature. It is conferred by the Swedish Academy in Stockholm. The table provides a list of winners of the Nobel Prize for Literature. Nobel Prize winners by category (literature) year name country* literary area *Nationality given is the citizenship of the recipient at the time the award was made. Prizes may be withheld or not awarded in years when no worthy recipient can be found or when the world situation (e.g., World Wars I and II) prevents the gathering of information needed to reach a decision."
dragged-0071,dragged,In what country was the most recent winner of the Nobel Prize for Literature born?,outdated,South Korea,no_match,2,2025-04-03,https://www.nobelprize.org/prizes/literature/2022/ernaux/facts/,,,"Annie Ernaux Facts Prize motivation: “for the courage and clinical acuity with which she uncovers the roots, estrangements and collective restraints of personal memory” Language: French Prize share: 1/1 Work In her writing, Annie Ernaux consistently and from different angles, examines a life marked by strong disparities regarding gender, language and class. Her path to authorship was long and arduous. Among her novels are ‘A Man's Place’, ‘A Woman's Story’ and ‘Years’. Ernaux's work is uncompromising and written in plain language, scraped clean. And when she with great courage and clinical acuity reveals the agony of the experience of class, describing shame, humiliation, jealousy or inability to see who you are, she has achieved something admirable and enduring. Nobel Prizes and laureates Six prizes were awarded for achievements that have conferred the greatest benefit to humankind. The 12 laureates' work and discoveries range from proteins' structures and machine learning to fighting for a world free of nuclear weapons. See them all presented here. Explore prizes and laureates Look for popular awards and laureates in different fields, and discover the history of the Nobel Prize."
dragged-0071,dragged,In what country was the most recent winner of the Nobel Prize for Literature born?,outdated,South Korea,no_match,3,2025-03-22,https://en.wikipedia.org/wiki/Nobel_Prize_in_Literature,,,"Many authors who have won the prize have fallen into obscurity, while others rejected by the jury remain widely studied and read. In the Wall Street Journal, Joseph Epstein wrote, ""You might not know it, but you and I are members of a club whose fellow members include Leo Tolstoy, Henry James, Anton Chekhov, Mark Twain, Henrik Ibsen, Marcel Proust, James Joyce, Jorge Luis Borges and Vladimir Nabokov. The club is the Non-Winners of the Nobel Prize in Literature. All these authentically great writers, still alive when the prize, initiated in 1901, was being awarded, didn't win it. ""[50] Other notable names from the non-western canon who were ignored despite being nominated several times for the prize include Sri Aurobindo and Sarvepalli Radhakrishnan. The prize has ""become widely seen as a political one – a peace prize in literary disguise"", whose judges are prejudiced against authors with political tastes different from theirs.[51]Tim Parks has expressed skepticism that it is possible for ""Swedish professors ... [to] compar[e] a poet from Indonesia, perhaps translated into English with a novelist from Cameroon, perhaps available only in French, and another who writes in Afrikaans but is published in German and Dutch..."".[52] As of 2021, 16 of the 118 recipients have been of Scandinavian origin. The Academy has often been alleged to be biased towards European, and in particular Swedish, authors.[53] Nobel's ""vague"" wording for the criteria for the prize has led to recurrent controversy. In the original Swedish, the word idealisk translates as ""ideal.""[3][54] The Nobel Committee's interpretation has varied over the years."
dragged-0071,dragged,In what country was the most recent winner of the Nobel Prize for Literature born?,outdated,South Korea,no_match,4,2025-04-03,https://www.nobelprize.org/prizes/literature/2021/gurnah/facts/,,,"Share this Abdulrazak Gurnah Facts Prize motivation: “for his uncompromising and compassionate penetration of the effects of colonialism and the fate of the refugee in the gulf between cultures and continents” Prize share: 1/1 Work The theme of the refugee’s disruption runs throughout Abdulrazak Gurnah's work. He grew up on the island of Zanzibar, but in the 1960s oppression and persecution of citizens of Arab origin forced him to leave the country. Eventually he settled in England. His novels depict a culturally diversified East Africa. Gurnah’s dedication to truth and his aversion to simplification are striking. This can make him bleak and uncompromising, at the same time as he follows the fates of individuals with great compassion and unbending commitment. Nobel Prizes and laureates Six prizes were awarded for achievements that have conferred the greatest benefit to humankind. The 12 laureates' work and discoveries range from proteins' structures and machine learning to fighting for a world free of nuclear weapons. See them all presented here. Explore prizes and laureates Look for popular awards and laureates in different fields, and discover the history of the Nobel Prize."
dragged-0071,dragged,In what country was the most recent winner of the Nobel Prize for Literature born?,outdated,South Korea,no_match,5,2021-10-07,https://www.theguardian.com/books/2021/oct/07/abdulrazak-gurnah-wins-the-2021-nobel-prize-in-literature,,,"His subtle oeuvre is as robust about the brutal flaws of the mercantile culture he left as the atrocities of British and German colonialism, not least during the first world war, and the ‘random acts of terror’ he experienced as a black person in Britain - converting them into a comic triumph in his 1988 novel Pilgrims Way.” Gurnah was born in 1948, growing up in Zanzibar. When Zanzibar went through a revolution in 1964, citizens of Arab origin were persecuted, and Gurnah was forced to flee the country when he was 18. He began to write as a 21-year-old refugee in England, choosing to write in English, although Swahili is his first language. His first novel, Memory of Departure, was published in 1987. He has until recently been professor of English and postcolonial literatures at the University of Kent, until his retirement. Worth 10m Swedish krona (£840,000), the Nobel prize for literature goes to the writer deemed to be, in the words of Alfred Nobel’s will, “the person who shall have produced in the field of literature the most outstanding work in an ideal direction”. Winners have ranged from Bob Dylan, cited for “having created new poetic expressions within the great American song tradition”, to Kazuo Ishiguro “who, in novels of great emotional force, has uncovered the abyss beneath our illusory sense of connection with the world”. According to Ellen Mattson, who sits on the Swedish Academy and the Nobel committee: “Literary merit. That’s the only thing that counts.” The Nobel prize for literature has been awarded 118 times. Just 16 of the awards have gone to women, seven of those in the 21st century."
dragged-0071,dragged,In what country was the most recent winner of the Nobel Prize for Literature born?,outdated,South Korea,no_match,6,2025-04-03,https://www.nobelprize.org/prizes/lists/all-nobel-prizes-in-literature/,,,The Nobel Prize in Literature has been awarded 117 times to 121 Nobel Prize laureates between 1901 and 2024. Click on the links to get more information.
dragged-0071,dragged,In what country was the most recent winner of the Nobel Prize for Literature born?,outdated,South Korea,no_match,7,2021-07-06,https://researchinpoland.org/polish-nobel-prize-winners/,,,"Polish Nobel Prize Laureates The Nobel Prize is the highest honour that scientists and writers can receive for their work. Nobel Prizes are awarded in the fields of Physics, Chemistry, Physiology or Medicine, Literature, and Peace. Alfred Nobel characterized the Peace Prize as “to the person who has done the most or best to advance fellowship among nations, the abolition or reduction of standing armies, and the establishment and promotion of peace congresses"" Alfred Nobel’s will – The establishment of the Nobel Prize, www.nobelprize.org. Nobel Foundation Polish Nobel Prize Laureates Olga Tokarczuk Born: 29 January 1962, Sulechow, Poland The Nobel Prize in Literature 2018 Prize motivation: “for a narrative imagination that with encyclopedic passion represents the crossing of boundaries as a form of life. "" Olga Tokarczuk – mysticism, feminism and a conservative battlefield Olga Tokarczuk was awarded the Nobel Prize in Literature for 2018 in December 2019, becoming the fifth Polish-language laureate. For decades, she has been the best-selling author in Poland. Tokarczuk gained international popularity after becoming the first Polish author to win the Man Booker International Award in 2018 for Flights (Bieguni). What is significant about Tokarczuk’s works is a unique, mythical tone. Her novels are often puzzling and complicated, as readers face frequent shifts of centuries, places, perspectives, and mythologies. Tokarczuk was born in 1962 in Sulechow, near Zielona Gora, in Western Poland. She graduated from Psychology at the University of Warsaw, where she began to write – publishing poems and some shorter prose writings. Tokarczuk is considered to be one of the most successful Polish writers in history. She has received numerous awards and distinctions and is an activist and a public intellectual. In a conservatively tuned country like Poland, her views are often seen as controversial, as she is a leftist, a vegetarian, an atheist, and a feminist."
dragged-0071,dragged,In what country was the most recent winner of the Nobel Prize for Literature born?,outdated,South Korea,no_match,8,2024-07-24,https://www.quora.com/Which-countries-have-won-a-Nobel-Prize-for-Literature-Is-there-any-data-or-statistics-available-on-this-topic,,,Who won the most recent Nobel Prize for literature? Nobel Prize for Literature 2020 was awarded to American poet Louise Glück. She has ...
dragged-0071,dragged,In what country was the most recent winner of the Nobel Prize for Literature born?,outdated,South Korea,no_match,9,2023-10-05,https://www.youtube.com/watch?v=EGh6g1EkGZ0,,,"... Born in 1959 on Norway's western coast, the 64 ... Norwegian writer Jon Fosse awarded Nobel Prize in Literature • FRANCE 24 English."
dragged-0080,dragged,how many cracker barrels in the united states?,outdated,Over 660,,0,2025-02-05,https://www.scrapehero.com/location-reports/Cracker%20Barrel-USA/,,,"Number of Cracker Barrel restaurants in the United States in 2025 How many Cracker Barrel restaurants are there in the United States? There are 657 Cracker Barrel restaurants in the United States as of February 05, 2025. The state and territory with the most number of Cracker Barrel locations in the US is Florida, with 60 restaurants, which is about 9% of all Cracker Barrel restaurants in the US. * Open hours are not displayed here as it is too big to show on a reasonably sized screen. Download this data in any format We provide all of our data sets as an Excel / CSV file. Please contact us if you need this POI dataset as JSON, Esri Shapefile, GeoJSON, KML (Google Earth) or any other custom format at an additional cost per format. Legal Disclaimer: ScrapeHero is an equal opportunity data service provider, a conduit, just like an ISP. We just gather data for our customers responsibly and sensibly. We do not store or resell data. We only provide the technologies and data pipes to scrape publicly available data. The mention of any company names, trademarks or data sets on our site does not imply we can or will scrape them. They are listed only as an illustration of the types of requests we get. Any code provided in our tutorials is for learning only, we are not responsible for how it is used."
dragged-0080,dragged,how many cracker barrels in the united states?,outdated,Over 660,,1,2022-09-12,https://vinepair.com/articles/map-states-cracker-barrel/,,,"The Number of Cracker Barrels in Every State [MAP] Famed for its all-you-can-eat biscuits, wrap-around porches with a plethora of rocking chairs, and infamous peg game, Cracker Barrel is an iconic American staple with over 650 locations across the country. Open since 1969, the beloved breakfast chain has served over 75 million pancakes and a whopping 210 million biscuits annually. The restaurant isn’t just popular for its food, however. The Cracker Barrel Old Country Store, which can be found inside each restaurant, sells over 70,000 rockers per year and over 3.5 million pieces of women’s apparel. Today, the chain is worth an impressive $3 billion. Originally founded in Tennessee, Cracker Barrel has a close connection with the music industry — in 2012, the restaurant released an exclusive Dolly Parton CD that went gold. Five years later, Parton again partnered with Cracker Barrel along with a cappella group Pentatonix to remake her chart-topping “Jolene,” which later went on to earn a Grammy Award for Best Country Duo/Group Performance. With a mission of “pleasing people,” Cracker Barrel Old Country Store Foundation donates millions each year to organizations like Second Harvest Food Bank of Middle Tennessee, and in 2021, the chain partnered with Feeding America to launch the Cracker Barrel Food for Families initiative. In 2005, it also launched Cracker Barrel Cares, an initiative designed to provide financial aid to employees experiencing financial hardship. Don't Miss A DropGet the latest in beer, wine, and cocktail culture sent straight to your inbox. Whether you’re coming for the family-style breakfast platters or just need a place to stretch your legs during your next road trip, read on to discover which states have the most Cracker Barrels — and see how your home state compares to others across the country."
dragged-0080,dragged,how many cracker barrels in the united states?,outdated,Over 660,,2,2025-03-02,https://en.wikipedia.org/wiki/Cracker_Barrel,,,"Cracker Barrel Old Country Store, Inc., trading as Cracker Barrel, is an American chain of restaurant and gift stores with a Southern country theme. The company's headquarters are in Lebanon, Tennessee, where Cracker Barrel was founded by Dan Evins and Tommy Lowe in 1969. The chain's early locations were positioned near Interstate Highway exits in the Southeastern and Midwestern United States, but expanded across the country during the 1990s and 2000s. As of August 10, 2023, the company operates 660 stores in 45 states. Cracker Barrel's menu is based on traditional Southern cuisine, with appearance and decor designed to resemble an old-fashioned general store. Each location features a front porch lined with wooden rocking chairs, a stone fireplace, and decorative artifacts from the local area. Cracker Barrel partners with country music performers. It engages in charitable activities, such as its assistance to victims of Hurricane Katrina and injured war veterans. History Founding: 1969–1980 Cracker Barrel was founded in 1969 by Dan Evins, a representative for Shell Oil, who developed the restaurant and gift store concept initially as a plan to improve gasoline sales.[5] Designed to resemble the traditional country store that he remembered from his childhood, with a name chosen to give it a Southern country theme,[6] Cracker Barrel was intended to attract the interest of highway travelers.[5] The name comes from the barrels of soda crackers that could be found for sale in small-town stores across the American South in the early 1900s; people would stand around the barrels chatting and catching up, similar in purpose to contemporary office water coolers.[7] Evins incorporated Cracker Barrel in February 1970,[5] and soon opened more locations."
dragged-0080,dragged,how many cracker barrels in the united states?,outdated,Over 660,,3,2024-11-26,https://www.statista.com/statistics/868969/cracker-barrel-number-of-stores-us/,,,"Statista R identifies and awards industry leaders, top providers, and exceptional brands through exclusive rankings and top lists in collaboration with renowned media brands worldwide. For more details, visit our website. Why Statista See why Statista is the trusted choice for reliable data and insights. We provide one platform to simplify research and support your strategic decisions. Read more Cracker Barrel's store count in the United States 2011-2024 The number of Cracker Barrel Country Store establishments in the United States decreased from 2022 to 2024. In 2024, there were 658 Cracker Barrel stores in the U.S., down from 661 the previous year. The company's store count peaked at 664 in 2021 and 2022. Number of Cracker Barrel Old Country Store establishments in the United States from 2011 to 2024 Currently, you are using a shared account. To use individual functions (e.g., mark statistics as favourites, set statistic alerts) please log in with your personal account. If you are an admin, please authenticate by logging in again. Cracker Barrel. (September 27, 2024). Number of Cracker Barrel Old Country Store establishments in the United States from 2011 to 2024 [Graph]. In Statista. Retrieved April 03, 2025, from https://www.statista.com/statistics/868969/cracker-barrel-number-of-stores-us/ Cracker Barrel. ""Number of Cracker Barrel Old Country Store establishments in the United States from 2011 to 2024."" Chart. September 27, 2024. Statista. Accessed April 03, 2025. https://www.statista.com/statistics/868969/cracker-barrel-number-of-stores-us/ Cracker Barrel. (2024)."
dragged-0080,dragged,how many cracker barrels in the united states?,outdated,Over 660,,4,,https://www.crackerbarrel.com/newsroom/get-to-know-us,,,"Headquartered just outside Nashville in Lebanon, Tennessee · Founded in 1969 · Over 660 stores in 45 states (all U.S. locations) ..."
dragged-0080,dragged,how many cracker barrels in the united states?,outdated,Over 660,,5,2025-01-02,https://www.yahoo.com/lifestyle/us-state-highest-number-cracker-140004767.html,,,"The US State With The Highest Number Of Cracker Barrel Locations Known for old fashioned country fare -- and a staple on cross-country road trips -- Cracker Barrel is practically an American institution. The popular restaurant chain has been around since 1969, and although it has southern roots in Tennessee, the brand has since expanded across the United States. One state in particular, however, has the highest number of Cracker Barrel restaurant. That state is Florida, which as a retirement haven appeals to Cracker Barrel's mostly older demographic. According to Cracker Barrel's website, Florida currently has roughly 50 Cracker Barrel options that span the state from end to end. These locations range from Orlando and Jacksonville to West Palm Beach and Destin, with Cracker Barrel shops in proximity no matter where you're traveling within Florida. That's good news for anyone visiting or living in the Sunshine State; you'll never be too far from one of Cracker Barrel's trademark homestyle breakfasts. As for where else in the country you can find a Cracker Barrel outpost? Per the restaurant's website, stores are wide-reaching and far-ranging. In fact, the majority of states have a Cracker Barrel, with just six states among the outliers. Order Your Favorite Homestyle Dishes At A Cracker Barrel In The Sunshine State No matter where in the country you are, you're likely not too far from a hot biscuit with butter or, during the holidays, a ready-made Cracker Barrel Thanksgiving dinner. Per the company's website, 44 states boast at least one Cracker Barrel. As of late 2024, those locations amounted to more than 600 total Cracker Barrel restaurants across the United States. Notably excluded states include Alaska and Hawaii, as well as Washington, Oregon, Vermont, and Wyoming. As for the geographic regions where Cracker Barrel dominates? Given the chain's southern origins -- and prevalence in Florida -- it shouldn't come as a surprise that the south is a Cracker Barrel haven."
dragged-0080,dragged,how many cracker barrels in the united states?,outdated,Over 660,,6,2025-03-06,https://crackerbarrellmenu.us/cracker-barrel-locations/,Over 660,correct,"Cracker Barrel Locations USA 2025 Welcome to Cracker Barrel, a well-loved restaurant and shop with over 660 locations across the United States. Each restaurant has a cozy country store decorated with charming, old-fashioned items and unique gifts. Many places are conveniently near highways, making them ideal stops for travelers and families. The friendly atmosphere encourages guests to relax, browse the gift shop, and enjoy delicious Southern meals. You can quickly locate the nearest Cracker Barrel restaurant, which offers delicious breakfast options such as fluffy pancakes, biscuits with gravy and popular lunch and dinner dishes like fried chicken and country ham. With an emphasis on fresh components and home-cooked flavors, Cracker Barrel delivers a warm, comforting dining experience that feels like home. Browse List of Cracker Barrel’s Locations by States Locating a Cracker Barrel near you is easy! Below, we’ve listed all the states. Just choose your state to find the closest location and enjoy a delicious meal at Cracker Barrel or check out the full menu. What’s at Cracker Barrel? Country Store: Many locations have a gift shop with unique items, old-fashioned candies, toys, and more. To-Go and Catering: Take Cracker Barrel meals to go or order catering for your next event. Accessible for All: Most locations have accessible parking and dining to welcome everyone. Stay Updated with Cracker Barrel Check here or on Cracker Barrel’s website for updates on seasonal foods, local events, and special offers. Whether you’re a local or just passing through, Cracker Barrel has a warm meal and friendly service waiting for you."
dragged-0080,dragged,how many cracker barrels in the united states?,outdated,Over 660,,7,2024-11-26,https://www.statista.com/statistics/868823/cracker-barrel-number-of-stores-by-ownership-type-us/,,,"""Number of Cracker Barrel Old Country Store establishments in the United States from 2016 to 2024, by type of ownership."" Chart. September 27, 2024. Statista. Accessed April 03, 2025. https://www.statista.com/statistics/868823/cracker-barrel-number-of-stores-by-ownership-type-us/ Cracker Barrel. (2024). Number of Cracker Barrel Old Country Store establishments in the United States from 2016 to 2024, by type of ownership. Statista. Statista Inc.. Accessed: April 03, 2025. https://www.statista.com/statistics/868823/cracker-barrel-number-of-stores-by-ownership-type-us/ Cracker Barrel. ""Number of Cracker Barrel Old Country Store Establishments in The United States from 2016 to 2024, by Type of Ownership."" Statista, Statista Inc., 27 Sep 2024, https://www.statista.com/statistics/868823/cracker-barrel-number-of-stores-by-ownership-type-us/ Cracker Barrel, Number of Cracker Barrel Old Country Store establishments in the United States from 2016 to 2024, by type of ownership Statista, https://www.statista.com/statistics/868823/cracker-barrel-number-of-stores-by-ownership-type-us/ (last visited April 03, 2025) Number of Cracker Barrel Old Country Store establishments in the United States from 2016 to 2024, by type of ownership [Graph], Cracker Barrel, September 27, 2024. [Online]."
dragged-0080,dragged,how many cracker barrels in the united states?,outdated,Over 660,,8,2023-11-23,https://247wallst.com/special-report/2023/11/23/the-number-of-cracker-barrels-in-every-state/,,,"Reno, Nevada. That is about 2,200 highway miles from the site of the original Cracker Barrel. The first Cracker Barrel opened in Lebanon, Tennessee, just east of Nashville, in 1969. The company’s headquarters are still located in Lebanon. As the company’s state of origin, Tennessee is home to a whole lot of Cracker Barrels. However, two states now boast more of these country-themed restaurants than the Volunteer State. On the flip side, there are five states that have no Cracker Barrel restaurants. (There are also no Cracker Barrels in Washington, D.C., or any U.S. territories such as Puerto Rico.) Twenty more states have five or fewer Cracker Barrel locations. Location-Specific Décor As you look for Cracker Barrels along your travel route, it is interesting to note that each of the chain’s 665 locations is decorated with authentic American artifacts. Reproductions are strictly forbidden. Not only that, but each location’s décor is unique. The company’s décor team chooses items that reflect the history and culture of the area where the restaurant is located, meaning the décor in the Bakersfield, California Cracker Barrel will be quite different from that of the store in Wilkes Barre, Pennsylvania. In this way, each restaurant also becomes a local museum of sorts. It’s one more pretty neat reason to seek out a Cracker Barrel while traveling. While many of these antiques are unique to a store’s specific area, there are a few items that are universal. Every Cracker Barrel location features a traffic light over the restrooms, an ox yoke and a horseshoe hanging over the front door, an antique cookstove (usually found in the retail area), a taxidermy deer head hanging above a wood-burning fireplace, and a barrel with a checkerboard in front of that fireplace. Cracker Barrel has a décor warehouse in Tennessee that is filled with around 90,000 pieces awaiting their permanent home in a future store."
dragged-0084,dragged,How many tornadoes have been confirmed so far in the United States this year?,outdated,"at least 1,759",,0,2024-11-01,https://disasterphilanthropy.org/disasters/2024-us-tornadoes/,,,"June saw 131 tornadoes, with only June 5 exceeding 20 twisters. The severe weather on June 12-13 in the central part of the country is under investigation as a potential billion-dollar disaster. At least 20 tornadoes roared through Iowa, Massachusetts, Nebraska, Pennsylvania and Rhode Island at the end of the month. While most were small, there was an EF-3 in Whitman, Nebraska. Rhode Island saw its first tornado in June since 1950 on June 26. May 2024 NOAA/NCEI states that there were 570 tornadoes in May, which is a significant increase from the 1991-2020 average of 268.4 tornadoes and the highest count ever recorded in May. Twisters have been reported in almost half the states in the country, and there were only two days in the month without at least one tornado. Out of the six billion-dollar weather and climate disasters were confirmed in May, three of them included tornadoes. May 6-10 Multiple tornadoes spawned from violent storms across the U.S., resulting in multiple casualties and injuries. There were 1,400 severe weather reports and 165 tornadoes confirmed across several states from May 6 to May 10. NCEI said that: “This multi-day tornado outbreak produced at least 61 EF-0, 79 EF-1, 13 EF-2, three EF-3, one EF-4 tornado and dozens of EF-U (unknown/unrated) tornadoes, causing widespread damage to many homes, businesses, vehicles, agriculture and other infrastructure. The towns of Barnsdall and Bartlesville, Oklahoma were impacted by a violet EF-4 tornado that caused extensive damage.” May 19-26 According to NOAA/NCEI, “220 preliminary tornadoes were reported across many midwestern states over this continuous tornado-producing period."
dragged-0084,dragged,How many tornadoes have been confirmed so far in the United States this year?,outdated,"at least 1,759",,1,2024-11-02,https://www.ncei.noaa.gov/access/monitoring/monthly-report/tornadoes,,,"According to preliminary data from NOAA's Storm Prediction Center, there were 39 tornadoes reported during November. This was below the 1991-2020 average of 54.1 tornadoes for the month. Ten of the 30 days in November had at least one reported tornado, and only three days had 5 or more tornadoes — November 2, 4, and 17. The majority of the month's tornadoes developed on November 4, which is the primary tornado event of the month and will be further detailed below. The 2024 year-to-date U.S. preliminary tornado count is 1,762, which is among the highest tornado counts on record for the same January-November period. Only 2011, 2008 and 2004 have a similar high count of tornadoes. The most damaging tornadoes of the month occurred late November 3 into November 4. Impacts in eastern Oklahoma, northeastern Texas, southern and eastern Missouri, and northwestern Arkansas were caused by a preliminary count of 18 tornadoes. The strongest and most damaging tornadoes impacted Oklahoma including a few that traversed the Oklahoma City metro region. Early on November 3 there was a brief EF-3 tornado that impacted Valley Brook, Oklahoma causing damage to vehicles, homes, businesses and ripping the roof from an elementary school, among other infrastructure damage. A second EF-3 tornado also caused damage near Harrah, Oklahoma. On November 4, there was also an EF-2 tornado that impacted Rogers, Arkansas causing damage to homes, vehicles, businesses and vegetation. The remaining tornadoes were EF-1 and EF-0 with impacts across Missouri, Arkansas and Texas. For the November 3-4 tornadoes noted above, there were at least eleven reported injuries and no fatalities. Did You Know? Tornado Count Final monthly tornado counts are typically less than the preliminary count. This can be due to some phenomena being inaccurately reported as tornadic activity or a single tornado being reported multiple times."
dragged-0084,dragged,How many tornadoes have been confirmed so far in the United States this year?,outdated,"at least 1,759",,2,2025-01-10,https://www.ncei.noaa.gov/access/monitoring/tornadoes/,,,Tornado statistics for the Contiguous U.S. are provided by the Storm Prediction Center (SPC) and are available from November 1950—November 2024.
dragged-0084,dragged,How many tornadoes have been confirmed so far in the United States this year?,outdated,"at least 1,759",,3,2025-01-08,https://en.wikipedia.org/wiki/Tornadoes_of_2024,"at least 1,759",correct,"The year started off somewhat slow with a below average number of tornadoes through the first three months. However, the El Niño pattern that was in place during that period weakened in April; the pattern shift caused the more traditional Tornado Alley zone to rapidly become extremely favorable for tornado outbreaks, and several large outbreaks occurred in late spring. In a month-long span between April 26 and May 26, almost 700 tornadoes touched down across the United States, causing widespread destruction and hundreds of casualties. Average to above average activity continued through essentially the rest of the year as several derechos and multiple outbreaks spawned by tropical cyclones occurred across the United States. As a result, 2024 ended as the second most active year on record for tornadoes, with 1,880 preliminary reports and at least 1,759 confirmed tornadoes. Only 2004 had more tornadoes with 1,817. This year surpassed 2019 as the busiest year ever recorded in Oklahoma, with at least 152 confirmed tornadoes.[1] 2024 was also the busiest year on record for tornadoes in Florida, Illinois, Iowa, New York, Ohio and West Virginia.[citation needed] Europe According to the European Severe Storms Laboratory, there have been 1,030 confirmed reports of tornadoes and waterspouts in Europe in 2024 (to date January 4, 2025), resulting in one fatality and 25+ injuries.[3] January January 3 (Belgium) A tornado struck the communities of Onze-Lieve-Vrouw-Waver and Putte in Belgium. Multiple houses had roofing material torn off, one of which sustained collapse of a gable. Garages, outbuildings, and greenhouses were destroyed and gravestones were damaged at a cemetery. Trees and fences were toppled over as well. One person and several horses were injured."
dragged-0084,dragged,How many tornadoes have been confirmed so far in the United States this year?,outdated,"at least 1,759",,4,2025-01-05,https://en.wikipedia.org/wiki/List_of_United_States_tornadoes_from_January_to_March_2024,,,"This page documents all tornadoes confirmed by various weather forecast offices of the National Weather Service in the United States from January to March 2024. Tornado counts are considered preliminary until final publication in the database of the National Centers for Environmental Information.[1] Based on the 1991–2020 average, about 39 tornadoes are typically recorded across the United States during January, about 36 tornadoes are recorded in February, and about 80 tornadoes are recorded in March.[2] These tornadoes are commonly focused across the Southern United States due to their proximity to the unstable air mass and warm waters of the Gulf of Mexico, as well as California in association with winter storms in those three months.[3] With the arrival of spring, activity begins to shift northward especially later in March.[4] January saw near-average levels of tornado activity with 44 tornadoes, focused heavily on a single outbreak early in the month in the climatologically-favored Deep South. February had slightly above-average levels of tornado activity with 46 tornadoes. Many of those tornadoes occurred much further north than is typical for the month, in the Midwest and Great Lakes regions, including Wisconsin, which experienced tornadoes in February for the first time since modern record began in 1950. About half of the tornadoes during the month touched down during an outbreak at the end of the month. The amount of tornadic activity did not increase after the first two months of the year and March had well below-average activity with just 55 tornadoes. The bulk of the tornadoes that occurred in March came during a destructive outbreak in the middle of the month. Additionally, for the first time since 2018, no violent tornadoes occurred in the United States in March. A brief high-end EF0 tornado caused damage in Supreme. A poorly anchored and frail mobile home was tossed into a fire station building and a few other mobile homes had their roofs damaged. Tree and power pole damage also occurred.[9]"
dragged-0084,dragged,How many tornadoes have been confirmed so far in the United States this year?,outdated,"at least 1,759",,5,2024-05-17,https://spectrumlocalnews.com/mo/st-louis/weather/2024/05/17/tornadoes-by-the-numbers--is-2024-seeing-more-twisters-,,,"Are we seeing more tornadoes than we used to, or is this just par for the course at this time of the year? Severe season Dr. Harold Brooks, Senior Research Scientist with NOAA/National Severe Storms Laboratory in Norman Oklahoma, says this is the time of the year when the greatest number of tornadoes is observed. Historically, May has produced the most violent twisters. Joplin, Missouriâs EF5 tornado occurred on May 22, 2011, and Moore, Oklahomaâs EF5, the last EF5 to touch down in the United States, happened on May 20, 2013. Above-average count The tornado archives began in 1950, with averages compiled from 1991 to 2020. According to the Storm Prediction Center, preliminary data from Jan. 1 â May 16, lists 806 counts of tornadoes from local storm reports for the year so far. Courtesy of NOAA Storm Prediction Center The SPC analyzed April, noting 384 preliminary tornado reports, more than double the 1991-2020 April average (182). This was the highest count on record, since April 2011 and is second only to that same year. Overestimations of tornadoes âIn realtime, the National Weather Service collects what are called preliminary local storm reports. For tornadoes, these can be thought of as eyewitness reports of the tornado.â Reports such as damage or video of a tornado are documented, showing the location of the damage and tornado. Each report will count as one tornado preliminary report. However, he mentions that sometimes there may be multiple reports of the same tornado, especially longer-track ones, leading to overestimated tornado counts."
dragged-0084,dragged,How many tornadoes have been confirmed so far in the United States this year?,outdated,"at least 1,759",,6,2024-05-29,https://www.usatoday.com/story/news/weather/2024/05/29/is-2024-a-record-year-for-tornadoes/73875481007/,,,"So far, the weather service puts the number of tornadoes at 857 though May 27, based on preliminary reports. Meteorologists interviewed by USA ..."
dragged-0084,dragged,How many tornadoes have been confirmed so far in the United States this year?,outdated,"at least 1,759",,7,2024-09-30,https://www.weather.gov/rlx/2024-WV-tornadoes,,,"An tornado of unknown intensity (due to lack of damage) occurred in Pocahontas County on September 25, 2024. This brings the number of documented tornadoes across West Virginia in 2024 to 20, setting a new record for the most tornadoes in a calendar year for the state. Here's a look at the tornadoes that have been documented: The first tornado to be documented since West Virginia became a state occurred in 1875 in Ritchie County. Since then 192 tornadoes have been documented across the state. The most active year up until 2024 was 1998 when 14 tornadoes occurred. Nine tornadoes were documented in 2014 and eight occurred in 2016. We are not alone in West Virginia as this has been an active year for tornadoes across the United States. Below are charts showing the preliminary tornado counts across the United States updated daily by the Storm Prediction Center. You may be wondering what is causing this increase in the number of tornadoes? This may be nothing abnormal at all! The numbers have increased in large part due to the fact that we are just finding more of the weaker EF0 and EF1 tornadoes. Due to the prevalence of security cameras, cell phones and social media, many more of these tornadoes are being recorded now than was possible in the past. Drones have also improved our ability to diagnose tornado damage vs. straight-line wind damage. It can be rather challenging sometimes figuring out whether damage was caused by a weak tornado or straight-line winds. This is especially true in hard to access areas or where there's not very many damage indicators. Before drones became commonplace, NWS survey teams were limited to what they could see from the road since aerial reconnaissance had to be done by costly fixed-wing planes or helicopters. Drones can now give us a complete picture of the damage, even in hard to access areas, and they have allowed us to be more accurate in what we call tornado vs. straight-line wind damage."
dragged-0084,dragged,How many tornadoes have been confirmed so far in the United States this year?,outdated,"at least 1,759",,8,2024-05-15,https://www.3newsnow.com/weather/weather-blog/2024-is-the-second-most-active-tornado-year-on-record-so-far,,,"Actions 2024 is the second most active tornado year on record so far If you are more news-savvy, you may have noticed that this year has featured a lot of tornadoes and severe weather stories. If you have noticed this, there is a reason. Perhaps you might wonder how the Arbor Day Tornado Outbreak locally fits into the severe weather season. According to the Storm Prediction Center, 2024 has been the second-most active tornado year on record by tornado reports. So, how many tornadoes have there been? Will we continue to see an active tornado season? As of May 15, there have been 787 preliminary tornado reports sent to the Storm Prediction Center. There is an important distinction here between tornado reports and actual tornadoes. One tornado can have numerous reports, but it will be classified as a single tornado in the final count. As of writing this on May 15, 658 tornadoes have been confirmed in the United States. Here is the breakdown by their EF-rating: EF-U - 55 EF-0 (65-85 mph) - 200 EF-1 (86-110 mph) - 306 EF-2 (110-135 mph) - 75 EF-3 (136-165 mph) - 16 EF-4 (166-200 mph) - 2 EF-5 (200+ mph) - 0 SPC Preliminary tornado reports from the Storm Prediction Center in Norman, Oklahoma as of May 15. Before late April, the majority of the severe weather was focused on the Ohio River Valley and the southeast. The Florida panhandle saw the first tornado outbreak of the year on January 10. Wisconsin had its first February tornado on record in mid-February, and Chicago saw multiple tornadoes in late February. A tornado outbreak in mid-March brought numerous strong tornadoes to Indiana and Ohio. The April 26 Arbor Day Outbreak brought the traditional tornado alley roaring back to life when numerous strong tornadoes hit the Omaha area."
dragged-0086,dragged,what is the most visited country in south america,outdated,Argentina,,0,2024-07-02,https://www.statista.com/statistics/305482/latin-american-countries-with-the-most-international-tourist-arrivals/,,,"Statista R identifies and awards industry leaders, top providers, and exceptional brands through exclusive rankings and top lists in collaboration with renowned media brands worldwide. For more details, visit our website. Why Statista See why Statista is the trusted choice for reliable data and insights. We provide one platform to simplify research and support your strategic decisions. Read more Most visited Latin American countries 2023 Mexico was the most visited destination by international tourists in Latin America in 2023, surpassing 42 million tourist arrivals in that year. In the second place, but far behind, was the Dominican Republic. A global tourism powerhouse By developing airport infrastructure and calibrating new direct flights, Mexico has set international tourism high on its priorities list. At the forefront of Mexico's spike in international tourism is the FONATUR, or Mexico's National Fund for Tourism Development. The tourism body worked in the expansion of Cancun's airport and other four key tourist airports in the country. Plus, Mexico City's airport added new international direct flights in the 2010s, resulting in being rated as the best internationally connected airport in Latin America in 2019. With this and other developments in this sector, the North American country managed to rank among the top 20 destinations in the Travel and Tourism Competitiveness Ranking that year. Currently, you are using a shared account. To use individual functions (e.g., mark statistics as favourites, set statistic alerts) please log in with your personal account. If you are an admin, please authenticate by logging in again."
dragged-0086,dragged,what is the most visited country in south america,outdated,Argentina,,1,2023-07-09,https://www.bbva.com/en/what-is-south-americas-most-popular-tourist-destination/,,,"What is South Americaâs most popular tourist destination? Tourism in Latin America has increased considerably in recent years. In 2015, 96.6 million foreign tourists decided to visit the region, the highest figure in a decade. International arrivals at South America grew 4% last year, according to the World Tourism Organization. TripAdvisor recently announced its Travellerâs Choice Awards for destinations. The winners were determined using an algorithm that took into account the quantity and quality of reviews and ratings for hotels, restaurants and attractions in destinations worldwide, gathered over a 12-month period, as well as traveler booking interest on TripAdvisor,â as confirmed by Laura MartÃ­nez, Media Executive of the webpage. 10. Bogota, Colombia The Colombian capital, one of the two destinations in the Andean country included in the ranking, takes the tenth spot in TripAdvisorâs list. Bogota is home to the first library founded in the American continent, in 1777, the gigantic 283 hectare SimÃ³n BolÃ­var park, the Gold Museum and its wonderful collection of pre-Hispanic metalwork, the Monserrate or the historic La Candelaria district, to name a few of its landmarks. 9. Jijoca de Jericoacoara, Brazil This small municipality has become a top destination for lovers of watersports and nature. With a short history in the tourism industry, Jericoacoara welcomes thousands of tourists offering them attractions such as its national park or its incredible Duna do Por do Sol. 8. Santiago de Chile, Chile With a population of a bit over 6,158,000, Chileâs capital is the only city of the country that made it to the list. Nevertheless, the city's abundant tourist attractions justify its excellent ratings by travelers. Cerro San Cristobal and Cerro Santa Lucia, La Moneda Palace, the 18th century Metropolitan Cathedral, la Chascona or the Central Market are just some of the landmarks of the city. 7."
dragged-0086,dragged,what is the most visited country in south america,outdated,Argentina,,2,2023-11-20,https://www.reddit.com/r/asklatinamerica/comments/17zuw5j/why_does_south_american_countries_receive_very/,,,Colombia is the most visited country in South America now.
dragged-0086,dragged,what is the most visited country in south america,outdated,Argentina,,3,2024-01-24,https://worldlyadventurer.com/most-visited-countries-south-america/,Argentina,correct,"The 11 Most Visited Countries in South America This article may contain affiliate links. Read my privacy page for more information. South America is filled with opportunities for adventure. There are so many things to see and do, it may be difficult to decide on a particular destination. Whether you’re after a beach getaway, jungle trek, archeological ruins, or the buzz of the city, you’ll be spoiled for choice. I’m here to let you in on which countries are growing in popularity, and why. So which countries see the most travelers annually, and how do these numbers stand to change in the coming years? We’ve researched and considered a number of factors for our projections, including local attractions, infrastructure, visitor trends, and demand, crime rates, as well as the political, social, and economic situation in each country. Because of the disruption to international tourism caused by COVID-19, we’re using data from 2019, the last full year prior to the outbreak, provided by The World Bank database. As with other regions in the world, numbers are steadily climbing nearer to pre-Covid levels in South America. South America’s diversity means it can feel like you’ve traveled the entire world by exploring just this one continent. Mexico continues to dwarf South America for the sheer number of tourist arrivals, with Mexico City the most-visited capital in Latin America (the Dominican Republic is the second most-visited country). However, South American travel is slowly closing the gap. 1. Argentina The top destination for international tourists in South America continues to be Argentina. In 2019, 7,399,000 travelers entered the country. The number of annual visitors rose sharply in 2010 and had since plateaued at around seven million. Argentina’s Los Glaciares National Park contains some of the country’s most spectacular mountain scenery."
dragged-0086,dragged,what is the most visited country in south america,outdated,Argentina,,4,2017-04-25,https://www.worldatlas.com/articles/which-countries-of-latin-america-receive-the-greatest-number-of-international-tourists.html,,,"Mexico City is famous for the Pyramid of the Sun and Moon, Shopping District, and the large public plazas. Mexico’s coastline has numerous beaches which are frequented for sunbathing. Some of the ecotourism sites include El Cielo Biosphere, Durango, Pinacate Peaks, and the Gulf of California. Most of the tourists who visit Mexico come from the United States. Other countries with the highest number of tourist visiting Mexico include the United Kingdom, Canada, Colombia, Spain, and Brazil. In 2015, the country recorded 32.09 million international tourists. Brazil Brazil offers tourists a wide range of leisure options to choose from within the range of the many activities available in the country. Nature provides the tourist with a combination of leisure, recreation, and ecotourism. The sun and beaches, especially in Copacabana in Rio de Janeiro, attract especially the sunbathers. The lush green Amazon Rainforest, Iguacu Falls, and Carnival offer a perfect site for nature lovers. The numerous magnificent buildings with gorgeous architectural designs such as Edificio Copan, Panoramic Tower, and colonial buildings have also served as tourist attraction sites in the country. In 2015 the country attracted 6.31 million international tourists mostly from countries such as Argentina, the United States, Chile, Paraguay, France, and Germany. South America remains the primary source of foreign tourists visiting the country. Argentina Argentina’s vast and varied climates and micro-climates, and the presence of such natural wonders as Aconcagua Mountain (the highest point outside the Himalayas), the River Plata (the widest river in the world), the Iguazu Falls, and the Argentine meadow plains are just some of the places that have attracted tourists into the country for years. The country’s customs and culture and the well-developed infrastructure, including modern roads and accommodating hotels, have made the country into one of the most visited in Latin America."
dragged-0086,dragged,what is the most visited country in south america,outdated,Argentina,,5,2020-08-07,https://www.quora.com/What-is-the-most-visited-country-in-South-America,,,Brazil might have the upper hand when considering the most visited destination in South America.
dragged-0086,dragged,what is the most visited country in south america,outdated,Argentina,,6,2025-02-03,https://www.youtube.com/watch?v=Tsxv1KSTUdk,,,MOST VISITED COUNTRIES IN SOUTH AMERICA. 27 views · 14 hours ago SOUTH AMERICA ...more. Michal Laczny. 3.39K. Subscribe. Like. Share.
dragged-0086,dragged,what is the most visited country in south america,outdated,Argentina,,7,2025-02-12,https://www.metrojourneys.com/blog/where-should-i-travel-to-in-south-america/,,,"Best Countries you should visit in South America in 2025 Home / Ecuador / Best Countries you should visit in South America in 2025 Table of Contents The 5 Best South American Countries you should definitely consider visiting this year and why. With a grand total of 12 countries packed into the 4th largest continent in the world, South America easily presents a lot of terrain and culture to cover. Overwhelmed though? Fear not, for here are the Top 5 Countries that our guests and visitors from around the world have agreed (time and time again) are a safe destination to travel to! First things first though. Why should I visit South America? South America is, simply put, a continent teeming with superlatives. If you’ve ever wanted to experience the most of what our fantastic planet has to offer, then South America may very well be the place to visit. This enormous continent comes complete with the longest mountain range in the world, the world’s largest river basin, the driest place on earth, the second largest river (after the Nile), and one of the greatest concentrations of biodiversity on our planet. Not to mention, the continent is home to a vast array of rich cultures, history, traditions, food, and once-in-a-lifetime places to visit in South America. The Best Countries to Visit in South America 12 nations share this incredible piece of Earth, and hence: it’s no small wonder that the very act of traveling to South America might seem daunting at first. “Where do I even begin?” you might ask yourself. Luckily, the unforgettable memories and feedback of our beloved travelers – which we have accompanied on so many journeys throughout this marvelous continent – have shed light on some of the absolute must-see countries in South America. Below, we list the Best 5 Countries in South America to visit and that should definitely be on your radar for this year, along with all the reasons why! And if you are unsure of how safe it is to travel in the near future, here is a blog that will put your mind at ease. Click on the link below and keep on dreaming. Adventure and life are just around the corner… in South America!"
dragged-0086,dragged,what is the most visited country in south america,outdated,Argentina,,8,2018-01-13,https://www.amazonadventures.com/blog/travel-to-south-america-most-visited-countries,,,"To my even bigger surprise, Ecuadorand the Galapagos Islandslagged behind those countries and had just slightly higher numbers than Paraguay. But Ecuador has so much more to offer (in my opinion)! Where else can you find so much variety in such a small area and with such friendly people? What could be behind these strange (to me) numbers? I think that one factor is cruises. There are now many large ships cruising between Chile, Uruguay and Argentina and others that are stopping in Cartagena, Colombia. Many people flock to the coast of Uruguay (Punta del Este, etc.)during high season many people cross the border from Iguassu Falls into Cuided del Este Paraguay just to shop for few hours (I asked our operator at the falls and they thought that was the main reason) I can understand Chile being up there. It is safe and has been getting a lot of publicity as an adventure travel destination as well as for it's variety of areas - desert, beach, mountains/volcanoes and lakes. And this year we have been selling lots of self-drive packages to there. But more people go to Paraguay than to Bolivia? Lake Titicaca and Uyuni are very popular destinations for us and it is a great destination for people who want authentic culture. We've tried offering some interesting sites in Paraguay, but all of the tour operators seem to be only interested in promoting Asuncion, Ciudad del Este and the missions."
dragged-0090,dragged,Who won the latest NBA championship?,outdated,Boston Celtis,,0,2010-05-05,https://en.wikipedia.org/wiki/List_of_NBA_champions,,,"As of 2024[update], the Eastern champions have a 41–36 advantage in NBA titles over the Western champions, with their most recent being the Boston Celtics who have won 18 titles, the most of any team in the league.[15] The 1949–50 Minneapolis Lakers, who won the NBA Finals, are not counted in the Eastern versus Western champions record above as they played in the Central Division. Champions The first parentheses in the Western champions and Eastern champions columns indicate the teams' playoff seed. The second parentheses indicate the number of times that teams have appeared in an NBA Finals as well as each respective team's NBA Finals record to date. Notes ^Minneapolis was the Central Division (now defunct, no relation to the current Central Division) playoff champion, while the Anderson Packers were the Western Division playoff champion.[19] Due to the NBA's realignment into three divisions,[20][21] the team with the best regular season record after the Divisional Finals advanced automatically to the NBA Finals, while the other two teams faced off in the NBA Semifinals to determine the other finalist. Eastern Division playoff champion Syracuse had the best regular season record among the division playoff champions, causing Minneapolis to face Anderson in the NBA Semifinals.[19][22]"
dragged-0090,dragged,Who won the latest NBA championship?,outdated,Boston Celtis,,1,2024-10-21,https://www.espn.com/nba/story/_/id/37736110/who-won-nba-finals-championship-winners-year,,,"ESPN BET is owned and operated by PENN Entertainment, Inc. and its subsidiaries ('PENN'). ESPN BET is available in states where PENN is licensed to offer sports wagering. Must be 21+ to wager. If you or someone you know has a gambling problem and wants help, call 1-800-GAMBLER."
dragged-0090,dragged,Who won the latest NBA championship?,outdated,Boston Celtis,,2,2024-07-16,https://www.foxsports.com/stories/nba/nba-champions-by-year-complete-list-of-nba-finals-winners,,,"This year, the Celtics defeated the Mavs for their NBA best 18th championship. Let's take a look back at the complete list of NBA Finals ..."
dragged-0090,dragged,Who won the latest NBA championship?,outdated,Boston Celtis,,3,2024-06-18,https://www.nba.com/news/history-nba-champions,Boston Celtis,correct,"Download the NBA App. • Season recaps. A year-by-year list of the NBA Finals winners: 2023-24 — Boston Celtics def. Dallas Mavericks, 4-1."
dragged-0090,dragged,Who won the latest NBA championship?,outdated,Boston Celtis,,4,2024-06-17,https://www.youtube.com/watch?v=s-4GqipzqH0,,,Finally after 17 Years Al Horford is now a NBA Champion. 15:22.
dragged-0090,dragged,Who won the latest NBA championship?,outdated,Boston Celtis,,5,2025-01-07,https://www.statmuse.com/nba/ask/nba-championship-winners-last-10-years,,,"The Golden State Warriors won in the 2015 NBA Finals against the Cleveland Cavaliers, 4 games to 2."
dragged-0090,dragged,Who won the latest NBA championship?,outdated,Boston Celtis,,6,2024-08-12,https://www.nba.com/news/history-season-recaps-index,,,"History NBA Season Recaps: A look back at every season since 1946 Take a look back at the storylines, award-winners and much more from each season in NBA history. From NBA.com Staff Updated on August 12, 2024 4:51 PM Looking back at every season from the league’s inception in 1946 to today. Click on a specific year below for a complete season recap, including season in review, season stats leaders, season awards and complete playoff results."
dragged-0090,dragged,Who won the latest NBA championship?,outdated,Boston Celtis,,7,2024-06-18,https://blog.ticketmaster.com/nba-finals-winners/,Boston Celtis,correct,"06-88 victory in Game 5. Brown was named NBA Finals Most Valuable Player after averaging 20.8 points, 5.4 rebounds and five assists in the series. 2022–23 NBA Finals Champions: Denver Nuggets Led by superstar center Nikola Jokic, the Denver Nuggets battled their way through a tough Western Conference to reach the NBA Finals, where they faced off against the Miami Heat, winning the title 4 games to 1. Winning the fifth game, 94-89, after a second-half comeback, the Nuggets hoisted the Larry O’Brien Trophy on June 12, 2023 for the first time in franchise history. Nikola Jokic was unanimously named NBA Finals Most Valuable Player. 2021–22 NBA Finals Champions: Golden State Warriors The Golden State Warriors defeated the Boston Celtics, 4–2, to win the 2021–22 NBA Finals. The final game was played at TD Garden in Boston, Massachusetts, on June 16, 2022, with the Warriors winning, 103–90. Steph Curry of the Golden State Warriors received the Bill Russell NBA Finals Most Valuable Player award for the first time in his career. This was the Golden State Warriors fourth championship in eight years. 2020–21 NBA Finals Champions: Milwaukee Bucks The Milwaukee Bucks became NBA Finals Champions when they defeated the Phoenix Suns, 4–2, at home at Fiserv Forum in Milwaukee, Wisconsin, on July 20, 2021. The Bucks defeated the Suns in Game 6, 105–98. This was the second championship win for the Bucks and their first since 1971."
dragged-0090,dragged,Who won the latest NBA championship?,outdated,Boston Celtis,,8,2023-06-06,https://www.britannica.com/sports/National-Basketball-Association-NBA-champions-2226019,,,"National Basketball Association (NBA) champions, winners of the annual playoff basketballtournament that takes place after every National Basketball Association (NBA) season. The NBA playoffs consist of a 16-team bracket wherein the teams play consecutive best-of-seven-games series in each round. The six teams in each conference (Eastern and Western) with the best regular-season records automatically qualify—and are seeded sequentially—for the postseason. The final two seeds in each conference are determined by a series of play-in games contested between the teams with the 7th- through 10th-best regular-season records: the winner of the 7-8 game becomes the 7th seed; the loser of that game plays the winner of the 9-10 game to determine the 8th seed. The champion is awarded the Larry O’Brien Trophy, which is named after former league commissioner (1975–84) Larry O’Brien. Below is a list of NBA finals results."
dragged-0093,dragged,In what country was the current Miss World born?,outdated,Czech Republic,,0,2024-11-24,https://en.wikipedia.org/wiki/Karolina_Bielawska,,,"Pageantry Miss Polonia 2019 On 24 November 2019, Bielawska represented Łódź at Miss Polonia 2019 and won the title, making her Poland's Miss World 2020 candidate.[6] Miss World 2020 was cancelled due to the COVID-19 pandemic. She retained the Miss World Poland 2021 title. After being selected, she engaged in charity activities, such as volunteering for ""Soup na Pietrynie"", initiator of the Polish National Charity Action ""Korona z Głowy"" supporting those in need during the pandemic, ambassador of the social campaign ""Dotykam = Wygrywam"" acting to fight breast cancer[7] and a participant in the ""FASS OFF"" campaign for the Dom Foundation in Łódź.[8] She supports the Great Orchestra of Christmas Charity[9] and the DKMS Foundation, is an ambassador of the charity action fighting COVID-19 in Peru, the action included in the Ministry of Foreign Affairs ""Polonia4Neighbors"", and as part of the charity project ""Beauty with a purpose"" together with the Foundation ""Zupa na Pietrynie"" created the first bathhouse in Łódź for people who are homeless.[10]"
dragged-0093,dragged,In what country was the current Miss World born?,outdated,Czech Republic,,1,2022-03-16,https://www.facebook.com/MissWorld/,,,"Born on August 31, 1943, in Kingston, Jamaica, she was crowned Miss World in 1963, in London, at the age of 20 and was the first Jamaican and Caribbean woman to ..."
dragged-0093,dragged,In what country was the current Miss World born?,outdated,Czech Republic,,2,2022-03-17,https://www.jagranjosh.com/general-knowledge/karolina-bielawska-biography-1647504598-1,,,"Karolina Bielawska has been crowned the 70th Miss World by previously reigning miss world Toni-Ann Singh of Jamaica at Coca-Cola Music Hall, San Juan, Puerto Rico. Through this article, we take a look at her birth, age, height, weight, hobbies, Instagram and more. Karolina Bielawska Biography: Karolina Bielawska is the winner of the 70th Miss World. She was crowned by previously reigning miss world Toni-Ann Singh of Jamaica at Coca-Cola Music Hall, San Juan, Puerto Rico. Through this article, we take a look at her birth, age, height, weight, hobbies, Instagram and more. Karolina Bielawska Biography Birth 1999 Age 22 Education Lodz University of Technology Height 5 feet 10 inches Weight 50 kg Instagram @karolinabielawska Beauty Pageants Miss World 2021 (winner) Miss Polonia 2019 (winner) Karolina Bielawska Biography: Birth, Age, and Education Karolina Bielawska was born in 1999 in Lodz, Poland. The 22-year-old Miss World is an alumna of the Lodz University of Technology and is currently pursuing her post-graduation in Management and will complete her studies with a PhD. Karolina Bielawska: Pageantry Career Karolina Bielawska is the winner of Miss Polonia 2019. She is the reigning Miss World 2021. Beauty with a Purpose project Karolina Bielawska through her Beauty with a Purpose project, Zupa Na Pietrynie, help homeless people, spread awareness for the homelessness crisis, and fight against social exclusion. Every Sunday her initiative provides hot meals, food packages, drinks, clothing, masks, law advice and professional medical support to almost 300 people in need in Lodz."
dragged-0093,dragged,In what country was the current Miss World born?,outdated,Czech Republic,,3,2024-03-09,https://www.thehindu.com/entertainment/krystyna-pyszkova-from-czech-republic-crowned-miss-world-2024/article67933562.ece,Czech Republic,correct,"India, which hosted the event after 28 years, was represented by 22-year-old Sini Shetty Krystyna Pyszková of Czech Republic waves after she was crowned Miss World in Mumbai on March 9, 2024. | Photo Credit: AP Czech Republic's Krystyna Pyszkova on March 9 won the coveted Miss World 2024 title at a grand event in Mumbai. Miss Lebanon Yasmina Zaytoun was named the first runner-up. Reigning Miss World Karolina Bielawska from Poland crowned her successor at the star-studded finale here. Pyszkova is the second Miss World from Czech Republic after 2006 pageant winner Tatana Kucharova. According to the official Miss World website, Pyszkova is a Czech model who is pursuing separate degrees in law and business administration. Pyszkova, who is in her 20s, is also the founder of the Krystyna Pyszko Foundation. The model, who is fluent in English, Polish, Slovak, and German languages, is an advocate for sustainable development through education. “Her proudest moment was opening an English school for underprivileged children in Tanzania where she also volunteered. She enjoys playing the transverse flute and the violin, and has a passion for music and art having spent nine years in an art academy,” read Pyszkova’s profile on the website. India, which hosted the event after 28 years, was represented by 22-year-old Sini Shetty. The month-long Miss World event featured a series of rigorous competitions, including talent showcases, sports challenges, and charitable initiatives -- all aimed at highlighting the qualities that make these competitors the ambassadors of change. Comments Comments have to be in English, and in full sentences. They cannot be abusive or personal. Please abide by our community guidelines for posting your comments. We have migrated to a new commenting platform. If you are already a registered user of The Hindu and logged in, you may continue to engage with our articles."
dragged-0093,dragged,In what country was the current Miss World born?,outdated,Czech Republic,,4,2022-03-17,https://www.jagranjosh.com/general-knowledge/list-of-miss-world-winners-1639460986-1,,,"List of Miss World Winners (1951-2021) List of Miss World Winners (1951-2021): Kiki Håkansson of Sweden is the first Miss World who was crowned in 1951 while Reita Faria became the first Indian titleholder in 1966. Miss World 2021 winner is Karolina Bielawska of Poland. She was crowned by the previously reigning Miss World Toni-Ann Singh of Jamaica on 17 March 2022 at Coca-Cola Music Hall in San Juan, Puerto Rico. The event that was earlier scheduled for 16 December 2021 was postponed as several contestants tested positive for COVID-19. Check the complete list of Miss World Winners from 1951 to 2021. List of Miss World Winners (1951-2021): Miss World 2021 coronation took place at Coca-Cola Music Hall, San Juan, Puerto Rico at 5:30 am IST where 40 contestants from across the world competed for the coveted crown. Toni-Ann Singh of Jamaica crowned her successor, Karolina Bielawska of Poland, at the event. Miss World 2021 1st Runner Up is Shree Saini from the United States while the 2nd Runner Up is Olivia Yace from Côte d’Ivoire. As the Miss World beauty pageant did not take place in 2020 due to the COVID-19 pandemic, Miss World Toni-Ann Singh is the longest-reigning Miss World to date. The 70th edition of Miss World or Miss World 2021 was postponed by the Miss World Organization hours before the finale as 17 contestants, including Miss India World 2020 Manasa Varanasi, were tested positive for COVID-19. The beauty pageant was postponed due to the health and safety concerns of contestants, staff, crew, and the general public."
dragged-0093,dragged,In what country was the current Miss World born?,outdated,Czech Republic,,5,,https://www.missworld.com/,,,"... Birthday, Julia Morley! Oct 25, 2024 12:51 PM EDT. DR 1. Miss World receives ... country. Aug 13, 2024 4:13 AM EDT. SA 3. Miss World SA finalists spend time ..."
dragged-0093,dragged,In what country was the current Miss World born?,outdated,Czech Republic,,6,2025-04-01,https://www.cnn.com/2025/01/06/style/miss-america-abbie-stockard-intl-hnk/index.html,,,"Alabama nursing student wins Miss America 2025 A new Miss America has been crowned: Abbie Stockard, a 22-year-old Auburn University nursing student and cheerleader who was named Miss Alabama last June ahead of her senior year. Stockard triumphed over 51 other hopefuls — one from each US state, as well as Washington D.C. and Puerto Rico — at the annual pageant in Orlando, Florida on Sunday. Annette Addo-Yobo, the first foreign-born delegate to win Miss Texas, was named runner up, with representatives from Tennessee, Florida and Ohio completing the top five. The pageant began with contestants taking the stage in glittering gold mini dresses and black sashes before they were swiftly narrowed down to 11 finalists based on the results of preliminary events earlier in the week. The top five delegates hold hands on stage. From Miss America Over the course of the evening, finalists vying for the crown (and a $50,000 prize) came together forchoreographed dance performances and competed in several live segments judged by former Olympic athlete Carl Lewis and cheerleader Gabi Butler of Netflix’s “Cheer,” among others. The event included a fitness portion, which replaced swimwear in 2023, and saw contestants parade in red-and-gold athleisure two-pieces, as well as talent, eveningwear and interview rounds. Talent performances included slam poetry (Miss Texas),clogging (Miss Oklahoma) and a jazz dance routine to Lesley Gore’s 1963 hit “You Don’t Own Me” (Miss Wisconsin).Stockard performed a contemporary dance to a song by Christian musician Lauren Daigle, then took the stage in a backless, glittering silver and white gown for her eveningwear look. Elsewhere in the pageant, delegates answered questions on randomly assigned topics such as housing, censorship and the national debt."
dragged-0093,dragged,In what country was the current Miss World born?,outdated,Czech Republic,,7,2024-03-10,https://www.youtube.com/watch?v=jZ-dH8BEgFo,,,"world. Watch big political debates, exclusive entertainment interviews, news bulletins, current affairs, talk shows and tech reviews with ..."
dragged-0099,dragged,How many exoplanets have been discovered?,outdated,5811,no_match,0,2017-02-21,https://science.nasa.gov/exoplanets/how-many-exoplanets-are-there/,,,"How many exoplanets are there? To date, more than 5,000 exoplanets have been discovered and are considered ""confirmed"" out of the billions in our galaxy alone. There are thousands of other ""candidate"" exoplanet detections that require further observations in order to say for sure whether or not the exoplanet is real. Remarkably, the first exoplanets were just discovered in the 1990s. We live in an extraordinary time where in the span of a single generation, the centuries-old question ""Are there planets orbiting other stars?"" has been answered with a resounding ""Yes!"""
dragged-0099,dragged,How many exoplanets have been discovered?,outdated,5811,no_match,1,2023-06-07,https://science.nasa.gov/exoplanets/,,,"Exoplanets An exoplanet is any planet beyond our solar system. Most of them orbit other stars, but some free-floating exoplanets, called rogue planets, are untethered to any star. We’ve confirmed more than 5,800 exoplanets out of the billions that we believe exist. Overview Most of the exoplanets discovered so far are in a relatively small region of our galaxy, the Milky Way. (""Small"" meaning within thousands of light-years of our solar system; one light-year equals 5.88 trillion miles, or 9.46 trillion kilometers.) Even the closest known exoplanet to Earth, Proxima Centauri b, is still about 4 light-years away. We know there are more planets than stars in the galaxy. By measuring exoplanets’ sizes (diameters) and masses (weights), we can see compositions ranging from rocky (like Earth and Venus) to gas-rich (like Jupiter and Saturn). Some planets may be dominated by water or ice, while others are dominated by iron or carbon. We’ve identified lava worlds covered in molten seas, puffy planets the density of Styrofoam and dense cores of planets still orbiting their stars. Exoplanets Get set for launch. “Eyes on Exoplanets” will fly you to any planet you wish—as long as it's far beyond our solar system. This fully rendered 3D universe is scientifically accurate, allowing you to zoom in for a close look at more than 1,000 exotic planets known to orbit distant stars. Exoplanet Types So far scientists have categorized exoplanets into the following types: Gas giant, Neptunian, super-Earth, and terrestrial with subcategories like mini-Neptunes within those groups. Exoplanet Travel Bureau How Do We Find Exoplanets? Exoplanets are far, but scientists have discovered creative ways to spot these seemingly tiny objects."
dragged-0099,dragged,How many exoplanets have been discovered?,outdated,5811,no_match,2,2024-12-27,https://en.wikipedia.org/wiki/Exoplanet,,,"2024, a total of 5,811 confirmed exoplanets are listed in the NASA Exoplanet Archive, including a few that were confirmations of controversial claims from the late 1980s.[58] The first published discovery to receive subsequent confirmation was made in 1988 by the Canadian astronomers Bruce Campbell, G. A. H. Walker, and Stephenson Yang of the University of Victoria and the University of British Columbia.[59] Although they were cautious about claiming a planetary detection, their radial-velocity observations suggested that a planet orbits the star Gamma Cephei. Partly because the observations were at the very limits of instrumental capabilities at the time, astronomers remained skeptical for several years about this and other similar observations. It was thought some of the apparent planets might instead have been brown dwarfs, objects intermediate in mass between planets and stars. In 1990, additional observations were published that supported the existence of the planet orbiting Gamma Cephei,[60] but subsequent work in 1992 again raised serious doubts.[61] Finally, in 2003, improved techniques allowed the planet's existence to be confirmed.[62] On 9 January 1992, radio astronomers Aleksander Wolszczan and Dale Frail announced the discovery of two planets orbiting the pulsarPSR 1257+12.[45] This discovery was confirmed, and is generally considered to be the first definitive detection of exoplanets. Follow-up observations solidified these results, and confirmation of a third planet in 1994 revived the topic in the popular press.[63] These pulsar planets are thought to have formed from the unusual remnants of the supernova that produced the pulsar, in a second round of planet formation, or else to be the remaining rocky cores of gas giants that somehow survived the supernova and then decayed into their current orbits. As pulsars are aggressive stars, it was considered unlikely at the time that a planet may be able to be formed in their orbit.[64]"
dragged-0099,dragged,How many exoplanets have been discovered?,outdated,5811,no_match,3,2024-04-10,https://spaceexplored.com/how-many-exoplanets-are-there-discovered/,,,"How many exoplanets have been discovered? NASA estimates that the Milky Way Galaxy is home to at least 100 billion planets. Others believe it could be anywhere from 200-300 billion. Using data from exoplanet-hunting missions such as Kepler, Gaia, and now James Webb, we can identify and confirm their existence. So, how many exoplanets have been discovered? These are the number of confirmed exoplanets and planetary systems by NASA, followed by the number of exoplanet candidates, which are discoveries that could be planets but are still unconfirmed by researchers. What is an exoplanet? An exoplanet is any planet orbiting a star outside of our solar system. Exoplanets can come in many different sizes and compositions. NASA categorizes the 5,241 confirmed exoplanets into 5 subtypes: Neptune-like, Super Earth, Gas Giant, Terrestrial, and the unknowns. Here’s how the space agency describes each: Neptune-like (1,919) These planets are Neptunian worlds, similar to Uranus or Neptune in our solar system. Super Earth (1,689) Super-Earths are exotic planets unlike any in our solar system–more massive than Earth yet lighter than gas giants like Neptune, and they can be made of gas, rock, or a combination of both. Gas Giant (1,786) These planets belong to a class known as gas giants, similar to Jupiter or Saturn in our solar system. How do we find them? Currently, there are 5 different methods scientists use to identify exoplanets. These include measuring tiny changes in a star’s brightness to looking for wobbling stars, usually caused by orbiting planets. Here’s how many exoplanets have been discovered by each method in 2023:"
dragged-0099,dragged,How many exoplanets have been discovered?,outdated,5811,no_match,4,2020-05-02,https://exoplanetarchive.ipac.caltech.edu/docs/counts_detail.html,,,"Exoplanet and Candidate Statistics On this page we have assembled statistics for various categories of confirmed exoplanets, TESS candidates, and Kepler candidates. The values here come from confirmed planet data in the Planetary Systems interactive table, and candidate data from the KOI Cumulative table; TESS Project Candidate counts are from ExoFOP-TESS. The Exoplanet Archive's collection of known exoplanets were discovered using a variety of methods, and many have been detected using multiple methods. The following tables show the number of planets contained within the Exoplanet Archive whose discovery can be attributed to a particular technique. The criteria by which a planet is included in the Exoplanet Archive is described on our Exoplanet Criteria page. Clicking on a link returns a pre-filtered interactive table for that particular data set. For more information about building your own custom search queries, see the Pre-filtering Tables help document."
dragged-0099,dragged,How many exoplanets have been discovered?,outdated,5811,no_match,5,2022-03-24,https://bigthink.com/starts-with-a-bang/first-5000-exoplanets/,,,"Did the other stars in the Universe have planets orbiting them? If so, what percent of them had planets? How many did they have? And were the planets like ours, or were they vastly different? Just thirty years ago, humanity was beginning to uncover the answers, as we started to discover planets in orbit around stars other than our own. At last, through a combination of multiple different methods ⁠— the radial velocity method, timing measurements, the transit method, and gravitational microlensing ⁠— we’ve surpassed 5000 known exoplanets: planets located beyond our own Solar System. As is often the case, these discoveries have been tremendous and have answered some of our deepest questions about the cosmos. Nevertheless, even deeper ones now remain. Here’s what we’ve learned so far. What do planets outside our solar system, or exoplanets, look like? A variety of possibilities are shown in this illustration. Scientists discovered the first exoplanets in the 1990s. As of 2024, the tally stands at over 5,000 confirmed exoplanets. None are known to be inhabited, but a few raise tantalizing possibilities: largely among the Earth-sized planets, but not so much among the larger ones. What is an exoplanet? In the early 1990s, two different methods, at almost the same time, started to reveal planets that were located beyond our own Solar System. Through measuring the periodic pulses coming from a neutron star, we could see that the pulses would regularly speed up, then return to normal speed, then slow down, and then return to normal speed again, over and over. The fact that these pulses changed with the same period and amplitude told us that there were massive companions in these pulsar systems, and by measuring the pulse timing, we could infer the masses of these companions: they were definitively planets. Similarly, we could observe the periodic redshifting and blueshifting of the light from individual stars, which also revealed the presence of massive planets, which “tugged”"
dragged-0099,dragged,How many exoplanets have been discovered?,outdated,5811,no_match,6,2022-03-17,https://science.nasa.gov/resource/video-nasa-confirms-5000-exoplanets-and-counting/,,,"Video: NASA Confirms 5,000 Exoplanets — and Counting Using powerful telescopes, in space and on the ground, astronomers have now confirmed more than 5,000 exoplanets – planets beyond our solar system. But it’s just a fraction of the likely hundreds of billions of such planets in our Milky Way galaxy. As current and future telescopes continue to make discoveries, we may someday find potentially habitable planets – or even inhabited worlds. Many more discoveries await."
dragged-0099,dragged,How many exoplanets have been discovered?,outdated,5811,no_match,7,2024-07-10,https://www.planetary.org/worlds/exoplanets,,,"Exoplanets, worlds beyond the Solar System Highlights Scientists have discovered more than 5,000 planets outside of the Solar System, or âexoplanetsâ. Most stars in our galaxy have at least one exoplanet,Â and many are unlike any of the worlds in the Solar System. Some exoplanets could be habitable and are prime targets in the search for life beyond Earth. What are exoplanets? An exoplanet, short for âextrasolar planet,â is any planet that isnât in the Solar System. Some are gas giants like Jupiter and Saturn, some are rocky like Mercury or Mars, and others are icy like Neptune or Uranus. A select fraction â weâre not quite sure how many â could be like Earth, rocky and with liquid water on their surfaces. There are also many exoplanets that donât look like anything we have in the Solar System. One of the most common kinds of planets are âsuper-Earthsâ and âmini-Neptunesâ, so called because they are larger than Earth but smaller than Neptune. No world like this exists around the Sun. There are also planets, called âfree-floatingâ or ârogue planets,â that originally formed around a star but then got thrown out to drift through space alone. There are planets that orbit their host stars in hours, and there are planets that take millennia to go around once. There may be âwater worldsâ completely covered in oceans. And there are planetary systems, like TRAPPIST-1, where several planets are all packed into very close orbits around their star. Why study exoplanets? Are we alone? How did we get here? Every new exoplanet discovery provides important context to help answer these age-old questions. Just a few decades ago, our entire sense of what worlds could be like throughout the entire Universe was limited to just eight planets: the worlds of our Solar System."
dragged-0099,dragged,How many exoplanets have been discovered?,outdated,5811,no_match,8,2024-04-14,https://www.reddit.com/r/spaceporn/comments/1c3zj8h/nasa_has_now_confirmed_the_existence_of_5602/,,,"NASA has now confirmed the existence of 5,602 exoplanets in 4,166 different planetary systems. : r/spaceporn."
dragged-0103,dragged,Who is the current ATP top-ranked men's singles tennis player?,outdated,Jannik Sinner ( ITA ),,0,2024-12-01,https://www.atptour.com/en/rankings/singles,,,"Official PIF ATP Rankings (Singles) showing a list of top players in men's tennis rankings on the ATP Tour, featuring Novak Djokovic, Rafael Nadal, ..."
dragged-0103,dragged,Who is the current ATP top-ranked men's singles tennis player?,outdated,Jannik Sinner ( ITA ),,1,2025-01-08,https://www.espn.com/tennis/rankings,,,"ESPN BET is owned and operated by PENN Entertainment, Inc. and its subsidiaries ('PENN'). ESPN BET is available in states where PENN is licensed to offer sports wagering. Must be 21+ to wager. If you or someone you know has a gambling problem and wants help, call 1-800-GAMBLER."
dragged-0103,dragged,Who is the current ATP top-ranked men's singles tennis player?,outdated,Jannik Sinner ( ITA ),,2,2024-10-01,https://www.atptour.com/en/rankings/singles/live,,,"Official PIF ATP Live Rankings (Singles) showing a list of top players in men's tennis rankings on the ATP Tour, featuring Novak Djokovic, Rafael Nadal, ..."
dragged-0103,dragged,Who is the current ATP top-ranked men's singles tennis player?,outdated,Jannik Sinner ( ITA ),,3,2025-01-01,https://www.tennis24.com/rankings/atp/,Jannik Sinner ( ITA ),correct,Rankings ; 1. Sinner Jannik · 11830 ; 2. Zverev Alexander · 7915 ; 3. Alcaraz Carlos · 7010 ; 4. Fritz Taylor · 5100 ; 5. Medvedev Daniil · 5030.
dragged-0103,dragged,Who is the current ATP top-ranked men's singles tennis player?,outdated,Jannik Sinner ( ITA ),,4,2025-01-01,https://www.tennis.com/players-rankings/,Jannik Sinner ( ITA ),correct,"Jannik Sinner · Sinner · Jannik · # 1 11,830 ; Alexander Zverev · Zverev · Alexander · # 2 7,635 ; Carlos Alcaraz · Alcaraz · Carlos · # 3 7,010."
dragged-0103,dragged,Who is the current ATP top-ranked men's singles tennis player?,outdated,Jannik Sinner ( ITA ),,5,2025-01-08,https://live-tennis.eu/en/atp-live-ranking,,,"Facundo Díaz Acosta, 24, ARG, 758, +5, +44, Auckland QF (R16 ), Lost in Qual. Auckland R2, Lost in Qual. Auckland R2 Auckland QF"
dragged-0103,dragged,Who is the current ATP top-ranked men's singles tennis player?,outdated,Jannik Sinner ( ITA ),,6,2023-11-20,https://olympics.com/en/news/tennis-atp-men-singles-world-rankings-complete-list,,,"24-time Grand Slam winner Novak Djokovic solidified his lead as number one after clinching his seventh ATP Finals title in Turin on Sunday 19 November. The Serbian had already secured a year-end No. 1 ranking for a record-extending eighth time, and the 36-year-old star can now celebrate 400 weeks as world No 1, which has never been done by any player before. Carlos Alcaraz, who famously defeated Djokovic in this year's Wimbledon final, still holds the second spot as of 20 November 2023. Daniil Medvedev (Russia) follows in third with ATP Finals runner-up JannikSinner in fourth."
dragged-0103,dragged,Who is the current ATP top-ranked men's singles tennis player?,outdated,Jannik Sinner ( ITA ),,7,2025-01-06,https://en.wikipedia.org/wiki/Current_tennis_rankings,,,"The ATP and WTA rankings are updated weekly on Mondays (UTC) or at the conclusion of a two-week tournament. As of 1 March 2022, the ATP and WTA announced that Russian and Belarusian players continue to be allowed to compete in international tennis events on Tour and at the Grand Slams. However, they will not compete under the name or flag of Russia or Belarus, due to the Russian invasion of Ukraine.[1]"
dragged-0103,dragged,Who is the current ATP top-ranked men's singles tennis player?,outdated,Jannik Sinner ( ITA ),,8,2025-01-01,https://www.eurosport.com/tennis/atp/standings.shtml,,,ATP Rankings 2025 ; 1. J. Sinner ; 2. A. Zverev ; 3. C. Alcaraz ; 4. T. Fritz.
dragged-0112,dragged,when was the last time cleveland browns went to playoffs,outdated,2023,,0,2025-02-09,https://champsorchumps.us/team/nfl/cleveland-browns,2023,correct,"Cleveland Browns History Overview The Cleveland Browns have played a total of 72 seasons. Their first season was in 1950, and their most recent season was in 2024. Have the Cleveland Browns gone by any other names? No, the Cleveland Browns have been known by that name since 1950. What division do the Cleveland Browns play in? The Cleveland Browns currently play in the North Division of the American Football Conference, aka the AFC North. When was the last time the Browns were in the playoffs? The Cleveland Browns last made the playoffs in 2023, when they lost the Wild Card Round. They've been in the playoffs a total of 26 times in their 72 seasons. When was the last time the Browns missed the playoffs? The Cleveland Browns last missed the playoffs in 2024. When was the last time the Browns won a game? The Cleveland Browns last won a game on Nov 21, 2024, when they managed a 24-19 win against the Pittsburgh Steelers. Since then, the Browns have lost 6 straight games. When was the last time the Browns won a playoff game? In 2020, the Cleveland Browns beat the Pittsburgh Steelers in the Wild Card Round. When was the last time the Browns hosted a playoff game? The Cleveland Browns last played a home playoff game on Jan 1, 1995, nearly 31 years ago, when they hosted the Patriots in the Wild Card Round of the 1994 NFL playoffs, in which the Browns scored a 20-13 win. When was the last time the Browns lost a playoff game? In 2023, the Cleveland Browns lost to the Houston Texans in the Wild Card Round. What years did the Browns make the Super Bowl? The Cleveland Browns have never appeared in a Super Bowl. How many Super Bowls have the Browns won? The Cleveland Browns have never won a Super Bowl."
dragged-0112,dragged,when was the last time cleveland browns went to playoffs,outdated,2023,,1,2025-01-01,https://www.pro-football-reference.com/teams/cle/playoffs.htm,,,Cleveland Browns Playoff History. Team Names: Cleveland Browns. Seasons: 76 (1946 to 2024). Record (W-L-T): 562-548-14. Playoff Record: 17-22.
dragged-0112,dragged,when was the last time cleveland browns went to playoffs,outdated,2023,,2,2024-12-08,https://www.sportskeeda.com/nfl/cleveland-browns-playoff-history,,,"The Cleveland Browns play in the AFC North Division of the NFL. Established in 1944, the Browns played in the All American Football Conference from 1946-1949, winning all the championships during their appearances. The Browns have been an NFL franchise since 1950 and play in the FirstEnergy Stadium in Ohio (since 1999). They were suspended for three seasons (1996-98) due to the formation of the Baltimore Ravens. The Ravens were formed with the entire roster of the Browns when new owner Art Modell faced backlash from the people of Ohio for wanting to shift the team to Baltimore. Although the Browns logo and intellectual property were retained, the entire roster was shifted to the Ravens team. The Browns resumed operations with an entirely new team in 1999. The Cleveland Browns made it to the NFL Championship in all of their first ten years of establishment. The Browns made it to the NFL playoffs 25 times (since 1950), although they enjoyed a majority of their playoff success in the 1950s and 1960s. The Browns are yet to appear in a Super Bowl, although they have won 11 Conference Championships (pre-1970 NFL-AFL merger) and 12 Divisional Championships as of December 2024. Cleveland Browns Playoff Appearances Year-by-Year The Cleveland Browns had a 17-22 playoff record against 39 games as of December 2024. The Browns went through 15 divisional rounds, winning seven, and five conference championships, winning none. They are among the four NFL teams that, as of December 2024, have yet to appear in the Super Bowl."
dragged-0112,dragged,when was the last time cleveland browns went to playoffs,outdated,2023,,3,2021-01-10,https://www.statmuse.com/nfl/ask/browns-playoff-record-last-10-years,,,"The Cleveland Browns have a record of 1-2 in the playoffs between February 14, 2015 and February 14, 2025."
dragged-0112,dragged,when was the last time cleveland browns went to playoffs,outdated,2023,,4,2023-12-28,https://www.clevelandbrowns.com/news/browns-clinch-playoff-berth-with-win-over-the-jets,,,"On Thursday, they officially clinched a playoff berth for the first time since the 2020 season after their 37-20 win over the Jets on Thursday Night Football."
dragged-0112,dragged,when was the last time cleveland browns went to playoffs,outdated,2023,,5,2025-01-04,https://www.statmuse.com/nfl/ask/when-is-the-last-time-the-browns-won-a-playoff-game,,,"The Cleveland Browns won against the Pittsburgh Steelers, 48 to 37, in the 2020 AFC Wild Card game on January 10, 2021."
dragged-0112,dragged,when was the last time cleveland browns went to playoffs,outdated,2023,,6,2023-12-28,https://www.sportingnews.com/us/nfl/news/last-time-browns-made-playoffs-clinch-jets/019b7b02b3f52d978efe3124,,,"When was the last time the Browns made the playoffs? Cleveland clinches postseason berth with win over Jets Flacco logged his fourth consecutive game with at least 300 yards and multiple touchdowns, while tight end David Njoku starred with six receptions for 134 yards and running back Jerome Ford picked up a pair of receiving touchdowns to go with 121 all-purpose yards. The Browns were anchored by their defense as they have been all season, forcing two turnovers with a pick-six and a blocked field goal. The win secures Cleveland a baseline of an AFC wild-card spot with an 11-5 record. It still holds on to an outside chance to win the AFC North and earn a first-round bye as the No. 1 overall seed. While it might seem like this level of success is unprecedented for the Browns, it hasn't been all that long since the last time they qualified for the playoffs. The Sporting News takes a quick trip down memory lane below. When was the last time the Browns made the playoffs? The last time the Browns made the playoffs was the 2020 NFL season, just three years ago. In that season, Cleveland finished 11-5 to claim an AFC wild-card spot. The postseason berth snapped a 17-year drought, which was tied for the third-longest in NFL history. 2021 AFC Wild Card Round: Browns 48, Steelers 37 The Browns' first playoff game in almost two decades was a matchup against their AFC North division rival Steelers and star quarterback Ben Roethlisberger. It had been 22 years since Cleveland won a playoff game, going all the way back to the days when Bill Belichick was head coach. The Browns marched into Heinz Field and came away with a victory in an absolute shootout. Cleveland opened with a defensive touchdown and never looked back, jumping out to a 28-0 lead. Mayfield threw for 263 yards, three touchdowns and zero interceptions, finding a different receiver on each score."
dragged-0112,dragged,when was the last time cleveland browns went to playoffs,outdated,2023,,7,2002-01-01,https://www.profootballhof.com/teams/cleveland-browns/team-history/,,,"Many NFL diehards, still not convinced the Browns were for real, expected Cleveland to fail badly when they played against the established NFL teams. But the Browns quickly proved their domination was no fluke by opening the 1950 season with a stunning 35-10 victory over the defending NFL champion Philadelphia Eagles. Cleveland then won the NFL Eastern Conference championship for six straight years from 1950 to 1955 and NFL titles in 1950, 1954 and 1955. The Browns won another divisional title in 1957, a year that saw the great running back from Syracuse, Jim Brown, join the team. In his nine-season career, Jim Brown rushed for 12,312 yards, a lifetime record that stood for more than 20 years. The Paul Brown era ended after the 1962 season and he was replaced by a former assistant, Blanton Collier. Collier gave the Browns their last NFL championship in 1964, when they defeated the Baltimore Colts, 27-0. The Browns reached the post-season playoffs 22 times in their first 40 years in the NFL. In addition to their four NFL championships between 1950 and 1964, they won 11 NFL American/Eastern Conference championships, three NFL Century Division titles and AFC Central Division championships in 1971, 1980, 1985, 1986, 1987 and 1989. In 1961, Arthur B. Modell purchased the Browns for a then-unheard-of price of $4 million. From the start, he was recognized as one of the NFL's more progressive leaders. But Modell stunned the pro football world in 1995 when he announced that he would transfer his Cleveland franchise to Baltimore to begin play in 1996. Determined to keep the team in Cleveland, Browns fans and Cleveland city officials orchestrated an unprecedented grass-roots campaign to block the move."
dragged-0112,dragged,when was the last time cleveland browns went to playoffs,outdated,2023,,8,2025-01-07,https://www.clevelandbrowns.com/team/history/year-by-year-results,,,Cleveland Browns Year-by-Year Results: The team's regular season and playoff records through the years.
dragged-0115,dragged,Where is EMNLP this year?,outdated,Punta Cana,,0,2022-12-07,https://2022.emnlp.org/,,,"EMNLP 2022 will take place in Abu Dhabi from December 7th to December 11th, 2022. And it will be held in hybrid mode, both online and offline."
dragged-0115,dragged,Where is EMNLP this year?,outdated,Punta Cana,,1,2016-11-12,https://2024.emnlp.org/,,,"Welcome! EMNLP 2024 took place in Miami, Florida from Nov 12th to Nov 16th, 2024, at the Hyatt Regency Miami Hotel."
dragged-0115,dragged,Where is EMNLP this year?,outdated,Punta Cana,,2,2024-11-12,http://www.wikicfp.com/cfp/program?id=883,,,"Present CFP : 2024 EMNLP 2024 invites the submission of long and short papers featuring substantial, original, and unpublished research on empirical methods for Natural Language Processing. EMNLP2024 has a goal of a diverse technical programâin addition to traditional research results, papers may contribute negative findings, survey an area, announce the creation of a new resource, argue a position, report novel linguistic insights derived using existing computational techniques, and reproduce, or fail to reproduce, previous results. As in recent years, some of the presentations at the conference will be of papers accepted by the Transactions of the ACL (TACL) and the Computational Linguistics (CL) journals. EMNLP 2024 aims to have a broad technical program. Relevant topics for the conference include, but are not limited to, the following areas:"
dragged-0115,dragged,Where is EMNLP this year?,outdated,Punta Cana,,3,2021-11-11,https://2021.emnlp.org/,,,"The 2021 Conference on Empirical Methods in Natural Language Processing 7th – 11th November 2021 Online and in the Barceló Bávaro Convention Centre, Punta Cana ..."
dragged-0115,dragged,Where is EMNLP this year?,outdated,Punta Cana,,4,2024-03-29,https://en.wikipedia.org/wiki/Empirical_Methods_in_Natural_Language_Processing,,,"Locations · United States. EMNLP 2024, Miami, Florida, United States · Singapore. EMNLP 2023, Singapore · United Arab Emirates. EMNLP 2022, Abu Dhabi, United Arab ..."
dragged-0115,dragged,Where is EMNLP this year?,outdated,Punta Cana,,5,2023-11-30,https://2023.emnlp.org/,,,"Welcome! EMNLP 2023 will take place in Singapore from Dec 6th to Dec 10th, 2023. More information will be announced soon."
dragged-0115,dragged,Where is EMNLP this year?,outdated,Punta Cana,,6,2021-01-01,https://research.com/conference/emnlp-2021-conference-on-empirical-methods-in-natural-language-processing-emnlp,,,"Discover the latest ranking, metrics and conference call for papers for EMNLP 2021 : Conference on Empirical Methods in Natural Language Processing (EMNLP)."
dragged-0115,dragged,Where is EMNLP this year?,outdated,Punta Cana,,7,2021-11-17,https://aclanthology.org/2021.emnlp-main.0/,Punta Cana,correct,"Year: 2021; Address: Online and Punta Cana, Dominican Republic; Venue ... emnlp-main.0/) (Moens et al., EMNLP 2021). Proceedings of the 2021 Conference ..."
dragged-0115,dragged,Where is EMNLP this year?,outdated,Punta Cana,,8,2021-10-15,https://2021.emnlp.org/registration/,,,"Registering for EMNLP 2021 Follow this link for registration. Early Registration: Ends Friday, October 15, 2021 11:59pm ET Onsite Registration: In-Person registration will reopen Saturday evening at 5pm, November 6th and continue to be open all days during the conference. Late Registration: Will remain open until the 24th of November for virtual attendees and access to recordings of the conference presentations EMNLP 2021 is currently officially scheduled to be held in hybrid mode, online and in Punta Cana, in the Dominican Republic. We have a 2-tier registration form: one will ask if you plan to attend virtually only and this answer will present a virtual registration form and if answering that you plan to attend in-person, a separate in-person registration form will be presented. We made a great effort to provide an excellent program while keeping registration fees as low as possible for both the virtual meeting and, especially, for the in-person meeting. The fees are: Full conference Virtual In-Person Reg-Early $200.00 $725.00 Reg-Late/Onsite $250.00 $900.00 Stud-Early $75.00 $200.00 Stud-Late/Onsite $100.00 $400.00 Student and Other Volunteers $ - $ - Recipients of D&I Awards $ - $ - Recipients of WiNLP Awards $ - $ - Conference Organizers (Per General Chair) $ - $ - Staff $ - $ - Keynote Speakers $ - $ - Tutorial Presenters $ - $ - Invited Sponsors and Exhibitors $ - $ - Reminder: It is ACL’s policy that at least one author of each accepted paper (including Findings papers) must register for the conference."
dragged-0123,dragged,What date is Thanksgiving this year?,outdated,For 2025 it is November 27th,,0,2024-10-18,https://www.cincinnati.com/story/news/2024/10/18/when-is-thanksgiving-2024-why-comes-late-this-year/75714364007/,,,"Thanksgiving takes place on Nov. 28, 2024. Last year, the holiday was celebrated on Nov. 23, and it was on Nov. 24 in 2022."
dragged-0123,dragged,What date is Thanksgiving this year?,outdated,For 2025 it is November 27th,,1,2024-11-18,https://www.today.com/life/holidays/what-day-is-thanksgiving-this-year-rcna165939,,,"You might just say we've got a cornucopia of helpful information and that'ssomething to be thankful for. What day is Thanksgiving in 2024? Thanksgiving always falls on the fourth Thursday in November. Given that there are five weeks in November, the holiday can sometimes arrive as early as November 22, or as late as November 28. In 2024, Thanksgiving Day is on Thursday, November 28. Heads up shoppers: This year, there will be fewer days between Thanksgiving and Christmas to get all your holiday shopping completed. If you're curious, last year Thanksgiving was on November 23 and next year, in 2025, it'll be on Thursday, November 27. Why is Thanksgiving celebrated on a Thursday? Drazen Zigic / Getty Images More than 230 years ago, President George Washington designated November 26 as a day of National Thanksgiving in 1789. However, long before then, American colonists had been gathering to celebrate the bounty reaped from their annual harvest with the first recorded Thanksgiving occurring in 1621. According to the Washington Post, it’s possible that colonists began marking the occasion even earlier, with some historians suggesting that settlers put on a Thanksgiving feast as far back as 1565. While November 26 was initially the date the holiday was commemorated on, in 1863, Abraham Lincoln changed it so that Thanksgiving would be observed on the last Thursday in November, rather than a set date like Christmas or the Fourth of July. The proclamation stuck until 1939, when the last Thursday in November happened to coincide with the last day of the month, dramatically shortening the Christmas shopping season and potentially impacting the nation’s economic recovery from the Great Depression."
dragged-0123,dragged,What date is Thanksgiving this year?,outdated,For 2025 it is November 27th,,2,2025-01-18,https://www.timeanddate.com/holidays/us/thanksgiving-day,,,"Family Celebration Thanksgiving Day is a day for people in the US to give thanks for what they have. Families and friends get together for a meal, which traditionally includes a roast turkey, stuffing, potatoes, vegetables, cranberry sauce, gravy, and pumpkin pie. In some cities and towns, there are parades during the Thanksgiving weekend. In most areas, these festivities also mark the opening of the Christmas shopping season. Long Weekend in More Than 20 States Many Have the Day Off Most government offices, businesses, schools, universities, colleges, and other organizations are closed on Thanksgiving Day. Many offices and businesses allow staff to have a long four-day weekend for Thanksgiving, so these offices and businesses are also closed on the Day after Thanksgiving Day. Public transit systems usually do not operate on their regular timetables. Thanksgiving Day is one of the busiest periods for travel in the USA. This can cause congestion and overcrowding. Seasonal parades and busy football games can also cause disruption to local traffic. History and Controversy Thanksgiving Day has been an annual holiday in the United States since 1863. However, not everyone sees Thanksgiving Day as a cause for celebration. Some in the US Native American community feel the mythology of the holiday ignores the destruction of indigenous cultures that followed European settlement. Beginning in 1970, a group of Native Americans and their supporters have staged an annual protest for a National Day of Mourning at Plymouth Rock in Plymouth, Massachusetts on Thanksgiving Day. American Indian Heritage Day is also observed at this time of the year. There are claims that the first Thanksgiving Day was held in the city of El Paso, Texas, in 1598. Another early event was held in 1619 in the Virginia Colony. Many people trace the origins of the modern Thanksgiving Day to the harvest celebration the Pilgrims held in Plymouth, Massachusetts in 1621. However, their first true thanksgiving was in 1623, when they gave thanks for rain that ended a drought."
dragged-0123,dragged,What date is Thanksgiving this year?,outdated,For 2025 it is November 27th,,3,2024-11-18,https://www.nbcnewyork.com/entertainment/holidays/when-is-thanksgiving-2024-heres-what-to-know-about-the-upcoming-holiday/5995001/,,,"The earliest possible date for Thanksgiving any year in Nov. 22 and the latest is Nov. 28. This year, Thanksgiving falls on that latest possible date of Nov. 28. That later date will bring less than four weeks between Thanksgiving and Christmas, which falls on Wednesday, Dec. 25. How long has Thanksgiving been held on the last Thursday in November? On December 26, 1941, President Franklin Delano Roosevelt signed legislation from Congress into law ""establishing the fourth Thursday in November as the Federal Thanksgiving Day holiday,"" according to the National Archives. Thanksgiving was first celebrated in 1789 when President George Washington declared a ""Day of Publick Thanksgivin. "" When is the Macy's Thanksgiving Day Parade 2024? Produce Pete is back with his pick of the week, brussels sprouts. He's got a delicious recipe to add to your Thanksgiving Day menu. When is ""Black Friday"" 2024? Black Friday 2024 will take place on Friday, Nov. 29. Black Friday is typically the big start to the holiday shopping season and an important day for retailers when a number of sales are held. When is ""Small Business Saturday"" 2024? Small Business Saturday will take place on Saturday, Nov. 30 in 2024. ""Small Business S""Please join SBA and organizations across the country as they celebrate small business contributions to their communities by shopping at a small business on November 30, Small Business Saturday,"" the Small Business Administration announced. The SBA has co-sponsored the event since 2011. It was originally started by American Express in 2010. When is ""Cyber Monday"" 2024? Cyber Monday, when many retailers will offer significant sales and discounts, will take place Monday, Dec. 2. This year, that date falls just over three weeks from Christmas."
dragged-0123,dragged,What date is Thanksgiving this year?,outdated,For 2025 it is November 27th,,4,2024-11-16,https://www.providencejournal.com/story/entertainment/holiday/thanksgiving/2024/11/16/thanksgiving-2024-date/76328621007/,,,"This year, Thanksgiving is on Thursday, Nov. 28. Need a break? Play the USA TODAY Daily Crossword Puzzle. Why is Thanksgiving so late this year?"
dragged-0123,dragged,What date is Thanksgiving this year?,outdated,For 2025 it is November 27th,,5,2025-01-01,https://en.wikipedia.org/wiki/Thanksgiving_(United_States),,,"the holiday in the United States can occur on any date from November 22 to 28 (November 24 to 30 prior to 1941). When it falls on November 22 or 23, it is not the last Thursday, but the penultimate Thursday in November. Regardless, it is the Thursday preceding the last Saturday of November. Because Thanksgiving is a federal holiday, all United States government offices are closed and all employees are paid for that day. It is also a holiday for the New York Stock Exchange and most other financial markets and financial services companies.[162] Table of dates (1899–2103) The date of Thanksgiving Day follows a 28-year cycle, broken only by century years that are not a multiple of 400 (e.g. 1900, 2100, 2200, 2300, 2500 ...). The break in the regular cycle is an effect of the leap year algorithm, which dictates that such years are common years as an adjustment for the calendar / season alignment that leap years provide. Past and future dates of celebration include:[163] Days after Thanksgiving A broader period of Thanksgivingtide leads into and follows the holiday of Thanksgiving itself. The day after Thanksgiving is a holiday for some companies and most schools."
dragged-0123,dragged,What date is Thanksgiving this year?,outdated,For 2025 it is November 27th,,6,2024-11-08,https://www.courier-journal.com/story/life/holiday/2024/11/08/when-is-thanksgiving-2024-what-day-thanks-giving-date-nov-28-when-macys-parade-turkey-dinner-facts/76126133007/,,,"When is Thanksgiving 2024? Thursday, Nov. 28 is the date of this year's Thanksgiving. When did Thanksgiving become a national holiday?"
dragged-0123,dragged,What date is Thanksgiving this year?,outdated,For 2025 it is November 27th,,7,2025-03-29,https://www.almanac.com/thanksgiving-day,For 2025 it is November 27th,correct,"Thanksgiving 2025: Surprising History of the U.S. Holiday What You Need to Know About Thanksgiving in America Why is Thanksgiving on the fourth Thursday in November? What were the real reasons both Washington and Lincoln proclaimed a day of Thanksgiving? (No, it’s not about a Pilgrim feast.) Find facts (not fiction) about our most important feast day from The Old Farmer’s Almanac—first published in George Washington’s time! When Is Thanksgiving 2025? The United States celebrates Thanksgiving as a national holiday on the fourth Thursday in November. In 2025, Thanksgiving will be observed on Thursday, November 27. Thanksgiving has been held on the fourth Thursday in November since 1941, which means that the date of the holiday shifts each year. The earliest Thanksgiving can occur is November 22; the latest is November 28. History of Thanksgiving Native Americans in North America celebrated harvest festivals for centuries before a Thanksgiving federal holiday was formally established in the United States. Colonial services for these festivals date back to the late 16th century. The autumnal feasts celebrated the harvest of crops after a season of bountiful growth. In the 1600s, settlers in Massachusetts and Virginia held feasts to express gratitude for survival, fertile fields, and their faith. The Pilgrims in Plymouth, Massachusetts, had their Thanksgiving feast in 1621 with the Wampanoag Native Americans. This 3-day feast is considered the ”first” Thanksgiving celebration in the colonies. However, there were other recorded ceremonies of thanks on these lands. In 1565, Spanish explorers and the local Timucua people of St. Augustine, Florida, celebrated a mass of thanksgiving. In 1619, British settlers proclaimed a day of thanksgiving when they reached a site known as Berkeley Hundred on the banks of Virginia’s James River."
dragged-0123,dragged,What date is Thanksgiving this year?,outdated,For 2025 it is November 27th,,8,2024-11-23,https://www.nbcchicago.com/news/local/why-is-thanksgiving-so-late-this-year-heres-an-explanation/3608207/,,,"President Abraham Lincoln issued a proclamation in 1863 declaring the last Thursday of November as the date for the holiday, where it remained until the administration of President Franklin Roosevelt, according to the Center. Finally in Oct. 1941, Congress passed a resolution declaring the holiday would take place on the fourth Thursday of November, to avoid having it fall on the final day of the month, thereby expanding the holiday shopping season and giving retailers additional time to take advantage of Christmas-driven sales. Roosevelt then signed the bill, establishing Thanksgiving as a federal holiday."
dragged-0124,dragged,who was the oldest man elected president,outdated,Donald Trump,,0,2025-01-10,https://en.wikipedia.org/wiki/List_of_presidents_of_the_United_States_by_age,,,"The first table below charts the age of each president of the United States at the time of their presidential inauguration (first inauguration if elected to multiple and consecutive terms), upon leaving office, and at the time of death. Where the president is still living, their lifespan and post-presidency timespan are calculated through January 13, 2025. James K. Polk had the shortest retirement of any president, dying of cholera only 103 days after leaving office, at the age of 53 (the youngest president to die of natural causes).[6] Carter's retirement, 43 years, 344 days, was the longest in American presidential history. Incumbent president Joe Biden is the oldest of the five living U.S. presidents.[2] The youngest living former president is Barack Obama, age 63. Graphical representation This is a graphical lifespan timeline of the presidents of the United States. They are listed in order of office, with Grover Cleveland listed in the order of his first presidency. The following chart shows presidents by their age (living presidents in green), with the years of their presidency in blue. The vertical blue line at 35 years indicates the minimum age to be president."
dragged-0124,dragged,who was the oldest man elected president,outdated,Donald Trump,,1,2022-11-19,https://www.axios.com/2022/11/19/joe-biden-oldest-us-presidents-in-office,,,"Biden, who turns 80 year old on November 20th, will become the oldest sitting president."
dragged-0124,dragged,who was the oldest man elected president,outdated,Donald Trump,,2,2024-12-29,https://www.cbsnews.com/news/oldest-us-presidents/,Donald Trump,correct,"Thirty-five is the minimum age requirement for the U.S. presidency, but there's no upward limit. The two last presidential elections, which brought President Biden, now 82, and former President Donald Trump, now 78, to the White House, are proof of this political reality. The Founding Fathers excluded a maximum age limit from the Constitution, giving those in their golden years the ability to run for the highest office in the land. Here's a look at the history of the oldest presidents — in the Oval Office and beyond: Who were the oldest U.S. presidents at election and in office? The two oldest presidents ever to be sworn in are Mr. Biden, who was 78 when he took office in 2021, and Trump, who was 70 on his Inauguration Day in 2017. When he takes office next month, now President-elect Trump will eclipse Mr. Biden by a few months as the oldest president ever sworn in at his Inauguration in January, six months before his 79th birthday. The third oldest president at his inauguration was Ronald Reagan, who was 69 when he was sworn in in 1981. ""I am not going to exploit, for political purposes, my opponent's youth and inexperience,"" Reagan famously said in 1984 while running for reelection against Walter Mondale. In fourth place is the nation's ninth president, William Henry Harrison. Harrison was elected in 1841 at age 68, but his tenure as president was short-lived. He died 32 days into his first term, making his presidency the shortest in U.S. history. Who are the oldest living U.S. presidents? The oldest living president is Mr. Biden, who turned 82 on Nov. 20, just weeks after the election. Three former presidents, George W. Bush, Bill Clinton and Donald Trump, all 78 years old, roughly tied for second. More than 1,000 people recently paid tribute to the former president at a benefit concert ahead of his 100th birthday."
dragged-0124,dragged,who was the oldest man elected president,outdated,Donald Trump,,3,2024-11-06,https://www.statista.com/statistics/1035542/age-incumbent-us-presidents-first-taking-office/,,,"Statista R identifies and awards industry leaders, top providers, and exceptional brands through exclusive rankings and top lists in collaboration with renowned media brands worldwide. For more details, visit our website. Age of U.S. Presidents when taking office 1789-2025 Since 1789, 45 different men have served as President of the United States, and the average age of these men when taking office for the first time was approximately 57 years. Two men, Grover Cleveland and Donald Trump, were elected to two non-consecutive terms, and Donald Trump's victory in 2024 made him the oldest man ever elected as president, where he will be 78 years and seven months old when taking office again. Record holders The oldest president to take office for the first time was Joe Biden in 2021, at 78 years and two months - around five months younger than Donald Trump when he assumes office in 2025. The youngest presidents to take office were Theodore Roosevelt in 1901 (42 years and 322 days), who assumed office following the assassination of William McKinley, and the youngest elected president was John F Kennedy in 1961 (43 years and 236 days). Historically, there seems to be little correlation between age and electability, and the past five presidents have included the two oldest to ever take office, and two of the youngest. Requirements to become president The United States Constitution states that both the President and Vice President must be at least 35 years old when taking office, and must have lived in the United States for at least 14 years of their life. Such restrictions are also in place for members of the U.S. Congress, although the age and residency barriers are lower. Additionally, for the roles of President and Vice President, there is a ""natural-born-citizen"" clause that was traditionally interpreted to mean candidates must have been born in the U.S. (or were citizens when the Constitution was adopted)."
dragged-0124,dragged,who was the oldest man elected president,outdated,Donald Trump,,4,2024-11-20,https://www.thv11.com/article/news/nation-world/president-biden-turns-82-oldest-us-presidents/507-4a508d88-8c35-49e3-827c-68d3bee2dcb4,,,"President Biden turns 82: Who are the oldest US presidents? Biden was the oldest president sworn into office in 2021. But president-elect Trump will eclipse that record by a few months at his Inauguration in January. Credit: AP President Joe Biden speaks in the Rose Garden of the White House in Washington, Thursday, Nov. 7, 2024. Author: Andrew Weil Published: 8:45 AM CST November 20, 2024 Updated: 8:50 AM CST November 20, 2024 WASHINGTON — President Joe Biden is celebrating his 82nd birthday on Wednesday, further cementing his status as the oldest serving U.S. president. But it's a record that Donald Trump could one day break in a few years. Concerns over Biden’s age permeated both parties through the 2024 election up until he abruptly dropped out of the race. Now president-elect Trump will become the oldest person ever sworn into office on Jan. 20, 2025. That's a milestone previously held by Biden when he was sworn in at age 78 back in 2021. Who is the oldest living U.S. president? Jimmy Carter, the 39th President of the United States, became the first U.S. president to turn 100 years old last month. We're a ways away from any other living U.S. president even coming close to that record. Biden, the second-oldest living president behind Carter, wouldn't celebrate his 100th birthday until Nov. 20, 2042."
dragged-0124,dragged,who was the oldest man elected president,outdated,Donald Trump,,5,2022-12-23,https://www.whitehouse.gov/about-the-white-house/presidents/william-henry-harrison/,,,"The biography for President Harrison and past presidents is courtesy of the White House Historical Association. William Henry Harrison, an American military officer and politician, was the ninth President of the United States (1841), the oldest President to be elected at the time. On his 32nd day, he became the first to die in office, serving the shortest tenure in U.S. Presidential history. “Give him a barrel of hard cider and settle a pension of two thousand a year on him, and my word for it,” a Democratic newspaper foolishly gibed, “he will sit … by the side of a ‘sea coal’ fire, and study moral philosophy. ” The Whigs, seizing on this political misstep, in 1840 presented their candidate William Henry Harrison as a simple frontier Indian fighter, living in a log cabin and drinking cider, in sharp contrast to an aristocratic champagne-sipping Van Buren. Harrison was in fact a scion of the Virginia planter aristocracy. He was born at Berkeley in 1773. He studied classics and history at Hampden-Sydney College, then began the study of medicine in Richmond. Suddenly, that same year, 1791, Harrison switched interests. He obtained a commission as ensign in the First Infantry of the Regular Army, and headed to the Northwest, where he spent much of his life. In the campaign against the Indians, Harrison served as aide-de-camp to General “Mad Anthony” Wayne at the Battle of Fallen Timbers, which opened most of the Ohio area to settlement. After resigning from the Army in 1798, he became Secretary of the Northwest Territory, was its first delegate to Congress, and helped obtain legislation dividing the Territory into the Northwest and Indiana Territories. In 1801 he became Governor of the Indiana Territory, serving 12 years. His prime task as governor was to obtain title to Indian lands so settlers could press forward into the wilderness. When the Indians retaliated, Harrison was responsible for defending the settlements. The threat against settlers became serious in 1809."
dragged-0124,dragged,who was the oldest man elected president,outdated,Donald Trump,,6,2022-11-21,https://thehill.com/changing-america/enrichment/arts-culture/3744771-here-are-the-oldest-us-presidents-to-ever-hold-office/,,,"Should Biden run for re-election in 2024 and win, he would be 86 years old at the end of his second term. Former President Trump, who already ..."
dragged-0124,dragged,who was the oldest man elected president,outdated,Donald Trump,,7,2024-11-07,https://m.economictimes.com/news/international/global-trends/donald-trump-oldest-person-to-be-elected-us-president/articleshow/115017413.cms,,,"Donald Trump: Oldest person to be elected US President Donald Trump, after being convicted of a felony and surviving two assassination attempts, secured a second term as US President, defeating Kamala Harris's bid to become the first female president. His victory, fueled by unwavering support despite legal battles, marks him as the oldest person to assume the presidency. Trump's return follows a tumultuous period since his 2020 election loss, including the January 6th Capitol riot and ongoing legal challenges. Donald Trump went from being a businessman, real estate tycoon and a reality TV star to becoming the country's first former US President to be declared a convicted felon. And after surviving two assassination bids during his 2024 campaign, the 78-year old remains unstoppable with American voters giving him a second term. In the process, he shattered the dream of the Democratic Party, as well as that of millions of Kamala Harris supporters, to finally have the first woman President in the White House. He is now the oldest person in US history to be elected president. From the time he left office after his loss in the 2020 presidential election to his nomination as the Republican candidate in the 2024 race, Trump continued to dominate the American news cycle and the country's psyche. He refused to accept the November 2020 result that brought Joe Biden to the White House, and a stunned nation watched his supporters storm the US Capitol on January 6. The riots disrupted a joint session of the US Congress which was in the process of affirming the presidential election results. His third run for the job in 2024 was characterised by a slew of indictments and criminal cases, and a conviction in a New York court -- making him the first former US president to be held guilty of a crime. A grand jury found him guilty on 34 counts of falsifying business records. The Biden-Harris campaign said at the time that no one is above the law while Trump called the verdict the result of a ""rigged"" political system."
dragged-0129,dragged,who is the current director of the cia,outdated,John Ratcliffe,date_tie,0,2024-01-01,https://www.cia.gov/about/director-of-cia/,,,"Director of the CIA The Director of the CIA oversees intelligence collection, analysis, and covert action to advance U.S. national security. Role of the Director The role of the Director of the CIA (D/CIA) is to manage the Agencyâs intelligence collection, analysis, covert action, counterintelligence, and liaison relationships with foreign services. The D/CIA also oversees the management of foreign intelligence acquired byÂ human sources, what we call HUMINT. The CIA Director is nominated by the President with the advice, consent, and confirmation of the Senate. The D/CIA reports to the Director of National Intelligence. CIA Director William J. Burns Bill Burns was sworn in as Director of the Central Intelligence Agency in March 2021, making him the first career diplomat to serve as Director. He was promoted to Cabinet rank by President Biden in June 2023. Director Burns has served six Presidents and Administrations of both parties during nearly four decades of public service in diplomacy and intelligence. He is only the second serving career diplomat in history to become Deputy Secretary of State, and also served as U.S. Ambassador to Russia and Jordan. Following his retirement from the Foreign Service in late 2014, Director Burns served as President of the Carnegie Endowment for International Peace. He is the author of the best-selling book, The Back Channel: A Memoir of American Diplomacy and the Case for Its Renewal (2019). He earned a bachelor's degree in history from LaSalle University and master's and doctoral degrees in international relations from Oxford University, where he studied as a Marshall Scholar. He and his wife, Ambassador Lisa Carty, have two daughters. Deputy Director of the CIA Role of the Deputy Director The CIA Deputy Director (DD/CIA) supports the Director in managing the Agencyâs intelligence collection, analysis, covert action, counterintelligence, and liaison relationships with foreign services. The DD/CIA also exercises the Directorâs powers in his or her absence or if the Director position becomes vacant."
dragged-0129,dragged,who is the current director of the cia,outdated,John Ratcliffe,date_tie,1,2025-01-05,https://en.wikipedia.org/wiki/Director_of_the_Central_Intelligence_Agency,,,"Order of succession The order of succession determines which official shall act and perform the functions and duties of the director in the event the director dies, resigns, or otherwise becomes unable to perform their duties. The official will serve as acting director."
dragged-0129,dragged,who is the current director of the cia,outdated,John Ratcliffe,date_tie,2,2025-01-06,https://en.wikipedia.org/wiki/William_J._Burns_(diplomat),,,"In January 2021, President Joe Biden nominated Burns to become CIA director.[7] He was unanimously confirmed by voice vote in the Senate on March 18, 2021, sworn in officially as director on March 19,[3] as well as ceremonially sworn in by Vice President Kamala Harris on March 23.[8][9] In July 2023, Biden elevated Burns to a position in his cabinet, a largely symbolic action.[10] In 2008, Burns wrote to Secretary of State Condoleezza Rice: ""Ukrainian entry into NATO is the brightest of all redlines for the Russian elite (not just Putin). In more than two and a half years of conversations with key Russian players, from knuckle-draggers in the dark recesses of the Kremlin to Putin's sharpest liberal critics, I have yet to find anyone who views Ukraine in NATO as anything other than a direct challenge to Russian interests. ""[17] A leaked diplomatic cable that Burns signed as ambassador to Russia in August 2006 provided a detailed eyewitness account of the lavish wedding organized in Makhachkala by Russian State Duma member and Dagestan Oil Company chief Gadzhi Makhachev for his son. The wedding lasted for two days; its attendees included Chechnya's Ramzan Kadyrov. An FSB colonel sitting next to the cable's authors tried to add ""cognac"" to their wine until an FSB general told him to stop.[18][19] In 2015, Burns told Gideon Rachman of the Financial Times that the cable had been ""largely written by his colleagues,"" with Rachman remarking that the telegram had gained a reputation of ""a minor classic of comic writing, its tone very much not what one might expect of a diplomatic cable. ""[20]"
dragged-0129,dragged,who is the current director of the cia,outdated,John Ratcliffe,date_tie,3,2024-04-02,https://www.usglc.org/positions/related-director-of-the-central-intelligence-agency/,,,"William Burns Director of the Central Intelligence Agency Serves as the head of the Central Intelligence Agency, which is part of the United States Intelligence Community. The Director reports to the Director of National Intelligence (DNI). William J. Burns is the Director of the Central Intelligence Agency. Ambassador Bill Burns was president of the Carnegie Endowment for International Peace, the oldest international affairs think tank in the United States. Ambassador Burns retired from the U.S. Foreign Service in 2014 after a thirty-three-year diplomatic career. He served as the Deputy Secretary of State from 2011-2014 and as the Under Secretary for Political Affairs from 2008 to 2011. Past statements on development, diplomacy, and U.S. global leadership: On U.S. global leadership: In a 2019 Foreign Affairs article, Burns wrote, “The country has a window of opportunity to lock in its role as the world’s pivotal power, the one best placed to shape a changing international landscape before others shape it first. If the United States is to seize that opportunity and safeguard its interests and values, it will have to rebuild American diplomacy and make it the tool of first resort, backed up by economic and military leverage and the power of example.” (source) On Diplomacy: In a 2019 Foreign Affairs article, Burns wrote, “What I learned time and again throughout my long career is that diplomacy is one of the United States’ biggest assets and best-kept secrets… its rebirth is crucial to a new strategy for a new century—one that is full of great peril and even greater promise for America.” (source) On Foreign Policy for the Middle Class: Burns writes, “First and foremost, American foreign policy must support domestic renewal. Smart foreign policy begins at home, with a strong democracy, society, and economy. But it has to end there too—with more and better jobs, greater security, a better environment, and a more inclusive, just, and resilient society.” (source)"
dragged-0129,dragged,who is the current director of the cia,outdated,John Ratcliffe,date_tie,4,2023-07-21,https://www.pbs.org/newshour/politics/biden-names-cia-director-william-burns-as-a-member-of-his-cabinet,,,"Biden names CIA Director William Burns as a member of his Cabinet WASHINGTON (AP) — President Joe Biden elevated CIA Director William Burns to his Cabinet on Friday, a symbolic move that underscores the intelligence chief’s influence and his work in U.S. support for Ukraine. In a statement, Biden said Burns had “harnessed intelligence to give our country a critical strategic advantage” and credited his “clear, straightforward analysis that prioritizes the safety and security of the American people.” Burns has been a central figure in the Biden administration, particularly in the White House strategy to declassify intelligence findings that Russia was intending to launch a full-scale invasion of Ukraine. A career diplomat and former ambassador to Russia, Burns was sent to Moscow months before the war to warn Russian President Vladimir Putin of Washington’s analysis. In the nearly 18 months since Putin invaded, the U.S. has provided intelligence support to Ukraine along with weapons and ammunition. Burns has gone to Kyiv repeatedly to meet with Ukrainian President Volodymyr Zelenskyy. He was also sent in November 2022 to warn Russia not to use nuclear weapons in the conflict. Burns is known to meet with Biden regularly and often briefs him directly on Ukraine and other world issues. As a Cabinet member, he will serve alongside Director of National Intelligence Avril Haines, whose office sets direction for the CIA and other members of the U.S. intelligence community. “The President’s announcement today recognizes the essential contributions to national security the Central Intelligence Agency makes every day, and reflects his confidence in our work,” Burns said in a statement. “I am honored to serve in this role, representing the tremendous work of our intelligence officers.” Not all administrations have had top intelligence officials in their Cabinet. Former President Donald Trump included his directors of national intelligence and CIA directors. Left: CIA Director William Burns testifies before a House Intelligence Committee hearing on ""worldwide threats to U.S. security"", on Capitol Hill in Washington, D.C., March 9, 2023."
dragged-0129,dragged,who is the current director of the cia,outdated,John Ratcliffe,date_tie,5,2011-09-28,https://www.britannica.com/topic/list-of-Central-Intelligence-Agency-directors-1787118,,,"The Central Intelligence Agency (CIA), formally created in 1947, is the principal foreign intelligence and counterintelligence agency of the U.S. government. The CIA is headed by a director and deputy director, only one of whom may be a military officer. The director of central intelligence (DCI) serves as the chief intelligence adviser to the president of the United States. This is a chronologically ordered list of the directors, from the earliest to the most recent."
dragged-0129,dragged,who is the current director of the cia,outdated,John Ratcliffe,date_tie,6,2024-11-12,https://www.cnn.com/2024/11/12/politics/john-ratcliffe-cia-director/index.html,,,"President-elect Donald Trump announced Tuesday that he has chosen John Ratcliffe to serve as his CIA director. Ratcliffe had been high on the list of potential attorney general candidates, sources told CNN. He currently serves as co-chair at the Center for American Security at the America First Policy Institute, a Trump-linked think tank. Ratcliffe, a former representative from Texas, served as the director of national intelligence from 2020 to 2021 during Trump’s first term – and his appointment served as a key argument for critics who believed that Trump was using the intelligence community to serve his political needs. During his tenure as spy chief, Ratcliffe publicly released unverified information about Russia’s influence in the 2016 presidential election over the objection of members of the intelligence community. Critics claimed at the time that Ratcliffe was using intelligence to help Trump politically as the 2020 presidential election approached. Trump touted Ratcliffe’s loyalty Tuesday, saying in his announcement:“From exposing fake Russian collusion to be a Clinton campaign operation, to catching the FBI’s abuse of Civil Liberties at the FISA Court, John Ratcliffe has always been a warrior for Truth and Honesty with the American Public.” A CIA official told CNN on Tuesday that the agency is “committed to ensuring a smooth transition.” Trump initially picked Ratcliffe to be director of national intelligence in 2019, but the Texas conservative withdrew after questions emerged about exaggerations to his national security resume and his partisan record. Trump re-nominated him in 2020 after Ratcliffe emerged as a key defender of the president during the House’s first impeachment proceedings. The Senate later voted 49-44 along party lines to confirm him. Ratcliffe stayed in the role during the 2020 election and presidential transition, during which he personally told Trump and his allies that there was no evidence of foreign election interference or widespread fraud."
dragged-0129,dragged,who is the current director of the cia,outdated,John Ratcliffe,date_tie,7,,https://www.dni.gov/index.php/who-we-are/leadership/director-of-national-intelligence,,,"Director Haines has deep national security experience. During the Obama administration, she served as Assistant to the President and Principal Deputy National ..."
dragged-0129,dragged,who is the current director of the cia,outdated,John Ratcliffe,date_tie,8,2024-11-12,https://www.youtube.com/watch?v=UzZNpKlvQFU,,,President-elect Trump has named former intelligence director John Ratcliffe as his CIA director. NBC News' Ken Dilanian has more on Trump's ...
dragged-0129,dragged,who is the current director of the cia,outdated,John Ratcliffe,date_tie,9,2024-01-01,https://www.cia.gov/about/organization/,,,"Organization Our Agency is made up of five broad disciplines, known as directorates, which join forces under the umbrella of Mission Centers. Each team brings a unique set of capabilities that, when combined, support our vital mission. CIA is an independent agency responsible for providing national security intelligence to senior US policymakers. The Director of the Central Intelligence Agency (D/CIA) is nominated by the president with the advice and consent of the Senate. The Director manages the operations, personnel, and budget of the Central Intelligence Agency. The CIA is separated into five basic components that carry out âthe intelligence cycle,â the process of collecting, analyzing, and disseminating intelligence information to top US government officials. In addition, the D/CIA has several offices of staff that manage specific Agency executive functions and liaison to other external government entities. Directorates Mission Centers Mission Centers work closely with all Agency elements to meet national security challenges. Mission Centers bring together a full range of operational, analytic, support, technical, and digital capabilities. Officers from each directorate work together as one to address present and future threats. Today, there are eleven Mission Centers that specialize in key regional and high-priority issues: Africa Mission Center China Mission Center Counterintelligence Mission Center Counterterrorism Mission Center East Asia & Pacific Mission Center Europe & Eurasia Mission Center Near East Mission Center South & Central Asia Mission Center Transnational & Technology Mission Center Weapons & Counterproliferation Mission Center Western Hemisphere Mission Center Executive Offices The Director of the CIA maintains a diverse executive staff to oversee key Agency functions. These offices include, but are not limited to: The Office of Public Affairs leads all media, public relations, and communications matters, including press and entertainment inquiries. OPA also manages this website and all of CIAâs official social media accounts. Prepublication Classification Review Board Interested in publishing your work?"
dragged-0131,dragged,When is this year's Ramadan?,outdated,28th of February or 1st of March,,0,2025-01-01,https://www.muslimaid.org/what-we-do/religious-dues/when-is-ramadan/,28th of February or 1st of March,correct,"When Is Ramadan? The auspicious month of Ramadan is a time for reflection, contemplation, and celebration. To help you prepare for the blessed month of Ramadan, we have provided the key dates below. When is Ramadan 2025? The Islamic Calendar follows the phases of the moon, commonly known as the lunar cycle. As a result, the Holy month of Ramadan falls approximately 10 days earlier each year in the Gregorian calendar. The Ramadan start date for 2025 is expected to fall around 28 February (with the possible variation of a few days) following the sighting of the moon over Mecca or respective countries. Lasting for 29 or 30 days, Ramadan will end around 30 March, with the celebratory days of Eid al-Fitr estimated to start around 30 March, again with a possible difference of a couple of days. Key Ramadan 2025 Dates at a Glance When does Ramadan 2025 start? Either 28 February, or 1 March How long is Ramadan 2025? 29 or 30 days, depending on moonsighting. When does Ramadan 2025 end? Around 30 March When is Laylat al-Qadr 2025? Laylat-al-Qadr is one of the last 10 odd nights of Ramadan and the 27th night, according to some hadith narrations. 27th Ramadan might fall on 27 March. Remember to keep checking the Muslim Aid website for an updated Islamic calendar. When Does Eid al-Fitr 2025 Start? Eid-al-Fitr 2025 might fall on or near 30 or 31 March, depending on moonsighting. Sawm Sawm is one of the Five Pillars of Islam and the Arabic word for ‘fasting’. Fasting is a key part of Ramadan and requires all Muslims of able body and sound mind to fast during this holy month."
dragged-0131,dragged,When is this year's Ramadan?,outdated,28th of February or 1st of March,,1,2024-11-18,https://www.almanac.com/content/when-start-ramadan,,,"The Meaning and Traditions of Ramadan This year, the holy month of Ramadan begins at the first sighting of the crescent Moon on the evening of Friday, February 28, 2025. Learn about how—and why—Ramadan is observed. What Is Ramadan? Ramadan is the ninth month of the Islamic calendar. It is considered a holy month that honors the time when Allah, via the angel Gabriel, revealed the first verses of the Qur’an, the holy book of Islam, to a caravan trader named Muhammad. When Is Ramadan? This year, Ramadan is expected to begin at sundown on Friday, February 28, and end at sundown on Sunday, March 30. The final evening of Ramadan consists of a celebration called Eid al-Fitr, when the traditional month-long fast is ended with a feast. Read Next The exact beginning and ending times of the month of Ramadan are based on the sighting of the first crescent Moon on the last night of the eighth month (Sha’ban). Specifically, Ramadan is said to begin at the first observance of the crescent Moon over Mecca, Saudi Arabia (or on a date predetermined by astronomical calculation). Because of this, start and end dates are not set in stone and may vary by a day. The dates listed below are based on expected visibility, so they may differ slightly from those seen elsewhere. Ramadan Dates Year First Evening of Ramadan (fasting begins at dawn next day) Final Evening of Ramadan (Eid al-Fitr) 2025 Friday, February 28 Sunday, March 30 2026 Tuesday, February 17 Wednesday, March 18 2027 Sunday, February 7 Monday, March 8 2028 Thursday, January 27 Friday, February 25 Traditions of Ramadan Beginning at puberty, all Muslims (with certain exceptions, such as if one is ill, traveling,"
dragged-0131,dragged,When is this year's Ramadan?,outdated,28th of February or 1st of March,,2,,https://studentlife.mit.edu/orsel/interfaith-understanding/about-ramadan-2024,,,"This year, Ramadan is expected to begin in the evening on Sunday, March 10, 2024 and end on Tuesday, April 9, 2024."
dragged-0131,dragged,When is this year's Ramadan?,outdated,28th of February or 1st of March,,3,2024-03-08,https://today.marquette.edu/2024/03/ramadan-begins-the-evening-of-march-10/,,,"Ramadan begins the evening of March 10 Ramadan, the most sacred time of the year for Muslims, begins Sunday night, March 11, and ends on Thursday, April 11. This is a time of immense significance in the Islamic community. The month-long, lunar holiday serves as a sacred period of introspection, spiritual growth and self-discipline for Muslims worldwide. Ramadan is a time marked by fasting from dawn to sunset, when Muslims abstain not only from food and drink, but from daily pleasures as well. Fasting during Ramadan serves as a powerful reminder of empathy and compassion for those less fortunate. By experiencing hunger and thirst, individuals gain a heightened understanding of the struggles faced by those who live in poverty. This shared experience fosters a sense of solidarity and motivates believers to engage in acts of charity, kindness and community service. It becomes a time for selflessness, reinforcing the importance of generosity and helping those in need. During this Ramadan season, I ask the campus community to be flexible with students recognizing the holiday as they may be absent from class during prayer time and may request extra accommodations to complete their assigned work. Stay tuned to Marquette Today and the Campus Ministry Instagram for more information on an upcoming Iftar dinner hosted by Campus Ministry. Ramadan serves as a transformative period, encouraging individuals to transcend their worldly desires and cultivate qualities of patience, gratitude and humility. Through self-control, believers aim to purify their hearts and souls, striving for a higher level of consciousness and spiritual enlightenment. Ramadan, therefore, stands as a beacon of self-discipline and personal growth, guiding individuals to a more virtuous and fulfilling life. Students are encouraged to connect with Sameer Ali, Muslim Chaplain, who is available to provide emotional and spiritual support to students."
dragged-0131,dragged,When is this year's Ramadan?,outdated,28th of February or 1st of March,,4,2025-01-01,https://www.qppstudio.net/global-holidays-observances/start-of-ramadan.htm,,,"* The dates above were calculated using the Umm al-Qura calendar used in Saudi Arabia and most countries of the Gulf. To get the exact date when Start of Ramadan is observed, as an official non-working public holiday, in a specific country, region or state, please refer to our listing of the official public holidays for that country. In which countries is Start of Ramadan observed as an official public holiday ?"
dragged-0131,dragged,When is this year's Ramadan?,outdated,28th of February or 1st of March,,5,2021-01-01,https://inclusion.msu.edu/hiring/Observances/Ramadan.html,,,"Ramadan at MSU A Brief Guide for 2021 Beginning in mid-April, many MSU students and employees will begin the month-long fast of Ramadan. As we work toward promoting a more inclusive Spartan community, here are some facts to consider: Ramadan is the ninth month of the Islamic lunar calendar and is widely considered the month in which the Qur’an (Koran), the Islamic holy book, was first revealed. This year, Ramadan will begin at sunset on April 12, give or take a day (depending on when the new moon is sighted), and will last 29 or 30 days. As the Islamic year is approximately 11 days shorter than the Gregorian year, Ramadan in 2022 will begin around April 1. Fasting in the month of Ramadan is one of the “five pillars” of Islam. The Qur’an (2:183) states that fasting was prescribed so that believers may attain God-consciousness. Accordingly, Ramadan is widely regarded as a month of spiritual growth. Practicing Muslims who are able to do so are expected to abstain from eating, drinking (including water) and sexual relations from dawn to sunset each day of the month. Many Muslims will also perform various prayers and acts of devotion, especially at night, sometimes past midnight. And as many adherents also wake up early for predawn meals, they may experience not just hunger and thirst but also fatigue. Those who are ill, traveling, or unable to fast for other reasons are exempt from the Ramadan fast. Those who are able to do so are expected to make up the missed days at a later time. The end of Ramadan is marked by the Islamic holiday Eid al-Fitr (“the festival of the breaking of the fast”), which will begin this year at sunset on May 12, give or take a day. Eid al-Fitr is one of the two major Islamic holidays, the other being Eid al-Adha (“the festival of sacrifice”), which overlaps with the annual Hajj ("
dragged-0131,dragged,When is this year's Ramadan?,outdated,28th of February or 1st of March,,6,2025-01-01,https://islamic-relief.org/ramadan-2025-key-dates-common-questions-our-work/ramadan-timetable-2025-islamic-relief-worldwide/,28th of February or 1st of March,correct,"This year, the holy month of Ramadan is expected to begin on Friday, Feb. 28, or Saturday, March 1, 2025. The exact timing is based on the sighting of the moon."
dragged-0131,dragged,When is this year's Ramadan?,outdated,28th of February or 1st of March,,7,2024-04-06,https://www.independent.co.uk/life-style/when-does-ramadan-finish-2024-b2524381.html,,,"The tablets of Ibrahim, the Torah, the Psalms, the Gospel, and the Quran were sent down on the 1st, 6th, 12th, 13th and 24th days of Ramadan, according to the faith. When is Ramadan? Ramadan begins on Sunday 10 March 2024 and is expected to conclude on Tuesday 9 April 2024, meaning Eid al-Fitr is likely to fall on Wednesday 10 April 2024. Why does the date vary each year? The Islamic calendar is lunar, meaning each month begins with a new astronomical moon. As lunar months are shorter than solar, the Islamic calendar does not correspond with the Gregorian calendar followed in the West, so that means Ramadan occurs around 10 days earlier every year. The period takes place in the ninth month of the Islamic year. Its precise date also varies from country to country by about a day, depending on when the moon is sighted. Followers of the faith are encouraged to check the precise timings of sunrise and sunset with their local mosques to ensure the fast is not inadvertently broken prematurely. Why do Muslims fast? ​Ramadan is a holy month dedicated to prayer and reading the Quran. Generosity and giving to worthy causes and neighbours are encouraged. It is a period for reflection, self-restraint, and warmth intended to bring Muslims closer to Allah, hence the abstention from earthly distractions like food and water, cigarettes, and sexual activity during daylight hours. A modest meal is taken before dawn known as “suhoor” and after dusk known as “iftar” but nothing whatsoever is consumed in between, not even water. Fasting during Ramadan is a requirement for all Muslims from a young age, in some cases beginning as early as 10. Those who are too ill to fast can be exempted if participating would mean endangering their health, as can the elderly, those suffering from a mental illness,"
dragged-0131,dragged,When is this year's Ramadan?,outdated,28th of February or 1st of March,,8,2025-01-01,https://www.brandeis.edu/spiritual-life/resources/guide-to-observances/ramadan.html,28th of February or 1st of March,correct,"This prayer is called Tarawih. What and When is Ramadan? The holy month of Ramadan is the 9th month in the Islamic lunar calendar. It is a month of fasting, worship, service, communal gathering, and spiritual development. Fasting in Ramadan is one of the Five Pillars of Islam. Since there are 12 lunar months superimposed over 12 solar months, Ramadan “moves back” about 11 days per solar year. In 2024, the first day of fasting is expected to be March 11, though given differing interpretive schools among Muslim communities, some may declare the month to begin a day before or after the predicted date. Likewise, the holiday commemorating the end of fasting, most often called Eid al-Fitr in the US, may fall on different days according to varying family, cultural, or interpretive preferences. The Eid holiday that marks the end of fasting is expected around April 9 (dates may vary). It consists of a congregational prayer in the morning followed by visiting family and friends. The full day of Eid is a holiday, not just the morning prayers, and many will choose to take the day off. As such, it is an excused absence per the Academic Coursework and Religious Observance Policy. Others may prefer to return to school or work and take exams on Eid. In some cultures, the two days after Eid are also counted as part of the holiday. Key takeaways: Fasting is defined as no food, drink, or sexual relations from before the first light of dawn until the setting of the sun. Ramadan will be approximately March 10 - April 9 in 2024. Fasting times in 2024 are between 5:46 a.m. and 6:48 p.m. at the beginning of Ramadan and 4:52 a.m.- 7:21p.m. by the end of Ramadan. Some may start fasting earlier and break fast later. Diversity of practice:"
dragged-0131,dragged,When is this year's Ramadan?,outdated,28th of February or 1st of March,,9,2025-01-01,https://www.american.edu/student-affairs/kay/resources-for-ramadan.cfm,28th of February or 1st of March,correct,"Resources for the Month of Ramadan The month of Ramadan is the ninth month of the Islamic calendar and commemorates the first revelation of God to the Prophet Mohammad for the Muslim community. The fasting of the month of Ramadan is one of the five pillars of Muslim faith, and observant Muslims will not eat or drink from sunrise to sunset during the month, which is from the sighting of one crescent moon to the next. This is a season of reflection, contemplation, and empathy; the act of fasting during the month of Ramadan is to redirect one’s attention from earthly self-centered things to an awareness and commitment to higher ideals and purposes. The holy month also includes additional attention to one’s prayer life and the recitation of the Qur'an. The gathering for fast breaking each night during the month of Ramadan, iftars, is a significant moment of community connection and joy. Traditionally dates are eaten at the breaking of the fast each night before prayers, commemorating the Prophet Mohammad’s practice of breaking the fast by eating three dates. The struggle of the fast, therefore, is complimented by the celebration of sharing a meal with others. For most Muslims, the month of Ramadan begins this year on Sunday, March 10 and ends on April 9. Each person engages their religious life and the challenges of fasting differently. The Office of the University Chaplain with Kay Spiritual Life Center has helped coordinate the following resources for prayer and fast-breaking: Extended Building Hours The Kay Spiritual Life Center building will be open extended hours during the month of Ramadan to provide access prior to the sunrise and after sunset. Extended hours: 5am- 11pm. The Muslim Prayer Room is located in the lower level of Kay Spiritual Life Center. Break-fast Basket Throughout the month of Ramadan, there will be a rotating assortment of snacks, dates, and beverages for the Muslim community to enjoy at the conclusion of the fasting period available in KSLC. These should provide enough sustenance to hold people over until they get to other dining options."
dragged-0137,dragged,What is the name of the world's fastest supercomputer?,outdated,EL-Capitan,,0,2024-12-19,https://en.wikipedia.org/wiki/TOP500,,,"After experimenting with metrics based on processor count in 1992, the idea arose at the University of Mannheim to use a detailed listing of installed systems as the basis. In early 1993, Jack Dongarra was persuaded to join the project with his LINPACK benchmarks. A first test version was produced in May 1993, partly based on data available on the Internet, including the following sources:[4][5] ""List of the World's Most Powerful Computing Sites"" maintained by Gunter Ahrendt[6] David Kahaner, the director of the Asian Technology Information Program (ATIP);[7] published a report in 1992, titled ""Kahaner Report on Supercomputer in Japan""[5] which had an immense amount of data.[citation needed] The information from those sources was used for the first two lists. Since June 1993, the TOP500 is produced bi-annually based on site and vendor submissions only. Since 1993, performance of the No. 1 ranked position has grown steadily in accordance with Moore's law, doubling roughly every 14 months. In June 2018, Summit was fastest with an Rpeak[8] of 187.6593 PFLOPS. For comparison, this is over 1,432,513 times faster than the Connection Machine CM-5/1024 (1,024 cores), which was the fastest system in November 1993 (twenty-five years prior) with an Rpeak of 131.0 GFLOPS.[9] Two computers which first appeared on the list in 2018 were based on architectures new to the TOP500."
dragged-0137,dragged,What is the name of the world's fastest supercomputer?,outdated,EL-Capitan,,1,2024-03-28,https://www.livescience.com/technology/computing/top-7-most-powerful-supercomputers-in-the-world-right-now,,,"Supercomputers work based on the same principles as everyday computers, but their performance levels are much higher and they look more like the classic mainframes of old. Unlike normal desktop PCs or laptops, they process massive data sets and perform calculations at incredible speeds. They're the fastest computers in the world, according to IBM, and require a massive amount of infrastructure to operate — including advanced cooling systems. Architecturally, they are also fitted with many more components than normal PCs. Your laptop might have one central processing unit (CPU) and one graphics processing unit (GPU), but one supercomputer may have thousands upon thousands of CPUs and GPUs — each of them considerably more powerful than those you find off the shelf. Their performance is also measured using floating-point operations per second (FLOPS) — where one floating-point operation is a mathematical calculation. The most powerful supercomputer in the world now exceeds 1 exaFLOP — 1 quintillion (1018) FLOPS — while normal PCs and laptops usually have power of several hundred gigaFLOPS — 1 trillion (109) FLOPS. We refer to machines like this as exascale supercomputers. Because they can work with massive amounts of data and process calculations incredibly fast, scientists often use supercomputers to crack problems in drug and material discovery. Supercomputers can also make predictions — like forecasting the weather — and even learn how to play chess, like IBM's classic Deep Blue supercomputer in 1997. Based on the latest TOP500 rankings, here are the seven most powerful supercomputers online today. Currently top of the list, Frontier — built by supercomputing giant HPE Cray — became the first exascale computer in the world when it went online in 2022. Scientists initially planned to use Frontier for cancer research, drug discovery, nuclear fusion, exotic materials, designing superefficient engines and modeling stellar explosions, according to IEEE Spectrum. In the coming years, scientists will use Frontier to design new transport and medicine technologies, reported MIT Technology Review."
dragged-0137,dragged,What is the name of the world's fastest supercomputer?,outdated,EL-Capitan,,2,2024-11-18,https://www.pcmag.com/news/us-el-capitan-is-now-the-worlds-fastest-supercomputer-top500,,,"Following years of development, the US' El Capitan supercomputer now ranks as the world's fastest, dethroning the previous champion, Frontier, another US exascale computer. In a recent verified test, El Capitan achieved 1.742 exaFLOPs of performance or 1.742 quintillion calculations per second, according to Lawrence Livermore National Laboratory in California, where the supercomputer is based. Top500, which benchmarks and catalogs the world’s fastest supercomputers, previously ranked Frontier and Aurora as the two top machines. In this latest round, the AMD-powered Frontier was benchmarked at 1.35 exaFLOPs, while its top theoretical speed was rated at 2.05 exaFLOPs. The same machine can also access up to 24 megawatts of power. In contrast, El Capitan—which also uses AMD chips—promises a peak performance of 2.79 exaFLOPs over nearly 30 megawatts of electricity. The machine also boasts a ""22-fold peak increase"" over Sierra, which was the world’s second-fastest supercomputer in 2018 but slipped to the 12th spot in June. ""Complex, high-resolution 3D simulations that would take weeks or months on Sierra will be done in just hours or days on El Capitan, leading to previously unimaginable insights,” the lab adds. (Top500) Top500 adds that El Capitan features ""11,039,616 combined CPU and GPU cores and is based on AMD 4th generation EPYC processors with 24 cores at 1.8GHz and AMD Instinct MI300A accelerators."" For comparison, the second-place Frontier boasts 9 million combined cores. The news comes after the US government funded the development of three ""exascale"" supercomputers—El Capitan, Frontier, and the Intel-powered Aurora—taking the technology to the next level."
dragged-0137,dragged,What is the name of the world's fastest supercomputer?,outdated,EL-Capitan,,3,2024-11-20,https://www.hpcwire.com/off-the-wire/llnls-el-capitan-verified-as-worlds-fastest-supercomputer/,EL-Capitan,correct,"Verified at 1.742 exaFLOPs (1.742 quintillion calculations per second) on the High Performance Linpack — the standard benchmark used by the Top500 organization to evaluate supercomputing performance — El Capitan is the fastest computing system ever benchmarked. The system has a total peak performance of 2.79 exaFLOPs. The Top500 list was released at the 2024 Supercomputing Conference (SC24) in Atlanta. As NNSA’s first exascale supercomputer, El Capitan is a premier resource for the NNSA Tri-Labs — LLNL, and Los Alamos and Sandia National Laboratories — to advance nuclear weapon science and scientific discovery, providing the vast computational power necessary to ensure the safety, security and reliability of the nation’s nuclear deterrent without nuclear testing. This state-of-the-art system marks a monumental leap forward in HPC, enabling unprecedented modeling and simulation capability essential for NNSA’s Stockpile Stewardship Program that certifies the U.S. nuclear stockpile, and other critical nuclear security missions such as nonproliferation and counterterrorism. “El Capitan’s introduction continues the capability advancement needed to sustain our stockpile without returning to explosive nuclear testing. This computational capability, backed by decades of data, expertise and code development is the heart of science-based stockpile stewardship,” said Jill Hruby, Department of Energy (DOE) under secretary for nuclear security and NNSA administrator. “We will continue to invest in the technological and scientific infrastructure necessary to underpin the nuclear security enterprise.” NNSA Tri-Lab scientists will utilize El Capitan’s speed and unparalleled capabilities to further advance NNSA’s core mission of maintaining an aging stockpile while simultaneously pursuing weapon modernization such as the W87-1 and W93 warheads currently under development. El Capitan will realize a multi-decade goal to model weapon performance and safety in high-fidelity resolution with quantified uncertainties using codes that have been developed and tuned for exascale over the past decade."
dragged-0137,dragged,What is the name of the world's fastest supercomputer?,outdated,EL-Capitan,,4,2012-06-09,https://en.wikipedia.org/wiki/Supercomputer,,,"A supercomputer is a type of computer with a high level of performance as compared to a general-purpose computer. The performance of a supercomputer is commonly measured in floating-point operations per second (FLOPS) instead of million instructions per second (MIPS). Since 2022, supercomputers have existed which can perform over 1018 FLOPS, so called exascale supercomputers.[3] For comparison, a desktop computer has performance in the range of hundreds of gigaFLOPS (1011) to tens of teraFLOPS (1013).[4][5] Since November 2017, all of the world's fastest 500 supercomputers run on Linux-based operating systems.[6] Additional research is being conducted in the United States, the European Union, Taiwan, Japan, and China to build faster, more powerful and technologically superior exascale supercomputers.[7] Supercomputers were introduced in the 1960s, and for several decades the fastest was made by Seymour Cray at Control Data Corporation (CDC), Cray Research and subsequent companies bearing his name or monogram. The first such machines were highly tuned conventional designs that ran more quickly than their more general-purpose contemporaries. Through the decade, increasing amounts of parallelism were added, with one to four processors being typical. In the 1970s, vector processors operating on large arrays of data came to dominate. A notable example is the highly successful Cray-1 of 1976. Vector computers remained the dominant design into the 1990s. From then until today, massively parallel supercomputers with tens of thousands of off-the-shelf processors became the norm.[9][10] The US has long been the leader in the supercomputer field, first through Cray's almost uninterrupted dominance of the field, and later through a variety of technology companies. Japan made major strides in the field in the 1980s and 1990s, with China becoming increasingly active in the field."
dragged-0137,dragged,What is the name of the world's fastest supercomputer?,outdated,EL-Capitan,,5,2024-09-04,https://www.nature.com/articles/d41586-024-02832-5,,,"Thank you for visiting nature.com. You are using a browser version with limited support for CSS. To obtain the best experience, we recommend you use a more up to date browser (or turn off compatibility mode in Internet Explorer). In the meantime, to ensure continued support, we are displaying the site without styles and JavaScript."
dragged-0137,dragged,What is the name of the world's fastest supercomputer?,outdated,EL-Capitan,,6,2024-11-18,https://www.amd.com/en/newsroom/press-releases/2024-11-18-amd-accelerates-exascale-computing-to-new-heights-.html,,,"The El Capitan supercomputer, housed at Lawrence Livermore National Laboratory (LLNL), powered by AMD Instinctâ¢ MI300A APUs and built by Hewlett Packard Enterprise (HPE), is now the fastest supercomputer in the world with a High-Performance Linpack (HPL) score of 1.742 exaflops based on the latest Top500 list. Both El Capitan and the Frontier system at Oak Ridge National Lab claimed numbers 18 and 22, respectively, on the Green500 list, showcasing the impressive capabilities of the AMD EPYC processors and AMD Instinct GPUs to drive leadership performance and energy efficiency for HPC workloads. âWe are thrilled to see El CapitanÂ become the second AMD powered supercomputer to break the exaflop barrier and become the fastest supercomputer in the world. Â Showcasing theÂ incredible performance and efficiency of the AMD Instinct MI300 APUs, this groundbreaking machineÂ is a testament to the dedicated work between AMD, LLNL and HPE,â saidÂ Forrest Norrod, executive vice president and general manager, AMD. âAt AMD, we are driving the future of computing with leadership performance and capabilities thatÂ will continue toÂ define theÂ convergence ofÂ HPC and AI for years to come.â ""El Capitan is crucial to the National Nuclear Security Administrationâs core mission and significantly bolsters our ability to perform large ensembles of high-fidelity 3D simulations that address the intricate scientific challenges facing the mission,"" said Rob Neely, director of LLNLâs Advanced Simulation and Computing program. Bronis R. de Supinski, LLNLâs chief technology officer for Livermore Computing adds, ""Leveraging the AMD Instinct MI300A APUs, we've built a system that was once unimaginable, pushing the absolute boundaries of computational performance while maintaining exceptional energy efficiency."
dragged-0137,dragged,What is the name of the world's fastest supercomputer?,outdated,EL-Capitan,,7,2024-11-20,https://www.techrepublic.com/article/hpe-el-capitan-worlds-fastest-supercomputer-2024/,EL-Capitan,correct,"El Capitan, built by HPE, tops the 2024 TOP500 list as the world’s fastest supercomputer, driving breakthroughs in AI, nuclear research, and energy. El Capitan, the record-breaking supercomputer built by HPE and housed at the Lawrence Livermore National Laboratory in California, has officially claimed the title of the world’s fastest supercomputer, according to the latest TOP500 rankings. “El Capitan marks another significant milestone in exascale supercomputing, bringing monumental performance, energy efficiency, and the capabilities to accelerate AI-driven scientific discovery and make incredible breakthroughs to strengthen national security and unlock new opportunities in renewable energy,” Trish Damkroger, senior vice president and general manager, HPC & AI Infrastructure Solutions, said in a press release. The TOP500 team clocked El Capitan at a Linpack score of 1.742 EFlop/s, a standardized measure of how quickly the system can solve a complex sequence of linear equations. El Capitan supports the work of the U.S. National Nuclear Security Administration, including research on nuclear weapons and deterrents. The lab also uses the machine for scientific research on energy security, climate change, power grid modernization, and drug discovery. The supercomputer uses AMD 4th-generation EPYC processors, the Cray Slingshot 11 network for data transfer, and a custom storage solution. The world’s number one supercomputer has 11,039,616 combined CPU and GPU cores. It runs at 58.89 gigaflops performance per watt. Top 5 Supercomputers of 2024 The Frontier system at Oak Ridge National Laboratory in Tennessee Frontier increased its exaflops to 1.353 Eflop/s on the November list, but that was still insufficient to prevent El Capitan from knocking Frontier down from the top spot. Frontier uses 9,066,176 cores and Cray’s Slingshot 11 network."
dragged-0147,dragged,how many students attend university of texas at austin,outdated,"51,913",no_match,0,2024-09-24,https://www.utexas.edu/about/facts-and-figures,,,"Change the World Longhorns are passionate about making the world a better place, united by the belief that creating and sharing knowledge can save lives and transform society. Come explore our vast research enterprise — or better yet, create, innovate and discover with us. *Black includes both “Black or African American Alone” and “Black or African American Multiracial (excluding Hispanic)”. *Students are classified as “International” if they are not U.S. citizens or U.S. permanent residents. Academics Undergraduate degree programs: 156 Undergraduate fields of study: 170+ Graduate degree programs: 139 (237 including doctoral) Courses: 12,400+ Study abroad programs: 400 Countries hosting education abroad students: 102 Fulbright Students and Scholars: 1,007 Rhodes Scholars: 31 Marshall Scholars: 24 Campus Acres on main campus: 431 Libraries: 17 Volumes in UT Libraries: More than 10 million Museums: 7 Works at the Blanton Museum of Art: 17,000+ Specimens in the Texas Science & Natural History Museum collection: 5.7 million Student organizations: 1,000+ Career centers: 15 Research No. 6 among U.S. universities for research financed by the National Science Foundation (FY2022)"
dragged-0147,dragged,how many students attend university of texas at austin,outdated,"51,913",no_match,1,2025-02-16,https://en.wikipedia.org/wiki/University_of_Texas_at_Austin,,,"In addition, the university has nine honors programs, eight of which span a variety of academic fields: Liberal Arts Honors, the Business Honors Program, the Turing Scholars Program in Computer Science, Engineering Honors, the Dean's Scholars Program in Natural Sciences, the Health Science Scholars Program in Natural Sciences, the Polymathic Scholars Program in Natural Sciences, and the Undergraduate Nursing Honors Program in School of Nursing. The ninth is the Plan II Honors Program, a rigorous interdisciplinary program that is a major in and of itself.[112] Many Plan II students pursue a second major, often participating in another department's honors program in addition to Plan II.[113] The university also offers programs such as the Freshman Research Initiative and Texas Interdisciplinary Plan.[114] The University of Texas at Austin encourages applicants to submit SAT/ACT scores, but it is not required.[117] However, for students applying for admission from fall 2025 onwards, submission of SAT/ACT scores is mandatory as part of their undergraduate admission application.[118] As of 2011, the university was one of the most selective universities in the region. Relative to other universities in the state of Texas, UT Austin was second to Rice University in selectivity according to a Business Journal study weighing acceptance rates and the mid-range of the SAT and ACT. The University of Texas at Austin was ranked as the 18th most selective in the South.[119] As a state public university, UT Austin was subject to Texas House Bill 588, which guaranteed Texas high school seniors graduating in the top 10% of their class admission to any public Texas university. A new state law granting UT Austin (but no other state university) a partial exemption from the top 10% rule, Senate Bill 175, was passed by the 81st Legislature in 2009. It modified this admissions policy by limiting automatically admitted freshmen to 75% of the entering in-state freshman class, starting in 2011."
dragged-0147,dragged,how many students attend university of texas at austin,outdated,"51,913",no_match,2,2020-06-25,https://datausa.io/profile/university/the-university-of-texas-at-austin,,,"Texas at Austin is 49,081 students and the part-time enrollment is 3,303. This means that 93.7% of students enrolled at The University of Texas at Austin are enrolled full-time. The enrolled student population at The University of Texas at Austin, both undergraduate and graduate, is 34.6% White, 24.8% Hispanic or Latino, 21.1% Asian, 4.35% Black or African American, 3.61% Two or More Races, 0.0954% American Indian or Alaska Native, and 0.0535% Native Hawaiian or Other Pacific Islanders. Students enrolled at The University of Texas at Austin in full-time Undergraduate programs are most commonly White Female (18.9%), followed by Hispanic or Latino Female (17.4%) and White Male (13.8%). Students enrolled in full-time Graduate programs are most commonly White Female (20.6%), followed by White Male (18.6%) and Hispanic or Latino Female (7.31%). The total enrollment at The University of Texas at Austin in 2022, both undergraduate and graduate, is 52,384 students. The full-time enrollment at The University of Texas at Austin is 49,081 and the part-time enrollment is 3,303. This means that 93.7% of students enrolled at The University of Texas at Austin are enrolled full-time compared with 77.4% at similar Doctoral Universities. This chart shows the full-time vs part-time enrollment status at The University of Texas at Austin (in red) compares to similar universities. Retention rate measures the number of first-time students who began their studies the previous fall and returned to school the following fall. The retention rate for full-time undergraduates at The University of Texas at Austin was 95%."
dragged-0147,dragged,how many students attend university of texas at austin,outdated,"51,913",no_match,3,2024-11-12,https://en.wikipedia.org/wiki/List_of_public_universities_in_Texas_by_enrollment,,,"University of Texas at Austin, 53,082, 52,384, 51,786, 50,282, 50,894, 51,684 ... See also. edit · Education in Texas · List of largest United States university ..."
dragged-0147,dragged,how many students attend university of texas at austin,outdated,"51,913",no_match,4,2024-09-19,https://www.kvue.com/article/news/local/ut-austin-enrollment-applications-graduation-rates-growth-texas-local/269-9a8962f4-a2dc-4281-9236-c6526905927f,,,"Download the KVUE app More Videos UT Austin reaches record enrollment numbers The university also saw growth in application and graduation rates from 2023-2024. Author: Morgan McGrath Published: 12:56 PM CDT September 19, 2024 Updated: 12:56 PM CDT September 19, 2024 AUSTIN, Texas — After nearly a month into its fall semester, the University of Texas at Austin has reached record high applications, enrollments and graduation numbers. According to UT, first-year student applications went up by more than 10% from 2023-2024, with more than 72,000 applicants this year and roughly 9,200 students in the current class. Enrollment increased by 1.5%, with freshman retention rates reaching a new record of 96.7%. The university said housing costs are also less expensive this year, in part thanks to its housing scholarship program, which was first introduced in 2023. This funding focuses on students from low and middle-income backgrounds. UT Austin president Jay Hartzell said demand for the university is at an all-time high, ""And once students arrive, they are performing better than ever, graduating sooner, taking on less debt, launching their careers and creating more room for additional students to come and be part of this community. "" While more students are enrolling in the university, a higher percentage are also completing their higher education. From 2013 to 2024, four-year graduation rates rose from roughly 52% to 74.8% total, including growth among students eligible for Pell grants, as well as Black, Hispanic and first-generation undergraduates. Out of all undergraduate and graduate Longhorns, Hispanic students make up 25.5% of the population, while 22.4% are Asian and 5.4% are Black. The average net school fees decreased by roughly 29% this year compared to 2020."
dragged-0147,dragged,how many students attend university of texas at austin,outdated,"51,913",no_match,5,2025-01-01,https://www.princetonreview.com/college/university-texas-at-austin-1023590,,,"And ScienceWorks is the online hub for College of Natural Sciences students looking for jobs, internships, mentors and professional development events. Job and Internship Fairs are usually organized by school as well with multiple chances to network and meet potential employers each year. UT Austin graduates who visited PayScale.com report a median starting salary of $62,100, and 51 percent derive a high level of meaning from their work. One education major we surveyed summarized life at The University of Texas at Austin as ""research, education, and service."" Involving undergraduates in research is a core aspect of the faculty's mission, according to Associate Professor Julia Mickenberg: ""It's very important [for] undergraduates [to] recognize the value of working with professors who are doing cutting-edge research, because this is partly how they can fully comprehend that knowledge is itself constructed and always evolving, and they are learning not just information but how to build knowledge. I'm also modeling an attitude of inquiry for the students…I've found that they're very interested, and also excited to know that they're learning from teachers who are also scholars. I'm also constantly trying to get students themselves into the archives, and to find way for them to get a sense of the thrill that comes from discovering new material and/or finding new connections between things that had always been seen as unrelated."" As an example, the Freshman Research Initiative, which offers first-year students the opportunity to initiate and engage in authentic research experiences with faculty and graduate students in areas such as chemistry, biochemistry, nanotechnology, molecular biology, and computer science, is one such research opportunity for UT Austin students. Roughly 900 first-years participate in the Freshman Research Initiative, which guides students through the process of producing independent, potentially publishable research projects."
dragged-0147,dragged,how many students attend university of texas at austin,outdated,"51,913",no_match,6,2025-02-12,https://www.utsystem.edu/about,,,"About The University of Texas System For more than 140 years, The University of Texas System has improved the lives of Texans — and people all over the world — through education, health care and research. With an enrollment of more than 256,000 students at academic and health institutions across the state, as well as an operating budget of $30.9 billion, the UT System is one of the largest public university systems in the nation and the world. UT institutions are powerful drivers of economic and social mobility in Texas, producing more than 66,000 graduates annually, including more than one-third of the state’s undergraduate degrees and about 63% of the state’s medical degrees. Almost half of all undergraduate degrees are awarded to students who qualified for a Pell grant based on financial need while enrolled at a UT institution. More than three-fourths of undergraduate students secure jobs in Texas within a year after graduation, providing a skilled workforce and fueling the state’s economy. In fact, UT students who entered the Texas workforce between 2002 and 2019 had cumulative earnings through 2020 of $350 billion. The UT System also is one of the largest employers in Texas, with more than 160,000 faculty, health care professionals, researchers, support staff and student workers. Creating a healthier Texas is a fundamental mission of UT institutions. Collectively, UT-owned and -affiliated hospitals and clinics accounted for nearly 10.8 million outpatient visits and more than 2.1 million hospital days in 2023. The UT System has opened its seventh medical school in Tyler. In addition to world-class patient care, UT researchers are on the front lines of advancing treatments and therapies for deadly and debilitating diseases. Total annual research expenditures across the UT institutions exceeds $4.3 billion, and the UT System ranks No. 1 in Texas and No. 2 in the nation in federal research expenditures among public higher education systems."
dragged-0148,dragged,Where is the next Grand Prix?,outdated,"Melbourne, Australia",date_tie,0,2024-12-31,https://www.formula1.com/en/racing/2024,,,"2024 FIA Formula One World Championship The 2024 season was one of two halves. Max Verstappen and Red Bull dominated the first – winning seven of the first 10 Grands Prix – but then struggled in the second. In an incredibly competitive campaign, Mercedes, Ferrari and McLaren each saw both their drivers take multiple wins, but in the end no one could quite match Verstappen’s class, the Dutchman clinching a fourth consecutive drivers’ crown, as his nearest rival Lando Norris led McLaren to their first constructors’ championship since 1998."
dragged-0148,dragged,Where is the next Grand Prix?,outdated,"Melbourne, Australia",date_tie,1,2016-03-13,https://www.espn.com/f1/schedule,,,"ESPN BET Sportsbook is owned and operated by PENN Entertainment, Inc. and its subsidiaries ('PENN'). ESPN BET is available in states where PENN is licensed to offer sports wagering. Must be 21+ to wager. If you or someone you know has a gambling problem and wants help, call 1-800-GAMBLER."
dragged-0148,dragged,Where is the next Grand Prix?,outdated,"Melbourne, Australia",date_tie,2,2024-12-08,https://www.planetf1.com/news/f1-schedule-next-race-calendar,,,"F1 schedule: When is the next race and where is it being held? Albert Park in Melbourne returns to the beginning of the Formula 1 calendar in the 2025 season. The F1 schedule has now reset for the 2025 season, with the record 24-race calendar for 2024 having now concluded. The drivers and teams will now rest, recover and prepare their new machinery in order to do it all again in 2025, with new drivers and personnel getting ready to do battle once more, with the scores put back to zero once more. Which race is next on the F1 schedule? Round 1: Australian Grand Prix So long Formula 1’s curtain-raiser before the Covid-19 pandemic curtailed the 2020 season, the Australian Grand Prix will open the calendar for the first time since 2019. For European fans of a certain vintage, setting the alarms to see the new cars run in anger for the first time around Melbourne will no doubt bring a nostalgic feeling with it, but for the teams, it will be business as usual once they get on track. There will be no shortage of rookies to keep an eye on, too, with Formula 2 champion Gabriel Bortoleto heading to Sauber, Jack Doohan stepping up to Alpine full-time after his Abu Dhabi debut, Oliver Bearman gaining a full-time drive at Haas after his three stand-in showings in 2024, and Andrea Kimi Antonelli handpicked as Lewis Hamilton’s replacement at Mercedes. How Hamilton fares in his first outing at Ferrari will be full of intrigue, alongside how all the new cars shape up into a competitive order for the first time – that’s all to look forward to when the next race rolls around. When is the Australian Grand Prix? The Australian Grand Prix will take place from Friday 14 to Sunday 16 March 2025, with the race time yet to be confirmed on Sunday 16 March. What records are in progress during the F1 season?"
dragged-0148,dragged,Where is the next Grand Prix?,outdated,"Melbourne, Australia",date_tie,3,2024-11-21,https://www.radiotimes.com/tv/sport/formula-1/f1-next-race/,,,"The calendar is a bumper-length adventure in 2024 with, aptly, 24 races to savour between March and December. The globe-trotting tour has soaked up the Middle East, the Far East and Australia and the European summer is drawing to a close prior to the final stretch across the Americas and Asia, with plenty of other locations scattered throughout the campaign. RadioTimes.com brings you up to speed with the next F1 Grand Prix on the schedule for 2024. Authors Michael Potts is the Sport Editor for Radio Times, covering all of the biggest sporting events across the globe with previews, features, interviews and more. He has worked for Radio Times since 2019 and previously worked on the sport desk at Express.co.uk after starting his career writing features for What Culture. He achieved a first-class degree in Sports Journalism in 2014."
dragged-0148,dragged,Where is the next Grand Prix?,outdated,"Melbourne, Australia",date_tie,4,2024-12-25,https://www.formula1.com/en/latest/article/the-beginners-guide-to-the-formula-1-grand-prix-calendar.VEmteiTb3F3tE95A7qke7,,,"The 2025 Formula 1 calendar features 24 Grand Prix weekends, including six F1 Sprint races, taking place around the world from March through December. A total of 21 countries across five continents are on the schedule. Classic tracks such as Silverstone, Spa-Francorchamps and Suzuka, combined with more recent additions including Las Vegas, Miami and Saudi Arabia give an exciting and varied selection of circuits that offers plenty to look forward to. How many F1 Sprint events are there in 2025? The exciting 2025 roster sees China and Miami on the Sprint line-up for a second consecutive year, joining Austin and Qatar which both return to host their third Sprint events. Belgium returns to the line-up for the first time since 2023, while Brazil continues its run of hosting a Sprint every year since the format began in 2021. What are ‘double-headers’ and ‘triple-headers’? Traditionally, F1 races were planned with a weekend-on, weekend-off approach, but an expanding calendar brought about by the ever-increasing popularity of the sport led to the arrival of double-headers and, in some cases, triple-headers. A double-header is a sequence of back-to-back Grands Prix on successive weekends, while a triple-header is three race weekends in a row – venues being grouped together by location where possible. Simply put, this allows for more races within the 52-week year. The 2025 Spanish Grand Prix is the final race of a triple-header that includes the Emilia-Romagna and Monaco Grands Prix What does the term ‘flyaway race’ mean? The F1 calendar is a global affair, very much putting the ‘world’ in world championship. But you will often hear those involved differentiating between races held in Europe and those in the rest of the world – the key word being ‘flyaway’."
dragged-0148,dragged,Where is the next Grand Prix?,outdated,"Melbourne, Australia",date_tie,5,2024-12-08,https://www.motorsport.com/f1/news/when-is-the-next-f1-race-and-2025-grand-prix-calendar/10680675/,,,"With the 2024 Formula 1 season now over, how long is it until the 2025 campaign starts and which grands prix are on the calendar? The 2024 Formula 1 season has drawn to a close after the championship’s longest campaign yet with 24 grands prix including six sprint races. It resulted in Max Verstappen clinching his fourth consecutive world title with the Red Bull driver having fended off nearest challenger Lando Norris of McLaren. F1 will hold the same number of rounds in 2025, a season that commences with testing in Bahrain on 26 February and concludes in Abu Dhabi on 7 December. So here is all you need to know about that next F1 fix. When is the next F1 race? The next F1 race is on 16 March 2025, as the Australian Grand Prix kickstarts an F1 season for the first time since 2019. Pre-season testing will continue to be in Bahrain, though, as the Middle Eastern country will host a three-day test commencing on Wednesday 26 February and ending on Friday 28 February. That means there are just two weeks between the end of testing and the first practice session in Melbourne on Friday 14 March at Albert Park Circuit. What is the 2025 F1 schedule? Pierre Gasly, Alpine A524, with aero rakes Photo by: Simon Galloway / Motorsport Images The 2025 F1 campaign begins with pre-season testing at the Bahrain International Circuit. This will be the fifth straight year that F1 has held its pre-season test in the Middle Eastern country, despite Bahrain not being the opening round next year for the first time since the COVID-hit 2020 campaign when it was in Austria. That’s because Australia will return as the season opener, having traditionally hosted the first grand prix of the year since Melbourne joined the calendar in 1996."
dragged-0148,dragged,Where is the next Grand Prix?,outdated,"Melbourne, Australia",date_tie,6,2025-01-01,http://www.espn.com/racing/schedule/_/series/f1,,,"2025 Formula 1 Schedule ; Sat, May 24 6:30 AM ET, Monaco Grand Prix Circuit de Monaco *Monaco Grand Prix Practice 3 ; Sat, May 24 10:00 AM ET, Monaco Grand Prix"
dragged-0148,dragged,Where is the next Grand Prix?,outdated,"Melbourne, Australia",date_tie,7,2024-12-17,https://racingnews365.com/formula-1-calendar-2024,,,"F1 calendar 2024 | Full schedule The official Formula 1 calendar for 2024 has been unveiled. The calendar features a whopping 24 Grands Prix, a record number of races. There are no new races added to the calendar, but China makes a comeback. The race hasn't taken place since the beginning of the COVID-19 pandemic in 2020. The Grands Prix of Belgium and the Netherlands are back on the calendar, in July and August respectively. There was uncertainty about the race at Spa-Francorchamps for a while. F1 bosses were keen on having a race in South Africa, but as that didn't materialize, the race at the Ardennes Circuit will be on the F1 calendar again next year. The season kicks off in March with two races on a Saturday, in Bahrain and Saudi Arabia. Three test days are scheduled for February. The GP of Las Vegas is also on a Saturday. The season concludes relatively late on December 8th, and there's a noticeable large gap in the calendar in October. Other notable changes include the GP of Japan being moved forward. In recent years, this race was consistently held in October, a period prone to less favorable weather due to the hurricane season. The GP of Azerbaijan takes the opposite route and is now combined later in the year with the GP of Singapore. The test days for 2024 are planned for February 21st to 23rd in Bahrain, but this still needs confirmation from the F1 Commission."
dragged-0148,dragged,Where is the next Grand Prix?,outdated,"Melbourne, Australia",date_tie,8,2024-09-23,https://www.motorsportmagazine.com/articles/single-seaters/f1/https-www-motorsportmagazine-com-articles-single-seaters-f1-when-is-the-next-grand-prix-full-2025-f1-schedule-and-results/,,,"Full F1 schedule for 2024, including the next grand prix in Las Vegas, this year's calendar and circuit guides for the biggest-ever F1 season The next Formula 1 race is the 2024 Qatar Grand Prix: the latest in a record-breaking 24-round calendar. Maybe it’s just as well that the 2024 F1 schedule is longer than ever, given the current unmissable season, with seven drivers recording at least one victory so far this year. The action continues this weekend at Losail, which hosts the penultimate race of the season. A trip to Abu Dhabi will round out the season. Max Verstappen secured his fourth consecutive drivers’ title in Las Vegas, but there’s still a battle for the constructors’ championship, and individual race wins. Here is the full schedule for the 2024 season, including links to circuit maps and information on how to watch each race. Next race on the 2024 F1 schedule: Qatar Grand Prix 🇶🇦 Losail When is the 2024 Qatar Grand Prix? The Qatar GP race weekend will start on Friday November 29, with a singular practice session ahead of sprint qualifying. The final sprint race of the season and grand prix qualifying session will take place on Saturday November 30 and will be followed by the Qatar Grand Prix on Sunday December 1. Where is the 2024 Qatar Grand Prix? The Las Vegas Grand Prix is hosted by the Losail International Circuit — a winding, high-speed track which puts an emphasis on qualifying performance, with little opportunities for overtaking. ​"
dragged-0151,dragged,who was the last person executed,outdated,Gary Ray Bowles,no_match,0,2022-12-28,https://www.fd.org/news/every-person-death-row-executed-us-2022,,,"He was 66 years old. This was the state's second execution since officials started carrying out the death penalty in May after a nearly eight-year hiatus. July 28, 2022: Alabama executed Joe Nathan James, Jr. He was 50 years old. Officials took three hours to set an IV line before putting James to death. The Death Penalty Information Center called it ""the longest botched lethal injection execution in U.S. history. "" Alabama’s prison system has been in the national spotlight, as hundreds of inmates die each year inside the overcrowded facilities set to contain them, drawing criticism from the federal government. But the system more recently has drawn national headlines for its handling of executions. August 17, 2022: Texas executed Kosoul Chanthakoummane. He was 41 years old. It was the second execution this year in a state that typically puts more people to death than any other. He used his final statement to thank Jesus Christ, ministers with the Texas prison system and ""all these people in my life that aided me in this journey."" Chanthakoummane added: ""To Mrs. Walker's family, I pray that my death will bring them peace,"" he said into a microphone hanging above him as he lay on a prison gurney. August 25, 2022: Oklahoma executed James Coddington at the Oklahoma State Penitentiary in McAlester. He was 50 years old. October 5, 2022: Texas executed John Henry Ramirez. ""I am ready, Warden,” were his last words. His case clarified the role of spiritual advisors in death chambers. The U.S. Supreme Court sided with Ramirez in March when it ruled that states must accommodate death row inmates who want to have their faith leaders pray and touch them during their executions. Ramirez's spiritual adviser placed his right hand on Ramirez's chest during his execution, and held it there for the duration. October 20, 2022: Oklahoma executed by lethal injection Benjamin Cole. He was 57 years old."
dragged-0151,dragged,who was the last person executed,outdated,Gary Ray Bowles,no_match,1,2025-01-08,https://deathpenaltyinfo.org/executions/executions-overview,,,"Executions Overview 1,607 men and women have been executed in the United States since the 1970s, although executions have declined significantly over the past two decades. Most executions have been concentrated in a few states and a small number of outlier counties. News & Developments On November 8, 2023, Alabama Governor Kay Ivey sched­uled an exe­cu­tion date for Kenneth Smith, mark­ing the first attempt by a U.S. state to use nitro­gen gas in an exe­cu­tion. Mr. Smith was con­vict­ed of the 1988 mur­der-for-hire death of Elizabeth Sennett in Jefferson County, Alabama and has been on death row for near­ly 34 years. Following the state Supreme Court’s 6 – 2 deci­sion green­light­ing Attorney General Steve Marshall’s request for an exe­cu­tion war­rant, Gov. Ivey set a 32-hour execution date… On August 25, 2023, Alabama Attorney General Steve Marshall asked the state Supreme Court to set a date for Kenneth Smith to be exe­cut­ed using nitro­gen hypox­ia, a method that has nev­er been used in any state. The deci­sion to use this method comes after Alabama botched sev­er­al exe­cu­tions. Since 2018, when Alabama ini­tial­ly autho­rized the use of nitro­gen hypox­ia in cap­i­tal pun­ish­ment, the state has been work­ing to estab­lish a pro­to­col for exe­cu­tions using this method. Alabama initially… On August 8, 2023, death-sen­tenced pris­on­er Aubrey Trail peti­tioned the state to set his exe­cu­tion date. Currently, there are 10 oth­ers on death row in Nebraska, but the state does not pos­sess the nec­es­sary lethal injec­tion drugs for any exe­cu­tions."
dragged-0151,dragged,who was the last person executed,outdated,Gary Ray Bowles,no_match,2,2024-12-19,https://www.nbcnews.com/news/us-news/oklahoma-executes-kevin-underwood-as-biden-weighs-clemency-rcna184571,,,"Alan Eugene Miller became the 1,600th person executed since the Supreme Court reinstated the death penalty in 1976, according to the Death Penalty Information Center. Miller, a former delivery driver who was convicted in 2000 for a workplace shooting spree, was put to death using nitrogen gas — one of three inmates executed by Alabama this year by way of the novel method. After many death penalty states struggled in recent years to source lethal injection drugs, and as manufacturers impose restrictions on allowing their products to be used in executions, there was a resumption in 2024 among some states: Indiana on Wednesday executed its first inmate in 15 years, following Utah and South Carolina, which each put people to death for the first time in more than a decade. Idaho in February also attempted its first execution in 12 years but halted the procedure when prison staff members were unable to locate a viable vein. Arizona Attorney General Kris Mayes, a Democrat, said this month her office would resume seeking a death warrant against an inmate in a 2002 murder: ""This is not a decision that I have made lightly, but the death penalty is the law in our state, and it is my job to uphold it."" She added that it would be ""justice"" for the victim, Ted Price, who was murdered in a domestic-related dispute. Oklahoma's attorney general, Gentner Drummond, a Republican, echoed that the death penalty is meant to give victims' loved ones closure after the state pardon board rejected Underwood's clemency request. ""Jamie's family has waited 18 excruciating years for justice that finally will be carried out when this murderer is executed,"" Drummond said in a statement, also referring to Underwood as an ""evil monster. "" Gentner, however, has also not exclusively sided against death row inmates, highlighting how officials, too, may find nuance amid the larger dispute over the death penalty."
dragged-0151,dragged,who was the last person executed,outdated,Gary Ray Bowles,no_match,3,2025-01-01,https://en.wikipedia.org/wiki/List_of_most_recent_executions_by_jurisdiction,,,"Capital punishment is retained in law by 55 UN member states or observer states, with 140 having abolished it in law or in practice. The most recent legal executions performed by nations and other entities with criminal law jurisdiction over the people present within its boundaries are listed below. Extrajudicial executions and killings are not included. In general, executions carried out in the territory of a sovereign state when it was a colony or before the sovereign state gained independence are not included. The colours on the map correspond to and have the same meanings as the colours in the charts. ^The execution occurred under British rule . No executions have taken place in Hong Kong since sovereignty was transferred to China in 1997. Hong Kong remains an independent and separate jurisdiction for legal and judicial purposes. ^The execution occurred under Portuguese rule . No executions have taken place in Macau since sovereignty was transferred to China in 1999. Macau remains an independent and separate jurisdiction for legal and judicial purposes. ^The last person executed in Papua New Guinea, Aro, was hanged for murder in 1957, eighteen years before independence. (""PNG urged to abandon death penalty"", Australian Broadcasting Corporation, November 12, 2007)"
dragged-0151,dragged,who was the last person executed,outdated,Gary Ray Bowles,no_match,4,2024-09-25,https://deathpenaltyinfo.org/state-and-federal-info/federal-death-penalty/executions-under-the-federal-death-penalty,,,"Daniel Lewis Lee and co-defen­dant Chevie Kehoe were con­vict­ed in 1999 of killing Nancy Mueller, her hus­band William Mueller, and her 8‑year-old daugh­ter Sarah Powell. Lee sought exec­u­tive clemen­cy with the sup­port of Mueller’s fam­i­ly, the pros­e­cu­tor, and the judge who tried him in an Arkansas fed­er­al court. They all believed that exe­cut­ing Lee would be a mis­car­riage of jus­tice giv­en the life sen­tence imposed on his much more cul­pa­ble co-defen­dant. Judge G. Thomas Eisele described Kehoe as the ​“ring­leader,” and tri­al tes­ti­mo­ny showed that Kehoe killed Sarah Powell after Lee refused, say­ing he would not kill a child. (Mark Berman, Trump admin­is­tra­tion car­ries out first fed­er­al exe­cu­tion since 2003 after late-night Supreme Court inter­ven­tion, The Washington Post, July 14, 2020.) Wesley Ira Purkey, White male, exe­cut­ed on July 16, 2020. Wesley Purkey was sen­tenced to death in Missouri fed­er­al court in 2003 for the kid­nap­ping, rape, and mur­der of a Kansas City, Missouri, teenag­er. Lawyers for Purkey argued he was incom­pe­tent to be exe­cut­ed because he had Alzheimer’s dis­ease, schiz­o­phre­nia, and trau­mat­ic brain injuries that ​“render[ed] him unable to ratio­nal­ly under­stand the rea­son the United States seeks to exe­cute him.”"
dragged-0151,dragged,who was the last person executed,outdated,Gary Ray Bowles,no_match,5,2024-09-25,https://www.cnn.com/2024/09/24/us/marcellus-williams-scheduled-execution-date/index.html,,,"Marcellus Williams, whose murder conviction was questioned by a prosecutor, died by lethal injection Tuesday evening in Missouri after the US Supreme Court denied a stay. The 55-year-old was put to death around 6 p.m. CT at the state prison in Bonne Terre. Williams’ attorneys had filed a flurry of appeal efforts based on what they described as new evidence – including alleged bias in jury selection and contamination of the murder weapon prior to trial. The victim’s family had asked the inmate be spared death. The US Supreme Court’s action came a day after Missouri’s supreme court and governor refused to grant a stay of execution. The high court offered no explanation for its decision, which is common for cases on its emergency docket. There were no noted dissents in two of Williiams’ appeals. In a third, Justices Sonia Sotomayor, Elena Kagan and Ketanji Brown Jackson said they would have granted the request to pause the execution. Williams was convicted in 2001 of killing Felicia Gayle, a former newspaper reporter found stabbed to death in her home in 1998. “We hope this gives finality to a case that’s languished for decades, re-victimizing Ms. Gayle’s family for decades,” Gov. Mike Parson said in a statement read by Trevor Foley, director of the Missouri Department of Corrections. “No juror no judge has ever found Williams’ innocence claim to be credible. Two decades of judicial proceedings and more than 15 judicial hearings upheld his guilty conviction. Thus the order of execution has been carried out.” In a statement after the execution, one of Williams’ attorneys, Larry Komp, said his client maintained his innocence to the end. “While he would readily admit to the wrongs he had done throughout his life, he never wavered in asserting his innocence of the crime for which he was put to death tonight,” Komp said."
dragged-0151,dragged,who was the last person executed,outdated,Gary Ray Bowles,no_match,6,2025-01-06,https://en.wikipedia.org/wiki/List_of_people_executed_by_lethal_injection,,,"Lethal injection is the practice of injecting one or more drugs into a person by a government for the express purpose of causing immediate death. While Nazi Germany was known to execute enemies of the state using an injection of lethal drugs, the first country to legalize and formally implement what is referred to today as lethal injection was the United States. The state of Texas adopted it as its form on capital punishment in 1977 and executed the first person by it, Charles Brooks Jr., in 1982.[1] The practice was subsequently adopted by the other U.S. states using capital punishment.[2] As of 2017, the method is being used by 31 U.S. states, as well as by their federal government and military.[3] Lethal injection was also adopted as a method of execution by Guatemala in 1996, China in 1997, the Philippines in 1999, Thailand in 2003, Taiwan in 2005, Vietnam in 2013,[4] the Maldives in 2014[5] and Nigeria in 2015.[6] The Philippines abolished the death penalty in 2006.[7] While the death penalty still exists in the Maldives and Guatemala, no executions have been carried out there since 1954 and 2000 respectively.[8] Taiwan has never actually used the method, instead carrying out all executions by single gunshot.[9] The United States and China are the two biggest users of this method of execution. The U.S. had executed 1,283 people via lethal injection as of April 2017.[10] The number of people executed annually in China is thought to surpass all other countries combined, though the actual number is a state secret,[11] and the percentage of people killed via lethal injection and the other method of execution used there, firing squad, is also unclear.[12] This alphabetical list features notable cases up to August 2024, and only those where lethal injection can be reliably sourced to be the method of execution."
dragged-0151,dragged,who was the last person executed,outdated,Gary Ray Bowles,no_match,7,2019-07-30,https://www.cdcr.ca.gov/capital-punishment/inmates-executed-1978-to-present/,,,"California Executions Since 1978 ; William George Bonin, 3/22/1982, 2/23/1996 ; Keith Daniel Williams, 4/13/1979, 5/3/1996 ; Thomas M. Thompson, 8/23/1984, 7/14/ ..."
dragged-0151,dragged,who was the last person executed,outdated,Gary Ray Bowles,no_match,8,,https://www.tn.gov/correction/statistics/executions/capital-punishment-chronology.html,,,2009 - Cecil Johnson was executed on December 2. Johnson was convicted of three counts of First Degree Murder in Davidson County. 2010 - Governor Bredesen ...
dragged-0171,dragged,What is the title of Taylor Swift's most recent studio album?,outdated,The Tortured Poets Department,,0,2024-04-19,https://www.cosmopolitan.com/uk/entertainment/a44471722/taylor-swift-albums/,,,"Taylor has four rerecorded albums which have been released in the last few years: Fearless (Taylor's Version), Red (Taylor's Version), Speak Now (Taylor's Version) and now her latest re-release 1989 (Taylor's Version). This brings the total to 14, but don't stop counting yet. There's then the four live albums: Live From Clear Channel Stripped 2008, Speak Now World Tour Live, Folklore: The Long Pond Studio Sessions and Lover (Live From Paris). With these four lives albums, it takes our grand total of Taylor Swift albums to a beyond impressive 19 albums. Seriously, does Taylor ever sleep? Which album is Taylor re-recording next? So far Taylor has re-recorded four of the six albums she created at Big Machine Records: Fearless (Taylor's Version), Red (Taylor's Version), Speak Now (Taylor's Version) and 1989 (Taylor's Version). Still to be re-recorded are Taylor Swift, and Reputation. As Taylor has literally only just released the re-recording of 1989 (Taylor's Version), it might be a while before we get either of the next two re-recordings. Why is Taylor Swift re-recording her albums? As any Swiftie will know, in the last few years Taylor has been busy rerecording her own version of earlier albums. But why exactly? Well when she was starting out in her career at 15 years old she was signed onto the record label Big Machine Records, which owned the rights to her masters aka original recordings. In 2018, after her contract with Big Machine Records ended, Taylor signed onto a new label Universal's Republic Records, and as part of the deal she owns the right to her masters. However, this didn't apply to her previously recorded music."
dragged-0171,dragged,What is the title of Taylor Swift's most recent studio album?,outdated,The Tortured Poets Department,,1,2024-10-28,https://www.radiotimes.com/audio/taylor-swift-albums-in-order/,,,"The star unveiled her first album in 2006 and has released 14 in total, as well as multiple re-releases of previous albums. The most recent of these re-recordings is 1989 (Taylor's Version), which was originally released in 2014 and features major hits including Bad Blood, Shake It off and Blank Space. While we wait for the release of Reputation, one of two studio albums left to re-release under the 'Taylor's Version' banner (her first studio album, Taylor Swift, is also pending re-release), now's a good time to dive into Swift's discography. Authors Molly Moss is a Trends Writer for Radio Times, covering the latest trends across TV, film and more. She has an MA in Newspaper Journalism and has previously written for publications including The Guardian, The Times and The Sun Online."
dragged-0171,dragged,What is the title of Taylor Swift's most recent studio album?,outdated,The Tortured Poets Department,,2,2024-01-08,https://www.forbes.com/sites/entertainment/article/taylor-swift-albums/,,,"13th chart-topping album. 1989 (Taylor’s Version) had seven songs in the Billboard top 10 at once, including three “From the Vault” selections. The Kendrick Lamar remix of “Bad Blood” drew particularly strong critical and fan response. The rerelease came nine years to the date after the original 1989 album came out. You can listen to 1989 (Taylor’s Version) on Spotify, YouTube Music, Apple Music, iHeartRadio, Deezer and Pandora. Taylor Swift accepts the Favorite Pop Album award for ""Red (Taylor’s Version)"" onstage during the ... [+] 2022 American Music Awards at Microsoft Theater. During her 2024 Grammys acceptance speech for Best Pop Vocal Album for Midnights, the singer announced a new Taylor Swift album, titled The Tortured Poets Department, which was released on April 19, 2024 to a breathless reception from fans. Why Is Taylor Swift Rerecording Her Albums? Taylor Swift began rerecording her albums in 2021, two years after Braun purchased Scott Borchetta’s Big Machine Records, Swift’s original label. Swift had already left the label for Republic Records and, according to her 2019 Tumblr post, had begged Borchetta to let her buy back her work. He instead told her she could continue to record albums for Big Machine and “earn” her songs back. She refused, and when Borchetta sold, it was to a man Swift said had bullied and gaslighted her for years, partly through his client, West, whom Swift accused of making “a revenge porn music video which strips my body naked.” The rereleases include new songs she wrote for the albums but didn’t include on the original versions, dubbed “From the Vault” releases. Swift plans to rerecord two more of her original albums, Taylor Swift and Reputation, the first and last albums Braun owns, but has not said when those will be released."
dragged-0171,dragged,What is the title of Taylor Swift's most recent studio album?,outdated,The Tortured Poets Department,,3,2024-12-29,https://en.wikipedia.org/wiki/List_of_songs_by_Taylor_Swift,,,"The American singer-songwriter Taylor Swift has written or co-written every song in her eleven-album discography, with the exception of several cover versions and guest features. She has also written standalone singles, songs for film soundtracks, and songs recorded by other artists. The song was first recorded and subsequently leaked before Swift got a record deal with Big Machine Records, and was recorded again during recording sessions for Swift's second studio album Fearless (2008) ^""Better Man"" was first recorded and released by Little Big Town in 2016, before Swift re-recorded it as ""Better Man (Taylor's Version)"" for her 2021 album Red (Taylor's Version). ^The 2023 re-recording, ""Eyes Open (Taylor's Version)"", was released without being included on any album.[54] ^The 2023 re-recording, ""If This Was a Movie (Taylor's Version)"", was released without being included on any album.[54] ^The re-recording, ""Ronan (Taylor's Version)"", was released as part of the 2021 album Red (Taylor's Version). ^The 2023 re-recording, ""Safe & Sound (Taylor's Version)"", was released without being included on any album. It features Joy Williams and John Paul White, members of the defunct Civil Wars, separately.[54]"
dragged-0171,dragged,What is the title of Taylor Swift's most recent studio album?,outdated,The Tortured Poets Department,,4,2024-10-29,https://screenrant.com/taylor-swift-album-order/,The Tortured Poets Department,correct,"00 32 ""The Manuscript"" Taylor Swift 3:44 The Tortured Poets Department is Swift's first album with more than two words in the title (excluding Speak Now (Taylor's Version). Every Taylor Swift Album With A Taylor's Version (So Far) Fearless (Taylor’s Version) (2021) Red (Taylor’s Version) (2021) Speak Now (Taylor’s Version) (2023) 1989 (Taylor’s Version) (2023) Along with her much anticipated Taylor's Version records, Taylor Swift maintains the rights to all of her studio albums recorded since she jumped from Big Machine to Universal. Therefore, Lover, Folklore, Evermore, Midnights, and The Tortured Poets Department were all made with Swift being fully in control of the rights and production, and her Taylor's Version albums are quickly reclaiming the past as well. Considering how quickly she has turned out her re-releases, it can be assumed that Swifties won't have to wait long until one of her other classic albums gets a modern redo. The only albums left that still need to get a Taylor's Version are Swift's debut album and Reputation. Fans have long theorized that Swift's debut album would be the final Taylor's Version to be released. Leaving these two albums for last has indicated that Swift will reclaim her reputation and her own name in the same way she has all of her music. It's likely that the albums will get their Taylor's Versions after Taylor Swift finishes her Eras Tour in late 2024. What's Next For Taylor Swift The Megastar's Future Is Both Bright And Mysterious Every generation seems to find a pop superstar to claim as their own, and much like Britney Spears and Madonna before her, Taylor Swift has captured the current musical landscape and has cemented herself as the most widely-discussed music artist of the 2020s. For her legions of fans, there's one question that will forever be on their minds until the day the cultural icon retires (if she ever does)."
dragged-0171,dragged,What is the title of Taylor Swift's most recent studio album?,outdated,The Tortured Poets Department,,5,2024-05-31,https://www.capitalfm.com/news/music/taylor-swift-albums-order-by-year/,,,"All Of Taylor Swift's Albums In Order By Year Taylor Swift's career has seen her release 11 albums in total. 4 re-recorded studio albums, 5 extended plays, and 4 live albums and each one has been a total hit with fans. Let’s take a look at each of her albums in order. Listen to this article Loading audio... Over the years, Taylor Swift has transformed from a country music prodigy into a global pop sensation. Her career has seen some epic highs – like making box office history with her Eras Tour film – and some lows too. We’re sure Taylor would rather forget the summer that everyone plastered her social media account with the snake emoji. But throughout her long career, which has seen her win countless awards including 14 Grammys, Taylor has really delivered on the album front. Taylor has always worn her heart on her sleeve and opened up parts of her soul with lyrics that resonate with so many people – and whether it's Joe Alwyn,Matt Healy or Travis Kelce, her fans want to know the tea! Her incredible and honest storytelling has made her one of the most successful stars of her generation. With the release of her latest album 'The Tortured Poets Department' let's take a look at where it all started – her music – and take a trip down memory lane with all of Taylor Swift's original albums in order. 'Taylor Swift' If you only listen to one song it should be: ‘Teardrops On My Guitar,’ Taylor Swift's self-titled debut album was released when she was just 16 years old. This country album featured songs like ‘Tim McGraw,’ ‘Teardrops On My Guitar,’ and ‘Our Song,’ which catapulted her to stardom in the country music scene. With her heartfelt lyrics and relatable storytelling, she quickly became a darling of the genre. 'Fearless' Taylor’s second album, ‘Fearless,’ was a real game-changer."
dragged-0171,dragged,What is the title of Taylor Swift's most recent studio album?,outdated,The Tortured Poets Department,,6,2024-06-10,https://rbeatz.com/taylor-swift-albums-in-order/,,,"’s innermost thoughts and emotions. From the atmospheric beauty of “Cardigan” to the poignant storytelling of “The Last Great American Dynasty,” Swift crafts a mesmerizing narrative that captivates listeners from start to finish. Fearless (Taylor's Version) (2021) Fearless (Taylor’s Version) marked Taylor Swift’s re-recording of her second studio album, released in 2008. In this reimagined version, Swift revisits her past hits while introducing vault tracks. She offers fans a deeper insight into her songwriting journey. The added songs, such as “You All Over Me” and “Mr. Perfectly Fine,” maintain the nostalgic essence of Fearless while incorporating new elements. Red (Taylor's Version) (2021) Red (Taylor’s Version) sees Taylor Swift revisiting her acclaimed 2012 album. The Taylor’s Version includes re-recordings of all the original songs, accompanied by nine extra tracks. These vault songs offer fresh perspectives on Swift’s narrative, from the banjo-led ballad “Better Man” to the pop-ska fusion of “Babe.” With guest appearances from artists like Ed Sheeran and Gary Lightbody, Red TV is a testament to Swift’s enduring musical legacy. Midnights (2022) Midnights reflects on love, fame, and the passage of time. Swift’s lyrics and melodies create a cinematic landscape filled with longing and introspection. From the haunting memories of past romance to the anxiety of navigating fame, the album offers a glimpse into Swift’s innermost thoughts and feelings. Speak Now (Taylor's Version) (2023) Speak Now (Taylor’s Version) is a testament to Swift’s prowess as a songwriter and performer. Rooted in country pop with hints of pop-rock, this album delves into themes of self-expression, love, and empowerment."
dragged-0171,dragged,What is the title of Taylor Swift's most recent studio album?,outdated,The Tortured Poets Department,,7,2024-04-18,https://www.nbcnews.com/pop-culture/music/taylor-swift-new-album-tortured-poets-department-what-know-rcna148277,,,""" and ""Who's Afraid of Little Old Me?"" Why is it called ‘The Tortured Poets Department’? Fans were quick to note that “The Tortured Poets Department” is the longest title for a Taylor Swift album by a large margin, a distinction previously held by her third album, “Speak Now.” Before “TTPD,” “Speak Now” was her only album title consisting of more than one word. Speculation surrounding the new album and its uncharacteristic title has primarily revolved around Swift’s 2023 breakup with British actor Joe Alwyn after their six-year relationship. After the album announcement, a 2022 Variety interview between Alwyn and Paul Mescal resurfaced on X. The pair revealed in the interview that they were both members of a WhatsApp group chat titled “The Tortured Man Club,” prompting some fans to draw parallels between Alwyn and Swift’s upcoming album. The true meaning of “The Tortured Poets Department” remains to be seen, but the rollout of the album has featured references to famous poems like Charles Baudelaire's “The Albatross,” among other literary references. When can fans expect a new music video? The announcement in the timetable was accompanied by 14 tally marks, leading some sleuthing Swifties to theorize that the video could be for the album’s first track, “Fortnight (ft. Post Malone), the title of which refers to a 14-day period, or the album’s 14th track, “The Smallest Man Who Ever Lived.” What's the Spotify pop-up that's in Los Angeles? The three-day event ran from April 16-18 at the Grove and featured a sneak peak at some of the album’s lyrics. A manuscript was front and center at the installation, revealing new lyrics periodically as the pages were turned over the course of three days."
dragged-0171,dragged,What is the title of Taylor Swift's most recent studio album?,outdated,The Tortured Poets Department,,8,2024-08-21,https://www.capitalfm.com/news/taylor-swift-albums-rerecording-songs/,,,"Which Albums Is Taylor Swift Re-Recording? A Guide To The Remake Of Her First Six Albums Taylor Swift is re-recording six albums after her back catalogue was sold to a private equity firm, but which songs and albums is she heading back into the studio to recreate? Taylor Swift has a whopping 11 successful studio albums to her name and is re-recording six of them so she owns the complete rights to every single one of her creations. We’ve already heard the new version of 'Fearless', with six new songs that never made it to the original EP added to the track list, and her re-release of 'Red' took us all back to 2012, this time with a 10-minute version of the heart-wrenching ballad 'All Too Well'. Meanwhile, the re-release of 'Speak Now', which came out in July 2023 and includes ultimate sad girl tune 'Dear John', had us all up in our feels. The re-releases haven't stopped Taylor from working on new music; in 2024 she released her 11th album 'The Tortured Poets Department' which included devastating songs and heartbreaking lyrics such as the track 'I Can Do It With A Broken Heart', thought to be about the end of her relationships with Joe Alwyn and Matty Healy. The Eras Tour has been getting us all nostalgic as Taylor cycles through all of her albums on stage, so – which of her eras are yet to have a renaissance? Which 'Taylor's Version' album is next and how many is she re-recording all together? Here are all the details you need to know… '1989 (Taylor's Version)' is the latest album Taylor has re-recorded and released, bringing the track list to 21 songs after including five songs From The Vault. The album is most famous for 'Style’, ‘Blank Space’, ‘Shake It Off’ and ‘Bad Blood’, and Tay confirmed it was the next in her project by, you guessed it, leaving a bunch of Easter eggs in the 'Karma' music video last year."
dragged-0190,dragged,What won the latest Academy Award for Best Animated Short Film?,outdated,War is Over!,,0,2022-09-25,https://en.wikipedia.org/wiki/Category:Best_Animated_Short_Academy_Award_winners,,,Flowers and Trees (1932) · Three Little Pigs (1933) · The Tortoise and the Hare (1934) · Three Orphan Kittens (1935) · The Country Cousin (1936) · The Old Mill (1937) ...
dragged-0190,dragged,What won the latest Academy Award for Best Animated Short Film?,outdated,War is Over!,,1,2013-04-18,https://www.imdb.com/list/ls051616027/,,,"Mr Hublot is a withdrawn, idiosyncratic character with OCD, scared of change and the outside world. Robot Pet's arrival turns his life upside down: he has to share his home with this very invasive companion. The Moon and the Son, a 30-minute autobiographical animated film by John Canemaker, explores the difficult emotional terrain of father/son relationships as seen through Canemaker's own turbulent relationship with his father. Featuring the voices of noted actors Eli Wallach and John Turturro in the roles of father and son, The Moon and the Son combines memory, fact, conjecture, trial transcripts, audio recordings, home movies, photos, snapshots, and original animation to tell the story of an Italian immigrant's troubled life and the devastating consequences of his actions on his family. In the desolate landscapes of an unforgiving desert, a desperate for water wanderer summons up the strength to follow the muffled sound of dripping liquid, only to pay the high price of pursuing a dream. Is all hope lost?"
dragged-0190,dragged,What won the latest Academy Award for Best Animated Short Film?,outdated,War is Over!,,2,2024-03-10,https://www.youtube.com/watch?v=4tbM4G5kctA,,,'War Is Over! Inspired By The Music Of John & Yoko' Wins Best Animated Short | 96th Oscars (2024) · Comments.
dragged-0190,dragged,What won the latest Academy Award for Best Animated Short Film?,outdated,War is Over!,,3,2024-03-11,https://www.vulture.com/article/best-oscar-winner-for-animated-shorts-ranked.html,War is Over!,correct,"Every Oscar Winner for Best Animated Short Film, Ranked This story was first published on February 21, 2019. It has been updated to include the winner of the 96th Academy Awards. Although animated films are as old as cinema itself, it wasn’t until the fifth Academy Awards ceremony, for films released in 1931–32, that the Academy added a category for animated cartoons. By that point, the Golden Age of Animation was in full swing — every major studio either operated an animation unit or contracted an independent production company to provide theatrical cartoons to accompany its films. These shorts dominated the Oscars for roughly 30 years — until the studios shuttered their animation departments in the early 1960s. From there, independent and international filmmakers took over the category, a trend that continued through the ’70s and ’80s. By the beginning of the 1990s, studios like Pixar, Aardman, and Blue Sky revitalized animation in the English-speaking world and brought a vigor to the art form that led to the formation of the Best Animated Feature category. Now animation is the second-biggest branch of the Academy, and the Animated Short Film category has awarded films from more than 20 countries in almost every style of animation. The 92 winners of the Best Animated Short Oscar are a microcosm of the history of world animation. Ranking them, one learns just how the definition of what constitutes animation has expanded from the colored cells of “Three Little Pigs” to the cutouts-on-acetate collage of “Frank Film.” From some ambitious misfires to timeless classics that help define the medium, here is an attempt to rank every cartoon to win. Note: Many rankings have changed since this article’s initial publication. Those listed below can be considered definitive. That is, until I change my mind. 92. “Logorama” (2009) “Logorama” makes every building, person, and prop out of corporate logos. It’s cool to look at, but it makes its point after the first two minutes."
dragged-0190,dragged,What won the latest Academy Award for Best Animated Short Film?,outdated,War is Over!,,4,2024-03-10,https://deadline.com/2024/03/war-is-over-inspired-by-the-music-of-john-oko-wins-best-animated-short-film-2024-oscars-1235852623/,,,"Services to share this page. War Is Over! Inspired by the Music of John & Yoko won an Oscar for Best Animated Short Film tonight, marking the first Oscar win for filmmakers Dave Mullins and Brad Booker. Set to the anti-war Christmas classic song by John Lennon and Yoko Ono “Happy Xmas (War Is Over)”, the animated short follows two soldiers at the frontline of World War I as they play a chess game through carrier pigeon, unaware they are on opposing sides of the battle. Watch on Deadline “John Lennon and Yoko Ono wrote a song that inspired us,” said writer-director Dave Mullins as he accepted the award. “Its an antiwar message that we tried to honor with this film, we want to thank our executive producer and creative partner Sean Ono Lennon, who was incredible to work with, our team at ElectroLeague… and I want to thank Thomas Newman for his incredible score.” As the music began to play the trio off, Lennon jumped to the mic for a shout out to Yoko Ono. “I just want to quickly say, my mother turned 91 this February, and today is Mother’s Day in the UK, so could everyone please say Happy Mother’s Day Yoko,” he said as the crowd repeated the refrain. According to a recent New York Times article, Yoko Ono, who has dropped out of the public spotlight, left New York City last year, moving out of the Dakota apartment she famously purchased with John Lennon (she still owns the space). Ono reportedly has retired to the sprawling upstate Catskills farm she purchased with the late Beatle. Her spokesperson Elliot Mintz told The Times Ono no longer gives interviews."
dragged-0190,dragged,What won the latest Academy Award for Best Animated Short Film?,outdated,War is Over!,,5,2024-03-10,https://www.reddit.com/r/beatles/comments/1bboq13/yall_war_is_over_just_won_best_animated_short/,,,"Y'all, “War is Over” just won Best Animated Short Film at the Oscars!!!! ... I just saw this at the theatre last week , with the other nominated ..."
dragged-0190,dragged,What won the latest Academy Award for Best Animated Short Film?,outdated,War is Over!,,6,2025-01-08,https://www.youtube.com/playlist?list=PL68gfsJwBv3fl-yBbO4N5FvnLK8nn5mcF,,,Oscar Winner Animated Short Film 2022 | The Windshield Wiper. Short of the Week ; Riz Ahmed - The Long Goodbye (Best Live Action Short - Oscars 2022). Riz Ahmed.
dragged-0190,dragged,What won the latest Academy Award for Best Animated Short Film?,outdated,War is Over!,,7,2011-07-18,https://www.imdb.com/list/ls005755424/,,,"The Bide-a-Wee Mouse Home has sent the orphan mouse, Nibbles, to spend Thanksgiving with Jerry. But Jerry's cupboard is bare, and Nibbles is always hungry. They start by raiding Tom's milk dish, but Tom wakes up and drains it. Fortunately, Mammy has just put out a huge Thanksgiving feast, just ready for the raiding. And that's just what Jerry and Nibbles do, grabbing Pilgrim hats from the table decorations. All goes fairly well until Nibbles eats a whole orange, which is way too big for him. Jerry smacks him with a spoon, which sends the orange flying, right into Tom's mouth. Tom stalks up to the table in a feather duster, which turns into an Indian headdress. Battle follows, featuring Tom sending flaming cat-tails after the mice, and culminating in a champagne bottle launching Tom into the dish cabinet, which crashes down. Tom waves a white flag, and all three sit down to a polite dinner, but Nibbles eats the whole turkey before anyone else can touch it. The story of a little boy who would only talk in sound effects. With story by Dr. Seuss (and Bill Scott of Rocky and Bullwinkle fame) this cartoon won the Oscar for best short subject (animated) for 1950. This Tom and Jerry cartoon is set in 17th century France. Tom, who is a soldier in the King's castle, is assigned to guard the food laid out on a banquet table. Jerry and a smaller mouse companion, two wandering ""mouseketeers,"" make the situation miserable for Tom as they abscond with (and occasionally eat) all the food they can. Mr. Magoo sets off to go to the movies but goes to an airport by mistake and gets on a plane thinking it to be a theater. Little does Magoo know the man he is sitting next to is actually a thief and when a detective appears on the plane to track the thief down, Magoo thinks it's all part of the movie. After doing some wing walking, Magoo reenters the plane and exposes the thief to the detective."
dragged-0192,dragged,What won the latest Academy Award for Best Animated Feature?,outdated,The Boy and the Heron,,0,2024-03-10,https://www.billboard.com/lists/oscar-winners-best-animated-feature-complete-list/,,,"The Boy and the Heron won the Oscar for best animated feature on Sunday (March 10), 21 years after Spirited Away took the award. Hayao Miyazaki won for both films, making the Japanese filmmaker the first person who was born outside the U.S. to win twice in this category. Animated films have a rich history at the Academy Awards. Walt Disney received a special award in 1938 for the previous year’s Snow White and the Seven Dwarfs, which was “recognized as a significant screen innovation which has charmed millions and pioneered a great new entertainment field for the motion picture cartoon.” Fifty years later, Richard Williams received a special achievement award for the animation direction of Who Framed Roger Rabbit. The film also won three competitive Oscars. But it wasn’t until 1991’s Beauty and the Beast that an animated film was nominated for best picture. Throughout the ’90s, the Oscars resisted adding a category for animated features, though John Lasseter received a special achievement award in 1996 “for his inspired leadership of the Pixar Toy Story team, resulting in the first feature-length computer-animated film.” In 2001, the Academy finally added a category for best animated feature. Shrek became the first winner in 2002. This year, we had a close contest for best animated feature film between The Boy and the Heron, which won in this category at the BAFTA Awards in London on Feb. 18, and Spider-Man: Across the Spider-Verse. This year’s other nominees were Elemental, Nimona and Robot Dreams. Here’s a year-by-year recap of all the Oscar winners for best animated feature film. The years shown are the years of the awards presentation. Notes: Shrek was inducted into the National Film Registry in 2020. The soundtrack reached No. 28 on the Billboard 200. It contains two hits by Smash Mouth, the 1999 smash “All Star” and a remake of The Monkees’ “I’m a Believer” recorded specifically for the movie."
dragged-0192,dragged,What won the latest Academy Award for Best Animated Feature?,outdated,The Boy and the Heron,,1,2024-03-11,https://www.reddit.com/r/TwoBestFriendsPlay/comments/1bbsy8d/hayao_miyazakis_the_boy_and_the_heron_wins_the/,The Boy and the Heron,correct,Hayao Miyazaki's The Boy and the Heron wins the Best Animated Feature on Oscars 2024.
dragged-0192,dragged,What won the latest Academy Award for Best Animated Feature?,outdated,The Boy and the Heron,,2,2013-09-17,https://guides.lib.udel.edu/c.php?g=85648&p=3991579,,,"Oscars: Best Animated Feature The Academy Award for Best Animated Feature is given to an animated film with a running time of more than 40 minutes, a significant number of the major characters animated, and at least 75 percent of the picture's running time including animation. It was first given for films made in 2001. Animated films can be nominated for other categories, but have rarely been so; Beauty and the Beast (1991) was the first animated film ever to be nominated for Best Picture. Up (2009) and Toy Story 3 (2010) also received Best Picture nominations."
dragged-0192,dragged,What won the latest Academy Award for Best Animated Feature?,outdated,The Boy and the Heron,,3,2020-05-13,https://www.imdb.com/list/ls098094655/,,,"The toys are mistakenly delivered to a day-care center instead of the attic right before Andy leaves for college, and it's up to Woody to convince the other toys that they weren't abandoned and to return home. Determined to make her own path in life, Princess Merida defies a custom that brings chaos to her kingdom. Granted one wish, Merida must rely on her bravery and her archery skills to undo a beastly curse. Joe is a middle-school band teacher whose life hasn't quite gone the way he expected. His true passion is jazz. But when he travels to another realm to help someone find their passion, he soon discovers what it means to have soul. An extraordinary family, the Madrigals, live hidden in the mountains of Colombia, in a magical house called an Encanto. The magic of the Encanto has blessed every child in the family with a unique gift - every child except one, Mirabel."
dragged-0192,dragged,What won the latest Academy Award for Best Animated Feature?,outdated,The Boy and the Heron,,4,2024-03-10,https://apnews.com/article/best-animated-film-2024-oscars-346ebe9c9392126031969ff51044a4a2,,,"The Associated Press is an independent global news organization dedicated to factual reporting. Founded in 1846, AP today remains the most trusted source of fast, accurate, unbiased news in all formats and the essential provider of the technology and services vital to the news business. More than half the world’s population sees AP journalism every day. Hayao Miyazaki, the legendary Japanese filmmaker whose anime classics have enchanted fans around the world for decades, has won his second career Oscar, this time for “The Boy and the Heron.” (March 11) Hayao Miyazaki, the legendary Japanese filmmaker whose anime classics have enchanted fans around the world for decades, has won his second career Oscar, this time for “The Boy and the Heron.” (March 11) “Both Hayao Miyazaki and I have aged considerably,” he said through a translator. “I am grateful to receive such an honor at my age, and taking this as a message to continue our work, I will devote myself to work harder in the future.” It was Miyazaki’s fourth Oscar nomination for best animated feature — tying with Pixar’s Pete Docter for the most nods in that category. Miyazaki began work on “The Boy and the Heron” not long after announcing in 2013 that he intended to retire from film — again. In journal excerpts from around that time released in the film’s press notes, Miyazaki writes: “There’s nothing more pathetic than telling the world you’ll retire because of your age, then making yet another comeback. “Doesn’t an elderly person deluding themself that they’re still capable, despite their geriatric forgetfulness, prove that they’re past their best?” he adds. “You bet it does.” Miyazaki worked through those concerns, and the resulting film earned him not only his second Oscar win on Sunday night, but his first No. 1 feature at the North American box office. “The Boy and the Heron” follows a boy named Mahito Maki who moves to the countryside after his mother’s death."
dragged-0192,dragged,What won the latest Academy Award for Best Animated Feature?,outdated,The Boy and the Heron,,5,2023-03-12,https://www.oscars.org/oscars/ceremonies/2023,,,"Top Gun: Maverick. Eddie Hamilton. International Feature Film. Winner ... Short Film (Animated). Winner. The Boy, the Mole, the Fox and the ..."
dragged-0192,dragged,What won the latest Academy Award for Best Animated Feature?,outdated,The Boy and the Heron,,6,2024-03-10,https://www.goldderby.com/gallery/oscar-best-animated-feature-gallery-every-winner-in-academy-awards-history/,,,"Oscar Best Animated Feature gallery: Every winner in Academy Awards history Before the 2001 film year, it had always been a subject of debate in years prior as to whether the Academy Awards should create a category for animated features. That finally came to fruition with an uptick in the amount of animated movies that were released annually. Prior to the category being established, several animated films would occasionally win special prizes. Such films included “Snow White and the Seven Dwarfs” in 1937 (for which Walt Disney received a normal-sized Oscar and seven miniature ones), “Who Framed Roger Rabbit” in 1988 (along with Oscars for Film Editing, Sound Effects Editing and Visual Effects) and “Toy Story” in 1995. “Beauty and the Beast” also managed a major feat in 1991 when it became the first animated film to be nominated for Best Picture, eventually losing to “The Silence of Lambs.” Tour our photo gallery below to see every Oscar winner for Best Animated Feature, from “Shrek” to the most recent. Gallery updated March 2024. ‘The Boy and the Heron’ (2023) Image Credit: Studio Ghibli Director/writer Hayao Miyazaki’s charming film tells the story of a youngster during the Pacific War who, while grieving over his mother’s death, enters a fantastical world via an abandoned tower. 2023 Best Animated Feature nominees: “The Boy and the Heron” “Elemental” “Nimona” “Robot Dreams” “Spider-Man: Across the Spider-Verse” ‘Coco’ (2017)"
dragged-0192,dragged,What won the latest Academy Award for Best Animated Feature?,outdated,The Boy and the Heron,,7,2024-08-12,https://simple.wikipedia.org/wiki/Academy_Award_for_Best_Animated_Feature,,,"The Academy Award for Best Animated Feature is the award for the best animated movie. ... Most recent winner, Soul (2020). Website, oscars.org. Only movies at ..."
dragged-0192,dragged,What won the latest Academy Award for Best Animated Feature?,outdated,The Boy and the Heron,,8,2015-02-21,https://www.imdb.com/list/ls076720883/,,,"The film was also nominated for six British Academy of Film and Television Arts awards, including the BAFTA Award for Best Actor in a Supporting Role for Eddie Murphy for his voice-over performance as Donkey, and won the BAFTA Award for Best Adapted Screenplay. The film's main (and title) character was awarded his own star on the Hollywood Walk of Fame in May 2010. It was nominated for the first Academy Award for Best Animated Feature, but lost to Shrek. It was the only animated Nickelodeon film to ever be nominated in that category until Rango was nominated in 2011 and won. In order to power the city, monsters have to scare children so that they scream. However, the children are toxic to the monsters, and after a child gets through, two monsters realize things may not be what they think. A young and parentless girl adopts a 'dog' from the local pound, completely unaware that it's supposedly a dangerous scientific experiment that's taken refuge on Earth and is now hiding from its creator and those who see it as a menace. When her grandson is kidnapped during the Tour de France, Madame Souza and her beloved pooch Bruno team up with the Belleville Sisters--an aged song-and-dance team from the days of Fred Astaire--to rescue him. Many critics consider it one of the best films of 2004, receiving the 2004 Annie Award for Best Animated Feature, along with two Academy Awards. It became the first entirely animated film to win the prestigious Hugo Award for Best Dramatic Presentation. As of March 2014, a sequel is officially in development. Shrek and Fiona travel to the Kingdom of Far Far Away, where Fiona's parents are King and Queen, to celebrate their marriage. When they arrive, they find they are not as welcome as they thought they would be. Like its predecessor, Shrek 2 received positive reviews."
dragged-0220,dragged,On what date did the Patriots last play the Miami Dolphins?,outdated,"Nov 24, 2024",,0,2024-12-31,https://en.wikipedia.org/wiki/Dolphins%E2%80%93Patriots_rivalry,,,"2000. Miami is one of 3 teams in the AFC with a winning overall record against New England (the others being the Denver Broncos and Kansas City Chiefs). Since 2003, the Patriots have dominated the rivalry, but not as much as their rivalries with their two other AFC East opponents.[8][9] In 2004, one of the most famous moments in the rivalry happened where the Dolphins, 2–11 at the time, upset the defending champion Patriots, who were 12–1, in a game that has been known as ""The Night That Courage Wore Orange"".[10] The rivalry briefly intensified in 2005 when Nick Saban (who previously served as defensive coordinator of the Cleveland Browns, coached by Bill Belichick at the time) was hired as the Dolphins head coach and when he nearly signed quarterback Drew Brees with the Dolphins, as well as in 2008 when the Dolphins became the only team other than the Patriots since 2003 to win the division.[11] In Week 3 of the aforementioned 2008 season, the Dolphins used the Wildcat formation to throw the Patriots (who were without Tom Brady that year because of an ACL injury earlier in the season) off and went on to upset them, 38–13, snapping their 20-game regular season winning streak that dated back to December 10, 2006, which coincidentally, the Patriots were also beat by the Dolphins.[12] In 2018, the Dolphins upset the Patriots in Miami for the second year in a row, this time with a last-minute hook and lateral scoring play in what is known as the ""Miracle in Miami"".[13] On February 4, 2019, the Dolphins hired a long-time Patriots assistant, Brian Flores (who had been with the team since their 2004 Super Bowl-winning season) as the 12th head coach in franchise history."
dragged-0220,dragged,On what date did the Patriots last play the Miami Dolphins?,outdated,"Nov 24, 2024",,1,2024-11-25,https://www.patriots.com/news/game-observations-eight-takeaways-from-the-patriots-loss-to-the-dolphins-in-week-12,,,"Breaking down the Patriots disappointing loss to the Dolphins in Miami on Sunday. Nov 25, 2024 at 11:44 AM. Author Image."
dragged-0220,dragged,On what date did the Patriots last play the Miami Dolphins?,outdated,"Nov 24, 2024",,2,2024-11-24,https://www.patriots.com/news/rapid-recap-dolphins-ride-relentless-second-quarter-to-win-over-patriots,,,"Here's how the Miami Dolphins knocked off the New England Patriots, dropping them to 3-9 this season. Nov 24, 2024 at 04:54 PM. Author Image."
dragged-0220,dragged,On what date did the Patriots last play the Miami Dolphins?,outdated,"Nov 24, 2024",,3,2024-11-24,https://www.cbsnews.com/boston/news/new-england-patriots-miami-dolphins-week-12-recap-tua-tagovailoa-drake-maye/,,,"Patriots crushed by Dolphins, 34-15, to fall to 3-9 on the season BOSTON -- The New England Patriots were completely dominated by the Miami Dolphins on Sunday, losing 34-15 at Hard Rock Stadium to fall to 3-9 on the season. Jerod Mayo's team had no answers for Tua Tagovailoa and the Miami offense in Week 12, while Drake Maye and the New England offense never really got going thanks to a plethora of penalties by the Patriots' offensive line. One week after Matthew Stafford ripped the Patriots' defense to shreds, Tagovailoa picked them apart for 317 yards and four touchdowns off 29 of 40 passing. Jaylen Waddle was a beast with eight receptions for 144 yards and a touchdown, while former Patriots tight end Jonnu Smith had nine receptions for 87 yards and a touchdown. ""Hard pill to swallow,"" Mayo said after the loss. ""We showed some fight at the end which is encouraging. But in this game every single play counts. "" Maye remained upbeat after the defeat, despite his hatred of losing football games. ""I hate losing more than I really like to win. Losing sucks,"" said Maye. ""What I told some of the guys inside, just remember this feeling. Remember this feeling of really getting our butts whooped. I think it's only up from here. We got a bright future and bright players in there that are going to make some players for the Patriots. "" The Patriots have now lost three of their last four games this season. New England has won just twice in their last 12 visits to Miami. Patriots crumble in second quarter The second quarter was one of the worst of the season for New England, as the Dolphins scored 24 points in the frame and racked up 209 yards. The Patriots had negative-11 yards in the quarter. The Patriots had a chance to score first, but Joey Slye missed a 45-yard field goal attempt on a drive that saw the New England offensive line get hit with three penalties."
dragged-0220,dragged,On what date did the Patriots last play the Miami Dolphins?,outdated,"Nov 24, 2024",,4,2024-11-24,https://www.espn.com/nfl/game/_/gameId/401671847/patriots-dolphins,,,"ESPN BET is owned and operated by PENN Entertainment, Inc. and its subsidiaries ('PENN'). ESPN BET is available in states where PENN is licensed to offer sports wagering. Must be 21+ to wager. If you or someone you know has a gambling problem and wants help, call 1-800-GAMBLER."
dragged-0220,dragged,On what date did the Patriots last play the Miami Dolphins?,outdated,"Nov 24, 2024",,5,2024-10-06,https://www.espn.com/nfl/recap/_/gameId/401671700,,,"Patriots' possessions — one with a touchdown that was overturned on replay, and another that fizzled when New England, after completing a pass at the Miami 11 in the middle of the field, was unable to stop the clock. “Honestly, nothing was good,” said Patriots quarterback Jacoby Brissett, who was 18 of 34 for 160 yards. “Penalties in the wrong situations, in bad situations. We’re not good enough to do that, to go backwards and try to score points.” Jason Sanders kicked three field goals for Miami to overcome three botched special teams plays, and the Dolphins won for the first time since quarterback Tua Tagovailoa went out with a concussion in Week 2. Making his second start as Miami's fourth quarterback, Tyler Huntley completed 18 of 31 passes for 194 yards and one interception. Tyreek Hill caught six passes for 69 yards, Jaylen Wright ran for 86 and Raheem Mostert added 80 on the ground for the Dolphins. Ingold's 3-yard run capped a 15-play, 80-yard drive that was more like 95 with penalties figured in. After the 2-point attempt failed, the Patriots (1-4) still had two more chances to take the lead. The Patriots celebrated a go-ahead touchdown pass with 63 seconds left, but replays showed Ja’Lynn Polk’s second heel came down on the end line. After two no-chance incompletions — and yet another penalty — the Patriots turned the ball over on downs. New England got the ball back on its own 43 with 29 seconds left, and Brissett connected on a 21-yard pass to Kayshon Boutte at the Dolphins 36; with no timeouts, the Patriots hustled to spike the ball with 12 seconds left. Brissett hit Hunter Henry at the 11 but near the yardage markers — too far inbounds for them to have a chance to stop the clock. “As the game wore on,"
dragged-0220,dragged,On what date did the Patriots last play the Miami Dolphins?,outdated,"Nov 24, 2024",,6,2025-03-31,https://www.patriots.com/video/patriots-vs-dolphins-highlights-nfl-week-12,"Nov 24, 2024",correct,Watch the highlights from the Week 12 matchup between the New England Patriots and the Miami Dolphins during the 2024 NFL season.
dragged-0220,dragged,On what date did the Patriots last play the Miami Dolphins?,outdated,"Nov 24, 2024",,7,2015-10-29,https://www.statmuse.com/nfl/ask/dolphins-record-against-patriots-last-10-years,,,"The Miami Dolphins are 12-8 against the Patriots between January 7, 2015 and January 7, 2025."
dragged-0220,dragged,On what date did the Patriots last play the Miami Dolphins?,outdated,"Nov 24, 2024",,8,2024-12-12,https://en.wikipedia.org/wiki/Miracle_in_Miami,,,"For the Patriots, the loss prevented them from clinching the AFC East, although they maintained their division lead. The play proved inconsequential to the season as the Dolphins lost all of their remaining games to finish 7–9 and miss the playoffs for a second consecutive year.[16] The Patriots clinched the division for a 10th consecutive year and a first-round bye with a 11–5 record[17][18] and although the defeat cost them the home-field advantage throughout the AFC playoffs as the No. 1 seed,[19][20][21][22] their season ultimately concluded with a victory in Super Bowl LIII. After the Super Bowl, Patriots quarterback Tom Brady said he didn't consider the Miami game a loss.[23] The game was also the final victory with the Dolphins for head coach Adam Gase, who was fired after the season,[24] and quarterback Ryan Tannehill, who was traded to the Tennessee Titans.[25] Gase was succeeded by Patriots assistant coach Brian Flores, the team's defensive playcaller in 2018.[26] In their final game of following season, Flores led the Dolphins to an upset victory over New England, which dropped the Patriots to the conference's third seed and forced them to play the Titans in the wild card round.[27] Tannehill went on to help Tennessee defeat the Patriots in Brady's final game with the team.[28] Four years later on December 18, 2022, the Patriots attempted a lateral pass play of their own against the Las Vegas Raiders with the game tied, but the attempt notably failed and resulted in the opposite intended effect: a walk-off game-winning touchdown for the Raiders, as Las Vegas defensive end (and former Patriot) Chandler Jones picked off New England's second lateral pass attempt and ran it in for the score."
dragged-0230,dragged,What Berber year corresponds to the present year?,outdated,2975,,0,2024-12-26,https://en.wikipedia.org/wiki/Berber_calendar,2975,correct,"Where traditional ways to compute the years have been preserved (Tuareg civilization), years are not expressed with numbers but each of them has a name characterizing it. Starting from the 1960s, however, on the initiative of the Académie Berbère of Paris, some Berbers have begun computing the years starting from 950 BC, the approximate date of the rising into power of the first Libyan Pharaoh in Egypt, Shoshenq I, whom they identified as the first prominent Berber in history (he is recorded as being of Libyan origin).[16] For example, the Gregorian year 2025 corresponds to the 2975th year of the Berber calendar. This innovation has been adopted with conviction by many supporters of the Berber culture and is now a part of the cultural heritage of this people, fully integrated in the system of traditional customs related to the North-African calendar.[citation needed] Photo taken on 31 December 2007 near Tafraout (Morocco), with the writings aseggas ameggaz (""good year"") in Tifinagh and bonne année 2959 (""good year 2959"") in French. Note the 1-year mistake, as 2959 corresponds to the Gregorian year 2009. ^The etymology proposed for bu-ini of Aures from Masqueray (1886: 164), was welcomed and extended to other similar terms related to the start of the year festivities by several authors, including Doutté (1909: 550), Laoust (1920: 195), Delheure (1988: 156). Drouin (2000: 115) defines these etymological research as ""unconvincing"". ^""In Oran the Ennayer parties are made on 11 and 12 January of the Gregorian calendar, that is two days before the common agricultural calendar ..."" Mohamed Benhadji Serradj, Fêtes d'Ennâyer aux"
dragged-0230,dragged,What Berber year corresponds to the present year?,outdated,2975,,1,2025-01-08,https://en.wikipedia.org/wiki/Yennayer,,,"Yennayer[a] is the first month of the Berber calendar. The first day of Yennayer corresponds to the first day of January in the Julian Calendar, which is shifted thirteen days compared to the Gregorian calendar, thus falling on 12 January every year. The Berber calendar was created in 1980 by Ammar Negadi, a Paris-based Algerian scholar.[1] He chose 943 BC (rounded off to 950), the year in which the MeshweshShoshenq I ascended to the throne of Egypt, as the first year of the Berber calendar.[1][2] There is some debate about the traditional date of Yennayer, with some cultural associations advocating for its celebration on the evening of 13 January, which is widespread in Morocco, Algeria, Libya, and the Canary Islands. On 27 December 2017, Algerian President Abdelaziz Bouteflika officially recognized Yennayer as a public holiday to be celebrated on 12 January every year.[3] The first official celebration of Yennayer as a public holiday in Algeria took place on 12 January 2018.[4] On 3 May 2023, King Mohammed VI of Morocco declared the Berber New Year as a national public holiday in Morocco.[5][6] Origins The Berber Academy was established with the intention of recognizing Yennayer as the ""Amazigh New Year,"" based on the longstanding tradition of North Africans celebrating the event each year. In 1980, Ammar Negadi proposed the creation of a Berber calendar.[7] Celebration One of the most significant aspects of Yennayer is the preparation of a special meal, which is hearty and different from everyday ones. The Kabyle people of Algeria, for example, use the meat of the sacrificed animal (asfel) to complement couscous."
dragged-0230,dragged,What Berber year corresponds to the present year?,outdated,2975,,2,2024-01-31,https://www.holidayscalendar.com/event/berber-new-year/,,,"Berber New Year Berber New Year is a holiday that falls annually on January 12th in Algeria and celebrates the incoming year on the Berber calendar—an agricultural calendar traditionally used by the Amazigh ethnic group. The start of the year is celebrated in various ways from country to country, but some of the more common celebrations include sacrificing an animal, such as a chicken, and serving a couscous dish with seven different vegetables. This holiday is a public holiday in many places, and schools and government offices are closed. The History of Berber New Year The Berber Calendar is an agricultural calendar that is known as the fellahi or “rustic calendar.” It is believed that this calendar is based on the Julian Calendar—a calendar that was introduced in the Roman province of Africa that was established in 146 BC. This Roman province was established during the Third Punic War after the defeat of Carthage. This territory was made up of present-day Tunisia, the coast of western Libya, and the northeast portion of Algeria and was occupied by the Berber people. The length of the year on the Berber calendar is the same as on the Julian calendar. There is one slight discrepancy: the extra day in leap years is not added at the end of February but is added at the end of the year instead. That means that the Berber New Year, or the first day of Yennayer, corresponds to the 14th day of January in the Gregorian calendar. This coincides with the offset accumulated over the centuries between the Julian calendar and the observed astronomical dates. In most countries that use the Julian calendar, which the Berber calendar was originally based on, the New Year is usually observed on the 14th of January. No one knows why in Algeria these celebrations are held on the 12th of January, but there are some theories. Some people think that the Berber calendar dates back to the victory achieved by Amazigh King Sheshonq I against the Pharaoh in a battle that was conducted in 950 BC on the banks of the Nile."
dragged-0230,dragged,What Berber year corresponds to the present year?,outdated,2975,,3,2021-01-11,https://www.middleeasteye.net/discover/what-you-need-know-about-amazigh-new-year-or-yennayer,,,"Starting on Tuesday 12 January, Amazigh people in Algeria, Tunisia, Morocco, Libya, and parts of Egypt, as well as the diaspora, will celebrate Yennayer, the Amazigh new year. The year 2021 in the Gregorian calendar marks the year 2971 for the Amazigh, who are also known as the Imazighen. Dating back to antiquity, the celebration is rooted in North African folktales and legend, and represents the bond between the Imazighen and the land they live upon, as well as the earth’s wealth and generosity. Yennayer is therefore a festival of nature, agrarian life, rebirth and abundance. In recent times, the celebration of Yennayer has taken on an added significance as a way of keeping the Amazigh cultural identity alive. The term ""Yennayer"" is also the name given to the first month of the Amazigh calendar. New MEE newsletter: Jerusalem Dispatch Sign up to get the latest insights and analysis on Israel-Palestine, alongside Turkey Unpacked and other MEE newsletters When is Yennayer? The evening preceding Yennayer is an occasion known as ""Thabbourth Aseggas"" (the door of the year) by the Kabyles of Algeria or ""Id Suggas"" by Amazigh groups in Morocco. This event falls on 12 January and marks the start of the celebrations in Algeria. The official state holiday of Yennayer in Algeria also coincides with Thabbourth Aseggas on 12 January. Some Amazigh groups in Morocco and elsewhere start their celebrations on 13 January. Etymologically, the word ""Yennayer"" is believed to be a combination of the Amazigh words ""Yenn"" (One) and ""Ayur"" (month). An alternative explanation is that the word is a borrowing from the Latin ""Ianuarius"", from which the word January in English and ""Yanayir"" in Arabic are ultimately derived."
dragged-0230,dragged,What Berber year corresponds to the present year?,outdated,2975,,4,2021-01-12,https://www.pressenza.com/2021/01/yennayer-2971-berber-new-year-in-north-africa/,,,"Yennayer 2971: Berber New Year in North Africa In North Africa among the Berbers, the January 12th is the 1st day of the year 2971 of the Amazigh (Berber) calendar which begins in 950 BC, date of the victory of the Berber king Chachnaq over the pharaoh Ramses III where the Berber king Sheshonq I was enthroned Pharaoh of Egypt and founded the XXII Dynasty which ruled Egypt until 715 BC. By Rabah Arkam This Berber king had succeeded in unifying Egypt and then invading the kingdom of Israel. He is said to have captured the treasures of Solomon’s temple in Jerusalem in 926 BC. This date is mentioned in the Bible and would therefore constitute the first date in Berber history on a written medium. King Sheshonq is referred to in the Bible as Sésaq and Shishaq in ancient Hebrew. This Berber New Year is called “Yennayer”, etymologically, the name is made up of “Yen”, which means “first”, and “Ayer”, which means “month”. Long marginalized by regimes acquired in the Arab-Muslim ideology, that each year, the Islamists launch a campaign against the celebration of Yennayer, declaring this festival a sin (haram) which does not prevent this festival from being more and more most popular. The Berbers of North Africa today try to give shape to their history and their identity within society to celebrate the New Year Yennayer marks New Year’s Day on the agrarian calendar, used since antiquity by Berber. It corresponds to the 12th day of January of the Julian calendar, like the Gregorian calendar, the Berber calendar is divided into twelve months and has been used since Antiquity by the peoples of North Africa (Kabyles, Riffs, Tuaregs, Siwa…). Families traditionally share a meal based on poultry couscous called (Imensi n’Yennayer) where the whole family gets together. It is customary to leave a ration and a spoon for anyone absent, distant relative or passing poor."
dragged-0230,dragged,What Berber year corresponds to the present year?,outdated,2975,,5,2024-11-04,https://www.facebook.com/Kabyliauk/posts/what-is-the-date-of-the-berber-new-yearwe-know-that-new-years-day-falls-on-1-jan/953277626816958/,,,"The Berber (aka Amazigh) New Year, known as Yennayer, will be celebrated on 12 January 2975, which corresponds to 2025, to mark the anniversary ..."
dragged-0230,dragged,What Berber year corresponds to the present year?,outdated,2975,,6,2023-05-04,https://www.aljazeera.com/news/2023/5/4/morocco-recognises-berber-new-year-as-official-holiday,,,"Morocco recognises Berber New Year as official holiday A local Amazigh man attends a rally in celebration of the Amazigh New Year in Rabat, Morocco, in 2012 [File: Stringer/Reuters] Published On 4 May 20234 May 2023 The Amazigh – or Berber – New Year has become an official holiday in Morocco, the country’s king has said, in the latest acknowledgement of the Indigenous group that has campaigned for years to have their calendar recognised. King Mohammed VI “decided to declare Berber New Year’s Day an official paid national holiday”, a statement from the royal court said on Wednesday. The Amazigh New Year is celebrated on January 13. The first day of the year in the Amazigh calendar, rooted in seasons and agriculture, marks the anniversary of the ascent of Libyan King Sheshonq to the throne of Egypt, according to historians. The day is also celebrated by Arabic-speaking Moroccans who call it the beginning of the agricultural year. Berbers inhabit an area spanning most of North Africa, with large populations in Morocco, Algeria, Tunisia, Libya and western Egypt. But Berber tribes and ethnic groups are also found as far south as Niger, Mali and Burkina Faso. The word Tamazight refers to the spectrum of related dialects spoken by the Berber people. Advertisement Home to North Africa’s biggest Amazigh, or Berber, population, Morocco long marginalised Berber language and culture in favour of Arabic and French, giving rise to an Amazigh identity movement that has steadily gained influence. Demands of the Amazigh movement featured prominently in 2011 protests, which led to Morocco adopting a new constitution and the Moroccan monarch devolving some of his power to an elected government. The decision to recognise Berber New Year comes after Moroccan legislators in 2019 confirmed the Berber language’s official status, eight years after it was preliminarily recognised in a new constitution."
dragged-0230,dragged,What Berber year corresponds to the present year?,outdated,2975,,7,2023-01-10,https://www.crossroadsculturalexchange.com/blog/amazigh-new-year,,,"Amazigh New Year The Amazigh people (also known as Imazighen, or in English often called Berber* people) were the original inhabitants of Morocco two thousand years ago. Originally nomads, now Imazighen often live semi-nomadic lives or have settled into towns and villages, but the language, traditions, and norms continue to be passed down across generations. One of these traditions is the Amazigh New Year, which begins the evening of January 13th every year. This Amazigh New Year’s celebration is called “Yennayer,” the same name as the word for the first month in the Amazigh calendar. This word may be derived from the literal words in Amazigh for “first month” (Yan = One, and Ayyur = month). The beginning of this year corresponds to the first day in January in the Julian Calendar. So, 2974 Amazigh year corresponds to 2024 in the Gregorian calendar. This celebration of the new year is also called “ Id Suggas,” by Imazighen, which means “night of the year,” or “ Haguza,” by Arabs, which means “agrarian year.” Even though the holiday marks the new year, it is also similar to the American or Canadian Thanksgiving holiday as it is a day to give thanks. Moroccan Imazighen have made continual calls on the government to honor the 12th of January as a national holiday. As with all kinds of new years in cultures around the world, Imazighen wish each other a happy new year, wishing each other a good year, longevity, and prosperity for all. Every January on the twelfth day, when it is cold, rainy, and snowy in the Middle and High Atlas Mountains in Morocco, Imazighen, the local inhabitants of this land, celebrate the Amazigh New year along with Amazigh people throughout the world. However, the celebration in these parts of Morocco is really special. First and foremost, the Amazigh New Year is an agricultural celebration. Because winter is the time of year for the main rain and snowfall of the year, the precipitation in this season provides for the harvests of the whole year."
dragged-0249,dragged,Who is the latest MotoGP World Riders' Champion?,outdated,Jorge Martin,date_tie,0,2024-11-17,https://en.wikipedia.org/wiki/List_of_Grand_Prix_motorcycle_racing_World_Riders%27_Champions_by_year,,,"Summary Grand Prix motorcycle racing is the premier championship of motorcycleroad racing, which has been divided into four classes: MotoGP, Moto2, Moto3, and MotoE. Classes that have been discontinued include Formula 750, 500cc, 350cc, 250cc, 125cc, 80cc, 50cc and Sidecar. The Grand Prix Road-Racing World Championship was established in 1949 by the sport's governing body, the Fédération Internationale de Motocyclisme (FIM), and is the oldest motorsport World Championship.[1] There were five classes when the championship started in 1949; 500cc, 350cc, 250cc, 125cc and sidecar (600cc). The 50cc class was introduced in 1962. Due to escalating costs that resulted in a number of manufacturers leaving the championship, the FIM limited the 50cc bikes to a single cylinder, the 125cc and 250cc bikes were limited to two cylinders and the 350cc and 500cc bikes were limited to four cylinders. The 350cc class was discontinued in 1982, two years later the 50cc class was replaced with an 80cc class, which was discontinued in 1989. The sidecar class left the series to form its own championship after 1996. In 2002, 990cc bikes replaced the 500c bikes and the class was renamed as MotoGP.[2] 660cc bikes replaced the 250cc bikes in 2010, with the class rebranded as Moto2.[3] Starting 2012, the Moto3 class (250cc one cylinder) replaced the 125cc class."
dragged-0249,dragged,Who is the latest MotoGP World Riders' Champion?,outdated,Jorge Martin,date_tie,1,2024-11-17,https://www.motogp.com/en/world-standing,,,"Find GP rankings, points, wins and podiums on the official website MotoGP™. Follow your favorite team and rider's progress here."
dragged-0249,dragged,Who is the latest MotoGP World Riders' Champion?,outdated,Jorge Martin,date_tie,2,2024-11-20,https://en.wikipedia.org/wiki/2022_MotoGP_World_Championship,,,"The 2022 FIM MotoGP World Championship was the premier class of the 74th F.I.M.Road Racing World Championship season. Fabio Quartararo came into the season as the defending World Champion. Ducati secured the constructors' championship, with the factory Ducati Lenovo Team securing the teams' championship and factory rider Francesco Bagnaia achieving the riders' championship. In total, seven different riders and five manufacturers won Grands Prix during the season. As the only manufacturer without a victory, the season saw Honda finish in last place of the manufacturers' standings for the first time in the modern MotoGP era. Defending champion Fabio Quartararo took his first win of the season at Portugal, to take lead of the riders' standings.[5] In Jerez, Ducati rider Francesco Bagnaia dominated, taking his first win of the season starting from pole and leading all laps, to mark the second grand chelem of his career.[6] With consecutive third place finishes for Aleix Espargaró in Portimão and Jerez adding to their Argentine victory and a podium finish in 2021, Aprilia lost their manufacturer's concessions that aim for underforming manufacturers to gain slight advantages for 2023.[7] Enea Bastianini took his third victory of the season in France after pressuring Ducati works rider Bagnaia into a late race error, while Espargaró and Aprilia took to the third step of the podium for the third race in succession.[8] At Mugello, Bagnaia and factory Ducati took their second victory of the season in front of a home crowd, ahead of championship leader Quartararo in second, and Espargaró taking his fourth consecutive third-place finish.[9] Quartararo took his second victory of the season to extend his championship lead in Catalunya."
dragged-0249,dragged,Who is the latest MotoGP World Riders' Champion?,outdated,Jorge Martin,date_tie,3,2025-04-02,https://www.roadracingworld.com/news/motogp-stars-headline-valentino-rossis-100km-of-champions/,,,"MotoGP riders Pedro Acosta, Luca Marini and Miguel Oliveira are also among the riders slated to take part in the annual off-season event, which features riders from Moto2, Moto3, World Superbike, British Superbike and open road racing. Americans Sammy Halbert and J.D. Beach also are listed among the entries. The event is slated to take place Jan. 10-11 at the VR46 Ranch in Tavullia. Menu Information What is a Press Release? A âpress releaseâ is promotional text issued by a rider, team, company or organization to inform the public about an event, product, or service from the issuerâs own point of view, and if deemed to have news value, may be placed on roadracingworld.com as a service to our readers. A press release is not an article written by Roadracingworld.com staffers. When a post is labeled with the words âpress releaseâ, it means that Roadracingworld.com is not responsible for its content and that Roadracingworld.com makes no guarantee that it is accurate. Not all press releases are posted and Roadracingworld.com may reject press releases if the content is too heavy on commercial promotion with little or no news value or if the press release contains obvious errors."
dragged-0249,dragged,Who is the latest MotoGP World Riders' Champion?,outdated,Jorge Martin,date_tie,4,2024-11-17,https://www.youtube.com/watch?v=6xjHUD5Lr0I,,,Pramac rider Jorge Martin clinched his maiden MotoGP title with a ... PIT CELEBRATIONS for Pramac as Jorge Martin crowned World Champion in ...
dragged-0249,dragged,Who is the latest MotoGP World Riders' Champion?,outdated,Jorge Martin,date_tie,5,2024-12-17,https://www.ducati.com/ww/en/news/francesco-bagnaia-and-ducati-are-2022-motogp-world-champions,,,"Ducati Approved Francesco Bagnaia and Ducati are 2022 MotoGP World Champions The Ducati Lenovo Team rider secures his first World Title in the premier class thanks to a ninth-place finish in the Valencia GP The all-Italian Bagnaia-Ducati pairing writes a page in motorcycling history by reaching a result never achieved before in MotoGP Hat trick for Ducati: the Borgo Panigale manufacturer wins the Constructors' Title, the Teams' Title with the Ducati Lenovo Team and the Riders' Title in MotoGP World Champions! Francesco Bagnaia is the 2022 MotoGP World Champion. Thanks to his ninth-place finish in the Valencia GP, held this afternoon at the Circuit Ricardo Tormo in Cheste, the Ducati Lenovo Team rider has secured his first MotoGP World Title after making a historic comeback in the Championship, which has never been achieved before by any other rider in the premier class. After finding himself sixth in the standings at the end of the German GP, Pecco managed to close a gap of 91 points on Fabio Quartararo over eight Grands Prix and took the lead in the Championship with 14 points over the Frenchman in the Australian GP, at Phillip Island, with two races to go. After increasing his lead to 23 thanks to a stunning victory at Sepang in Malaysia, Bagnaia needed only a ninth place today to secure Ducati's second Riders' World Title in the premier class, 15 years after Casey Stoner's first title in 2007. For the 25-year-old from Turin and the Bologna-based manufacturer, this is a historic achievement: with seven wins, ten podiums and five pole positions this year, Bagnaia becomes the first Italian rider to win the MotoGP World Championship on an Italian bike, the Ducati Desmosedici GP. The last person to do so in the top class was Giacomo Agostini 50 years ago, in 1972, when he won the title in the 500cc category with the MV Agusta. The Valencia GP was also Jack Miller'"
dragged-0249,dragged,Who is the latest MotoGP World Riders' Champion?,outdated,Jorge Martin,date_tie,6,2024-11-17,https://www.aljazeera.com/sports/2024/11/17/jorge-martin-of-spain-wins-2024-motogp-championship-in-barcelona,,,"Spain’s Jorge Martin wins 2024 MotoGP World Championship in Barcelona Jorge Martin finishes third in the season finale in Barcelona to become the first independent rider world champion of the MotoGP era. The new MotoGP world champion Ducati Spanish rider Jorge Martin celebrates on the podium after the MotoGP Solidarity Grand Prix of Barcelona [Manaure Quintero/AFP] Published On 17 Nov 202417 Nov 2024 Prima Pramac Racing’s Jorge Martin has been crowned the 2024 MotoGP world champion after finishing third in the season-ending Solidarity Grand Prix, which was won by his title rival Francesco Bagnaia of Ducati. Martin led by 19 points heading into the final race of the season on Saturday, and the Spaniard needed to finish in the top nine to clinch the title if polesitter and twice-champion Bagnaia won the race. Gresini Racing’s Marc Marquez finished second. “I don’t know what to say, I’m completely shocked,” an emotional Martin said after kissing the new panel on his bike which had a golden number one instead of his number 89. “On the last few laps I couldn’t even ride, I started crying a bit, it was really an emotional race… It’s been a long journey, a lot of crashes and big injuries. So finally we are here.” Bagnaia had done everything to close the gap in the title race, with victory in the final Grand Prix his 11th of the season, but Martin’s 32 podiums across sprints and races earned him the title by 10 points. Bagnaia and Martin made superb starts off the line and the title rivals went into turn one first and second. Marquez was third but he dived in on the inside of turn one on the second lap to overtake Martin. Enea Bastianini immediately began to hound Martin but the Ducati rider did not see Aprilia’s Aleix Espargaro behind him as the Spaniard elbowed his way past to move up to fourth in the final race of his career at his home Grand Prix."
dragged-0249,dragged,Who is the latest MotoGP World Riders' Champion?,outdated,Jorge Martin,date_tie,7,2024-11-17,https://www.youtube.com/watch?v=N6UHJfJ8aME,,,Never stopped fighting and now the crown is his! Jorge Martin IS THE 2024 #MotoGP WORLD CHAMPION! #MART1NATOR | #SolidarityGP
dragged-0249,dragged,Who is the latest MotoGP World Riders' Champion?,outdated,Jorge Martin,date_tie,8,2024-11-17,https://www.eurosport.com/moto/grand-prix-barcelona/2024/motogp-jorge-martin-claims-motogp-title-with-third-place-finish-in-barcelona_sto10395681/story.shtml,,,"Jorge Martin is the new MotoGP world champion following the final race of the season in Barcelona. Outgoing champion Francesco Bagnaia topped the podium with victory on the day but it wasn't enough to eat into Martin's overall points lead in the standings, with the Spaniard doing enough to claim the crown on home soil. Jorge Martin (89) of Spain and Prima Pramac Racing Ducati celebrates the victory as World Champions of MotoGP after the race of the Motul Solidarity Grand Prix of Barcelona at Circuit de Barcelona-Catalunya on November 17, 2024 in Barcelona, Spain Image credit: Getty Images Underdog Jorge Martin (Prima Pramac Racing) clinched his maiden MotoGP world championship in a smooth-sailing race in Barcelona on home soil. The Spaniard settled for third place in the race but held a comfortable points gap to the two-time world champion Francesco Bagnaia (Ducati Lenovo Team), who took the Barcelona GP victory. Martin cruised to the big victory with consistency across the season, picking up points in a season full of risk-taking and bold moves. This marks the first time in Prima Pramac's 20-year MotoGP history that a satellite rider has proved victorious over the factory team. Martin is the first independent rider world champion in the recent era of MotoGP, with a glorious season that made history with constant twists and turns. Although the race was relatively calm, Martin managed to keep his Prima Pramac bike on track with a safe race that earned him his maiden title in the premier class. Bagnaia did his best all weekend to pick up the points where he could, winning both the sprint and feature race, but it was Martin's title to lose. Both riders have put up a fierce fight all season, swapping the championship lead nearly each round. After securing his title, Martin shared: ""It sounds amazing, I don't know what to say because I'm completely shocked. ""This is for my people, my family, to the people that are supporting me this is for them."
dragged-0249,dragged,Who is the latest MotoGP World Riders' Champion?,outdated,Jorge Martin,date_tie,9,2025-01-08,https://motogp.fandom.com/wiki/List_of_500cc/MotoGP_World_Champions,,,"List of 500cc/MotoGP World Champions ; 2021, Fabio Quartararo · Flag France France, Yamaha ; 2022, Francesco Bagnaia · Flag Italy Italy, Ducati."
dragged-0252,dragged,Who is the current leader of al-Qaeda?,outdated,Sayf al-‘Adl,,0,2022-08-04,https://www.csis.org/analysis/zawahiris-death-and-whats-next-al-qaeda,,,"Other al Qaeda affiliates are more closely linked to al Qaeda’s global leadership and therefore could be able to play a larger role in the direction of al Qaeda moving forward. Al Shabaab, for example, is assessed by the U.S. Department of Defense (DOD) to be “the largest, wealthiest and most lethal al-Qaeda affiliate in the world.” Al Shabaab also directly provides financial support to al Qaeda senior leadership from its coffers and has a demonstrated capability and intent to organize plots against the United States. Disagreements over the correct emphasis on “local” versus “global” goals are part and parcel of al Shabaab’s history, however, and al Qaeda’s leadership transition could reinvigorate those debates. Q3: How is the Islamic State reacting to the death of al Qaeda’s leader? A3: The Islamic State has made no secret of its contempt for Zawahiri and the Taliban. Islamic State propaganda often accuses the Taliban and al Qaeda’s current leadership of straying from Osama bin Laden’s vision for al Qaeda, with particularly hostile words for the Taliban’s decision to negotiate the Doha Agreement with the United States—which it accuses al Qaeda of endorsing. Immediately following Zawahiri’s death, Islamic State supporters posted celebratory messages with titles like “The Clown is Dead” and “The Dog Has Perished.” Prior to Zawahiri’s death, al Qaeda’s general fortunes appeared to be on the ascent. The group’s presence in Afghanistan under Taliban rule was largely secure. In the words of the chief of the United Nation’s sanctions monitoring team, al Qaeda has been in a period of “strategic restraint"" since the collapse of the Afghan government."
dragged-0252,dragged,Who is the current leader of al-Qaeda?,outdated,Sayf al-‘Adl,,1,2023-02-16,https://extremism.gwu.edu/al-qaeda-de-facto-leader-sayf-al-adl,,,"Second, “many Member States” have concluded that one of Zawahiri’s closest colleagues, Sayf al-‘Adl, is “already operating as the de facto and uncontested leader of the group.” Why hasn’t al-Qaeda announced al-‘Adl’s succession? UN Member States point to al-‘Adl’s “continued presence” inside Iran, which raises “difficult theological and operational questions” for al-Qaeda. Simply put, the Sunni jihadists of al-Qaeda don’t want to admit that they rely on the Shiites of Iran for safe haven. And the Iranian regime does not want to admit it harbors some of al-Qaeda’s leaders. As Sayf al-‘Adl’s biography shows, however, this is nothing new. The Iranians have long harbored him and other al-Qaeda figures. Al-Qaeda began working with Iran and Hezbollah in the early 1990s Sayf al-‘Adl, a former lieutenant colonel in Egypt’s special forces, joined the Egyptian Islamic Jihad (EIJ) in the late 1980s. The EIJ was a terrorist group that targeted the Egyptian government throughout the 1980s and eventually merged with Osama bin Laden’s operation prior to 9/11. Though the formal merger between the two was not consummated until either 1998 or the summer of 2001, depending on which sources one consults, the EIJ’s men were central to al-Qaeda’s operations by the early 1990s. For instance, according to the State Department, al-‘Adl provided training for other al-Qaeda operatives “as early as 1990.”"
dragged-0252,dragged,Who is the current leader of al-Qaeda?,outdated,Sayf al-‘Adl,,2,2024-05-06,https://crsreports.congress.gov/product/pdf/IF/IF11854,,,"Al Qaeda (AQ, alt. Al Qaida or Al Qa'eda) is a transnational Sunni Islamist terrorist organization with a network of affiliates."
dragged-0252,dragged,Who is the current leader of al-Qaeda?,outdated,Sayf al-‘Adl,,3,,https://foreignaffairs.house.gov/press-release/mccaul-reacts-to-death-of-al-qaeda-leader-al-zawahiri/,,,"McCaul Reacts to Death of Al Qaeda Leader al Zawahiri Washington, D.C. – House Foreign Affairs Committee Lead Republican Michael McCaul has released the following statement on news the United States government has killed Ayman al Zawahiri, the current leader of al Qaeda. “It is a great day for America when the leader of al Qaeda is taken out. I commend those security and intelligence professionals who bravely carried out this operation. Unfortunately, today’s attack also serves as a reminder the American people were lied to by President Biden. Al Qaeda is not ‘gone’ from Afghanistan as Biden falsely claimed a year ago. And worse, the head of al Qaeda, who was one of the masterminds behind 9/11, was given safe harbor in the capitol city of Kabul – just as al Qaeda was given safe harbor there before 9/11. Our chaotic and deadly withdrawal from Afghanistan opened the door for al Qaeda to operate freely inside the country to conduct external operations against the United States and our allies again.”"
dragged-0252,dragged,Who is the current leader of al-Qaeda?,outdated,Sayf al-‘Adl,,4,,https://www.brookings.edu/articles/al-qaida-after-al-zawahri/,,,"A post-al-Zawahri al-Qaida very much depends on who is the next leader. We don’t know who will consolidate power, though longtime jihadi Saif al-Adel is often mentioned as a candidate. Terrorist groups often rise and fall depending on the quality of leadership, and indeed part of why the Islamic State group (IS) was able to gain such support was because al-Zawahri was unable to motivate many jihadists, and they cast about for a more exciting leader and new direction. A new leader might re-energize al-Qaida, but in the near term and perhaps longer he may struggle to consolidate power and gain the respect of the rank-and-file. Al-Qaida will also benefit from the weakness of IS, which fell from the dizzying heights it achieved in 2014–15. Like al-Qaida, IS persists, both as a model and as an organization, though it is far weaker and less inspiring now that it has lost the caliphate and no longer controls significant territory. IS still endures with forces fighting in Syria and supporters around the world, but it is far less capable of acting on its own or inspiring others. Al-Qaida affiliates may take this moment to further increase their distance from the core, at least in practice, if not in rhetoric. Much depends on the new leader and his networks, but it is hard for any leader to maintain control of this always-fractious movement, particularly when the communication and visibility necessary to establish a presence greatly increases the risk of being detected by the United States and its allies. It is possible that the next al-Qaida leader may simply be a figurehead, exercising even less influence than did al-Zawahri over the day-to-day activities of local jihadis. Any new leader might seek to take revenge for al-Zawahri and has a strong short-term incentive to support high-profile terrorist attacks on the West as a way of gaining attention, attracting money, inspiring recruits, and proving the new leader’s credentials."
dragged-0252,dragged,Who is the current leader of al-Qaeda?,outdated,Sayf al-‘Adl,,5,2022-08-01,https://www.whitehouse.gov/briefing-room/press-briefings/2022/08/01/background-press-call-by-a-senior-administration-official-on-a-u-s-counterterrorism-operation/,,,"That operation targeted and killed al Qaeda’s current leader, Ayman al-Zawahiri. Zawahiri was Osama bin Laden’s deputy during the 9/11 attacks and his successor in 2011, following bin Laden’s death during a U.S. counterterrorism mission. Zawahiri continued to pose an active threat to U.S. persons, interests, and national security. As President Biden has consistently said, we will not allow Afghanistan to become a safe haven for terrorists who might bring harm to Americans. We met that commitment on Saturday night. And in doing so, we showed that, without American forces on the ground in Afghanistan and in harm’s way, we remain able to identify and locate even the world’s most wanted terrorist, and then take action to remove him from the battlefield. Zawahiri was al Qaeda’s most senior leader since June 2011. He continued to provide strategic direction to al Qaeda’s affiliates worldwide, calling for attacks on the United States. His death deals a significant blow to al Qaeda and will degrade the group’s ability to operate, including against the U.S. homeland. Our ability to locate Zawahiri after years of hiding was the result of careful, patient, and persistent work by our counterterrorism professionals. And our ability to act on it effectively was made possible by quick, decisive action by the President once we knew with confidence where Zawahiri was located and that we could conduct the operation in a manner that limited the risk of civilian casualties. As with all similar operations, various parts of the counterterrorism community collaborated closely to plan and execute this complex operation. For several years, the U.S. government has been aware of a network that we assessed supported Zawahiri. In the last year, we had been watching for indications of al Qaeda’s presence in Afghanistan. This year, we identified that Zawahiri’s family — his wife, his daughter, and her children — relocated to a safe house in Kabul. We then identified Zawahiri at the location in Kabul through layering multiple streams of intelligence."
dragged-0252,dragged,Who is the current leader of al-Qaeda?,outdated,Sayf al-‘Adl,,6,2023-02-15,https://www.iranintl.com/en/202302157586,,,"Settings US Confirms That Al Qaeda Top Man Is In Iran US State Department spokesperson Ned Price briefing reporters on February 15, 2023 Seif al-Adel, the apparent new leader of al Qaeda is in Iran, a United Nations report has said and the United States confirmed the information on Wednesday. State Department spokesperson Ned Price was asked during his daily press briefing to comment on the UN report. He said: “Our assessment aligns with that of the UN…offering safe haven to al Qaeda is another example of Iran’s wide-ranging support for terrorism, its destabilizing activities in the Middle East and beyond.” Asked by a reporter what the United States is ready to do if Adel is in Iran, Price said that the Biden administration is determined not to allow threats to emerge. “We have taken action against Iran for its support for terrorist group throughout the region,” he said and added that Washington will closely coordinate with European allies to confront “all the challenges Iran poses.” Seif al-Adel, a former Egyptian special forces officer who is a high-ranking member of al Qaeda with a $10 million US bounty on his head, is now the ""uncontested"" leader of the militant group, according to a new U.N. report on the organization. Al Qaeda has not formally named a successor for Ayman al-Zawahiri, who was believed to have been killed in a US missile strike in Kabul last year, dealing a blow to the organization since its founder Osama bin Laden was killed in 2011. Although a US intelligence official said in January that Zawahiri's succession remained unclear, the United Nations report assessing risks from the group said: ""In discussions in November and December, many Member States took the view that Seif al-Adel is already operating as the de facto and uncontested leader of the group."
dragged-0252,dragged,Who is the current leader of al-Qaeda?,outdated,Sayf al-‘Adl,,7,2023-02-14,https://www.voanews.com/a/new-al-qaida-leader-commanding-from-iran-/6962758.html,,,"Follow Us New Al-Qaida Leader Commanding from Iran A detail from the FBI poster offering a $10 million reward for information leading to the capture or conviction of Saif al-Adel. A new U.N. report says al-Adel is the 'new de facto leader' of al-Qaida. Share New Al-Qaida Leader Commanding from Iran share More than six months after the United States killed al-Qaida leader Ayman al-Zawahiri in an airstrike in Kabul, Afghanistan, leadership of the terror group appears to have quietly passed to his heir apparent in Iran. A new report from the United Nations, based on member state intelligence, concludes Saif al-Adel ""is now the de facto leader of al-Qaida, representing continuity for now. "" Al-Qaida itself has been quiet about the status of its leadership following the July 31, 2022, strike that killed al-Zawahiri, but the report points to two reasons for the silence. Al-Adel's leadership ""cannot be declared because of al-Qaida's sensitivity to Afghan Taliban concerns not to acknowledge the death of al-Zawahiri in Kabul and [al-Adel's] presence in the Islamic Republic of Iran,"" the report states. ""His location raises questions that have a bearing on al-Qaida's ambitions to assert leadership of a global movement in the face of challenges,"" including from its rival, the Islamic State (IS) terror group, the report adds. Western intelligence agencies, including those in the United States, have long viewed al-Adel as a likely successor to al-Zawahiri, describing the former Egyptian special forces officer as a capable commander with vast operational experience in multiple locations. Starting in the early 1990s, al-Adel was part of a team that provided military and intelligence training to fighters in Afghanistan, Pakistan and Sudan."
dragged-0252,dragged,Who is the current leader of al-Qaeda?,outdated,Sayf al-‘Adl,,8,2024-06-08,https://www.longwarjournal.org/archives/2024/06/al-qaeda-leader-calls-foreign-fighters-to-afghanistan.php,Sayf al-‘Adl,correct,"Though not particularly detailed, this line likely refers to ongoing communication and guidance between al Qaeda’s central leadership and the various branches on current strategy. Al Qaeda’s current status in Afghanistan Adl is thought to have succeeded Ayman al Zawahiri, al Qaeda’s last emir who was killed in a U.S. drone strike on a Taliban safe house in the Afghan capital of Kabul. The safe house was managed by a lieutenant of Sirajuddin Haqqani, the IEA minister of interior and one of the Taliban’s two deputy emirs. Sirajuddin’s powerful Haqqani Network is listed as a Foreign Terrorist Organization for its close ties to al Qaeda. Sirajuddin and many of his top lieutenants are also labeled as Specially Designated Global Terrorists by the U.S. Neither al Qaeda nor the Taliban acknowledged Zawahiri’s death. The Taliban does not want to provide evidence of its close relationship with al Qaeda to avoid international condemnation. Al Qaeda does not want to bring condemnation on its Taliban host, nor does it want to draw attention to the fact that its new leader, Adl, is based in Iran. Al Qaeda has established a significant amount of infrastructure in Afghanistan since the Taliban seized control of the country in August 2021, according to reports by the United Nations Analytical Support and Sanctions Monitoring Team. Additionally, “the relationship between the Taliban and Al-Qaida remains close,” the Monitoring Team reported. Al Qaeda operates training camps in 10 of Afghanistan’s 34 provinces. The camps are operational in the provinces of Badghis, Helmand, Ghazni, Kunar, Laghman, Nangarhar, Nuristan, Parwan, Uruzgan, and Zabul."
dragged-0273,dragged,total number of cafe coffee day,outdated,450,,0,,https://en.wikipedia.org/wiki/Caf%C3%A9_Coffee_Day,,,"Café Coffee Day (CCD) is an Indian multinationalchain of coffeehouses headquartered in Bengaluru, Karnataka. It is a subsidiary of Coffee Day Enterprises Limited. Internationally, CCD is present in Austria, Czech Republic, Malaysia, Nepal and Egypt. History Café Coffee Day Global Limited Company is a Chikkamagaluru-based business which grows coffee in its own estates of 20,000 acres.[5] It is the largest producer of arabica beans in Asia, exporting to various countries including U.S., Europe, and Japan.[6] V. G. Siddhartha started the café chain in 1996 when he incorporated Coffee Day Global, which is the parent of the Coffee Day chain.[7] The first CCD outlet was set up on July 11, 1996, at Brigade Road, Bangalore, Karnataka. It rapidly expanded to other cities in India, with more than 1,000 cafés open across the nation by 2011. In 2010, it was announced that a consortium led by Kohlberg Kravis Roberts would invest ₹1,000 crore (equivalent to ₹22 billion or US$260 million in 2023) in Coffee Day Resorts, owned by the company.[8] The same year, the logo was changed to the current logo, which the company stated was to showcase the chain as a place to talk.[9]"
dragged-0273,dragged,total number of cafe coffee day,outdated,450,,1,2023-02-21,https://www.scrapehero.com/location-reports/Cafe%20Coffee%20Day-India/,,,"Number of Cafe Coffee Day stores in India in 2023 How many Cafe Coffee Day stores are there in India? There are 1,384 Cafe Coffee Day stores in India as of February 21, 2023. The state and territory with the most number of Cafe Coffee Day locations in India is Maharashtra, with 259 stores, which is about 19% of all Cafe Coffee Day stores in India. You can download the full list of Cafe Coffee Day locations used for this analysis from our data store. Here is a random sample of 10 records for you to look at the fields and the data that we provide. * Open hours are not displayed here as it is too big to show on a reasonably sized screen. Download this data in any format We provide all of our data sets as an Excel / CSV file. Please contact us if you need this POI dataset as JSON, Esri Shapefile, GeoJSON, KML (Google Earth) or any other custom format at an additional cost per format. Legal Disclaimer: ScrapeHero is an equal opportunity data service provider, a conduit, just like an ISP. We just gather data for our customers responsibly and sensibly. We do not store or resell data. We only provide the technologies and data pipes to scrape publicly available data. The mention of any company names, trademarks or data sets on our site does not imply we can or will scrape them. They are listed only as an illustration of the types of requests we get. Any code provided in our tutorials is for learning only, we are not responsible for how it is used."
dragged-0273,dragged,total number of cafe coffee day,outdated,450,,2,2024-05-17,https://www.statista.com/statistics/1030744/india-cafe-coffee-day-cafe-numbers/,,,"Statista R identifies and awards industry leaders, top providers, and exceptional brands through exclusive rankings and top lists in collaboration with renowned media brands worldwide. For more details, visit our website. Number of Cafe Coffee Day cafes India FY 2014-2023 In the financial year 2023, cafe chain Cafe Coffee Day had about 469 cafes across various cities in India. Cafe Coffee Day outlets were present in about 154 cities in the country that same year. First outlet of Cafe Coffee Day Cafe Coffee Day, popularly known as CCD, was set up in 1996 at Brigade Road, Bangalore, Karnataka. The location was situated ideally amidst the busiest and biggest shopping areas of the southern city, making it a frequented and therefore, a success. While Cafe Coffee Day grew to expand across the country, the state of Maharashtra had the highest number of Cafe Coffee Day outlets. A cup of Indian coffee In a traditional coffee drinking community like India, there are very few cafés that provide coffee to-go. Coffee is generally consumed from a glass, ceramic, or steel cup in homes as well as in restaurants and coffee shops. Compared to the rest of the world, India charges less for a cup of coffee, varying based on the quantity and place of purchase. Number of cafes of Cafe Coffee Day across India from financial year 2014 to 2023 Currently, you are using a shared account. To use individual functions (e.g., mark statistics as favourites, set statistic alerts) please log in with your personal account. If you are an admin, please authenticate by logging in again. Café Coffee Day. (August 22, 2023). Number of cafes of Cafe Coffee Day across India from financial year 2014 to 2023 [Graph]. In Statista."
dragged-0273,dragged,total number of cafe coffee day,outdated,450,,3,2024-09-03,https://www.worldcoffeeportal.com/Latest/News/2024/September/India-s-Cafe-Coffee-Day-posts-strong-revenue-growt,,,"At its peak in 2019, CCD operated 1,752 outlets across 243 Indian cities. However, the coffee chain began to shutter dozens of stores in the wake of Rs 7,000 Cr ($833.6m) debt and the apparent suicide of its founder V.G. Siddhartha in July 2019. CCD closed a further 19 stores across the last 12 months and now operates 450 sites – a figure Tata Starbucks and Haryana-based Barista both expect to surpass this year as they seek to add to their respective 444 and 420-store networks. At its peak in 2019, CCD operated 1,752 outlets across 243 Indian cities. However, the coffee chain began to shutter dozens of stores in the wake of Rs 7,000 Cr ($833.6m) debt and the apparent suicide of its founder V.G. Siddhartha in July 2019. The coffee chain has been led by Siddhartha’s wife Malavika Hegde since December 2020, and who has been credited for significantly reducing the company’s debt. While the rate of retail outlet closures has significantly slowed over the last two years, CCD has also grown its network of coffee vending units across India. Primarily located within corporate offices, business hubs and hotels, CCD’s total vending machine network grew 8% year-on-year to reach 52,581 units last year. Founded in 1996 by Karnataka-born entrepreneur VG Siddhartha, CCD was a pioneer of India’s coffee and cafe culture. With the tagline ‘a lot can happen over coffee’, for years CCD was one of the only operators in the country serving espresso-based beverages in third-place styled environments at scale."
dragged-0273,dragged,total number of cafe coffee day,outdated,450,,4,2024-09-03,https://www.business-standard.com/companies/news/ccd-cafe-count-falls-to-450-in-fy24-rise-in-operational-vending-machines-124090300574_1.html,,,"Coffee Day Global was operating 469 cafes and 268 CCD Value Express kiosks in FY23. Moreover, CCD's presence also declined to 141 cities in FY24 ..."
dragged-0273,dragged,total number of cafe coffee day,outdated,450,,5,2024-09-04,https://www.newindianexpress.com/business/2024/Sep/04/cafe-coffee-days-presence-falls-to-141-cities-outlets-drop-to-450-in-fy24,450,correct,"BENGALURU: Coffee Day Global’s cafe chain brand Cafe Coffee Day’s (CCD) number of outlets as well as its presence in cities have come down from 495 cafes in 158 cities in FY22 to 450 cafes in 141 cities. However, its number of operational vending machines has increased from 38,810 to 52,581 in the corresponding period. These vending machines dispense coffee in corporate workplaces and hotels under the brand. As per Coffee Day Enterprises Limited’s (CDEL) latest annual report filed on Tuesday, 95% of the consolidated net revenue of the company was contributed by coffee business in FY24, followed by 4.9% from hospitality and 0.1% from other operations. In FY24, CDEL’s net loss stood at Rs 323 crore and its net operational revenue was Rs 1,013 crore, a 9.6% rise as against FY23. As of March 31, 2024, it has 18 subsidiaries (including step-down subsidiaries), 4 Associate companies and 3 joint ventures. The Bengaluru bench of NCLT on August 8 ordered initiating insolvency proceedings against CDEL as IDBI Trusteeship Services Ltd (IDBITSL) approached the corporate dispute tribunal claiming a default of Rs 228.45 crore. NCLT appointed an interim resolution professional to take care of the operation. CDEL director Malvika Hegde challenged the NCLT order to initiate an insolvency process against the company, and on August 14, the National Company Law Appellate Tribunal (NCLAT), Chennai, stayed the insolvency proceedings against CDEL. In the annual report, the company said it will do all acts required to safeguard the interest of all shareholders."
dragged-0273,dragged,total number of cafe coffee day,outdated,450,,6,2024-09-04,https://www.thehindubusinessline.com/companies/cafe-coffee-day-presence-shrinks-to-141-cities-in-fy24/article68602041.ece,450,correct,"The National Company Law Appellate Tribunal halted the insolvency proceedings against the company Café Coffee Day (CCD) saw a decrease in its presence to 141 cities in FY24, down from 154 cities in the previous year. According to its annual report filed on the BSE, the company had previously been present in 158 cities in FY22. Additionally, the number of outlets fell to 450 in FY24. Meanwhile, the National Company Law Appellate Tribunal (NCLAT) halted the insolvency proceedings against the company. The proceedings were put on hold following a petition filed by Malavika Hegde, Executive Director and CEO of the suspended board. The petition challenged the National Company Law Tribunal (NCLT) order to initiate insolvency proceedings over an alleged default of ₹228 crore. In FY23, Coffee Day Global was operating 469 cafes and 268 CCD Value Express kiosks. Despite the reduction in the number of stores, CCD’s presence remains strong in corporate workplaces and hotels, with the number of operational vending machines increasing to 52,581 from 48,788 in FY23. CCD reported a revenue of ₹966 crore for the FY24, marking an 11.16 percent increase year on year, and recorded profits of ₹155 crore during the same period. The company has total loans amounting to ₹1,159 crore, which includes long-term borrowings of ₹102 crore and short-term borrowings of ₹1,057 crore, as of March 2024. Comments Comments have to be in English, and in full sentences. They cannot be abusive or personal. Please abide by our community guidelines for posting your comments. We have migrated to a new commenting platform. If you are already a registered user of TheHindu Businessline and logged in, you may continue to engage with our articles."
dragged-0273,dragged,total number of cafe coffee day,outdated,450,,7,2024-12-18,https://startuptalky.com/cafe-coffee-day-case-study/,,,"The humongous amount of sustenance and refreshments made CCD possible. Besides, the ambitious moves of CCD and its rapid expansion into level 2 urban communities of India and other remote areas were some triumphant techniques that encouraged CCD to be on the fronts of its rivals like Starbucks and Barista. Its different auxiliaries like Coffee Day Fresh 'n' Ground, Coffee Day Square, Coffee Day Resorts, Coffee Day Beverages, and so forth have helped the organization to satisfy the client's needs and stay ahead simultaneously. Also, CCD’s regular involvement on Twitter, Facebook, and Instagram further engaged its customers. Café Coffee Day also brought in the character, Beano, to connect with the purchasers in 2016. Strategy of Distribution In 2020, there were 1,752 CCD outlets crosswise over 29 states of India. Café Coffee Day has likewise extended outside India with its outlets in Austria (Vienna), the Czech Republic, Dubai, Malaysia, and Cairo, Egypt. The Indian sorted-out division has the potential for around 5,000 bistros, yet less than 1,000 bistros exist, as of now. S.No. Elements Illustration 1 People 17000+ employees, 20 in R&D, 70 in HR 2 Technology The latest technology in a coffee plantation, Curing, roasting, and Probat roasting machines 3 Channels Cafe, Lounge, Square 4 Value Proposition Identifying target customers, defining the benefits, and providing the best value to satisfy 5 Profit Formula Financial sustainability of the firm in long run basis 6 CSR Provide free education and training to villagers and offer them jobs Difference In Concoction These are some prominent moves that made CCD stand out from its peers and rivals: In 2016,"
dragged-0273,dragged,total number of cafe coffee day,outdated,450,,8,,https://www.crunchbase.com/organization/cafe-coffee-day,,,"Sorry, you have been blocked You are unable to access crunchbase.com Why have I been blocked? This website is using a security service to protect itself from online attacks. The action you just performed triggered the security solution. There are several actions that could trigger this block including submitting a certain word or phrase, a SQL command or malformed data. What can I do to resolve this? You can email the site owner to let them know you were blocked. Please include what you were doing when this page came up and the Cloudflare Ray ID found at the bottom of this page."
dragged-0276,dragged,When did the latest NFL season begin?,outdated,"September 5, 2024",,0,,https://en.wikipedia.org/wiki/NFL_regular_season,,,"2021.[6] Since the 2002 season, the league has scheduled a nationally televised regular season kickoff game on the Thursday night after Labor Day, prior to the first Sunday of NFL games to kick off the season. The first one, featuring the San Francisco 49ers and the New York Giants, was held on September 5, 2002, largely to celebrate New York City's resilience in the wake of the September 11, 2001 attacks.[7] Since 2004, the NFL has indicated that the opening game will normally be hosted by the defending Super Bowl champions as the official start of their title defense. Under this scheduling system, the earliest the regular season could begin is September 4, as it was in the 2008 and 2014 seasons, due to September 1 falling on a Monday, while the latest possible is September 10, as it was in the 2009, 2015, and 2020 seasons, due to September 1 falling on a Tuesday. This chart of the 2023 season standings displays an application of the NFL scheduling formula. The Chiefs in 2023 (highlighted in green) finished in first place in the AFC West. Thus, in 2024, the Chiefs will play two games against each of its division rivals (highlighted in light blue), one game against each team in the AFC North and NFC South (highlighted in yellow), and one game each against the first-place finishers in the AFC East, AFC South (highlighted in orange) and NFC West (highlighted in pink). Currently, the fourteen different opponents each team faces over the 17-game regular season schedule are set using a pre-determined formula:[8][9] Each team plays twice against each of the other three teams in its division: once at home, and once on the road (six games). Each team plays once against each of the four teams from a predetermined division (based on a three-year rotation) within its own conference: two at home, and two on the road (four games)."
dragged-0276,dragged,When did the latest NFL season begin?,outdated,"September 5, 2024",,1,2024-09-03,https://www.foxsports.com/stories/nfl/nfl-schedule-release,"September 5, 2024",correct,"When does the 2024 NFL season start? First game, schedule 2024 NFL Week 1 is here! Stay up to date with everything you need to know about the start of the football season, including the biggest Week 1 games. When does the 2024 NFL Season start? The 2024 NFL Season will start with the defending champion Kansas City Chiefs at home on Thursday, September 5. The Chiefs will play an AFC title rematch against the Baltimore Ravens at 8:20 p.m. ET on NBC. ADVERTISEMENT Other Week 1 Games Week 1 will also feature this season's first international game, as the Philadelphia Eagles will host a game against the Green Bay Packers in São Paulo, Brazil on Friday, September 6. How is the NFL schedule determined? The NFL has detailed rules about how the schedule comes together. Check out the specifics below: Each team plays 17 regular season games. Each team receives a bye week. Teams alternate seasons where they host nine regular season games and one preseason game or eight regular season games and two preseason games. Each team has six games against divisional opponents - two against each team, one at home and one on the road. Each team has four games against teams from a division within its conference - two games at home and two on the road. Each team has four games against teams from a division in the other conference - two games at home and two on the road. Each team has two games against teams from the two remaining divisions in its own conference - one game at home and one on the road. Matchups are based on division ranking from the previous season. The 17th game for each team is an additional game against a non-conference opponent from a division that the team is not scheduled to play. Matchups are based on division ranking from the previous season. 2024 NFL Schedule Opponents Below is a list of who each team will be playing this season, home and away:"
dragged-0276,dragged,When did the latest NFL season begin?,outdated,"September 5, 2024",,2,,https://operations.nfl.com/gameday/nfl-schedule/2025-important-nfl-dates/,,,"2025 Important NFL Dates Share This Page NFL Schedule Here is an overview of important NFL dates for the 2025 league year. All times are Eastern and all dates are subject to change. 2025 Important NFL Dates January 6-Jan Clubs may begin signing free agent players for the 2025 season, including players from the CFL. Earliest permissible date for clubs to renegotiate or extend the Rookie Contract of a Drafted Rookie who was selected in any round of the 2022 College Draft or any Undrafted Rookie who signed in 2023. Any permissible renegotiated or extended Player Contract will not be considered a Rookie Contract and will not be subject to the rules that limit Rookie Contracts. Clubs may exercise fifth-year options for players selected in the first round of the 2022 Draft. 8-Jan Beginning at 4:00 p.m., New York time, on the Wednesday following the final regular season weekend, rosters are frozen for clubs participating in the postseason with limited exceptions. January 11-13 Super Wild Card Weekend Mid-January (Tentative) Deadline for college players who are underclassmen to apply for Special Eligibility. Beginning this date through at 4:00 p.m., New York time on March 4, clubs may designate Franchise or Transition Players. February 24 – March 3 NFL Scouting Combine (Lucas Oil Stadium, Indianapolis, Indiana) March 4-Mar Prior to 4:00 p.m., New York time, deadline for clubs to designate Franchise or Transition Players. March 10-12 Negotiation Period."
dragged-0276,dragged,When did the latest NFL season begin?,outdated,"September 5, 2024",,3,,https://www.espn.com/nfl/schedule,,,"ESPN BET is owned and operated by PENN Entertainment, Inc. and its subsidiaries ('PENN'). ESPN BET is available in states where PENN is licensed to offer sports wagering. Must be 21+ to wager. If you or someone you know has a gambling problem and wants help, call 1-800-GAMBLER."
dragged-0276,dragged,When did the latest NFL season begin?,outdated,"September 5, 2024",,4,,https://en.wikipedia.org/wiki/National_Football_League,,,"The NFL was formed in 1920 as the American Professional Football Association (APFA) before renaming itself the National Football League for the 1922 season. After initially determining champions through end-of-season standings, a playoff system was implemented in 1933 that culminated with the NFL Championship Game until 1966. Following an agreement to merge the NFL with the rival American Football League (AFL), the Super Bowl was first held in 1967 to determine a champion between the best teams from the two leagues and has remained as the final game of each NFL season since the merger was completed in 1970.[6] The NFL is the wealthiest professional sports league in the world by revenue,[7] and the sports league with the most valuable teams.[8] The NFL also has the highest average attendance (67,591) of any professional sports league in the world[9] and is the most popular sports league in the United States.[10] The Super Bowl is also among the most-watched sporting events in the world,[11] with the individual games accounting for many of the most watched television programs in American history and all occupying the top five of Nielsen's all-time most-watched U.S. television broadcasts by 2015.[12] The NFL is headquartered in Midtown Manhattan. Founding and history On August 20, 1920, a meeting was held by representatives of the Akron Pros, Canton Bulldogs, Cleveland Indians, and Dayton Triangles at the Jordan and Hupmobile auto showroom in Canton, Ohio.[13] This meeting resulted in the formation of the American Professional Football Conference (APFC), a group who, according to the Canton Evening Repository, intended to ""raise the standard of professional football in every way possible, to eliminate bidding for players between rival clubs and to secure cooperation in the formation of schedules"".[14] Although the league did not maintain official standings for its 1920 inaugural season and teams played schedules that included non-league opponents, the APFA awarded the Akron Pros the championship by virtue of their 8–0–3 record.[18]"
dragged-0276,dragged,When did the latest NFL season begin?,outdated,"September 5, 2024",,5,2023-05-12,https://operations.nfl.com/updates/football-ops/2023-nfl-schedule-announced/,,,"Popular Updates 2023 NFL Schedule Announced May 12, 2023 The NFL announced its 18-week, 272-game regular-season schedule for 2023, which kicks off on Thursday night, September 7, in Kansas City and concludes with 16 division games in Week 18 – two on Saturday, January 6, and 14 on Sunday, January 7. The 2023 NFL schedule, powered by AWS, will feature each team playing 17 regular-season games and three preseason games for the third consecutive year. The 17th game will feature teams from opposing conferences that finished in the same standing within their respective divisions the previous season. The AFC will be the home conference for the 17th game in 2023. The NFL's 104th season begins with the league's annual primetime kickoff game, as the defending Super Bowl champion Kansas City Chiefs host the Detroit Lions at Arrowhead Stadium on Thursday, September 7 (8:20 PM ET, NBC). Week 1 continues Sunday, September 10, with a double-doubleheader featuring four Sunday afternoon games in every market. On CBS at 4:25 PM ET, two 2022 playoff teams meet as Miami visits the Los Angeles Chargers, Las Vegas travels to Denver in an AFC West showdown and Philadelphia visits New England in a rematch of Super Bowls XXXIX and LII. On FOX at 4:25 PM ET, the two teams with the most regular-season wins in NFL history – Green Bay and Chicago – meet at Soldier Field to renew their rivalry while the Los Angeles Rams travel to Seattle in a rematch of their thrilling Week 18 overtime contest that helped the Seahawks secure a 2022 playoff berth. Later that day, NBC's Sunday Night Football begins with the Dallas Cowboys visiting the New York Giants (8:20 PM ET), in a matchup between NFC East divisional rivals and 2022 playoff teams."
dragged-0276,dragged,When did the latest NFL season begin?,outdated,"September 5, 2024",,6,2024-08-26,https://www.azcentral.com/story/sports/nfl/2024/08/26/nfl-week-1-when-is-it-how-to-stream/74952909007/,,,"The first game on the NFL Week 1 schedule is Thursday, Sept. 5, with the Kansas City Chiefs hosting the Baltimore Ravens. The second game ..."
dragged-0276,dragged,When did the latest NFL season begin?,outdated,"September 5, 2024",,7,2024-08-27,https://www.usatoday.com/story/sports/nfl/2024/08/27/2024-nfl-regular-season-when-does-new-league-year-begin/74953836007/,,,"The NFL season begins Thursday, Sept. 5 with the NFL Kickoff game between the Baltimore Ravens and Kansas City Chiefs. There will be games the ..."
dragged-0276,dragged,When did the latest NFL season begin?,outdated,"September 5, 2024",,8,,https://www.nfl.com/schedules/,,,"Get the NFL Schedule. Find Schedule History, Schedule Release &Tickets to NFL Games."
dragged-0276,dragged,When did the latest NFL season begin?,outdated,"September 5, 2024",,9,2023-09-06,https://www.nbcsports.com/nfl/news/when-does-the-2023-nfl-season-start,,,"When does the 2023 NFL season start? Who is playing in NFL Kickoff Game, TV/live stream info While this offseason has brought no shortage of storylines and shocking moves, it is nearly time for the action to return to the football field. Training camps all over the NFL are now in session, which means regular season football is just weeks away. NBC Sports has you covered with everything you need to know about the 2023 NFL season. From the preseason anticipation of the Hall of Fame Game (Thursday, August 3rd) to the NFL Kickoff and Sunday Night Football, NBC and Peacock are bringing fans more football than ever in 2023. See below for everything you need to know about the 2023 NFL season, all beginning with the NFL Kickoff on NBC. Who is playing in the 2023 NFL Kickoff Game? This year’s NFL Kickoff Game features a matchup between Patrick Mahomes and the Kansas City Chiefs and Jared Goff and the Detroit Lions. Thursday’s game is the first step for the Chiefs in their bid to become the first repeat Super Bowl champions since the New England Patriots in 2003-04. Sign up here to watch all of our LIVE sports, sports shows, documentaries, classic matches, and more. You’ll also get tons of new & hit movies and TV shows, including Peacock Originals and current hits from NBC and Bravo. There’s always something new to discover. DISCLAIMER: This site and the products offered are for entertainment purposes only, and there is no gambling offered on this site. This service is intended for adult audiences. No guarantees are made for any specific outcome. If you or someone you know has a gambling problem, please call 1-800-GAMBLER."
dragged-0285,dragged,What is the host city of the upcoming International Olympiad in Informatics (IOI)?,outdated,Bolovia,,0,,https://ioinformatics.org/,Bolovia,correct,"Bolivia will host IOI 2025 Bolivia and Uzbekistan will host IOI 2025 and IOI 2026, respectively. Check out the Editions page for more information. Future event Need more info? Beginners Not sure where to go? Click here to view some basic information on how to learn programming and prepare to win a medal at the IOI. Statistics A couple of volunteers maintain a separate page with stats about people who participated at the International Olympiad in Informatics."
dragged-0285,dragged,What is the host city of the upcoming International Olympiad in Informatics (IOI)?,outdated,Bolovia,,1,,https://www.ioi2024.eg/,,,"The 36th International Olympiad in Informatics (IOI 2024) will be hosted by Egypt during the 1-8 September, 2024, as the most prestigious computer science competition for secondary school and high school students around the world. ​ The competition is one of five international science olympiads held annually. IOI 2024 will be organized and hosted by the Arab Academy for Science, Technology and Maritime Transport (AASTMT) in Alexandria. The competition is supported by the Ministry of Communication and Information Technology, Ministry of Youth and Sports and Bibliotheca of Alexandria."
dragged-0285,dragged,What is the host city of the upcoming International Olympiad in Informatics (IOI)?,outdated,Bolovia,,2,,https://stats.ioinformatics.org/olympiads/,,,"Dates, Host, City, Contestants · Countries · 36 · 2024, 01 September 2024 – 08 September 2024, Egypt, Alexandria, 362*, 91*."
dragged-0285,dragged,What is the host city of the upcoming International Olympiad in Informatics (IOI)?,outdated,Bolovia,,3,,https://ioi2023.hu/index.html,,,"35th International Olympiad in Informatics HUNGARYSZEGED 28 AUG - 4 SEPT 2023 About IOI The International Olympiad in Informatics (IOI) is an annual international informatics competition for high school students from various invited countries, accompanied by social and cultural programmes. It is one of the five international science Olympiads and is one of the most prestigious competitive programming event in the world. The 35th International Olympiad in Informatics (IOI 2023) will be held in Szeged, Hungary from 28th of August to 4th of September, 2023. Between 28 August and 4 September, the world’s most promising minds will move to the City of Sunshine as Szeged hosts the most prestigious and largest student programming competition, the International Olympiad â¦ Read more Hungary hosts the most prestigious IT student competition, the 35thÂ International IT Student Olympiad. The prestigious event, which willÂ take place from 28 August to 4 September 2023, will attract around 1,000Â participants â¦ Read more Supporting young talents at the prestigious science contest that aims to foster more innovation and ideas for the future in informatics and IT Acer Inc. announced that it is powering â¦ Read more Szeged is the third largest city of Hungary, the largest city and regional centre of the Southern Great Plain and the county seat of CsongrÃ¡d-CsanÃ¡d county. The University of Szeged is one of the most distinguished universities in Hungary. Szeged is the higher education centre of the Southern Great Plain and has built quite a reputation for itself. Thousands of students study here, many of whom are foreigners. The University of Szeged is according to the number of students the second largest and the 4th oldest university of Hungary being established in 1581."
dragged-0285,dragged,What is the host city of the upcoming International Olympiad in Informatics (IOI)?,outdated,Bolovia,,4,,https://allen.in/olympiad/international-olympiad-in-informatics,,,"The IOI is designed to develop an interest in informatics and information technology among students, providing a platform for them to showcase their programming skills. Participating in the IOI offers students a unique opportunity to enhance their programming skills, engage in friendly competition, and connect with like-minded individuals worldwide. Here are some brief details about the exam that you must know: Since its inaugural event in Pravetz, Bulgaria, in 1989, the International Olympic Institute (IOI) has been hosted annually in several nations. Each country can send a team of up to four students, along with a team leader, deputy leader, and guests. The IOI attracts participants from more than 80 countries, with over 300 students competing yearly. IOI 2024, which Egypt will host from September 1st to September 8th, 2024. Objectives of the IOI 2024 Exam Cultivating amicable international ties among computer scientists and informatics educators. Increasing awareness of informatics among young people. Advocating for the organization of informatics competitions for secondary school students. Encouraging nations to host future IOI events within their borders. Highlights of the International Olympiad in Informatics The following highlights provide a concise overview of the Informatics Olympiad, as taken from the most recent IOI 2024 exam. Full Exam Name International Olympiad in Informatics Short Exam Name IOI Conducting Body UNESCO Hosting Country of IOI 2024 Egypt Official Website of Host Country ioi2024.eg/ Frequency of Conduct Annually Date of IOI 2024 Competition 1st to 8th September 2024 Languages English Mode of Exam Offline 2.0International Olympiad in Informatics 2024 Exam Dates The participating country for the IOI Olympiad 2024 is Egypt."
dragged-0285,dragged,What is the host city of the upcoming International Olympiad in Informatics (IOI)?,outdated,Bolovia,,5,,https://ioinformatics.org/files/volume18.pdf,,,The International Olympiad in Informatics (IOI) is an annual global competition in infor- matics for individual contestants from over 80 invited countries. The ...
dragged-0285,dragged,What is the host city of the upcoming International Olympiad in Informatics (IOI)?,outdated,Bolovia,,6,,https://ioi2022.id/,,,"Indonesia 7–15 August 2022 International Olympiad in Informatics 2022 The 34th International Olympiad in Informatics (IOI 2022) will be hosted by Indonesia from August 7th to August 15th, 2022, as the most prestigious computer science competition for secondary school and high school students around the world. The competition is one of five international science olympiads held annually. IOI 2022 will be hosted in the Special Region of Yogyakarta. The competition is supported by the Ministry of Education, Culture, Research, and Technology, Republic of Indonesia, the Ministry of Tourism and Creative Economy, Republic of Indonesia, and the State Government of Special Region of Yogyakarta. Dear All,Brian here; the host organising committee, sharing updates for IOI 2022, as of Sunday 17 July (countdown: 3 weeks to go). >> Registration’s Result Please check again https://ioi2022.id/number-of-participants/ and https://stats.ioinformatics.org/delegations/2022 to make sure we got…"
dragged-0285,dragged,What is the host city of the upcoming International Olympiad in Informatics (IOI)?,outdated,Bolovia,,7,,https://ioi2023.hu/latest-news/,,,"Hungary hosts the most prestigious IT student competition, the 35thÂ International IT Student Olympiad. The prestigious event, which willÂ take place from 28 August to 4 September 2023, will attract around 1,000Â participants from 90 countries around the world: 360 competitors, 180Â team leaders and guests."
dragged-0285,dragged,What is the host city of the upcoming International Olympiad in Informatics (IOI)?,outdated,Bolovia,,8,2012-03-30,https://www.quora.com/What-is-it-like-to-compete-in-IOI-International-Olympiad-in-Informatics-Was-it-mentally-taxing-Were-there-high-stress-levels-How-did-you-feel-during-the-competition-over-the-two-days,,,"I participated in IOI a total of 4 times (2009-2012), and each one was unique in its own way. The first one was in Bulgaria, ..."
dragged-0297,dragged,Which team holds the record for largest deficit overcome to win an NFL game?,outdated,The New England Patriots,,0,,https://en.wikipedia.org/wiki/List_of_largest_comebacks_in_NFL_games,,,"This is a list of the largest deficits overcome to win NFL games, from either the regular season or the postseason. Wins after trailing by 25 points or more have been rare in NFL history, with only nine in over 100 years, including four in the postseason. There have also been two ties after trailing by such a deficit. Comebacks from exactly 24 points behind have been relatively common, with seventeen occurrences (two in the playoffs).[1] Quarterback Matt Ryan started on both the losing Falcons team in Super Bowl LI and the beaten Colts team in 2022. By contrast, head coach Marv Levy led the Bills to two of the three biggest comebacks of the 20th century.[2] The current NFL record. Minnesota gave up return touchdowns from a blocked punt and an interception and trailed 33–0 at halftime. Between 8:22 to play in the 3rd quarter and 2:15 to play in the 4th quarter the Vikings outscored Indianapolis 36–3; they scored five touchdowns in the space of seven possessions. In overtime, Minnesota drove 60 yards and Greg Joseph won the game on a 40-yard field goal with 3 seconds left in the extra period. Playoff record. Backup quarterback Frank Reich led the Bills to four touchdowns between 8:52 and 2:00 of the 3rd quarter to begin the comeback. Buffalo took the lead on Andre Reed's third touchdown catch with 3:08 to play, before the Oilers forced overtime with a field goal. Nate Odomes intercepted a Warren Moon pass early in overtime and Steve Christie won the game with a 32-yard field goal. Popularly known as ""The Comeback. "" The largest comeback not requiring overtime. Starting with 11:47 remaining in the 3rd quarter, Indianapolis scored five touchdowns while conceding only two field goals. After the Colts took the lead with 4:21 remaining, Kansas City drove into Colts territory before turning the ball over on downs."
dragged-0297,dragged,Which team holds the record for largest deficit overcome to win an NFL game?,outdated,The New England Patriots,,1,2024-10-18,https://theanalyst.com/2024/10/the-biggest-comeback-wins-in-nfl-history,The New England Patriots,correct,"The Biggest Comeback Wins in NFL History When we witness the greatest comebacks of all time, they’re so memorable largely because they’re so dramatic and rare. In fact, the New England Patriots had the best record of any current franchise when trailing by 21 points at any point in the game at 7-106 heading into the 2022 season. That’s a minuscule .062 winning percentage that serves as the NFL standard for best comeback clubs. The worst franchises when down big? It might be hard to believe given their long history in the league, but entering 2022, the Chicago Bears had never won a game in which they trailed by at least 21 points at 0-175. The Carolina Panthers had gone 0-63 in those situations, while the Cleveland Browns were 1-143, the Tampa Bay Buccaneers were 1-122, the Seattle Seahawks had gone 1-101 and the Kansas City Chiefs were 1-100. But when it does happen, it’s such a momentous, thrilling event that the game becomes known by given names like “The Comeback” or “The Monday Night Miracle.” The following are the biggest comebacks in NFL history, with regular-season historical data going back to 1925 and postseason information since 1933. Biggest Regular-Season Comebacks It was the week before Christmas and the Minnesota Vikings were cruising to an NFC North title at 10-3. The Indianapolis Colts (4-8-1) had endured a difficult season having fired Frank Reich and replaced him with Jeff Saturday, former offensive lineman turned consultant turned head coach. But the Vikings trailed 33-0 at halftime and 36-7 with 4:59 remaining in the third quarter before momentum shifted. C.J. Ham rushed for a touchdown and Justin Jefferson caught another. Even when Adam Thielen caught one in the end zone with 5:34 left in the game, the Vikes still trailed 36-28."
dragged-0297,dragged,Which team holds the record for largest deficit overcome to win an NFL game?,outdated,The New England Patriots,,2,2022-12-21,https://www.youtube.com/watch?v=xtNH7pZvABk,,,Watch the win probabilities fluctuate drastically in the Minnesota Vikings historic comeback overtime win over the Indianapolis Colts in ...
dragged-0297,dragged,Which team holds the record for largest deficit overcome to win an NFL game?,outdated,The New England Patriots,,3,,https://www.nfl.com/photos/greatest-comebacks-in-nfl-history-0ap3000000646081,,,The Browns came from 25 points behind to win 29-28. The Colts came from 28 points behind to win 45-44. The Patriots came from 24 points behind to win 34-31.
dragged-0297,dragged,Which team holds the record for largest deficit overcome to win an NFL game?,outdated,The New England Patriots,,4,,https://hudsonreporter.com/sports/the-greatest-blowouts-in-nfl-history/,,,"Ranking the Biggest Blowouts in NFL History – Most Dominant Wins The NFL has showcased some unforgettable games over the decades, but a few stand out for their sheer domination. This article dives into the biggest blowouts in NFL history, detailing record-breaking scores, unprecedented margins of victory, and standout performances that have left their mark on American football. Key Takeaways The Chicago Bears’ 73-0 victory over the Washington Redskins in 1940 still holds the record as the largest margin of victory in NFL history. The Miami Dolphins’ 70-20 win over the Denver Broncos exemplifies how high-scoring games continue to shape modern NFL storylines. Other notable blowouts include the New England Patriots’ 59-0 rout of the Tennessee Titans in 2009 and the Jacksonville Jaguars’ 62-7 playoff dismantling of the Miami Dolphins in 2000. Memorable NFL Blowouts in the Super Bowl Era The NFL has seen some exciting games, where competition seemed a distant thought. Here are some of the most notable blowouts: Rams 59, Falcons 0 (1976): A game that highlighted the Rams’ dominance in the 1970s, featuring Lawrence McCutcheon’s standout performance. Patriots 59, Titans 0 (2009): An extraordinary game for the Patriots, with Tom Brady and Randy Moss setting records. The Largest Margin of Defeat in NFL History The Chicago Bears’ 73-0 triumph over the Washington Redskins in 1940 remains the most significant margin of defeat in NFL history – it was one of the most iconic moments in the NFL. Inspired by George Preston Marshall’s words, the Bears showcased a formidable performance using the innovative T formation. Most Recent NFL Blowouts The Miami Dolphins’ recent 70-20 win over the Denver Broncos nearly broke the record for most points scored in an NFL game."
dragged-0297,dragged,Which team holds the record for largest deficit overcome to win an NFL game?,outdated,The New England Patriots,,5,2022-12-17,https://www.youtube.com/watch?v=kA9hcabok4o,,,This is one of most passionate and driven teams of all time. I hope they win the super bowl. Kirk deserves it. The O-line deserves it. The fans ...
dragged-0297,dragged,Which team holds the record for largest deficit overcome to win an NFL game?,outdated,The New England Patriots,,6,,https://www.profootballhof.com/football-history/greatest-comebacks-in-nfl-history/,,,"The site navigation utilizes arrow, enter, escape, and space bar key commands. Left and right arrows move across top level links and expand / close menus in sub levels. Up and Down arrows will open main level menus and toggle through sub tier links. Enter and space open menus and escape closes them as well. Tab will move on to the next part of the site rather than go through menu items. Greatest Comebacks in NFL History Greatest Comebacks in NFL History Although tonight's (Feb. 5th, 2017) Super Bowl LI comeback victory of 25 points by the New England Patriots against the Atlanta Falcons might not be the largest comeback in NFL postseason history, it was certainly an instant classic and can be considered one of the greatest games ever played. Many thrilling finishes over the history of the National Football League have proven the adage “it ain’t over til it’s over” is so true. Here is a look at the greatest comebacks in NFL history. Regular Season Games Joe Montana became synonymous with “comeback” during his Hall of Fame career. Perhaps none of his heroics were finer than this day when he led the 49ers back by scoring on a 1-yard run, connecting on a 71-yard bomb and added another TD pass to rally San Fran from a 35-7 halftime deficit. Bills running back Antowain Smith helped lead Buffalo back from a 26-0 deficit late in the first half. He led the charge by gaining 129 yards on the ground and scored 3 second half TDs as the Bills posted the second best comeback ever in regular season. The Cardinals, playing their last season in St. Louis, thrilled Busch Stadium fans with a comeback for the ages. Trailing 28-3 in the fourth quarter, the Cardinals stormed back to stun the Buccaneers. Wide receiver J.T. Smith was on the receiving end of two TD strikes from Neil Lomax to lead his team to victory."
dragged-0297,dragged,Which team holds the record for largest deficit overcome to win an NFL game?,outdated,The New England Patriots,,7,2024-02-11,https://www.latimes.com/sports/story/2024-02-11/largest-halftime-deficit-super-bowl-comeback,,,"Patrick Mahomes finds Mecole Hardman on a three-yard touchdown pass in overtime, lifting the Kansas City Chiefs to a 25-22 win over the San Francisco 49ers. Feb. 11, 2024 The Patriots would make history by climbing out of that 18-point halftime hole and stunning Atlanta 34-28 in overtime for their fifth Super Bowl title with Brady and coach Bill Belichick. They also set the record for largest overall deficit overcome to win a Super Bowl, after Atlanta quarterback and league MVP Matt Ryan led his team on an 85-yard touchdown drive for a 25-point lead midway through the third quarter. Advertisement Then Brady started playing like the legend he is. Down by 16 with less than six minutes remaining in regulation, Brady led drives that culminated in a six-yard touchdown pass to Danny Amendola (and a conversion run by James White) and a one-yard touchdown run by White (and a Brady-to-Amendola conversion pass) to tie the score at 28. The Patriots won the coin toss to start overtime, and the Falcons offense never saw the field. Brady started the drive with five straight completions for 50 yards. Four plays later, White ran the ball two yards into the end zone to complete the greatest comeback in Super Bowl history. Chuck Schilken is a sports reporter on the Fast Break team. He spent more than 18 years with the Los Angeles Times’ Sports Department in a variety of roles. Before joining The Times, he worked for more than a decade as a sports reporter and editor at newspapers in Virginia and Maryland."
dragged-0297,dragged,Which team holds the record for largest deficit overcome to win an NFL game?,outdated,The New England Patriots,,8,2023-03-22,https://www.reddit.com/r/nfl/comments/11yki5c/sumersports_in_52_nfl_games_last_season_a_team/,,,"[SumerSports] In 52 NFL games last season, a team overcame a double-digit deficit to win. Here's a look at the biggest comebacks of the 2022 ..."
dragged-0297,dragged,Which team holds the record for largest deficit overcome to win an NFL game?,outdated,The New England Patriots,,9,,https://www.nfl.com/videos/the-craziest-final-two-minutes-in-nfl-history-nfl-throwback,,,The Minnesota Vikings and Baltimore Ravens combined for over 20 points in the final two minutes of regulation in one of the craziest finishes in NFL history.
dragged-0300,dragged,Which game won the Spiel des Jahres award most recently?,outdated,Sky Team,,0,,https://boardgamegeek.com/wiki/page/Spiel_des_Jahres,,,"Also Recommended Special awards for children's games are listed here up until 2001, when the Kinderspiel des Jahres award was created. Games are listed with the standardized BGG name, which in some cases is different from the name listed at the Spiel des Jahres website."
dragged-0300,dragged,Which game won the Spiel des Jahres award most recently?,outdated,Sky Team,,1,,https://en.wikipedia.org/wiki/Spiel_des_Jahres,,,"Machine translation, like DeepL or Google Translate, is a useful starting point for translations, but translators must revise errors as necessary and confirm that the translation is accurate, rather than simply copy-pasting machine-translated text into the English Wikipedia. Consider adding a topic to this template: there are already 2,159 articles in the main category, and specifying|topic= will aid in categorization. Do not translate text that appears unreliable or low-quality. If possible, verify the text with references provided in the foreign-language article. You must provide copyright attribution in the edit summary accompanying your translation by providing an interlanguage link to the source of your translation. A model attribution edit summary is Content in this edit is translated from the existing German Wikipedia article at [[:de:Spiel des Jahres]]; see its history for attribution. You may also add the template {{Translated|de|Spiel des Jahres}} to the talk page. The Spiel des Jahres (German:[ˈʃpiːldəsˈjaːʁəs], 'Game of the Year') is an award for board and card games, created in 1978 with the purpose of rewarding family-friendly game design, and promoting excellent games in the German market.[1] It is thought that the existence and popularity of the award was one of the major drivers of the quality of games coming out of Germany, particularly in the 1980s and 1990s.[2] A Spiel des Jahres nomination can increase the typical sales of a game from 500–3,000 copies to around 10,000, and the winner can usually expect to sell as many as 500,000 copies.[3] Award criteria The award is given by a jury of German-speaking board game critics from Germany, Austria, and Switzerland,[1] who review games released in Germany in the preceding twelve months. The games considered for the award are family-style games. War games, role-playing games, collectible card games, and other complicated, highly competitive, or hobbyist games are outside the scope of the award. Since 1989, there has been a separate award for children's games."
dragged-0300,dragged,Which game won the Spiel des Jahres award most recently?,outdated,Sky Team,,2,2024-07-22,https://boardgamegumbo.wordpress.com/2024/07/22/spiel-des-jahres-winners-2024/,Sky Team,correct,"On Sunday, July 21, 2024, the Jury announced this year’s winners of the three categories for game of the year in Germany. I watched the live feed on YouTube this year, and the Jury had many of the actual designers and publishers represented at the awards. They even had an amusing German comic give a long spiel about her love of board games right before announcing the Spiel. Unfortunately, I did not get a chance to play all of the nominees, but that did not stop me from predicting the winners. How did I do? For Spiel, I have played Captain Flipand Sky Team many, many times. (I still have yet to play In the Footsteps of Darwin). Captain Flip just seemed like the perfect family weight game — easy to teach, one or two simple decisions each turn (do I flip? where do I place the tile?), addictive — and so while my heart was pulling for Captain Flip, I predicted Sky Team would win. For Kennerspiel, I also played two of the three — Guild of Merchant Explorers and TTR Legacy. My gut told me that Daybreak was going to win, but I picked The Guild of Merchant Explorers instead. Since I did not go to BGG Spring, I was not able to play or watch a play of any of the Kinderspiel games. Just based on what I read, I picked Große kleine Edelsteine by Wolfgang Warsch. But Magic Key was the winner. And so, I went only one of three on my predictions this year. I chalk it up to the fact that I was not able to play some of the winners. Hopefully I can make it back to Dallas next year and play next year’s nominees!"
dragged-0300,dragged,Which game won the Spiel des Jahres award most recently?,outdated,Sky Team,,3,,https://www.spiel-des-jahres.de/en/award-winners-2024/,,,Missing: most | Show results with:most
dragged-0300,dragged,Which game won the Spiel des Jahres award most recently?,outdated,Sky Team,,4,2024-07-21,https://boardgoats.org/2024/07/21/spiel-des-jahres-winners-2024/,,,"In this game, the players are the pilot and co-pilot at the controls of an airliner working together as a team to land the airplane in different airports around the world. Cooperative games can operate in different ways, but this is a limited communication game that runs over a fixed number of turns as the plane descends. Before the descent, the pilot and copilot discuss the strategy. Once the players have agreed their plan, they are on their own until the end of the turn, throwing their own dice and carrying out their own actions. – Image by BGG contributor JuiceNeutron There has been some precedent for cooperative games over the years, with Hanabi, Paleo and last year’s winner Dorfromantic, receiving prizes as well as Pandemic Legacy: Season 2 which was given a special award. What makes Sky Team unusual as a Spiel des Jahres winner, however, is the fact is is a two player game. Although there have been a number of games that play particularly well with two (Scotland Yard or Lord of the Rings for example) and there has been a special awards for Seti (which is a two player game), this is the first time the Spiel des Jahres (or indeed the Kennerspiel des jahres) Award, traditionally a family prize, has gone to a two player game. In Daybreak, one to four players work together to battle climate change with each player controlling a World Power. If too many people from any World Power are in crisis, everyone loses, but if if by working together global emissions are reduced to net-zero, everyone wins. This concept has been used previously in a game, in particular CO2, but Daybreak is far more accessible. Daybreak also focuses on the the human cost of climate change and the benefits to humans that the solutions might bring, as such, as well as a good game in its own right, it also delivers an important message."
dragged-0300,dragged,Which game won the Spiel des Jahres award most recently?,outdated,Sky Team,,5,2023-07-18,https://www.polygon.com/tabletop-games/23798614/spiel-des-jahres-2023-dorfromantik-the-board-game,,,"Oli Welshis senior editor, U.K., providing news, analysis, and criticism of film, TV, and games. He has been covering the business & culture of video games for two decades. This doesn’t happen every year — in fact, it’s never happened before. This year’s Spiel des Jahres, a prestigious German award for the best board game of the year, has gone to a video game adaptation: Dorfromantik: The Board Game. Video game adaptations are common enough in tabletop gaming, and many of them are excellent, but the Spiel des Jahres award belongs at the traditional heart of the board game industry. Since its inception in 1978, it has remained focused on broadly accessible, family-friendly board games, as opposed to war games, role-playing games, collectible card games, and other more complex or hobbyist forms of tabletop gaming. Previous winners include canonical classics like Carcassonne and Ticket to Ride, so a video game adaptation winning the award is a big deal. But when you consider the game in question, perhaps it’s not so unexpected. Dorfromantik is a minimalist tile-placement game about building beautiful, pastoral landscapes of towns, rivers, forests, farms, and train tracks. Though it’s quite tightly designed, there are no competitive elements to it, and no resources or populations to worry about. It’s very much like Catan or, especially, Carcassonne, reimagined as a meditative single-player chillout game. And it’s absolutely wonderful. Dorfromantik: The Board Game, by Michael Palm and Lukas Zach, adapts the video game’s design while opening it up to as many as six players, although it remains a purely cooperative, non-competitive experience. The Spiel des Jahres jury chairman Harald Schrapers praised the game’s relaxed approach: “This cooperative, feelgood game has new, exciting goals from game to game, but you can never lose,” Schrapers said (via Google Translate). At time of writing, Dorfromantik: The Board Game is out of stock at Amazon, but you can find a copy at Cardhaus Games."
dragged-0300,dragged,Which game won the Spiel des Jahres award most recently?,outdated,Sky Team,,6,2023-07-16,https://www.reddit.com/r/boardgames/comments/151d7w3/dorfromantik_has_won_spiel_des_jahres_2023/,,,"Dorfromantik won, it ticks a lot of boxes of what the jury usually likes. Challengers won Kennerspiel and Mysterium Kids won Kinderspiel."
dragged-0300,dragged,Which game won the Spiel des Jahres award most recently?,outdated,Sky Team,,7,2023-07-19,https://pegasus.de/en/press/press-releases/dorfromantik-the-board-game-awarded-2023-spiel-des-jahres,,,"Dorfromantik – The Board Game awarded 2023 Spiel des Jahres Pegasus Spiele is thrilled to share that Dorfromantik – The Board Game has been named Game of the Year 2023! Friedberg, July 19, 2023: The Spiel des Jahres jury announced the annual winners for Kinderspiel (Children’s Game), Kennerspiel (Core Game) and Spiel des Jahres (Game of the Year) on Sunday evening. Dorfromantik – The Board Game by Lukas Zach and Michael Palm, published by Pegasus Spiele, won over the jury and has been awarded the title 2023 Game of the Year. Pegasus Spiele is proud to have celebrated eight awards from the Spiel des Jahres jury between 2012 and 2022, most recently for Living Forest, which won the Kennerspiel des Jahres 2022. In 2021, the jury awarded MicroMacro: Crime City (with partner Edition Spielwiese) the Spiel des Jahres and Dragomino the Kinderspiel des Jahres. For 2023, Pegasus Spiele has secured the illustrious Spiel des Jahres again with Dorfromantik – The Board Game. Dorfromantik, the 2021 video game by Toukana Interactive, delighted the gaming community with its cute villages, burbling rivers, rustling forests, and wheat fields swaying in the wind. This peaceful building game inspired the core design of Dorfromantik – The Board Game by Lukas Zach and Michael Palm, who delivered the experience to the tabletop in Autumn 2022. In this fully cooperative tile placement game, one to six players work together to create an idyllic countryside that fulfills the wishes of the townspeople. Each player in turn will draw and place a single hexagonal tile, and the group is encouraged to work together towards achieving their goals. Ideal tile placement will score points for all completed tasks, in addition to the longest railway, the longest stream, and large enclosed areas of landscape marked by flags."
dragged-0300,dragged,Which game won the Spiel des Jahres award most recently?,outdated,Sky Team,,8,2023-07-10,https://www.dicebreaker.com/topics/spiel-des-jahres/best-games/overlooked-spiel-des-jahres-winners,,,"Best of the rest: 8 Spiel des Jahres winners you haven’t heard of The Spiel des Jahres is often seen as the biggest prize in board gaming. There’s a big fanfare over the nominees and winner every year that can translate into hundreds of thousands of extra copies sold. However, the 'Game of the Year' prize has far more humble roots, dating right back to 1979 when it was established to promote excellence in the German market for family-friendly games. From the outset it was made clear this was a critic's award, chosen by jury consensus rather than a popularity contest. Overlooked Spiel des Jahres winners Given the long history of the award and the refinement of player taste and design over that period, it’s unsurprising that most of the older Spiel des Jahres winners have fallen out of favour. But that doesn’t mean that it’s fair. While some of these titles feel clunky and underdeveloped to the modern gamer, others ought to be considered as minor classics or vital stepping stones on the pathway to the current hobby. Here are eight board game winners of the Spiel des Jahres, all of which can be picked up for bargain prices secondhand or played online, that deserve some modern-day love. 1. Hare and Tortoise On your marks for this surprisingly thinky race game Hare and Tortoise was the first board game to win the Spiel des Jahres, and remains well worth playing over 40 years later. | Image credit: Gibsons What better way to start than with the winner of the inaugural Spiel des Jahres award back in 1979? This race game is still in print and with good reason; it still feels relatively fresh today, and so must have seemed an astonishing piece of innovation to that first jury back in the day. The concept is very simple: a race game without randomness where you pay carrot cards to move, the cost growing higher the further you choose to go. However, the course is full of wrinkles. You can’t land on spaces with other players, you have to land on at least three lettuce squares, while other spaces reward you with carrots based on their printed value and your race position."
dragged-0310,dragged,what is the population of the state of utah,outdated,a bit above 3 million,,0,,https://worldpopulationreview.com/states/utah,a bit above 3 million,correct,"Utah Population 2024 The last census in the USA was carried out in 2010, and this revealed that the Utah population stood at 2,763,885. This is a significant increase of over 20% from the numbers declared in 2000. Utah is currently the 4th fastest-growing state in the United States. Utah currently enjoys a growth rate of 1.64%, which ranks 4th in the country. Utah Area and Population Density Located in the central southern sector of the USA, the state of Utah is the 13th largest in terms of land mass, but it is very sparsely populated by comparison. Around 80% of Utah's residents live in the surroundings of Salt Lake City; therefore, there are vast areas which are simply uninhabited. It's interesting to note that this is one of the most sparsely populated countries in the US, and although numbers are growing by significant percentages, large parts of Utah remain completely uninhabited. By far the largest metropolitan area in the state is the Salt Lake City metropolitan area, with 1.3 million residents as of 2016. This is followed by the Odgen-Clearfield area with 597,000 residents. While Utah as a whole has a very low population density, Salt Lake city proper has a density of 1,666 people per square mile. Utah Gender and Religion Statistics The median age across the population of Utah is approximately 30.3 years of age. When examining the ratio of females to males among the residents of Utah, females are at 49.7% and males are at 50.3%. In terms of religious preferences among the current residents of the state, 73% are affiliated with a Christian based faith, 4% are affiliated with non-Christian based faiths, and 18% are not affiliated with any religion in particular. Additionally, it's worth noting that Salt Lake City, Utah, is the world headquarters of The Church of Jesus Christ of Latter-day Saints (LDS Church)."
dragged-0310,dragged,what is the population of the state of utah,outdated,a bit above 3 million,,1,,https://en.wikipedia.org/wiki/Utah,,,"However, the percentage of Mormons in the overall population has been decreasing. In 2017, 62.8% of Utahns were members of the LDS Church.[147][148] This declined to 61.2% in 2018[149] and to 60.7% in 2019.[150] Members of the LDS Church are 34%–41% of the people of Salt Lake City. Many of the other major population centers, such as Provo, Logan, Tooele, and St. George, are each mostly LDS, as are many suburban and rural areas. The LDS Church has the largest number of congregations, numbering 4,815 wards.[151] According to results from the 2010 U.S. census, combined with official LDS Church membership statistics, church members represented 62.1% of Utah's total population. The Utah county with the lowest percentage of church members was Grand County, at 26.5%, while the county with the highest percentage was Morgan County, at 86.1%. In addition, the result for the most populated county, Salt Lake County, was 51.4%.[13] According to a Gallup poll, Utah had the third-highest number of people reporting as ""Very Religious"" in 2015, at 55% (trailing only Mississippi and Alabama). However, it was near the national average of people reporting as ""Nonreligious"" (31%), and featured the smallest percentage of people reporting as ""Moderately Religious"" (15%) of any state, being eight points lower than second-lowest state Vermont.[157]"
dragged-0310,dragged,what is the population of the state of utah,outdated,a bit above 3 million,,2,,https://www.macrotrends.net/states/utah/population,,,"The population of Utah in 2024 was 3,503,613, a 1.75% increase from 2023. · The population of Utah in 2023 was 3,443,222, a 1.54% increase from 2022. · The ..."
dragged-0310,dragged,what is the population of the state of utah,outdated,a bit above 3 million,,3,,https://datausa.io/profile/geo/utah,,,"In 2022, Utah had a population of 3.28M people with a median age of 31.4 and a median household income of $86,833. Between 2021 and 2022 the population of Utah grew from 3.23M to 3.28M, a 1.62% increase and its median household income grew from $79,133 to $86,833, a 9.73% increase. 15.5% of the households in Utah reported speaking a non-English language at home as their primary shared language. This does not consider the potential multi-lingual nature of households, but only the primary self-reported language spoken by all members of the household. Utah is home to a population of 3.28M people, from which 95.2% are citizens. As of 2022, 8.35% of Utah residents were born outside of the country (274k people). In 2022, there were 13.7 times more White (Non-Hispanic) residents (2.52M people) in Utah than any other race or ethnicity. There were 184k White (Hispanic) and 164k Other (Hispanic) residents, the second and third most common ethnic groups. The most common non-English languages spoken as the primary langauge in households in Utah are Spanish (317,733 households), Chinese (Incl. Mandarin, Cantonese) (16,185 households), and Ilocano, Samoan, Hawaiian, or Other Austronesian Languages (14,621 households). As of 2022, 95.2% of Utah residents were US citizens, which is higher than the national average of 93.5%. In 2021, the percentage of US citizens in Utah was 95.2%, meaning that the rate of citizenship has been increasing. The following chart shows US citizenship percentages in Utah compared to that of it's neighboring and parent geographies. In 2022,"
dragged-0310,dragged,what is the population of the state of utah,outdated,a bit above 3 million,,4,,https://www.utah.gov/about/quick-facts.html,,,"Theory 1 Theory 2 Spatial Facts Area Size: Utah is 84,900 square miles and ranked the 11th largest state (in terms of square miles) in the U.S. Length: 350 miles Width: 270 miles Highest and Lowest Points: Kings Peak reaches an unbelievable 13,528 ft in the Uinta Mountains while the Beaver Dam Wash holds strong at a modest 2,350 ft. Kings Peak is located in Duchesne County in the Northeast part of the state, and Beaver Dam Wash is near St. George in Washington County in the state's southwest quadrant. Utah's peaks, on average, are the tallest in the country. That is, if you average the elevations of the tallest peaks in each of Utah's counties and compare that number with the average elevations of the tallest peaks in each county of every other state, you will find that Utah's peaks will be an average of 11,222 feet taller. Now that's tall!"
dragged-0310,dragged,what is the population of the state of utah,outdated,a bit above 3 million,,5,,https://en.wikipedia.org/wiki/Demographics_of_Utah,,,"Demographics of Utah Utah is the 30th most populous state in the United States with a population of about 3.3 million, according to projections from the US Census Bureau's 2017 estimates. The state has also been characterized by a tremendous amount of growth in the last decade, with the highest percent increase in population of any state since 2010.[1] Utah has a surface area of 84,899 square miles, though around 80% of its population is concentrated around a metropolitan area in the north-central part of the state known as the Wasatch Front. The center of population of Utah is located in Utah County in the city of Lehi.[4] As of April 1, 2010 the 2010 census indicated that Utah had a population of 2,763,885.[5] In 2008, the U.S. Census Bureau determined Utah was the fastest-growing state in the country.[6 ] Much of the population lives in cities and towns along the Wasatch Front, a metropolitan region that runs north–south with the Wasatch Mountains rising on the eastern side. Growth outside the Wasatch Front is also increasing. The St. George metropolitan area is currently the second fastest-growing in the country after the Las Vegas metropolitan area, while the Heber micropolitan area is also the second fastest-growing in the country (behind Palm Coast, Florida).[7] As of 2020, 60.68% of Utahns are reported as members of The Church of Jesus Christ of Latter-day Saints.[23]"
dragged-0310,dragged,what is the population of the state of utah,outdated,a bit above 3 million,,6,,https://mchb.tvisdata.hrsa.gov/Narratives/Overview/958c7b3e-4a88-48a8-8b76-f73ca0bb7b4a,,,"Search Term: Geographically, Utah is the thirteenth largest state consisting of primarily rural and frontier land. Utah has 5 urban, 11 rural, and 13 frontier counties (figure 1). In 2020, Utah's average population density was 39.7 persons per square mile, compared to 93.8 persons per square mile nationally. While geographically the state is largely rural and frontier, 89.8% of the population lives in the five urban counties that make up the Wasatch Front, with 36% residing in Salt Lake County. Sixty-three percent of Utah’s lands are under federal ownership, with 24% privately owned, 8.5% by the State and 4.5% by tribal governments. According to the U.S. Census Office, Utah’s population increased to 3,271,616 in 2020, an 18.4% increase since 2010, making Utah the fastest-growing state in the nation. According to the report “Diversity in Utah, Race, Ethnicity and Sex”, Utah ranks as the 34th most racially/ethnically diverse state in the nation with 22.3% of the population being of non-White race or Hispanic ethnicity. Utah’s younger population is more diverse than older age groups. The 2020 Census results showed that while Utah’s population increased by 18.4%, growth was concentrated among racial and ethnic minorities. Utah’s Native Hawaiian/Pacific Islander population grew the most between 2010 and 2020 at 50.4%, followed by Asians (45.5%), Black/African Americans (36.8%), Hispanic/Latinos (37.6%), American Indian/Alaska Natives (26.5%), and Whites (8.1%)."
dragged-0310,dragged,what is the population of the state of utah,outdated,a bit above 3 million,,7,,https://usafacts.org/data/topics/people-society/population-and-demographics/our-changing-population/state/utah/,,,"Every decade, the Bureau reconciles these estimates and releases final data. These provisional estimates are 'postcensal estimates', and the final estimates are 'intercensal estimates'. USAFacts used the final intercensal estimates for 1970 through 2009 and the provisional postcensal estimates for 2010 and after. Use caution when interpreting population changes that use different estimate vintages. The 2010-2020 postcensal estimates are known to underestimate the population by about 1% nationally. This underestimate is, effectively, zero for 2010 and grows each year to reach 1% by 2020. The estimate years differ from the base 2010 decennial census; underestimates will be resolved in 2023 when the Census Bureau releases its 2010-2020 intercensal estimates. Geography changes In 2022, the Census Bureau accepted a new county-equivalent map for the state of Connecticut to better reflect the actual governance system in the state. This resulted in a new map that divides the state into 9 counties in place of the prior 8-county map. This presents a significant hurdle for providing context to Connecticut's state population changes over time. The Census Bureau, in addressing this concern, has indicated that they will release alternative population estimates for Connecticut for the past 5 years using the more recent 9-county designations. USAFACTS will be paying attention to those releases to determine if those results can be combined with these other data to provide a time series of population change for the new counties. While this is being determined, we have inserted the data from the Vintage 2021 Population Estimates (census.gov) for reporting for Connecticut at the county level, that align to the old, 8-county system to provide that context over time. State and National numbers use the 2022 Vintage estimates and we will continue to use the most recent estimates for the state and nation even when older data must be substituted for the county-level data."
dragged-0310,dragged,what is the population of the state of utah,outdated,a bit above 3 million,,8,,https://gardner.utah.edu/blog/blog-utah-remains-third-fastest-growing-state/,,,"Blog Post Insight: Utah Remains Third Fastest Growing State Population estimates released today by the U.S. Census Bureau confirm that Utah and its neighboring states in the Intermountain West lead the nation in population growth. From July 1, 2017 to July 1, 2018, the most rapidly growing states are: Nevada: 2.08% Idaho: 2.05% Utah: 1.9% Arizona: 1.7% Florida: 1.5% The Census Bureau estimates that Utah’s July 1, 2018 population is 3,161,105, ranking it the 30th largest population state, increased from 31 last year, surpassing Iowa in the ranking. This is an annual increase of 57,987 residents, with natural increase contributing 32,968 (57%) and net in-migration contributing 25,019 (43%) to the increase. Growth rates remain steady but have slightly declined from last year. Utah’s population growth rate for the decade so far (2010 to 2018) is the highest among all states, having grown by 14.4 percent. Population Growth Rate: July 1, 2017-July 1, 2018 Source: U.S. Bureau of the Census, Population Division Utah’s population growth is fueled by the highest per capita rate of natural increase among all states. Utah’s birth rate (per capita) is the highest in the nation. This is the combined result of the state’s youngest median age and high fertility rate. Utah’s young median age also contributes to the lowest per capita death rate among all states."
dragged-0316,dragged,Which video on youtube has the most dislikes?,outdated,Youtube Rewind 2018,,0,,https://www.youtube.com/playlist?list=PLirAqAtl_h2o1ism1dr5SbvB8Mf7Ve6Aa,,,Most Disliked YouTube Videos. Home. Shorts ... Can this video get 1 million dislikes? PewDiePie · 4:42. Luis Fonsi - Despacito ft. Daddy Yankee. Luis Fonsi.
dragged-0316,dragged,Which video on youtube has the most dislikes?,outdated,Youtube Rewind 2018,,1,,https://brandmentions.com/wiki/Most_disliked_Youtube_video,,,"Contents Examples of some of the most disliked YouTube videos in 2022 In March 2010, YouTube switched from the 5-star rating system to like/dislike system. If the five-star rating is now a like, a one-star rating is a dislike. YouTube Worst Video of All Time vote one-star, write a comment was the most disliked video. Shortly after that, Justin Bieber’s Baby exceeded this video. By June 2011, Baby by Justin Bieber had over 1.4 million dislikes, which made us conclude that the dislike button is more popular and used than the like button. Before being removed in 2011, Friday by Rebecca Black got 3.2 million dislikes. Most disliked Youtube videos in 2022 People watch more than a billion hours of video content on YouTube daily. For this reason, the top of disliked videos will change over time."
dragged-0316,dragged,Which video on youtube has the most dislikes?,outdated,Youtube Rewind 2018,,2,2023-12-26,https://www.youtube.com/watch?v=hNsFChiug28,,,... dislikes #rewind #youtuberewind #babyshark #despacito #sadak # ... What Is The Most Disliked YouTube Video? 3.6M views · 1 year ago ...
dragged-0316,dragged,Which video on youtube has the most dislikes?,outdated,Youtube Rewind 2018,,3,2024-01-12,https://www.forbesindia.com/article/explainers/most-liked-disliked-youtube-videos-world/90833/1,Youtube Rewind 2018,correct,"The lyrics convey a message of joy and gratitude for life's simple pleasures. Five most disliked videos on YouTube While YouTube made dislike counts private to creators in late 2021 to protect creators from harassment, we have still recounted the most disliked videos on YouTube for you from when they were publicly viewable. The most disliked videos on YouTube range from controversial content to artistic missteps that didn't resonate with the audience. Rank Video Name Number of Dislikes (in millions) #1 YouTube Rewind 2018: Everyone Controls Rewind 19.943 #2 Baby Shark Dance 14.972 #3 Sadak 2 Trailer 13.667 #4 Baby 12.476 #5 Johny Johny Yes Papa 11.954 A deeper insight into the most disliked videos on YouTube Why were these so disliked anyway? YouTube Rewind 2018: Everyone Controls Rewind Uploader: YouTube Upload date: December 6, 2018 The YouTube Rewind 2018 was the ninth edition of the series, featuring a recap of the year's highlights. Packed with a star-studded lineup featuring the likes of Ninja, Marques Brownlee, Will Smith, and Trevor Noah, it seemed like it had the ingredients for success. However, it turned out to be a recipe for disaster. It included outdated trends and left out big names like Shane Dawson, MrBeast, and PewDiePie. The result? Just a week after it dropped, Everyone Controls Rewind racked up over 10 million dislikes, claiming the crown for the most disliked video on YouTube. Baby Shark Dance Uploader: Pinkfong Kids’ Songs & Stories Upload date: June 17,"
dragged-0316,dragged,Which video on youtube has the most dislikes?,outdated,Youtube Rewind 2018,,4,2021-10-25,https://www.brandwatch.com/blog/the-20-most-disliked-videos-on-youtube/,,,"We see what appears to be two young brothers taking a bath together and helping each other get clean. It’s a cute animation until the lines get stuck in your head. We suspect parents hearing this song one too many times in a day may have played a hand in the 8.39 million dislikes. Can you blame them? We’ve seen plenty of children’s videos so far but this may be the longest. Running for a total of five minutes and 10 seconds, this animated video teaches young children about colors via cartoon eggs with somewhat creepy smiles. The video is narrated in Russian, but the song that plays in the background is “Old MacDonald Had a Farm” sung in English. You’ll definitely learn these colors by the end but your dreams may also be filled with smiling Russian eggs – tough tradeoff. 6. ""YouTube Rewind 2019: For the Record"" by YouTube (9.55m dislikes) Yes, you read that right. A YouTube-generated video is nudging the top 5 for most disliked video. Funnier than that? This video was a response to a 2018 version of the same kind. In this video, users see highlights of the most viewed videos from 2019 - an improvement from its predecessor but still not hitting the mark apparently. This video sits at number 6 with 9.5 million dislikes (more than double the amount of likes). 5. ""Johny Johny Yes Papa"" by LooLoo Kids (11.44m dislikes) Like so many other songs for kids, this one is repetitive and contains simple lyrics. Running at less than two minutes long, the video itself features a baby trying to sneak sugar cubes when his father isn’t looking. An odd story line that somehow got this video over 11 million dislikes. 4. ""Baby"" by Justin Bieber (12.40m dislikes) That’s right. J.Biebs made the most disliked YouTube videos list."
dragged-0316,dragged,Which video on youtube has the most dislikes?,outdated,Youtube Rewind 2018,,5,,https://youtube.fandom.com/wiki/Most_disliked_YouTube_videos,,,"Most disliked YouTube videos Dislikes were introduced on YouTube in March 2010 with the change from the 5-star rating system to likes & dislikes. A 5 star rating would be transformed to a ""like"", whereas a 1 star rating would become a ""dislike"". Due to this, the most disliked video was “~YouTube Worst Video of All Time~ vote 1 star, leave comment“. Justin Bieber's ""Baby"" would soon surpass this. This dislike button would be more used than the like button judging by Baby having over 1.4M dislikes by June 2011. The original upload of Rebecca Black's ""Friday"" yielded 3.2M dislikes before its deletion in June 2011, making it the most disliked at its time, while simultaneously being the most liked video at 760K likes. “Baby” however did not hit 3.2M dislikes until almost a year later, then eventually becoming the most disliked video on YouTube. The 2nd spot for most disliked was the reupload of the Friday music video. ""Baby"" remained the most disliked until December 13, 2018 when YouTube Rewind 2018 would surpass it to become the most disliked video of all time. YouTube Rewind 2018 has amassed over 20 million dislikes as of January 2022. On November 10, 2021, YouTube announced that it would make dislike counts on videos private, purportedly to reduce harassment associated with targeted dislike attacks."
dragged-0316,dragged,Which video on youtube has the most dislikes?,outdated,Youtube Rewind 2018,,6,2023-12-24,https://views4you.com/blog/most-disliked-video-on-youtube/,,,"Baby by Justin Bieber ft Ludacris Justin Bieber’s record-breaking hit ‘Baby’ is the next most disliked video on YouTube, which doesn’t come as much of a surprise to those who were around in 2010. This song broke all kinds of records and sent fans of the young singer into a frenzy. It gained a lot of media attention, and with this attention also came the dislikes. Some people loved it, some people hated it, one thing is for sure, the young singer’s life was never the same. ‘Baby’ by Justin Bieber featuring Ludacris made the young Canadian pop star a household name, for better or for worse. This song lands in the number 3 spot on this list with over 15 million dislikes! 4. Johny Johny Yes Papa by LooLoo Kids The next most disliked video on YouTube is ‘Johny Johny Yes Papa by LooLoo Kids’ which is another children’s song. There seems to be a running theme throughout this list. I guess a lot of parents seem to hate these songs after hearing them for the hundredth time. This catchy kids video that has the same rhythm as ‘Twinkle Twinkle Little Star’ has the comments turned off, so it’s not clear as to why this video has over 13 million dislikes. 5. Bath Song by CoComelon This seemingly innocent children’s song has gotten a lot of backlash and dislikes, making it number 5 on our list. It seems to be a mash-up of one classic children’s song and another popular one. Nearly everyone knows the tune to “Old McDonald Had a Farm” and the now ever-popular “Baby Shark”. The video is a quite pleasant animation where an older brother helps his younger brother bathe, and they sing about it joyfully in the tub. While this seems pleasant enough, it seems to have rubbed enough people the wrong way, racking up over 12 million dislikes. 6."
dragged-0316,dragged,Which video on youtube has the most dislikes?,outdated,Youtube Rewind 2018,,7,2024-06-27,https://www.youtube.com/watch?v=rMV8ikEh6TE,,,"From Gangnam Style to Call of Duty to PewDiePie to Baby Shark, these are the most disliked videos on YouTube!"
dragged-0316,dragged,Which video on youtube has the most dislikes?,outdated,Youtube Rewind 2018,,8,2011-12-22,https://www.quora.com/What-is-the-most-disliked-video-on-YouTube,,,"As per the Guinness Book of world records, the most disliked video is Youtube Rewind: 2018 with a total of 18 million dislikes, beating Justin ..."
dragged-0332,dragged,who was the last person appointed to the u.s. supreme court,outdated,Kentaji Brown Jackson,,0,,https://www.senate.gov/legislative/nominations/SupremeCourtNominations1789present.htm,,,"Supreme Court Nominations (1789-Present) The Constitution requires the president to submit nominations to the Senate for its advice and consent. Since the Supreme Court was established in 1789, presidents have submitted 165 nominations for the Court, including those for chief justice. Of this total, 128 were confirmed (7 declined to serve). This chart lists nominations officially submitted to the Senate. 17. On motion to proceed to consider the nomination, an objection was made. 18. Nominated to chief justice. 19. Nominated to chief justice. 20. Nominated to chief justice. 21. Nominated to chief justice. 22. Sitting justice nominated to chief justice, but declined and continued to serve as an associate justice. 23. Offered his services as a replacement for the soon-to-retire John Jay in June 1795, so President Washington offered him a temporary commission (Senate was in recess). The Senate convened in December and voted on the nomination, making Rutledge the first rejected Supreme Court nominee and the only ""recess appointed"" justice not to be subsequently confirmed by the Senate. 24. Nominated to chief justice. 25. 7 nominees (see D in Result Key) were confirmed, but declined to serve."
dragged-0332,dragged,who was the last person appointed to the u.s. supreme court,outdated,Kentaji Brown Jackson,,1,,https://www.supremecourt.gov/about/members_text.aspx,,,"Notes: The acceptance of the appointment and commission by the appointee, as evidenced by the taking of the prescribed oaths, is here implied; otherwise the individual is not carried on this list of the Members of the Court. Examples: Robert Hanson Harrison is not carried, as a letter from President Washington of February 9, 1790 states Harrison declined to serve. Neither is Edwin M. Stanton who died before he could take the necessary steps toward becoming a Member of the Court. Chief Justice Rutledge is included because he took his oaths, presided over the August Term of 1795, and his name appears on two opinions of the Court for that Term. The date a Member of the Court took his/her Judicial oath (the Judiciary Act provided “That the Justices of the Supreme Court, and the district judges, before they proceed to execute the duties of their respective offices, shall take the following oath . . . ”) is here used as the date of the beginning of his/her service, for until that oath is taken he/she is not vested with the prerogatives of the office. The dates given in this column are for the oaths taken following the receipt of the commissions. Dates without small-letter references are taken from the Minutes of the Court or from the original oath which are in the Curator’s collection. The small letter (a) denotes the date is from the Minutes of some other court; (b) from some other unquestionable authority; (c) from authority that is questionable, and better authority would be appreciated."
dragged-0332,dragged,who was the last person appointed to the u.s. supreme court,outdated,Kentaji Brown Jackson,,2,,https://en.wikipedia.org/wiki/List_of_nominations_to_the_Supreme_Court_of_the_United_States,,,"Once confirmed to a seat on the Court, justices have life tenure, and so they serve until they die in office, resign or retire, or are impeached and removed from office. Even so, as it requires a separate presidential appointment, an incumbent associate justice who is nominated to be chief justice must undergo the confirmation process again.[5] On rare occasions, presidents have made Supreme Court appointments without the Senate's consent, when the Senate is in recess. Such ""recess appointments"", however, are temporary, expiring at the end of the Senate's next session. Presidents have made recess appointments on 12 occasions, most recently in 1958. Every recess appointed justice was later nominated to the same position, and all but one—John Rutledge in 1795 to be chief justice—was confirmed by the Senate.[5] The 1795 Rutledge nomination was the first Supreme Court nomination to be rejected by the Senate; the most recent nomination to be voted down was that of Robert Bork in 1987.[3]George Washington holds the record for most Supreme Court nominations, with 14 nominations (12 of which were confirmed). Four presidents—William Henry Harrison, Zachary Taylor, Andrew Johnson, and Jimmy Carter—did not make any nominations, as there were no vacancies while they were in office.[5] Contents Summary of table The table below lists all persons nominated for a seat on the Supreme Court since 1789, in chronological order by date of nomination, along with the actions taken by the president and the Senate on those nominations."
dragged-0332,dragged,who was the last person appointed to the u.s. supreme court,outdated,Kentaji Brown Jackson,,3,,https://www.supremecourt.gov/about/biographies.aspx,,,"After three years in private practice, she worked as an attorney at the U.S. Sentencing Commission from 2003 to 2005. From 2005 to 2007, she served as an assistant federal public defender in Washington, D.C., and from 2007 to 2010, she was in private practice. She served as a Vice Chair and Commissioner on the U.S. Sentencing Commission from 2010 to 2014. In 2012, President Barack Obama nominated her to the U.S. District Court for the District of Columbia, where she served from 2013 to 2021. She was appointed to the Defender Services Committee of the Judicial Conference of the United States in 2017, and the Supreme Court Fellows Commission in 2019. President Joseph R. Biden, Jr., appointed her to the United States Court of Appeals for the District of Columbia Circuit in 2021 and then nominated her as an Associate Justice of the Supreme Court in 2022. She took her seat on June 30, 2022. Anthony M. Kennedy (Retired), Associate Justice, was born in Sacramento, California, July 23, 1936. He married Mary Davis and has three children. He received his B.A. from Stanford University and the London School of Economics, and his LL.B. from Harvard Law School. He was in private practice in San Francisco, California from 1961–1963, as well as in Sacramento, California from 1963–1975. From 1965 to 1988, he was a Professor of Constitutional Law at the McGeorge School of Law, University of the Pacific."
dragged-0332,dragged,who was the last person appointed to the u.s. supreme court,outdated,Kentaji Brown Jackson,,4,,https://www.whitehouse.gov/kbj/,Kentaji Brown Jackson,correct,"The Senate ConfirmsKetanji Brown Jacksonto serve on the U.S. Supreme Court On February 25, 2022, President Joe Biden nominated Judge Ketanji Brown Jackson to become the 116th Associate Justice of the United States Supreme Court. On April 7, 2022, a bipartisan group of Senators confirmed Judge Jackson's nomination. Since Justice Stephen Breyer announced his retirement, President Biden has conducted a rigorous process to identify his replacement. President Biden sought a candidate with exceptional credentials, unimpeachable character, and unwavering dedication to the rule of law. And the President sought an individual who is committed to equal justice under the law and who understands the profound impact that the Supreme Court’s decisions have on the lives of the American people. That is why the President nominated Judge Ketanji Brown Jackson to serve as the next Justice on the Supreme Court. Judge Jackson is one of our nation’s brightest legal minds and has an unusual breadth of experience in our legal system, giving her the perspective to be an exceptional Justice. About Judge Ketanji Brown Jackson Judge Jackson was born in Washington, DC and grew up in Miami, Florida. Her parents attended segregated primary schools, then attended historically black colleges and universities. Both started their careers as public school teachers and became leaders and administrators in the Miami-Dade Public School System. When Judge Jackson was in preschool, her father attended law school. In a 2017 lecture, Judge Jackson traced her love of the law back to sitting next to her father in their apartment as he tackled his law school homework—reading cases and preparing for Socratic questioning—while she undertook her preschool homework—coloring books. Judge Jackson stood out as a high achiever throughout her childhood. She was a speech and debate star who was elected “mayor” of Palmetto Junior High and student body president of Miami Palmetto Senior High School. But like many Black women, Judge Jackson still faced naysayers. When Judge Jackson told her high school guidance counselor she wanted to attend Harvard, the guidance counselor warned that Judge Jackson should not set her “sights so high.”"
dragged-0332,dragged,who was the last person appointed to the u.s. supreme court,outdated,Kentaji Brown Jackson,,5,,https://afj.org/why-courts-matter/trump-scotus-watch/,,,"Trump SCOTUS Watch During his time in office, Donald Trump appointed three United States Supreme Court Justices. The first Trump appointee to the Supreme Court, Neil Gorsuch, was named to the seat formerly held by the late Justice Antonin Scalia. Although President Barack Obama had nominated Judge Merrick Garland to the seat, Republican Senate leadership stonewalled the nomination in order to preserve the seat for a possible future Republican president. Gorsuch was nominated by Trump on January 31, 2017, and confirmed on April 7, 2017, by a vote of 54-45 – after Republican leadership changed Senate rules to allow his nomination to go forward with fewer than 60 votes. See AFJ’s report on Gorsuch here. The second Trump appointee to the Supreme Court, Brett Kavanaugh, was nominated to the seat vacated upon Justice Anthony Kennedy’s retirement. Kavanaugh was nominated on July 9, 2018, and confirmed on October 6, 2018, by a vote of 50-48. Kavanaugh’s confirmation process was highly controversial and marked by allegations of past sexual misconduct, including public testimony by Dr. Christine Blasey Ford that Kavanaugh had sexually assaulted her when both were teenagers. See AFJ’s report on Kavanaugh here. The third Trump appointee to the Supreme Court, Amy Coney Barrett, was nominated to the Court after the death of Justice Ruth Badar Ginsburg. Barrett was nominated on September 26, 2020, and confirmed on October 26, 2020, by a vote of 52-48. No justice had ever been confirmed after July in an election year. Yet, Republicans – who kept Merrick Garland off the bench on the stated principle that the people should decide who fills the Court vacancy – rushed Barrett through an illegitimate and sham process even though millions of Americans had already voted. See AFJ’s report on Barrett here. Prior to their confirmations, all three Trump Supreme Court appointees had records that indicated their hard-right, ultraconservative ideologies."
dragged-0332,dragged,who was the last person appointed to the u.s. supreme court,outdated,Kentaji Brown Jackson,,6,,https://www.judiciary.senate.gov/nominations/supreme-court,,,"Supreme Court Nominations The Supreme Court is the Nation's highest court. Eight Associate Justices and one Chief Justice comprise the membership of the Court. Like all Federal judges, Supreme Court Justices serve lifetime appointments on the Court, in accordance with Article III of the United States Constitution. In 211 years, there have been just 17 Chief Justices, and a total of 112 Justices have served on the Supreme Court. The Constitution vests the Supreme Court with: ""The Judicial Power shall extend to all Cases, in Law and Equity, arising under this Constitution, the Laws of the United States, and Treaties made, or which shall be made, under the Authority, to all Cases affecting Ambassadors, other public Ministers and Consuls; to all Cases of admiralty and maritime Jurisdiction; to Controversies to which the United States shall be a Party; to Controversies between two or more States; between a State and Citizens of another State; between Citizens of different States; between Citizens of the same State claiming Lands under Grants of different States, and between a State, or the Citizens thereof, and foreign States, Citizens or Subjects."" (Article III, Section I, United States Constitution) When a vacancy occurs on the Supreme Court, the President of the United States is given the authority, under Article II of the United States Constitution, to nominate a person to fill the vacancy. The nomination is referred to the United States Senate, where the Senate Judiciary Committee holds a hearing where the nominee provides testimony and responds to questions from members of the panel. Traditionally, the Committee refers the nomination to the full Senate for consideration."
dragged-0332,dragged,who was the last person appointed to the u.s. supreme court,outdated,Kentaji Brown Jackson,,7,,https://cawp.rutgers.edu/facts/levels-office/us-supreme-court,,,Currently Serving ; Amy Coney Barrett. Associate Justice Appointed by Trump. Joined the Court on 10/27/20. ; Elena Kagan. Associate Justice Appointed by Obama.
dragged-0332,dragged,who was the last person appointed to the u.s. supreme court,outdated,Kentaji Brown Jackson,,8,,https://www.uscourts.gov/about-federal-courts/about-federal-judges/authorized-judgeships/judgeship-appointments-president/,,,"Judgeship Appointments By President Supreme Court justices, court of appeals judges, and district court judges are nominated by the President and confirmed by the United States Senate, as stated in the Constitution. The names of potential nominees are often recommended by senators or sometimes by members of the House who are of the President's political party. The Senate Judiciary Committee typically conducts confirmation hearings for each nominee. Article III of the Constitution states that these judicial officers are appointed for a life term. The Constitution sets forth no specific requirements for judges. However, members of Congress, who typically recommend potential nominees, and the Department of Justice, which reviews nominees' qualifications, have developed their own informal criteria."
dragged-0339,dragged,How many LauncherOne's flights have successfully reached the Low Earth orbit?,outdated,4,,0,2023-06-03,https://www.space.com/42975-virgin-orbit.html,4,correct,"Mojave Air and Space Port, California: Above The Clouds LauncherOne successfully delivered a payload of satellites to Low Earth Orbit, including several research and development satellites for US government agencies, two nanosatellites for SatRevolution, and one satellite imaging satellite for Spire Global. Seven satellites were successfully launched to Low Earth Orbit for the U.S. Space Force. The satellites were from multiple government agencies with the purpose of researching space communications, navigation, and climate change. This mission was supposed to be the first orbital launch from British soil but ultimately failed. LauncherOne, carrying a payload of nine satellites for customers including the U.K. Ministry of Defence and the aerospace firm Space Forge, launched from Spaceport Cornwall and successfully fired both its first and second stages. At an altitude of around 180 km, the rocket's first second stage burn ended prematurely due to an anomaly and the launch failed. Cosmic Girl: Virgin orbit's airplane Cosmic Girl was Virgin Orbit's modified Boeing 747-400 used to carry the LauncherOne rocket so it can be launched from the air with around 75 percent of Earth's atmosphere already below it. Built in 2001 and originally operated by Virgin Group's commercial airline company Virgin Atlantic, the former passenger airliner was purchased by Virgin Galactic in 2015 and then transferred to Virgin Orbit in 2017. Cosmic Girl is 225 ft in length (69 meters) with a wingspan of 211 ft (64 m). The aircraft carried the LauncherOne rocket underneath its left wing and typically released it at around 35,000 ft (10,668 m) at a speed of Mach 0.67. The combined weight of the two vehicles together at takeoff is around 275 tons (approximately 250 metric tonnes). The LauncherOne rocket is attached to Cosmic Girl via a pylon situated on the aircraft's fifth engine mount —"
dragged-0339,dragged,How many LauncherOne's flights have successfully reached the Low Earth orbit?,outdated,4,,1,2021-06-30,https://www.americaspace.com/2021/06/30/launcherone-achieves-second-successful-mission-lifts-seven-payloads-to-orbit/,,,"“Nice to see you again, space,” tweeted Virgin Orbit, as LauncherOne returned this astonishing first view of the journey to low-Earth orbit. It was the second LauncherOne success of 2021. Photo Credit: Virgin Orbit For the second time in under six months, Virgin Orbit’s LauncherOne air-launched booster has completed a flawless flight to space, delivering seven small payloads into low-Earth orbit for the Department of Defense, the Royal Netherlands Air Force (RNLAF) and the Wroclaw, Poland-based NewSpace firm SatRevolution. Borne aloft from the Mojave Air and Space Port in California, nestled beneath the wing of a modified Boeing 747-400—nicknamed “Cosmic Girl”—the two-stage LauncherOne provided the requisite push to lift the payloads into a circular orbit about 310 miles (500 km) above Earth, inclined 60 degrees to the equator. And for Virgin Group founder Sir Richard Branson, releasing LauncherOne precisely on time at 7:47 a.m. PDT Wednesday was almost as exciting as the mission itself. Video Credit: Virgin Orbit Designated “Tubular Bells: Part One”, Wednesday’s LauncherOne mission honors the self-titled debut album of multi-instrumentalist Mike Oldfield, the first-ever release under Sir Richard Branson’s Virgin Records label in 1973. And whilst its spacegoing Tubular Bells namesake has not been around for anywhere near so long, its hardware has been deep into processing for some time. Interestingly, however, the formal contracts to launch three of its payloads were not even signed until earlier this year, following hard on the heels of LauncherOne’s first fully successful mission in January."
dragged-0339,dragged,How many LauncherOne's flights have successfully reached the Low Earth orbit?,outdated,4,,2,2022-05-10,https://www.eoportal.org/other-space-activities/virgin-orbit,,,"“We are so, so proud to say that LauncherOne has now completed its first mission to space, carrying nine CubeSat missions into low Earth orbit ..."
dragged-0339,dragged,How many LauncherOne's flights have successfully reached the Low Earth orbit?,outdated,4,,3,2022-07-05,https://www.aerospacetestinginternational.com/news/space/virgin-orbit-completes-fourth-launch.html,,,Satellite-launch company Virgin Orbit has successfully launched its fourth consecutive mission using its air-launched rocket technology.
dragged-0339,dragged,How many LauncherOne's flights have successfully reached the Low Earth orbit?,outdated,4,,4,,https://en.wikipedia.org/wiki/Virgin_Orbit,,,"On December 30, 2021, Virgin Orbit underwent a SPAC merger with NextGen Acquisition Corp, and became a publicly traded company (symbol VORB) at the NASDAQ stock exchange.[3] Upon listing Virgin Orbit was valued at $3.7 billion.[4] LauncherOne made six flights from 2020 to 2023, resulting in four successes and two failures. After the second failure in January 2023 and amid an inability to secure additional financing,[5] the company laid off staff and suspended operations in March 2023, finalizing Chapter 11 bankruptcy auction on May 22, 2023.[6][7] Remaining assets were divested for $36 million, less than 1% of the company's valuation upon IPO.[8] On January 9, 2023,[18][19] LauncherOne failed to orbit despite a nominal drop from the aircraft, with Virgin Orbit citing ""an anomaly"" with the upper stage.[20] The failed payload included nine satellites from seven different customers.[21] This was Virgin Orbit's first attempted launch from the UK at Spaceport Cornwall; previous launches were from Mojave Air and Space Port. Cosmic Girl Cosmic Girl was the name of the modified Boeing 747-400 that Virgin Orbit used to launch its rockets.[22] In 2022, Virgin Orbit announced plans to acquire additional 747s with the ability to transport the rocket and ground support equipment internally.[citation needed] A few months prior to going public, Virgin Orbit was owned by Richard Branson's Virgin Group and the Emirati state-owned Mubadala, which had invested about $1 billion in Virgin Orbit through August 2021.[citation needed] In August 2021 when the SPAC merger was announced, Virgin Orbit estimated it needed $420 million in cash, starting in the second half of 2021, to reach positive cash flow in 2024."
dragged-0339,dragged,How many LauncherOne's flights have successfully reached the Low Earth orbit?,outdated,4,,5,,https://spaceexplored.com/guides/virgin-orbit/,,,"Virgin Orbit Virgin Orbit was an air-launch, SmallSat launch company based in Long Beach, California. The company spun out of Virgin Galactic and was own by Richard Branson’s Virgin Group. The company’s mission was based on an, at the time, pioneering idea called “rapid responsive launch.” The plan would be able to launch anywhere in the world within months or weeks of purchasing the flight. Now we see that happen everywhere in the launch industry. Virgin Orbit’s method would consist of launching a liquid fueled, two-stage rocket from the wing of a Boeing 747 airplane. The rocket, called LauncherOne, and the aircraft, CosmicGirl, could operate from almost any commercial runway in the world. LauncherOne flew for a total six times with four of them being successful. A rather impressive launch rate for a new company pushing its technology to the limits. However it was not enough to save the company. LauncherOne’s first flight was in May of 2020 with intern and student built satellites. However, it failed to reach orbit due to a problem with the first stage. Virgin Orbit went on to successfully launch four straight LauncherOne rockets. The final flight of LauncherOne took place out of Spaceport Cornwall in the UK in January 2023, the previous flights originated out of Mojave Air and Space Port. This flight failed due to an issue with the rocket’s second stage, losing the handful of satellites it carried. This turned out to be the final straw that broke its back as Virgin Orbit went on to file for Chapter 11 bankruptcy in April 2023. The company was strapped for cash for a few quarters already and continued to fail at the very idea it originated, rapid launches. Its competitors divided up its remaining assets in a an auction with Rocket Lab, Firefly, Stratolaunch, and Launcher gaining much of its technology, equipment, and facilities. We have an update this week on the current status of Virgin Orbit’s bankruptcy as the company looks to continue operations under a new owner."
dragged-0339,dragged,How many LauncherOne's flights have successfully reached the Low Earth orbit?,outdated,4,,6,,https://sky-brokers.com/supplier/virgin-orbit/,,,"LauncherOne used a two-stage rocket to deliver small satellites (those weighing up to 660 lbs) to low-Earth orbit, after being deployed by a modified aircraft that takes off like a traditional jumbojet. The LauncherOne vehicle then deploys from a high altitude, reducing the fuel costs of launch and making it possible to deliver small payloads to space for as little as 12 million USD per launch. The fact that LauncherOne was reusable and was essentially just a modified plane that didn’t require special infrastructure, would allow the company to offer relatively affordable rates, 10 million USD per flight. The air-launched LauncherOne was be able to carry 440 lbs. (200kgs) into standard sun-synchronous orbits, or more than 880 lbs. (400kgs) to low Earth orbit. In November 2019 the company received final approval on a 7.35 million UKP (9.5 million USD) grant from the U.K. Space Agency (UKSA). The funds will be used by Virgin Orbit to help set up its new Cornwall-based launch facility, i.e., Spaceport Cornwall as part of Cornwall Airport Newquay with UK’s largest runway of 2,744m. The maiden flight of LauncherOne took place on May 25th 2020. The flight failed a few seconds after the ignition of the rocket due to the premature shutdown of the first stage’s engine caused by a break in a propellant feed line, and the rocket did not reach space. On June 30th, 2021 Virgin Orbit successfully conducted the first commercial flight with a LauncherOne mission. The carrier aircraft Cosmic Girl took off from a flight runway at the Mojave Air and Space Port in California and dropped the rocket when it had reached about 45,000 feet in altitude. LauncherOne orbited three CubeSat satellites for the U.S."
dragged-0339,dragged,How many LauncherOne's flights have successfully reached the Low Earth orbit?,outdated,4,,7,2023-01-10,https://www.newscientist.com/article/2354092-first-satellite-launch-from-the-uk-failed-due-to-an-anomaly/,,,"The first orbital satellite launch from the UK took off from Spaceport Cornwall in Newquay, but failed to deploy its satellites to orbit. Virgin Orbit’s LauncherOne rocket, which took off attached to a Boeing 747 plane at 10.01pm GMT, began its ascent to orbit after about an hour into the flight, but around 25 minutes later the launcher “suffered an anomaly” and had to abort its mission. It isn’t certain whether the rocket and its satellites burned up in Earth’s atmosphere on reentry or came to ground over unpopulated areas. Thousands of people were gathered near the runway to watch and cheer on the plane, Cosmic Girl, as it took off amid fierce winds and speakers blaring Start Me Up by the Rolling Stones. While there may not have been much to see in the skies, there was a festival atmosphere keeping spirits high on the ground, with food trucks and a silent disco lining the runway. After Cosmic Girl left the airport, a large monitor tracked the plane’s progress towards the Irish Sea, where it was supposed to deploy the rocket and its payload of nine satellites. Advertisement When the LauncherOne rocket was dropped from Cosmic Girl, it began its journey to low-Earth orbit. The first stage successfully took it to about 12,900 kilometres per hour. The second stage accelerated the rocket to its cruise phase at 28,000 kilometres per hour. According to a spokesperson for the UK Space Agency (UKSA), the rocket reached low-Earth orbit but suffered an “anomaly” which caused it to abort its mission. A ripple of groans and mutters of “Oh no” spread through the crowd lining the runway as they learned that the satellite launch was not successful."
dragged-0339,dragged,How many LauncherOne's flights have successfully reached the Low Earth orbit?,outdated,4,,8,,https://www.virgin.com/about-virgin/latest/virgin-orbit-reaches-space-for-the-second-time,,,"Pilot Kelly Latimer flew Virgin Orbit’s 747 carrier aircraft Cosmic Girl from Mojave Air and Space Port out to a launch site over the Pacific Ocean, about 50 miles south of the Channel Islands. Kelly was joined in the cockpit by Chief Pilot Eric Bippert, who has more than 1,000 hours of experience in test flights alone. They were observed from the jumpseat by Flight Lt. Matthew Stannard (AKA Stanny), a Royal Air Force pilot on secondment with the Virgin Orbit team. Virgin Orbit After a smooth release from the aircraft, the LauncherOne rocket ignited and propelled itself towards space, ultimately deploying its payload into a precise target orbit approximately 500km above the Earth’s surface. Virgin Orbit Virgin Orbit’s novel launch system uses a technique called air launch, in which a rocket is launched from under the wing of a jet aircraft, rather than from a traditional launch pad on the ground. In addition to improving the payload capacity of the rocket, this technique allows the LauncherOne system to be the world’s most flexible and responsive launch service - flying on short notice and from a wide variety of locations to access any orbit. What did Virgin Orbit send into orbit? LauncherOne carried a total of seven satellites to Low Earth Orbit (LEO) for this rideshare mission: four R&D CubeSats for the US Department of Defense, two optical satellites for SatRevolution, and the Royal Netherlands Air Force’s first military satellite. Virgin Orbit Small satellites have huge potential to change people’s lives for the better. They connect us to each other, help us understand the world around us, keep us safe, grow the world’s economies, and expand the limits of human knowledge. What’s next? This successful commercial mission follows on from Virgin Orbit’s first Launch Demo in January. Virgin Orbit “A flawless launch demo followed up by this perfectly executed mission is a one-two punch that really speaks to our team’s abilities."
dragged-0343,dragged,India's second largest integrated oil refining and marketing company?,outdated,BPCL,no_match,0,,https://www.nayaraenergy.com/vadinar-refinery,,,"How it all started Vadinar, a small coastal town located in Devbhoomi Dwarka district in the state of Gujarat, India, is home to one of the most complex refineries in the world. Our refinery started commercial production on May 1, 2008 and is today India's second largest single - location refinery, capable of handling a diverse range of crude - from sweet to sour and light to ultra-heavy. The Refinery has an annual capacity of 20 million metric tonnes (MMT) or 405,000 barrels per day (bpd). It is capable of processing some of the toughest crudes and yet produce high quality Euro IV and Euro VI grade products. We can now produce high quality Bharat Stage (BS VI) compliant fuels that meet international standards. This brings us closer to the global emission standards. Strategic Location Situated on the West coast of India where over 65% of Indian crude is imported Proximity to the Middle East, the largest crude oil source in the world, resulting in lower crude freight costs Able to cater to key export and trade markets in Europe, the Middle East and South-East Asia Strategically located to cater the demand of growing domestic market Situated at the heart of one of the world’s future trading hubs Safety at Vadinar Health, Safety and Environment (HSE) is a key value for Nayara Energy. We are committed to provide safe operations and work places, to protect the health and safety of its employees and contractors, as well as to mitigate the environmental impact of our operations Our refinery operates an integrated health, safety, environment and quality (HSEQ) management system. It is the first Petroleum Refinery to be certified in ISO 45001:2018, which is conforming to the Occupational Health & Safety Management System."
dragged-0343,dragged,India's second largest integrated oil refining and marketing company?,outdated,BPCL,no_match,1,2024-10-26,https://www.equitymaster.com/detail.asp?date=10/26/2024&story=1&title=Which-Companies-Refine-Crude-Oil-in-India,,,"Currently, the Indian Oil Group holds approximately 31% of India's national refining capacity. This expansive setup is supported by IOC's expertise in various refining processes and cutting-edge refining technology, making it a robust player in the oil sector. Notably, it has also commissioned several grassroots refineries and modern process units. The company's leadership in its field is well-reflected in its incredible performance between 2020-24. IOC's Financial Snapshot (FY20-24) (Rs m, Consolidated) FY20 FY21 FY22 FY23 FY24 Revenue 3,991,319.00 2,213,757.00 4,419,261.00 7,321,019.00 6,714,683.00 Revenue Growth (%) (-9.6) (-44.5) 99.6 65.7 (-8.3) Net Profit (-18,763.0) 217,622.00 257,266.00 117,043.00 431,612.00 Net Profit Margin (%) (-0.5)"
dragged-0343,dragged,India's second largest integrated oil refining and marketing company?,outdated,BPCL,no_match,2,2022-01-18,https://www.constructionworld.in/energy-infrastructure/oil-and-gas/top-10-oil-and-gas-companies-in-india/32052,,,"It is a subsidiary of the Essar Group and is headquartered in Mumbai. Redefine the future of urban mobility! Join us at the Metro Rail Conference 2025 to explore groundbreaking ideas and insights. 👉 Register today! The oil and gas industry plays a vital role throughout the lives of humans. We are dependent on them in several ways, hence the industry thrives great demand further driving the economy of the country. It is one of India's eight essential industries, and it has a significant impact on the economy's judgment call. Indian economic market is primarily tied to its energy consumption, thus, the demand for oil and gas is predicted to expand further, consequently rendering the industry relatively favourable for business. Various Indian oil and gas corporations have made significant contributions to the country's rapid economic expansion. They also provide commercial partnerships with different raw material suppliers and are one of the foremost sources of employment to many people. Construction World brings the top 10 best Oil and Gas companies in India one must know about. 1. Indian Oil Corporation Limited Indian Oil Corporation Limited is the leader of the oil and gas industry in the Indian market. The company has its headquarters in New Delhi and has been serving throughout the nation being the best oil and gas industry to rely upon. Indian Oil is ranked 212 on the Fortune 500 list, and it is the only Indian company to reach that state. It is planning to expand itself across the borders by becoming global where it aims to establish its subdivisions in Mauritius, UAE, and Sri Lanka. Indian Oil has been fuelling the country magnificently for more than six decades now. Indian Oil has a combined manufacturing capability of 80.55 MMTPA and a pipeline channel of over 15,000 kilometers to support India's economic growth. Indian Oil has a cross-country pipeline network that ensures effective, reasonable and ecologically responsible conveyance of crude oil to refineries and completed goods to high-demand regions."
dragged-0343,dragged,India's second largest integrated oil refining and marketing company?,outdated,BPCL,no_match,3,,https://en.wikipedia.org/wiki/List_of_oil_refineries_in_India,,,"As a group, Indian Oil Corporation has the largest refining capacity ... ^ ""India's Second largest oil refinery- Nayara Energy"". www.nayaraenergy.com ..."
dragged-0343,dragged,India's second largest integrated oil refining and marketing company?,outdated,BPCL,no_match,4,,https://ongcindia.com/web/eng,,,"The registration is only for creating a database of implementing agencies. However, mere registering of the agency with ONGC does not imply that the CSR proposals from agencies will be considered by ONGC, each CSR proposal would be dealt strictly on individual CSR proposal merit. ONGC At A Glance explore us A team comprising more than 27,000 dedicated professionals toil round the clock to amplify the performance figures of ONGC’s exploration and production activities of oil & gas and related oil-field services. Needless to emphasize, this has been made possible by the men & women behind the machines who have built & nurtured a world-class human capital poised for leadership in the energy business. Being an integrated Oil & Gas Corporate displaying a dynamic in-house capability in all aspects of exploration & production business, ONGC contributes to around 70% of India's crude oil and around 84% of its natural gas production. Its structured & holistic approach is assured to play a major role in transforming the Maharatna into India's energy anchor. 71 % Total Production Our wholly-owned subsidiary & overseas arm, ONGC Videsh owns Participating Interests in 32 oil and gas assets across 15 countries. Being the second largest petroleum company of India in terms of reserves and production, next only to its parent company, ONGC Videsh registered production worth 12.330 MMTOE from overseas assets in FY 2021-22."
dragged-0343,dragged,India's second largest integrated oil refining and marketing company?,outdated,BPCL,no_match,5,2023-08-01,https://startuptalky.com/top-oil-gas-companies-india/,,,"Top 10 Oil and Gas Companies in India The Oil and Gas sector in India holds significant importance as one of the country's core industries, serving as the backbone of its economy. Petroleum companies, in particular, play a dominant role in driving industrialization and are among the essential eight core industries contributing significantly to India's economic growth. Given the substantial energy demand in India, the oil and gas industry is poised for continuous expansion, making it an attractive investment option. Most of the oil and gas companies operating in the country are Public Sector Undertakings (PSUs) under the governance of the Indian government. In this blog, we explore the top Oil and Gas companies in India, providing a comprehensive overview of their operations, achievements, and contributions to the nation's energy landscape. Join us as we delve into the dynamic world of India's Oil and Gas industry, uncovering the leading players that shape the nation's energy future. 1. Indian Oil Corporation Indian Oil Corporation Limited (IOCL) is the largest oil company and one of the top oil marketing companies in India. Founded in the year 1959, headquartered in New Delhi, India. This company is the world's 88th largest company as per the Fortune Global 500 list, and the largest category of a public corporation in India when ranked by revenue. Indian Oil Corporation is an oil and gas company that operates the largest and most extensive network of fuel stations all over India. IOCL is involved in the entire hydrocarbon value chain, encompassing refining, pipeline transportation, marketing of petroleum products, and exploration and production of crude oil and natural gas. The company operates a vast network of refineries, fuel stations, and pipelines, ensuring the efficient distribution of petroleum products across the nation. It is making good worth with 35000 employees having 28 billion dollar turnover. It is public sector undertaking and has its business spread across the globe. It also has its subsidiaries in Sri Lanka, Mauritius, and UAE. 2."
dragged-0343,dragged,India's second largest integrated oil refining and marketing company?,outdated,BPCL,no_match,6,2024-11-12,https://www.reuters.com/markets/commodities/india-shaping-up-refining-hub-rely-fossil-fuels-until-2040-oil-minister-says-2024-11-12/,,,"India shaping up as refining hub, to rely on fossil fuels until 2040, oil minister says Storage tanks of an oil refinery of Essar Oil, which runs India's second biggest private sector refinery, are pictured in Vadinar in the western state of Gujarat, India, October 4, 2016. Picture taken October 4, 2016. REUTERS/Amit Dave/File Photo Purchase Licensing Rights, opens new tab Nov 12 (Reuters) - India, the world's No.3 oil importer and consumer, is expected to rely on fossil fuels until at least 2040 and is positioning itself as a refining hub, Oil Minister Hardeep Singh Puri told Reuters on Tuesday. While global refining centers are downsizing as energy transition progresses at an unpredictable pace, India's rising daily crude utilization means it will rely on fossil fuels until at least 2040, Puri said at the sidelines of a refining conference in Bengaluru. ""Our existing refineries will increase in terms of capacity and they will also become regional hubs in terms of providing to other countries,"" Puri said. India, the world's third-largest emitter of greenhouse gases, has pledged to achieve a net zero carbon emission target by 2070. It has a target of 500 gigawatts (GW) of renewable energy by 2030. Puri reiterated that India is looking to scale its refining capacity by 81% to as much as 450 metric tonne per annum (mtpa), from about 249 mtpa, or about 5 million barrels per day (bpd), currently. He did not provide a timeline. The minister said there are ""robust discussions"" among state-owned and private refiners to scale beyond 310 mtpa, which might be achieved even before the targeted 2028."
dragged-0343,dragged,India's second largest integrated oil refining and marketing company?,outdated,BPCL,no_match,7,,https://iocl.com/contents/AnnualReportenglish_2021-22/manufactured-capital.html,,,"MANUFACTURED CAPITAL At IndianOil, our robust performance is the outcome of our strong commitment to fulfil Indiaâs energy needs responsibly and our presence in the entire value chain of the hydrocarbon industry. Our manufactured capital comprises best-in-class, diverse assets and an integrated operating model that enables us to deliver sustainable and consistent performance, despite volatility in the operating environment. 9 Refineries 15,000+ KM Pipeline 58,000+ Marketing touch points SDGs covered 01 Refining With a share of approximately 28% of Indiaâs refining capacity, IndianOil has been fuelling the Government of Indiaâs vision of achieving self-reliance in oil refining and marketing. We have nine refineries strategically placed across the country, catering to the growing energy requirements of the country. Highlights for the year Successful development of BS-VI complaint Diesel High Pour Point (DHPP) product for military usage, suitable for extreme cold weather such as Leh-Ladakh. Reused 60% of the high-value regenerated spent catalyst at Barauni Refinery PrimeG unit for the first time, resulting in cost savings of â¹ 23.97 crore over the next three years. 138 new energy schemes have been identified at Guwahati, Mathura, Paradip, Panipat, Barauni and Haldia refineries, under Mandatory Energy Audit (MEA), that have energy saving potential of around 207,906 SRFT/year. First consignment of PROPEL Polymers was dispatched to our subsidiary in Sri Lanka in line with our plan to establish PROPEL brand in the neighbouring countries. Seven new crude oil grades were included in our basket increasing its size to 210 crude variants. Road ahead With increasing demand for petroleum products, we are constantly investing towards expanding our capacities."
dragged-0343,dragged,India's second largest integrated oil refining and marketing company?,outdated,BPCL,no_match,8,2022-01-01,https://in.linkedin.com/company/bpcl,,,"Bharat Petroleum Corporation Limited Oil and Gas About us Fortune Global 500 Company, Bharat Petroleum is the second largest Indian Oil Marketing Company and one of the premier integrated energy companies in India, engaged in refining of crude oil and marketing of petroleum products, with a significant presence in the upstream and downstream sectors of the oil and gas industry. The company attained the coveted Maharatna status, joining the elite club of companies having greater operational & financial autonomy. Bharat Petroleum’s Refineries at Mumbai & Kochi and Bina at Madhya Pradesh have a combined refining capacity of around 35.3 MMTPA. Its marketing infrastructure includes a network of installations, depots, energy stations, aviation service stations and LPG distributors. Its distribution network comprises over 20,000 Energy Stations, over 6,200 LPG distributorships, 733 Lubes distributorships, and 123 POL storage locations, 54 LPG Bottling Plants, 60 Aviation Service Stations, 4 Lube blending plants and 4 cross-country pipelines. Bharat Petroleum is integrating its strategy, investments, environmental and social ambitions to move towards a sustainable planet. The company has chalked out the plan to offer electric vehicle charging stations at around 7000 energy stations over next 5 years. With a focus on sustainable solutions, the company is developing a vibrant ecosystem and a road-map to become a Net Zero Energy Company by 2040, in Scope 1 and Scope 2 emissions. Bharat Petroleum has been partnering communities by supporting innumerable initiatives connected primarily in the areas of education, water conservation, skill development, health, community development, capacity building and employee volunteering. With ‘Energising Lives’ as its core purpose, Bharat Petroleum’s vision is to be the most admired global energy company leveraging talent, innovation & technology. Locations Employees at Bharat Petroleum Corporation Limited Updates A Step Ahead, Every Time!"
dragged-0343,dragged,India's second largest integrated oil refining and marketing company?,outdated,BPCL,no_match,9,,https://www.ril.com/businesses/energy/refining-marketing,,,"Complex 1.5% Global crude PTA and PP TOP 5 Producers Globally PX PRODUCER 3rd Largest 4.6 MMTPA capacity Petrochemical producer #1 in India An integrated oil-to-chemicals portfolio Reliance O2C includes world-class refining and petrochemicals manufacturing assets located at Jamnagar, Hazira, Dahej, Nagothane, Vadodara, Patalganga, Silvassa, Barabanki and Hoshiarpur as well as in Malaysia at Nilai, Melaca, and Kuantan. The integrated O2C business structure enables an integrated decision-making approach that helps maximise and optimise the entire value chain from crude to refining to petrochemicals to the B2B/B2C model. Through our O2C business, we have focused on building new capacities, strengthening our existing positions, and making our refinery and petrochemical businesses among the largest, most integrated, and most competitive in the world. Petcoke gasification Reliance has the world’s largest petcoke gasifier in Jamnagar. Our petcoke gasification initiative converts low-value petroleum coke from the refinery to usable, high-value fuel, making Jamnagar energy-efficient and self-sufficient in meeting its power and utilities requirement. Our petcoke gasification project will transform Jamnagar into a unique “bottom-less” refinery by upgrading low-value refinery residue and petcoke, into syngas. This will help in reducing the impact of Liquified Natural Gas (LNG) price volatility by substituting high-cost Liquified Natural Gas (LNG) imports. Refinery Off-Gas Cracker (ROGC) Complex We run the world’s largest Refinery Off-Gas Cracker (ROGC) complex. The ROGC complex at Jamnagar has an ethylene capacity of 1.7 million metric tonnes per annum (MMTPA)."
dragged-0369,dragged,What is Greg Egan's latest novel?,outdated,Scale,,0,,https://www.gregegan.net/,,,"Contact details: My email address can be formed from parts of the URL of this web site. Please don’t send messages to my agents or to other third parties to pass on to me, and please don’t ask me to sign books."
dragged-0369,dragged,What is Greg Egan's latest novel?,outdated,Scale,,1,,https://www.amazon.com/stores/author/B000AQ3HJA,,,Top Greg Egan titles · Permutation CityPermutation City · DiasporaDiaspora · AxiomaticAxiomatic · Sleep and the SoulSleep and the Soul · QuarantineQuarantine.
dragged-0369,dragged,What is Greg Egan's latest novel?,outdated,Scale,,2,,https://www.goodreads.com/author/show/32699.Greg_Egan,,,"Greg Egan’s Followers (2,576) Greg Egan Greg Egan specialises in hard science fiction stories with mathematical and quantum ontology themes, including the nature of consciousness. Other themes include genetics, simulated reality, posthumanism, mind transfer, sexuality, artificial intelligence, and the superiority of rational naturalism over religion. He is a Hugo Award winner (and has been shortlisted for the Hugos three other times), and has also won the John W Campbell Memorial Award for Best Novel. Some of his earlier short stories feature strong elements of supernatural horror, while due to his more popular science fiction he is known within the genre for his tendency to deal with complex and highly technical material (including inventive new physics and epistemology) in an unGreg Egan specialises in hard science fiction stories with mathematical and quantum ontology themes, including the nature of consciousness. Other themes include genetics, simulated reality, posthumanism, mind transfer, sexuality, artificial intelligence, and the superiority of rational naturalism over religion. He is a Hugo Award winner (and has been shortlisted for the Hugos three other times), and has also won the John W Campbell Memorial Award for Best Novel. Some of his earlier short stories feature strong elements of supernatural horror, while due to his more popular science fiction he is known within the genre for his tendency to deal with complex and highly technical material (including inventive new physics and epistemology) in an unapologetically thorough manner. Egan is a famously reclusive author when it comes to public appearances, he doesn't attend science fiction conventions, doesn't sign books and there are no photos available of him on the web. “Fleshers used to spin fantasies about aliens arriving to ‘conquer’ Earth, to steal their ‘precious’ physical resources, to wipe them out for fear of ‘competition’…as if a species capable of making the journey wouldn’t have had the power, or the wit, or the imagination, to rid itself of obsolete biological imperatives."
dragged-0369,dragged,What is Greg Egan's latest novel?,outdated,Scale,,3,2023-12-14,https://www.reddit.com/r/printSF/comments/18ikt64/new_greg_egan_novel_morphotrophic_coming_in_march/,,,"In a world where the cells that make up our bodies are not committed to any one organism, Marla is confronted by the fickleness of her cytes."
dragged-0369,dragged,What is Greg Egan's latest novel?,outdated,Scale,,4,,https://en.wikipedia.org/wiki/Greg_Egan,,,"In 2014, Egan conjectured a generalization of the Grace–Danielsson inequality about the relation of the radii of two spheres and the distance of their respective centres to fit a simplex between them to also hold in higher dimensions, which later became known as the Egan conjecture. A proof of the inequality being sufficient was published by him in 2014 under a blog post of John Baez. They were lost due to a rearrangement of the website, but the central parts were copied into the original blog post. Further comments by Greg Egan on 16 April 2018 concern the search for a generalized conjecture involving ellipsoids.[7] A proof of the inequality also being necessary was published by Sergei Drozdov on 16 October 2023 on ArXiv.[8] In 2018, Egan described a construction of superpermutations, thus giving an upper bound to their minimum length. On 27 February 2019, using ideas developed by Robin Houston and others, Egan produced a superpermutation of seven symbols of length 5906, breaking previous records.[9][10] Personal life Egan does not attend science fiction conventions,[13] does not sign books, and has stated that he appears in no photographs on the web,[14] though both SF fan sites and Google Search have at times mistakenly identified him as the subject of photos of other people with the same name.[15]"
dragged-0369,dragged,What is Greg Egan's latest novel?,outdated,Scale,,5,,https://www.addall.com/books-in-order/greg-egan/,,,"The nine stories in Greg Egan’s new collection range from parables of contemporary human conflict and ambition to far future tales of our immortal descendants. In ‘Lost Continent’, a time traveler seeking refuge from a war torn land faces hostility and bureaucratic incompetence. ‘Crystal Nights’ portrays a driven man’s moral compromises as he chases an elusive technological breakthrough, while in ‘Steve Fever’ the technology itself falls victim to its own hype. ’TAP’ brings us a new kind of poetry, where a word is more powerful than a thousand images. ‘Singleton’ shows us a new kind of child, born of human DNA modeled in a quantum computer who, in ‘Oracle’, journeys to a parallel world to repay a debt to an intellectual ancestor. ’Induction’ chronicles the methods and motives behind humanity s first steps to the stars. ‘Border Guards’ reflects on the painful history of a tranquil utopia. And in the final story, ‘Hot Rock’, two immortal citizens of the galaxy spanning Amalgam find that an obscure, sunless world conceals mind spinning technological marvels, bitter factional struggles, and a many layered secret history. Greg Egan is the author of seven novels and over fifty short stories. He is a winner of the Hugo Award and the John W. Campbell Memorial Award. An unabridged audio collection of the best of the best science fiction stories published in 2009 by current and emerging masters of the genre, as narrated by top voice talents. In Erosion, by Ian Creasey, A man tests the limits of his exo suit prior to leaving a dying Earth. In As Women Fight, by Sara Genge, a hunter, in a society of body switchers, has no time to train for a fight to inhabit his wife’s body. In A Story, with Beans, by Steven Gould, the role of religion in a dystopian future plagued with metal eating bugs is considered."
dragged-0369,dragged,What is Greg Egan's latest novel?,outdated,Scale,,6,,https://www.bookseriesinorder.com/greg-egan/,,,"Greg Egan is also a multiple winner of the Seiun Award. Additionally, his novel Teranesia was listed the winner of the Ditmar Award in the year 2000 for being the best book of the year, unfortunately, the author rejected the award. Books Written Greg Egan writings include nine published novels; the first book Unusual Angle published in 1983, followed by Quarantine of 1992. Zendegi is the last on the book list and was released in 2010. In 2011, Clockwork Rocket was published and was the first book of the orthogonal trilogy. In 2012, The Eternal Flame was released as a sequel to the series and in 2013; The Arrows of Time was released as the last book in the trilogy. The author has also published several collections such as Axiomatic of 1995, Dark Integers (2008), Luminous (1998), Crystal Nights (2009), and Oceanic of 2009. Greg Egan has also written other numerous short fiction works such as Only Connect, Yeyuka, and Worthless among many others. Apart from novel and collection writing, Egan has published various academic papers such as An Efficient Algorithm………. Riemannian 10j Symbols & Asymptotic of 10j Symbols in conjunction with Dan Christensen. The novel Axiomatic inspired the filming of a short movie that commenced airing in 2015. Description of 2 Early Books Quarantine: novel themed in hard science fiction genre and focuses within a detective fiction framework. The book explores the impacts of Copenhagen view on Quantum Mechanics which the author admits that the concept was chosen for its entertainment value rather than its likelihood probability of being true. The novel storyline is set shortly( 2034-2080) when the solar system has been covered by an impermeable dome known as the Bubble."
dragged-0369,dragged,What is Greg Egan's latest novel?,outdated,Scale,,7,,https://www.gregegan.net/BIBLIOGRAPHY/Online.html,,,"Works Online Novels Note: Some third-party bibliographies have incorrectly described three of my novels as being part of “The Subjective Cosmology Cycle”. In fact, there is no such thing. The description of these three books as belonging to some kind of “series” is a misunderstanding; I've mentioned in interviews that they have some thematic similarities with each other that I noticed in retrospect, but they were certainly never conceived of, nor published as, a series."
dragged-0369,dragged,What is Greg Egan's latest novel?,outdated,Scale,,8,2023-04-12,https://locusmag.com/2023/04/alexandra-pierce-reviews-scale-by-greg-egan/,Scale,correct,"Other differences are shown through incidental moments – like a three-month-old boy who is old enough to make stupid decisions, but not old enough to be in a militia. Or that for Scale 7, an entire day on a train is a long journey, the experience likened to being a prisoner. The reader does need to do some work to be able to follow the intricacies of the situation here; thinking at different scales is unlikely to come naturally. But Scale is rewarding, intriguing, and ultimately highly enjoyable, and while maybe I wouldn’t suggest as your entry to Greg Egan’s work, it’s a marvellous example of how seemingly bizarre ideas can be turned into an excellent novel. Alexandra Pierce reads, writes, podcasts, cooks and knits; she’s Australian and a feminist. She was a host of the Hugo Award winning podcast Galactic Suburbia for a decade; her new podcast is all about indie bookshops and is called Paper Defiance. Alex has edited two award-winning non-fiction anthologies, Letters to Tiptree and Luminscent Threads: Connections to Octavia E Butler. She reviews a wide range of books at www.randomalex.net. While you are here, please take a moment to support Locus with a one-time or recurring donation. We rely on reader donations to keep the magazine and site going, and would like to keep the site paywall free, but WE NEED YOUR FINANCIAL SUPPORT to continue quality coverage of the science fiction and fantasy field. One thought on “Alexandra Pierce Reviews Scale by Greg Egan” Thanks for the nice review! The book just arrived, I am looking forward to reading it. Some preliminary background: – Robert Sawyer has scale-age relation in his Quantiglio trilogy; it has effect on characters’ lives, but it is not a basis of oppression – Ukrainian (born in USSR, now living in US – globalization in action for you) family tandem Marina and Sergey Dyachenko has a fix-up novel with the same name (published first in 2022)."
dragged-0380,dragged,How many people are there in the world?,outdated,8 billion,,0,,https://www.worldometers.info/world-population/,,,"487,540,000 Buddhists (7%), of which half live in China. 405,120,000 Folk Religionists (6%): faiths that are closely associated with a particular group of people, ethnicity or tribe. How many people have ever lived on earth? It was written during the 1970s that 75% of the people who had ever been born were alive at that moment. This was false. Assuming that we start counting from about 50,000 B.C., the time when modern Homo sapiens appeared on the earth (and not from 700,000 B.C. when the ancestors of Homo sapiens appeared, or several million years ago when hominids were present), taking into account that all population data are a rough estimate, and assuming a constant growth rate applied to each period up to modern times, it has been estimated that a total of approximately 106 billion people have been born since the dawn of the human species, making the population currently alive roughly 6% of all people who have ever lived on planet Earth. Others have estimated the number of human beings who have ever lived to be anywhere from 45 billion to 125 billion, with most estimates falling into the range of 90 to 110 billion humans. World Population clock: sources and methodology The world population counter displayed on Worldometer takes into consideration data from two major sources: the United Nations and the U.S. Census Bureau. The United Nations Population Division of the Department of Economic and Social Affairs every two years calculates, updates, and publishes estimates of total population in its World Population Prospects series. These population estimates and projections provide the standard and consistent set of population figures that are used throughout the United Nations system. The World Population Prospect: the 2024 Revision provides the most recent data available (released in July of 2024)."
dragged-0380,dragged,How many people are there in the world?,outdated,8 billion,,1,,https://www.prb.org/articles/how-many-people-have-ever-lived-on-earth/,,,"Date Authors This article is an updated version of one of PRB’s most popular features: estimating the number of people who have ever been born. We first made this estimate in 1995 and have updated it periodically since then. Calculating the number of people who have ever lived is part science and part art. No demographic data exist for more than 99% of the span of human existence. Still, with some assumptions about population size throughout human history, we can get a rough idea of this number: About 117 billion members of our species have ever been born on Earth. What Can We Estimate About Population in Prehistory and History? Any estimate of the total number of people who have ever lived depends essentially on three factors: the length of time that humans are thought to have been on Earth, the average size of the population at different periods, and the number of births per 1,000 population during each of those periods. The estimate, however, does not depend on the number of deaths during any period of time. Determining when humankind actually came into existence isn’t straightforward. The oldest hominins are thought to have appeared as early as 7 million B.C.E. The earliest species of the Homo genus appeared around 2 million to 1.5 million B.C.E. Current evidence supports modern Homo sapiens appearing around 190,000 B.C.E. Modern Homo sapiens originated in Africa, though the exact location has long been debated. Diverse groups are thought to have lived in different locations across Africa for the first two-thirds of human history. Around 8000 B.C.E., the world population was approximately 5 million. (Table 1 displays very rough figures representing averages of an estimate of ranges given by the United Nations and other sources.) Slow population growth over the 8,000-year period—from an estimated 5 million in 8000 B.C.E. to 300 million in 1 C.E.—results in a very low growth rate of only 0.05% per year. It’s difficult to come up with an average world population size for this period."
dragged-0380,dragged,How many people are there in the world?,outdated,8 billion,,2,,https://www.un.org/en/global-issues/population,,,"Major changes in fertility rate have accompanied this growth. These trends will have far-reaching implications for generations to come. On 15 November 2022, the world’s population reached 8 billion people, a milestone in human development. While it took the global population 12 years to grow from 7 to 8 billion, it will take approximately 15 years—until 2037— for it to reach 9 billion, a sign that the overall growth rate of the global population is slowing. Yet levels of fertility remain high in some countries. Countries with the highest fertility levels tend to be those with the lowest income per capita. Global population growth has therefore over time become increasingly concentrated among the world’s poorest countries, most of which are in sub-Saharan Africa. China and India: most populous countries China (1.4 billion) and India (1.4 billion) remain the two most populous countries of the world, both with more than 1 billion people, each representing nearly 18 percent of the world’s population, respectively. However, in April 2023, India’s population was expected to reach 1,425,775,850 people, matching and then surpassing the population of mainland China. India's population is expected to keep growing for several decades. Meanwhile, China's population recently reached its maximum size and has shown a decline since 2022. According to projections, the number of people in China will continue to decrease and may fall below 1 billion before the end of the century. (Source: UN DESA Policy Brief No. 153) The world in 2100 The world population is projected to reach 8.5 billion in 2030, and to increase further to 9.7 billion in 2050 and 10.4 billion by 2100. As with any type of projection, there is a degree of uncertainty surrounding these latest population projections."
dragged-0380,dragged,How many people are there in the world?,outdated,8 billion,,3,,https://en.wikipedia.org/wiki/World_population,,,"The fact that some affluent countries demonstrate negative population growth fails to discredit the theory as a whole, since the world has become a globalized system with food moving across national borders from areas of abundance to areas of scarcity. Hopfenberg and Pimentel's 2001 findings support both this[154] and Daniel Quinn's direct accusation, in the early 2010s, that ""First World farmers are fueling the Third World population explosion"".[177] ^the compound ""world population"" becomes common from c. the 1930s, adapted from early 20th-century ""world's population""; pre-20th century authors use ""population of the world"". ^""The population of the world, which Sir W. P. in 1682, stated at only 320 millions, has been estimated by some writers at about 730 million, by others, at upwards of 900 million; Mr. Wallace, of Edinburgh, conjectured it might amount to 1 billion, and this number has since generally been adopted who have noticed the subject;"" The Monthly Magazine 4 (July–December 1797), p. 167. ^600 million: Simon Gray, The Happiness of States (1818), p. 356Archived 6 June 2019 at the Wayback Machine. 800 million: Gordon Hall, Samuel Newell, The Conversion of the World (1818), p. 10Archived 6 June 2019 at the Wayback Machine. 800 to 1000 million: John Redman Coxe, Considerations Respecting the Recognition of Friends in Another World (1845), p. 21 (footnote with references). ^"
dragged-0380,dragged,How many people are there in the world?,outdated,8 billion,,4,,https://worldpopulationreview.com/,,,"Throughout most of history, the world's population has been much smaller than it is now. Before the invention of agriculture, for example, the human population was estimated to be around 15 million people at most. For comparison, the world population in 2017 (~7 billion) was roughly equal to a full 6% of the estimated 110 billion people who have ever lived. The introduction of agriculture and the gradual movement of humanity into settled communities enabled the global population to increase gradually to around 300 million by AD 0. While this is a substantial increase, it remains a tiny fraction of the current population."
dragged-0380,dragged,How many people are there in the world?,outdated,8 billion,,5,2023-07-03,https://www.un.org/en/video/world-population-has-reached-8-billion-%E2%80%93-now-what-global-focus,,,"The global population has reached 8 billion, what does this mean for the future of our world? Dr. Rachel Snow of the United Nations Population Fund is here to ..."
dragged-0380,dragged,How many people are there in the world?,outdated,8 billion,,6,,https://www.ined.fr/en/everything_about_population/population-games/world-population-me/,,,"The French Institute for Demographic Studies or INED, is a public research institute specialized in population studies that works in partnership with the academic and research communities at national and international levels. Founded in 1945, the Institut national d’études démographiques (French Institute for Demographic Studies, or INED) stands as one of the major public research institutions in the population sciences. It investigates population issues in all their diversity, disseminates demographic knowledge, and promotes training in and through research. INED’s expertise spans a broad spectrum of scientific disciplines—including not only demography but also sociology, economics, history, geography, statistics, and epidemiology. While a large share of its research concerns France, international comparisons are frequently undertaken and other geographical regions are a strong focus of interest. In 1986, INED became one of France’s eight public scientific and technical institutions (EPST), alongside CNRS, INSERM, INRA and the IRD (Institut de Recherche pour le Développement). The Institute’s overall missions are to study all aspects of population, to provide training in and through research, to keep the government, public authorities and general public informed about demographic questions and to disseminate French demographic research internationally. Nearly 250 people, including 50 tenured, or permanent, researchers and more than 40 doctoral students, work at INED; there are also 40 associate researchers. The Institute has 10 research units, a mixed research unit and 5 research support services, including the Statistical Methods and Surveys departments INED, the French Institute for Demographic Studies, is a founding member of the Campus Condorcet. All Institute teams are settled at the Campus’s Aubervilliers site and actively working to make this new, comprehensive human and social sciences research center a national and international benchmark institution. INED research projects are funded in part by the Institute’s budget line. They may also receive support from funding agencies like the Agence Nationale de la Recherche or ANR"
dragged-0380,dragged,How many people are there in the world?,outdated,8 billion,,7,2023-11-09,https://www.census.gov/library/stories/2023/11/world-population-estimated-eight-billion.html,8 billion,correct,"Despite a slowdown, we project the world population will reach 10.2 billion by 2060. These broad global trends mask wide diversity. Population growth is the result of fertility, mortality, migration and the share of the population at certain ages. These trends all differ from country to country and, as a result, population growth varies around the world. Declining Fertility Continues Nearly three quarters (74%) of the earth’s population reside in countries where fertility is around or below the replacement level. It is widely believed that 2.1 is the replacement-level fertility rate — the number of births a woman would need to have in her lifetime to replace herself and the father. However, the precise level of fertility necessary for long-term replacement varies between countries due to different mortality rates. Around 33% of the world population — approximately 1 in 3 people — lives in a country with a fertility rate close to replacement, including diverse countries such as India, Tunisia and Argentina. Demographers once assumed fertility would stop declining once it reached replacement levels. But it has continued to decline below replacement levels in many countries. Around 15% of the world’s population lives in a country with low fertility of 1.6 to 1.8 children per woman. This includes a diverse range of countries like Brazil, Mexico, the United States and Sweden. Another 26% — about 1 in 4 people — lives in a country with very low fertility at 1.5 children or fewer per woman. Such countries include China, South Korea and Spain. Another 23% lives in a country with moderately high fertility between 2.3 and 5.0 children. This broad category includes a diverse range of countries like Papua New Guinea, Israel and Ethiopia. Only around 4% of the world population (all in Africa) lives in a country with very high fertility — above 5 children per woman. Even in countries with very high fertility, fertility is generally lower than it was in the past."
dragged-0380,dragged,How many people are there in the world?,outdated,8 billion,,8,,https://ourworldindata.org/population-growth,,,"As recently as 12,000 years ago, there were only 4 million people worldwide. The chart shows the rapid increase in the global population since 1700. The one-billion mark wasn’t broken until the early 1800s. It was only a century ago that there were 2 billion people. Since then, the global population has quadrupled to eight billion. Around 108 billion people have ever lived on our planet. This means that today’s population size makes up 6.5% of the total number of people ever born.2 This increase has been the result of advances in living conditions and health that reduced death rates – especially in children – and increases in life expectancy. The world has passed ""peak child"" Hans Rosling famously coined the term ""peak child"" for the moment in global demographic history when the number of children stopped increasing. According to the UN data, the world has passed ""peak child"", which is defined as the number of children under the age of five. The chart shows the UN’s historical estimates and projections of the number of children under five. It estimates that the number of children in the world peaked in 2017. For the coming decades, demographers expect a decades-long plateau before the number will decline more rapidly in the second half of the century. What you should know about this data These projections are sensitive to the assumptions made about future fertility rates worldwide. Find out more from the UN World Population Division. Other sources and scenarios in the UN’s projections suggest that the peak was reached slightly earlier or later. However, most indicate that the world is close to ""peak child"" and the number of children will not increase in the coming decades. The 'ups and downs' in this chart reflect generational effects and 'baby booms' when there are large cohorts of women of reproductive age, and high fertility rates. The timing of these transitions varies across the world. The UN expects the global population to peak by the end of the century When will population growth come to an end? The UN’s historical estimates and latest projections for the global population are shown in the chart."
dragged-0380,dragged,How many people are there in the world?,outdated,8 billion,,9,,https://data.unicef.org/how-many/how-many-people-are-in-the-world/,,,"How many people are there in the world? ... Series footnote: Data from 236 countries/areas with population more than 1K from WPP2022, countries/areas less than 1K ..."
dragged-0381,dragged,What is the hottest year on record?,outdated,2024,,0,2024-01-17,http://www.climate.gov/news-features/featured-images/2023-was-warmest-year-modern-temperature-record,,,"Share Details The year 2023 was the warmest year since global records began in 1850 at 1.18°C (2.12°F) above the 20th-century average of 13.9°C (57.0°F). This value is 0.15°C (0.27°F) more than the previous record set in 2016. The 10 warmest years in the 174-year record have all occurred during the last decade (2014–2023). Of note, the year 2005, which was the first year to set a new global temperature record in the 21st century, is now the 12th-warmest year on record. The year 2010, which had surpassed 2005 at the time, now ranks as the 11th-warmest year on record. This map shows 2023 temperatures compared to the 1991-2020 average. Most of the globe was warmer-than-average (red). Only a few areas were colder than average (blue). The animated bar graph shows yearly average temperature since 1976 compared to the 20th-century average. It's been 47 years—nearly half a century—since Earth's temperature was colder than average. 2023 set a new warmest-year record by a wide margin. Unlike the previous two years (2021 and 2022), which were squarely entrenched in a cold phase El Niño Southern Oscillation (ENSO) episode, also known as La Niña, 2023 quickly moved into ENSO neutral territory, transitioning to a warm phase episode, El Niño, by June. ENSO not only affects global weather patterns, but it also affects global temperatures. As seen in the image below, during the warm phase of ENSO (El Niño), global temperatures tend to be warmer than ENSO-neutral or La Niña years, while global temperatures tend to be slightly cooler during cold phase ENSO episodes (La Niña)."
dragged-0381,dragged,What is the hottest year on record?,outdated,2024,,1,2024-01-12,https://www.noaa.gov/news/2023-was-worlds-warmest-year-on-record-by-far,,,"Antarctic sea ice coverage hit record low July 3, 2023: July 3, 2023: An aerial view of low water levels at Woodhead Reservoir in Glossop, England, after the United Kingdom sweltered through its hottest June on record. 2023 was the world’s warmest year on record, beating the next warmest year (2016) by a record-setting margin of 0.27 of a degree F (0.15 of a degree C). (Image credit: Christopher Furlong/Getty Images) It’s official: 2023 was the planet’s warmest year on record, according to an analysis by scientists from NOAA’s National Centers for Environmental Information (NCEI). Along with the historic heat, Antarctic sea ice coverage dropped to a record low in 2023. “After seeing the 2023 climate analysis, I have to pause and say that the findings are astounding,” said NOAA Chief Scientist Dr. Sarah Kapnick. “Not only was 2023 the warmest year in NOAA’s 174-year climate record — it was the warmest by far. A warming planet means we need to be prepared for the impacts of climate change that are happening here and now, like extreme weather events that become both more frequent and severe. ""We will continue to see records broken and extreme events grow until emissions go to zero,” Kapnick said. “Government policy can address both emissions, but also actions to reduce climate impacts by building resilience. "" Below are highlights from NOAA’s 2023 annual global climate report: A world map plotted with color blocks depicting percentiles of global average land and ocean temperatures for the full year 2023. Color blocks depict increasing warmth, from dark blue (record-coldest area) to dark red (record-warmest area) and spanning areas in between that were ""much cooler than average"" through ""much warmer than average. "" (Image credit: NOAA NCEI) Earth’s average land and ocean surface temperature in 2023 was 2."
dragged-0381,dragged,What is the hottest year on record?,outdated,2024,,2,2024-01-11,https://www.nasa.gov/news-release/nasa-analysis-confirms-2023-as-warmest-year-on-record/,,,"“NASA and NOAA’s global temperature report confirms what billions of people around the world experienced last year; we are facing a climate crisis,” said NASA Administrator Bill Nelson. “From extreme heat, to wildfires, to rising sea levels, we can see our Earth is changing. There’s still more work to be done, but President Biden and communities across America are taking more action than ever to reduce climate risks and help communities become more resilient – and NASA will continue to use our vantage point of space to bring critical climate data back down to Earth that is understandable and accessible for all people. NASA and the Biden-Harris Administration are working to protect our home planet and its people, for this generation – and the next.” In 2023, hundreds of millions of people around the world experienced extreme heat, and each month from June through December set a global record for the respective month. July was the hottest month ever recorded. Overall, Earth was about 2.5 degrees Fahrenheit (or about 1.4 degrees Celsius) warmer in 2023 than the late 19th-century average, when modern record-keeping began. 2023 was Earth’s warmest year since modern record-keeping began around 1880, and the past 10 consecutive years have been the warmest 10 on record. How did NASA, a space agency, come to look at Earth’s temperature on the ground? And how do we measure global temperature? Credit: NASA/Kathleen Gaeta “The exceptional warming that we’re experiencing is not something we’ve seen before in human history,” said Gavin Schmidt, director of GISS. “It’s driven primarily by our fossil fuel emissions, and we’re seeing the impacts in heat waves, intense rainfall, and coastal flooding.” Though scientists have conclusive evidence that the planet’s long-term warming trend is driven by human activity, they still examine other phenomena that can affect yearly or multi-year changes in climate such as El Niño, aerosols and pollution, and volcanic eruptions."
dragged-0381,dragged,What is the hottest year on record?,outdated,2024,,3,2024-11-11,https://wmo.int/news/media-centre/2024-track-be-hottest-year-record-warming-temporarily-hits-15degc,,,"Breadcrumb 2024 is on track to be hottest year on record as warming temporarily hits 1.5°C 2024 is on track to be hottest year on record as warming temporarily hits 1.5°C Press Release 11 November 2024 Baku, Azerbaijan (WMO) - The year 2024 is on track to be the warmest year on record after an extended streak of exceptionally high monthly global mean temperatures, according to the World Meteorological Organization (WMO). Antarctic sea ice second lowest on record and glacier loss accelerates Extreme weather and climate events lead to massive economic and human losses The WMO State of the Climate 2024 Update once again issues a Red Alert at the sheer pace of climate change in a single generation, turbo-charged by ever-increasing greenhouse gas levels in the atmosphere. 2015-2024 will be the warmest ten years on record; the loss of ice from glaciers, sea-level rise and ocean heating are accelerating; and extreme weather is wreaking havoc on communities and economies across the world. The January – September 2024 global mean surface air temperature was 1.54 °C (with a margin of uncertainty of ±0.13°C) above the pre-industrial average, boosted by a warming El Niño event, according to an analysis of six international datasets used by WMO. The report was issued on the first day of the UN Climate Change Conference, COP29, in Baku, Azerbaijan. It highlights that the ambitions of the Paris Agreement are in great peril. “As monthly and annual warming temporarily surpass 1.5°C, it is important to emphasize that this does NOT mean that we have failed to meet Paris Agreement goal to keep the long- term global average surface temperature increase to well below 2°C above pre-industrial levels and pursue efforts to limit the warming to 1.5°C,” said WMO Secretary-General Celeste Saulo."
dragged-0381,dragged,What is the hottest year on record?,outdated,2024,,4,2024-12-30,https://news.un.org/en/story/2024/12/1158621,2024,correct,"2024 to become the hottest year on record 2024 to become the hottest year on record The year 2024 is set to be the warmest on record, capping a decade of unprecedented heat fuelled by human activities, according to the World Meteorological Organization (WMO). “Today I can officially report that we have just endured a decade of deadly heat. The top ten hottest years on record have happened in the last ten years, including 2024,” said Secretary-General António Guterres in his message for the New Year. “This is climate breakdown — in real time. We must exit this road to ruin — and we have no time to lose,” he gravely emphasised. Tweet URL WMO will publish the consolidated global temperature figure for 2024 in January and its full State of the Global Climate 2024 report in March 2025. Climate catastrophes Throughout 2024, a series of reports from the WMO community highlighted the rapid pace of climate change and its far-reaching impacts on every aspect of sustainable development. Record-breaking rainfalls were documented as well as catastrophic flooding, scorching heat waves with temperatures exceeding 50°C, and devastating wildfires. “This year we saw record-breaking rainfall and flooding events and terrible loss of life in so many countries, causing heartbreak to communities on every continent,” she stated. “Every fraction of a degree of warming matters, and increases climate extremes, impacts and risks,” she underscored. Hope amid crises Despite the grim realities, the year 2024 saw notable advancements with the adoption of the Pact for the Future - a landmark agreement to promote disarmament, financial reform, gender equality, and ethical technological innovation. The COP29 UN climate conference also recently discussed ways to increase finance for poor countries to support them in coping with the impacts of extreme weather."
dragged-0381,dragged,What is the hottest year on record?,outdated,2024,,5,2024-12-24,https://www.npr.org/2024/12/24/nx-s1-5230783/2024-hottest-year-record-heat-climate-change-el-nino,,,"2024 was the hottest year on record. Here’s whyIt's looking like 2024 will be the hottest year since record-keeping began, unseating 2023 for the top spot. Climate change is playing a role, and scientists say it was even hotter than expected. The average temperature across the globe in 2024 set a record. Climate change is helping drive longer and more intense heat waves. Patrick T. Fallon/AFP via Getty Images hide caption toggle caption Patrick T. Fallon/AFP via Getty Images 2023 was a chart-topper. A surge in global temperatures made it the hottest year since record-keeping began in the mid-1800s, producing heat that one scientist called ""gobsmackingly bananas. "" Then came 2024. Scientists say this year is almost certain to take over the top spot as the hottest year. The global average temperature could potentially breach a key threshold, reaching 1.5 degrees Celsius (2.7 degrees Fahrenheit) above the pre-industrial average. Countries have agreed to try to limit warming to below that level in order to avoid much more intense storms, rainfall and heat waves. The record-setting build up of heat has surprised scientists, setting off a climatic whodunit. Sponsor Message Some drivers are clear. A primary cause is the continued burning of fossil fuels, compounded by the natural El Niño climate pattern, which raised temperatures globally. But those factors alone may not account for the full surge in persistent heat seen this year, scientists say. They're now exploring what other factors may have contributed, from a volcanic eruption in the South Pacific to a lack of cloud cover that normally shields the planet from the sun's heat. ""It's getting tiring saying over and over again that it's the warmest, but it's important to know,"" says Jared Rennie, research meteorologist at the National Oceanic and Atmospheric Administration."
dragged-0381,dragged,What is the hottest year on record?,outdated,2024,,6,2024-01-09,http://climate.copernicus.eu/copernicus-2023-hottest-year-record,,,"The 2023 Global Climate Highlights report based mainly on the ERA5 reanalysis dataset presents a general summary of 2023's most relevant climate extremes and the main drivers behind them, such as greenhouse gas concentrations, El Niño and other natural variations. 2023 is confirmed as the warmest calendar year in global temperature data records going back to 1850 2023 had a global average temperature of 14.98°C, 0.17°C higher than the previous highest annual value in 2016 2023 was 0.60°C warmer than the 1991-2020 average and 1.48°C warmer than the 1850-1900 pre-industrial level It is likely that a 12-month period ending in January or February 2024 will exceed 1.5°C above the pre-industrial level 2023 marks the first time on record that every day within a year has exceeded 1°C above the 1850-1900 pre-industrial level. Close to 50% of days were more than 1.5°C warmer then the 1850-1900 level, and two days in November were, for the first time, more than 2°C warmer. Annual average air temperatures were the warmest on record, or close to the warmest, over sizeable parts of all ocean basins and all continents except Australia Each month from June to December in 2023 was warmer than the corresponding month in any previous year July and August 2023 were the warmest two months on record."
dragged-0381,dragged,What is the hottest year on record?,outdated,2024,,7,,https://climate.nasa.gov/vital-signs/global-temperature/,,,"Key Takeaway: This graph shows the change in global surface temperature compared to the long-term average from 1951 to 1980. Earth’s average surface temperature in 2023 was the warmest on record since recordkeeping began in 1880 (source: NASA/GISS). NASA’s analysis generally matches independent analyses prepared by the​ National Oceanic and Atmospheric Administration (NOAA) and other research groups. Overall, Earth was about 2.45 degrees Fahrenheit (or about 1.36 degrees Celsius) warmer in 2023 than in the late 19th-century (1850-1900) preindustrial average. The 10 most recent years are the warmest on record. The animation on the right shows the change in global surface temperatures. Dark blue shows areas cooler than average. Dark red shows areas warmer than average. Short-term variations are smoothed out using a 5-year running average to make trends more visible in this map."
dragged-0381,dragged,What is the hottest year on record?,outdated,2024,,8,2024-03-19,https://wmo.int/news/media-centre/climate-change-indicators-reached-record-levels-2023-wmo,,,"C above the pre-industrial 1850–1900 average. 2023 was the warmest year in the 174-year observational record. This shattered the record of the previous warmest years, 2016 at 1.29 ± 0.12 °C above the 1850–1900 average and 2020 at 1.27±0.13 °C. The ten-year average 2014–2023 global temperature is 1.20±0.12°C above the 1850–1900 average. Globally, every month from June to December was record warm for the respective month. September 2023 was particularly noteworthy, surpassing the previous global record for September by a wide margin (0.46 to 0.54 °C). The long-term increase in global temperature is due to increased concentrations of greenhouse gases in the atmosphere. The shift from La Niña to El Niño conditions in the middle of 2023 contributed to the rapid rise in temperature from 2022 to 2023. Global average sea-surface temperatures (SSTs) were at a record high from April onwards, with the records in July, August and September broken by a particularly wide margin. Exceptional warmth was recorded in the eastern North Atlantic, the Gulf of Mexico and the Caribbean, the North Pacific and large areas of the Southern Ocean, with widespread marine heatwaves. Some areas of unusual warming such as the Northeast Atlantic do not correspond to typical patterns of warming associated with El Niño, which was visibly present in the Tropical Pacific. Ocean heat Global map showing the highest Marine Heatwave category in each pixel over 2023 (reference period 1982–2011). Ocean heat content reached its highest level in 2023, according to a consolidated analysis of data. Warming rates show a particularly strong increase in the past two decades. It is expected that warming will continue – a change which is irreversible on scales of hundreds to thousands of years."
dragged-0384,dragged,Is one US dollar worth more than 82 Indian rupees?,outdated,No,,0,,https://wise.com/us/currency-converter/usd-to-inr-rate?amount=82,,,How to convert US dollars to Indian rupees. 1. Input your amount. Simply type in the box how much you want to convert. 2. Choose your currencies.
dragged-0384,dragged,Is one US dollar worth more than 82 Indian rupees?,outdated,No,,1,2015-12-23,https://www.quora.com/Is-it-true-that-once-Indian-Rupees-were-more-valuable-than-US-dollar,,,"Today Indian rupee hits the lowest compared to US dollar. What factors decide this rate? From 1992 (1$ ~ 34R) to 2013 (1$~58), in 21 years , INR ..."
dragged-0384,dragged,Is one US dollar worth more than 82 Indian rupees?,outdated,No,,2,,https://unacademy.com/content/railway-exam/study-material/general-awareness/why-is-the-dollar-higher-in-value-than-the-rupee/,,,"Furthermore, the US has the highest number of MNCs and has major trade relations with other countries. Conclusion The demand for the Dollar is higher in those countries which import more than it exports. India, for example, imports more than it exports which is why 1 USD is currently worth 73.28 INR, and the value keeps on changing every minute. Smaller and less industrial countries like the Bahamas, where 1 Bahamian Dollar equals 1 USD, have this relation because they are less reliant on imports such as crude oil, whereas India imports crude oil in excessive quantities. A currency’s value sometimes is not an accurate indicator of its economic health; other aspects include low inflation, good GDP, and suitable employment. Frequently asked questions Get answers to the most common queries related to the Railway Examination Preparation. Can the Rupee ever be more robust than the Dollar? According to Kotak Securities, the Rupee would average 76.50 versus the Dollar in April-June 2022, then rise to 75.5... Read full Name the country that has the best currency? The Kuwaiti Dinar, or KWD, has been awarded the status of the world’s most valuable currency. Its currency cod...Read full Who decides the relative value of USD to INR? The Rupee dropped to 76.92 per Dollar, down from its previous low of 76.98 in 2020. Because India imports roughly 80...Read full Why is the Japanese Yen stronger than the Indian Rupee? Because Japan’s import-export balance or trade deficit is healthier than India’s, the Japanese economy i...Read full According to Kotak Securities, the Rupee would average 76.50 versus the Dollar in April-June 2022, then rise to 75.5 in July-September 2022. The real effective exchange rate may remain stable as the Rupee weakens in line with other emerging currencies."
dragged-0384,dragged,Is one US dollar worth more than 82 Indian rupees?,outdated,No,,3,,https://www.makemytrip.com/tripmoney/currency-converter/usd-to-inr/82-usd,,,"Foreign Currency Notes Convert 82 USD to INR Online with Live Conversion Rate The 82 US Dollar to Indian Rupee exchange rate fluctuates every day. To keep the conversion of USD to INR convenient as per the live USD exchange rates, you can access MakeMyTrip. The platform updates you with the changing value of 82 US Dollar in INR for the best deals on currency conversion. Currently, 82 USD stands at approximately INR 7050.34. How Can I Convert 82 US Dollar to INR in India Some common ways to exchange 82 US Dollar currency with INR in India are listed below - Internationally-accepted cards The BookMyForex multi-currency Forex card allow you to load US Dollar. Once you have returned from your trip, you can convert the currency back to INR. Online Forex Solutions Online Forex Solutions offered by MakeMyTrip are simple and cost-efficient, allowing US Dollar to INR exchange. A nearby bank Any of the local banks should be able to exchange your US Dollar for Indian Rupees. However, this could take longer than expected and cost more than expected. Local money exchangers If you want to exchange your INR for US Dollar and vice versa, you can do so at any licensed exchanger or Authorised Dealer Category II. However, it might require a lot of negotiation. Airport Most airports allow you to buy US Dollar in exchange of Indian rupees, however, the exchange rate is rather high. Other Forex Services We Offer You can also avail of other Forex services for US Dollar on MakeMyTrip for convenient currency exchange. Currency Notes You can easily buy US Dollar currency notes at live and best exchange rates to enable convenient cash availability. Forex Card You can also avail of the BookMyForex multi-currency Forex card for US Dollar. It comes with a 0% Forex mark-up over inter-bank rates. Currency Information US Dollar The US Dollar is the official currency of the United States of America and many other countries."
dragged-0384,dragged,Is one US dollar worth more than 82 Indian rupees?,outdated,No,,4,2011-02-06,https://dreamgolive.wordpress.com/2011/02/06/what-can-i-get-for-1-in-india/,No,correct,"A quick answer to that question is “a lot.” Yesterday, for example, at a roadside chai walla my small cup of chai was 7 rupees (~$0.15 at 45 rupees to $1 USD). I have paid as much as 20 rupees for a chai and as little as 2 rupees. For an American like me, it is very cheap to live here and live here well. For an average Indian? I’m not so sure about living well but they manage. $1 lunch: a typical southern Indian thali meal Most economists predict that by 2020, India will be one of the leading economies in the world. But according to UNISEF, an average Indian person made ~$1,000 USD in 2008 and IMF ranks India as 127th in the world based on GDP per capita (~$3,000 USD). To understand better how much things cost in each country I have a habit of going to a local grocery store when I first arrive and looking at food and beverage prices. I typically look at water, soda, milk, and see what it’ll cost for me to get a loaf of bread. I know that my brain is trained on New York City prices (and therefore everything seems cheaper everywhere else) but doing this quick comparison gives me a good framework for the monetary value in that country. When I tip someone I refer back to the price of a bottle of water or a loaf of bread, and think whether what I am giving him is reasonable. In places like Vietnam, Cambodia, and here in India more often than not the thoughts that run through my head are not so much about whether the tip amount is reasonable but more on what an extra 100 rupees mean to me in my life. The extra 100 rupees could go a long way for someone here where as the $2.25 it represents in mine is likely to be an afterthought. I learned that the therapists at the ayurvedic center where I stayed for 2 weeks made 170 rupees per day, working 9 one-hour sessions each day."
dragged-0384,dragged,Is one US dollar worth more than 82 Indian rupees?,outdated,No,,5,,https://wise.com/us/currency-converter/inr-to-usd-rate?amount=1,,,How to convert Indian rupees to US dollars. 1. Input your amount. Simply type in the box how much you want to convert. 2. Choose your currencies.
dragged-0384,dragged,Is one US dollar worth more than 82 Indian rupees?,outdated,No,,6,,https://www.5paisa.com/calculators/currency-converter/usd-to-inr,,,"5paisa currency converter takes a less time than learning how to use other financial calculators and databases. 5. Free to Use There is absolutely no cost associated with using a 5paisa online currency converter. Why USD to INR Forecasting is Important? When we talk about a dollar to INR conversion, it refers to the exchange or conversion rate between US dollars and Indian rupees. The USD to INR exchange rate is never constant. This happens because the exchange rate is completely dependent on different factors that determine the currency's demand and supply value. The currency exchange market is very volatile due to the factors that affect the supply-demand interrelation. The dollar to Indian rupee forecast is crucial to estimating the foreign currency cash flow involved in overseas transactions. This plays a vital role in assessing the benefits and hazards of currency conversion. No, there won’t be a steady exchange rate between USD and INR. That’s because the fluctuations in the currency exchange rate occur due to geopolitical and economic factors like interest rates, inflation rates, government performance, political stability, recession, trade terms and negotiations, government debt, current account deficit, etc. The US dollar is accepted as their legal tender in nations like Ecuador and Panama. Apart from the United States territory, 11 nations have switched and announced their official currency as the US dollar. These nations are Ecuador, Panama, Zimbabwe, The Turks and Caicos, Bonaire, Palau, El Salvador, The British Virgin Islands, Timor and Leste, Micronesia, and the Marshall Islands. Indian banks are legally permitted to buy or sell foreign currencies by the Reserve Bank of India (RBI). Therefore, you can exchange foreign currency in India at any RBI-authorized bank. You can use your NRO Account to access the foreign exchange facility if you're a Non-Resident Indian (NRI). Due to the variables that influence the supply-demand relationship, the currency exchange market is very erratic. To calculate the foreign currency cash flow involved in international transactions, the forecast of the dollar to Indian rupee is essential."
dragged-0384,dragged,Is one US dollar worth more than 82 Indian rupees?,outdated,No,,7,,https://www.thomascook.in/foreign-exchange/currency-converter/usd-to-inr,,,"209. Convert US Dollar to INR A currency converter helps in the easy and accurate conversion of US dollars to INR. Understanding the conversion rate would help you make informed decisions about currency conversions involving the US dollar and INR. The current rate of US Dollar to INR is 81.99 The expected High Low is 0.19% For 1 US Dollar, you would receive roughly INR 82. INR 1 = $0.012 INR 100 = $1.22. How are US Dollar-INR Rates Determined? The US Dollar (USD) and the Indian Rupee (INR) are two of the most widely traded currencies in the world. The exchange rate between these two currencies, which is quite popular, is determined by a variety of factors, including macroeconomic conditions, geopolitical developments, and investor sentiment and government policies. In 1947, when India became a member of the IMF, the Indian Rupee was at par with the US dollar, however today we need to spend about INR 82 to buy a dollar. India. Like many other countries, it had to devalue its currency in order to manage its Balance of Payment. Also, currency devaluing encourages exporters to export more. A US dollar equals a hundred cents. The Federal Reserve System, the so-called Central Bank of America monitors the US currency. Introduced in 1792, the US dollar is one of the most dominant currencies in the world today. When the US dollar rate increases, the INR takes a hit and vice versa. The foreign exchange rates between two countries can keep fluctuating on a daily basis. It is highly recommended that before you buy foreign currency or making a translation, make sure to calculate the prevalent rates. Looking for the best Dollar to the Rupee exchange rate ? We are here for all your forex requirements. Converting USD to INR could be a hassle, especially after returning from one of the most memorable international trips. Just like the U.S., Thomas Cook has a solution for all your travel concerns."
dragged-0384,dragged,Is one US dollar worth more than 82 Indian rupees?,outdated,No,,8,,https://www.revolut.com/en-AU/currency-converter/convert-usd-to-inr-exchange-rate/?amount=82,,,"Exchange US Dollars to Indian Rupees in-app, then save, spend, and send however you like — with great exchange rates and low fees. That's true global freedom."
dragged-0387,dragged,What is Croatia's current national currency?,outdated,Euro,,0,2024-03-27,https://www.sail-croatia.com/resources/currency-in-croatia,Euro,correct,"Croatia Currency: A Guide to Money in Croatia As of January 2023, the currency used in Croatia is the Euro. Prior to this change, Croatiaâs official currency was the Croatian Kuna (HRK) between 1994 and 2023. Below weâll provide you with all the information you need to know about navigating the currency in Croatia. The currency in Croatia is the Euro (sign: â¬; code: EUR), which has been in use since 2023. The Euro is divided into cents (sign: c) and uses a combination of notes and coins. The Euro comes in note form in multiple denominations, including 5, 10, 20, 50, 100, 200 and 500. In the form of a coin, denominations of 1, 2 and 5, 1 and 20 cents, and 1 and 2 Euros can also be found. Between 1994 and 2023 Croatia used the Kuna. The word âKunaâ directly translates to âMartenâ; a weasel-like Croatian native animal whose fur was once used as a form of currency many centuries ago! What is the Value of the Euro? Whilst exchange rates fluctuate regularly, weâve listed some rough estimates below to show you how the Euro compares to other currencies, such as the Australian Dollar, Great British Pound, and US Dollar, on everyday items. We would recommend using an exchange rate website such as XE.com to get the most up to date exchange rate information. Whilst Croatia no longer operates with the Kuna, see the value it used to hold in the video below. Croatian Kuna or Euros? With Euro now the official currency of Croatia, this is the most commonly used currency in the country."
dragged-0387,dragged,What is Croatia's current national currency?,outdated,Euro,,1,,https://economy-finance.ec.europa.eu/euro/eu-countries-and-euro/croatia-and-euro_en,,,Croatia and the euro. Croatia joined the European Union in 2013 and adopted the euro on 1 January 2023.
dragged-0387,dragged,What is Croatia's current national currency?,outdated,Euro,,2,,https://www.ecb.europa.eu/euro/changeover/croatia/html/index.en.html,,,"Conversion rate Croatia joined the euro area on 1 January 2023 Prices for goods and services will be indicated in both euro and kuna until 31 December 2023. The exchange rate must be shown in a clear and visible way when displaying prices. This is a key measure for consumer protection. Dual circulation Both euro and kuna (banknotes and coins) were allowed as means of payment for a two-week period following the introduction of the euro. Exchange of banknotes and coins Kuna banknotes and coins can be exchanged until 31 December 2023 free of charge for up to a maximum of 100 kuna banknotes and 100 kuna coins per transaction. For the exchange of larger numbers of banknotes or coins, commercial banks may charge a fee. No price increases Any price increase tied to the changeover is forbidden. If a business violates this rule, consumers are able to report any unjustifiable price increase to the authorities who can impose fines on that business. This is a part of consumer protection. Exchanging Croatian kuna for euro At post offices, commercial banks and the Financial Agency Until 31 December 2023 kuna banknotes and coins can be exchanged for euro banknotes and coins at post offices, commercial banks and the Financial Agency only. Up to a maximum of 100 kuna banknotes and 100 kuna coins per transaction can be exchanged free of charge. For the exchange of a larger number of banknotes or coins, commercial banks may charge a fee. At Hrvatska narodna banka As of January 2024 Croatia’s national central bank will take over the exchange services for kuna banknotes without a time limit, and will exchange coins until 31 December 2025. This service is free of charge. At other euro area national central banks Other euro area national central banks will exchange kuna banknotes, free of charge, at the fixed conversion exchange rate from 1 January to 28 February 2023."
dragged-0387,dragged,What is Croatia's current national currency?,outdated,Euro,,3,,https://en.wikipedia.org/wiki/Croatia_and_the_euro,,,"Croatia adopted the euro as its currency on 1 January 2023, becoming the 20th member state of the eurozone. A fixed conversion rate was set at €1 = kn 7.5345[1] Croatia's previous currency, the kuna (Croatian for marten), used the euro (and prior to that one of the euro's major predecessors, the German mark or Deutsche Mark) as its main reference since its creation in 1994, and a long-held policy of the Croatian National Bank was to keep the kuna's exchange rate with the euro within a relatively stable range.[2] Croatia's European Union (EU) membership obliged it to introduce the euro once it had fulfilled the euro convergence criteria.[3] Prior to Croatian entry to the EU on 1 July 2013, Boris Vujčić, governor of the Croatian National Bank, stated that he would like the kuna to be replaced by the euro as soon as possible after accession.[4] This had to be at least two years after Croatia joined the European Exchange Rate Mechanism (ERM II), in addition to it meeting other criteria. Croatia joined ERM II on 10 July 2020.[5] Prime Minister Andrej Plenković stated in November 2020 that Croatia intended to adopt the euro on 1 January 2023,[6] and in December 2020 the Croatian government adopted an action plan for euro adoption.[7] Many small businesses in Croatia had debts denominated in euros before EU accession.[8] Croatians already used the euro for most savings and many informal transactions. Real estate, motor vehicle and accommodation prices were mostly quoted in euros. Convergence status In its first assessment under the convergence criteria in May 2014, the country satisfied the inflation and interest rate criteria, but did not satisfy the public finances, ERM membership, and legislation compatibility criteria.[13] Subsequent convergence reports published in June 2016, May 2018 and June 2020 came to the same conclusions."
dragged-0387,dragged,What is Croatia's current national currency?,outdated,Euro,,4,,https://www.travelex.co.uk/travelex-hub/travel-guides/croatia/what-currency-does-croatia-use,,,"What currency does Croatia use? Croatia is a beautiful holiday destination that adopted the euro as its currency in January 2023. Want to know how much money to take to Croatia, whether cards are widely accepted and how much things cost? Our comprehensive guide explains everything you need to know about travel money in Croatia. Can you use euros in Croatia? Euro is now the main currency in Croatia, since the country switched away from the Croatian kuna to the new monetary system in January 2023. The monetary unit was previously the Croatian Kuna, and prices in shops and restaurants will be shown in both currencies until 31 December 2023 to help people adjust to the change. Croatia has been part of the European Union (EU) since 2013 and adopting the euro was one of the conditions of its membership. Getting euros before you travel The euro is represented by the abbreviation (EUR) and the symbol (€). You'll need to have euros on hand if you're travelling to one of 20 European countries that form the Eurozone, including Croatia. What are the euro denominations? There are 100 cents to a euro. Main banknotes: €5 €10 €20 €50 €100 There are also €200 and €500 notes, but these are less common because of their very high value. Coins: 1 cent 2 cent 5 cent 10 cent 20 cent How to get a good exchange rate The value of the euro varies a little every day. You will get the best rates of exchange by pre-ordering your travel money. We make it easy to buy online and receive your euros by post, or you can click and collect from any of our stores. Can you pay by card in Croatia? Many shops, hotels and restaurants will accept payment by credit or debit card, but it’s important to ask your bank what charges you can expect - there are often hidden costs. The Travelex Money Card brings you contactless payment with 24/7 assistance and the ability to manage your holiday budget better."
dragged-0387,dragged,What is Croatia's current national currency?,outdated,Euro,,5,,https://en.wikipedia.org/wiki/Croatian_kuna,,,"Modern currency The modern kuna was introduced on 30 May 1994, starting a period of transition from the Croatian dinar, introduced in 1991, which ended on 31 December 1994.[10] One kuna was equivalent to 1,000 dinars at a fixed exchange rate. The kuna was pegged to the Deutsche Mark from the start. With the replacement of the mark by the euro, the kuna's peg effectively switched to the euro. The choice of the name kuna was controversial because the same currency name had been used by the Independent State of Croatia, but this was dismissed as a red herring, since the same name was also in use during the Banovina of Croatia and by the State Anti-Fascist Council for the National Liberation of Croatia (ZAVNOH).[8] An alternative proposal for the name of the new currency was kruna (crown), divided into 100 banica (viceroy's wife), but this was deemed too similar to the Austro-Hungarian krone and found inappropriate for the country which is a republic,[8] even though Czechia and (until 2008) Slovakia have used currencies whose names translate to ""crown"". A long-time policy of the Croatian National Bank was to keep the fluctuations of the kuna's exchange rate against the euro (or, previously, the mark) within a relatively stable range. Since the introduction of the euro in 1999, the exchange rate between the two currencies rarely fluctuated to a substantial degree, remaining at a near constant 7.5:1 (HRK to EUR) rate. Croatia joined the European Union on 1 July 2013 and the Exchange Rate Mechanism on 10 July 2020 at a rate of 7.53450 HRK to €1.[11][12]"
dragged-0387,dragged,What is Croatia's current national currency?,outdated,Euro,,6,2023-02-17,https://www.bsi.si/en/media/1929/the-croatian-kuna-was-replaced-by-the-euro-how-can-it-be-exchanged-in-time,,,"The Bank of Slovenia co-designs, implements and oversees a system of prudential rules for safe and sound operations by banks and savings banks, and ensures financial stability through the regular monitoring and analysis of banks. Payment systems and securities settlement systems (settlement systems) are an important part of the economic and financial infrastructure, which allow for the transfer of funds and financial instruments between participants in payment and settlement systems. Euro banknotes and coins are legal tender in Slovenia. The Bank of Slovenia ensures that the Slovenian market is supplied with authentic and fit currency, exchanges tolar banknotes and damaged euro banknotes, and sells commemorative and collector coins to collectors and other members of the public. The Bank of Slovenia releases a range of publications covering its areas of activity. The focus is on analysis of the performance of the banking system, forecasts of economic developments, monitoring of direct investment, and international economic relations. The Croatian kuna was replaced by the euro. How can it be exchanged in time? 02/17/2023 / Press release Croatia joined the euro area on 1 January 2023, introducing the euro as its official currency. Thereby the Croatian currency was withdrawn from circulation. Any kuna that remain in the wallets and purses of people in Slovenia can be exchanged at banks, savings banks and currency exchange offices that hold the relevant Banka Slovenije authorisation. Until 28 February 2023, it is possible to exchange the kuna banknotes to euros commission-free at the Banka Slovenije counters as well. Croatia became the 20th member of the euro area on 1 January 2023. The exchange rate between the Croatian kuna and the euro is set at 7.5345 kuna to 1 euro. More detailed information about the introduction of the euro can be found on the website of the Croatian National Bank. Banka Slovenije clarifies that any remaining Croatian kuna may be exchanged for euros at any of the commercial banks or savings banks, and at certain currency exchange operators."
dragged-0387,dragged,What is Croatia's current national currency?,outdated,Euro,,7,2022-12-07,https://www.payset.io/post/what-is-the-currency-in-croatia-2023,,,"Want to learn more? Schedule a demo. Croatia will abandon its native currency, the Kuna, in favour of the euro early next year. â Payset will support users throughout the transition and convert user assets to euros as required beginning on December 12, 2022. â Kuna Exchange Rate Announced â The Council of the European Union has officially announced Croatiaâs transition to the new currency and has set an exchange rate of 7.53450 HRK = 1 EUR. Conversely, 1 HRK = 0.13272 EUR under the established exchange rate. â Croatia entered the EUâs Exchange Rate Mechanism II (ERM II) in 2020, which allowed it to establish a conversion rate at an early date and avoid possible devaluation. â The countryâs engagement with EU regulators also means that multiple banks in the country have been supervised by the European Central Bank since 2020.Â â Croatian National Bank, the countryâs central bank, has agreed to monitor developments around the kuna in the forex market until Jan. 1, 2023. â The Eurozone Is Expanding â Most European countries have now adopted the euro. With its entry into the union next year, Croatia will become the twentieth EU member state to do so. â Countries already using the euro include Austria, Belgium, Finland, France, Germany, Greece, Italy, the Netherlands, Portugal, and Spain, among others. â Lithuania joined the EU in 2015 and is the most recent country to adopt the euro. Romania and Bulgaria are expected to join the EU in the near future. â Croatiaâs adoption of the euro should bring the country into a stronger economic position."
dragged-0387,dragged,What is Croatia's current national currency?,outdated,Euro,,8,,https://tradingeconomics.com/croatia/currency,,,"Croatian Currency - EuroQuote - Chart - Historical Data - News The official currency of Croatia is the Euro. Historically, the Croatian Currency - Euro reached an all time high of 1.87 in July of 1973. The Euro US Dollar Exchange Rate - EUR/USD is expected to trade at 1.03 by the end of this quarter, according to Trading Economics global macro models and analysts expectations. Looking forward, we estimate it to trade at 1.00 in 12 months time. The euro is the official currency of Croatia, which is a member of the European Union. The Euro Area refers to a currency union among the European Union member states that have adopted the euro as their sole official currency. In Croatia, interest rate decisions are taken by the Governing Council of the European Central Bank."
dragged-0393,dragged,What is the host stadium of this year's Super Bowl?,outdated,Caesars Superdome,,0,2024-10-15,https://www.foxsports.com/stories/nfl/super-bowl-locations-dates,Caesars Superdome,correct,"Super Bowl locations, dates for 2025, 2026, 2027, 2028 After a thrilling Super Bowl LVIII, the world is wondering if the Kansas City Chiefs can three-peat. Find out where NFL history might be made in 2025 and where other future Super Bowl locations are scheduled to take place below. Tom Brady breaks down the Chiefs' odds of completing a Super Bowl three-peat | The Herd Caesars Superdome will host its 11th Super Bowl, with its most recent coming in 2013. Levi's Stadium has hosted only one other Super Bowl - Super Bowl 50. SoFi Stadium will host it's second Super Bowl in 2027 – the first was Super Bowl LVI. Mercedes-Benz Stadium will host its second Super Bowl, most recently in 2019."
dragged-0393,dragged,What is the host stadium of this year's Super Bowl?,outdated,Caesars Superdome,,1,,https://www.topendsports.com/events/super-bowl/hosts.htm,,,"Date, No. Venue. Feb 14, 2027, LXI, SoFi Stadium Inglewood, California. Feb 8, 2026, LX, Levi's Stadium Santa Clara, California."
dragged-0393,dragged,What is the host stadium of this year's Super Bowl?,outdated,Caesars Superdome,,2,2024-02-12,https://www.nbcsports.com/bayarea/49ers/super-bowl-locations-2023-2024-and-beyond,,,"New Orleans was originally set to host Super Bowl LVIII in 2024. However, due to conflicts with the Mardi Gras celebration, its turn as host was moved to 2025 and the game was played in Las Vegas. The Big Easy will host Super Bowl 59 on Feb. 9, 2025, at Caesars Superdome, home of the Saints. The Super Bowl will then be held in California for two consecutive seasons. Following Super Bowl LX at Levi's Stadium, Super Bowl LXI is set to be played at SoFi Stadium, home of the Los Angeles Rams and Chargers, which also hosted the Super Bowl LVI in 2022."
dragged-0393,dragged,What is the host stadium of this year's Super Bowl?,outdated,Caesars Superdome,,3,,https://www.allegiantstadium.com/events/detail/superbowl-lviii,,,"Super Bowl LVIII Things will look a little different at Allegiant Stadium for Super Bowl LVIII! The stadium campus will transform and fan access will not be the same as regular season Raiders games as far as parking, entry and security access. February 11, 2024 Super Bowl LVIII Things will look a little different at Allegiant Stadium for Super Bowl LVIII! The stadium campus will transform and fan access will not be the same as regular season Raiders games as far as parking, entry and security access. Things will look a little different at Allegiant Stadium for Super Bowl LVIII! The stadium campus will transform and fan access will not be the same as regular season Raiders games as far as parking, entry and security access. Additional information can be found at SuperBowl.com/EventInfo as gameday approaches. Please note, for Super Bowl LVIII all persons entering the Stadium, regardless of age, must have a ticket for the Game. Super Bowl 58 and related events are operated by the NFL and all related questions should be directed to Experience.Support@nfl.com."
dragged-0393,dragged,What is the host stadium of this year's Super Bowl?,outdated,Caesars Superdome,,4,,https://en.wikipedia.org/wiki/Super_Bowl,,,"Super Bowl XLIV, slated for February 7, 2010, was withdrawn from New York City's proposed West Side Stadium, because the city, state, and proposed tenants (New York Jets) could not agree on funding. Super Bowl XLIV was then eventually awarded to Sun Life Stadium in Miami Gardens, Florida. Super Bowl XLIX in 2015 was originally given to Arrowhead Stadium in Kansas City, Missouri, but after two sales taxes failed to pass at the ballot box (a renovation proposal had passed successfully, but a second ballot question to add a rolling roof structure to be shared with Kaufmann Stadium critical for the game to be hosted was rejected), and opposition by local business leaders and politicians increased, Kansas City eventually withdrew its request to host the game.[176] Super Bowl XLIX was then eventually awarded to University of Phoenix Stadium in Glendale, Arizona. Selection process The location of the Super Bowl is chosen at a meeting of all NFL team owners, usually three to five years before the event. The game has never been played in a metropolitan area that lacked an NFL franchise at the time the game was played, although in 2007 NFL commissioner Roger Goodell suggested that a Super Bowl might be played in London, perhaps at Wembley Stadium.[177] Through Super Bowl LVI, teams were allowed to bid for the rights to host Super Bowls, where cities submitted proposals to host a Super Bowl and were evaluated in terms of stadium renovation and their ability to host, but this competition was rescinded in 2018.[needs update][172][178] The league has made all decisions regarding hosting sites from Super Bowl LVII onward; the league chose a potential venue unilaterally, the chosen team put together a hosting proposal, and the league voted upon it to determine if it is acceptable.[179] In 2014, a document listing the specific requirements of Super Bowl hosts was leaked, giving a clear list of what was required for a Super Bowl host.[180]"
dragged-0393,dragged,What is the host stadium of this year's Super Bowl?,outdated,Caesars Superdome,,5,,https://www.wsn.com/nfl/super-bowl-locations/,,,"0, 1997, 2002, 2013. The capacity of the Caesars Superdome is 83,000. Second Place Second on the list is Hard Rock Stadium (formerly Joe Robbie Stadium, Pro Player Stadium, Dolphin Stadium, and Sun Life Stadium), where 5 Super Bowls have been played in 1989, 1995, 1999, 2007, and 2010. The capacity of Hard Rock Stadium is 65,326. Which Stadium Is Considered the All-Time Favorite Super Bowl Venue? That’s arguable, but the Orange Bowl in Miami has held five significant matchups over the course of NFL history. Super Bowl II – Green Bay Packers 33, Oakland Raiders 14 Super Bowl III – New York Jets 16, Baltimore Colts 7 Super Bowl V – Baltimore Colts 16, Dallas Cowboys 13 Super Bowl X – Pittsburgh Steelers 21, Dallas Cowboys 17 Super Bowl XIII – Pittsburgh Steelers 35, Dallas Cowboys 31 Two historic notes: Super Bowls II and III are the only two Super Bowls to be played in back-to-back years in the same stadium. Also, Super Bowl V was the first Super Bowl played on artificial turf. How Much Money Does a Host City Typically Make During the Super Bowl? Of course, that varies depending on the city, but let’s just say it’s millions and millions. Before Super Bowl LII took place at the U.S. Bank Stadium in Minneapolis, Minnesota, an economic impact report was done by the Minneapolis Super Bowl Host Committee. In this report, it was stated that much of the taxpayer investment in the stadium would be recouped by the region during the event. According to the report, it was estimated that the Super Bowl would contribute $343 million to the region, including $29 million in tax revenue. Do Cities Still Bid to Host the Super Bowl?"
dragged-0393,dragged,What is the host stadium of this year's Super Bowl?,outdated,Caesars Superdome,,6,2024-10-15,https://www.sportingnews.com/us/nfl/news/future-super-bowl-locations-host-cities-stadiums/a7ce401d26f867de92fd342d,Caesars Superdome,correct,"The NFL's biggest event of each year is the Super Bowl, and it does not let any run-of-the-mill stadium hold it. Stadiums must meet a very specific set of criteria, including that they're able to seat no fewer than 70,000 people, have either a roof or gameday temperature of more than 50 degrees, and have space for pregame entertainment. There must be enough hotels surrounding the hosting area to seat roughly 35 percent of the stadium capacity. Super Bowl 58 was hosted in Las Vegas' Allegiant Stadium, home of the Las Vegas Raiders. Where will the next several Super Bowls be hosted? Here's a look. Super Bowl 2025: New Orleans Few stadiums have seen as many prestigious events as the Caesars Superdome, formerly known as the Mercedes-Benz Superdome. Super Bowl 59 will mark the first that has been hosted under the name of Caesars Superdome. The domed venue can hold a maximum of 76,468 people for football games and has a turf field. In addition to seven Super Bowls (1978, '81, '86, '90, '97, 2002, '13), other notable events hosted here include the Sugar Bowl, the New Orleans Bowl, and the BCS National Championship four times. Every three years, it hosts College Football Playoff semifinal contests when the Sugar Bowl is among those. Many baseball games, Men's Final Fours, U.S. Women's National Team soccer matches, and major boxing matchups have also taken place there. Super Bowl 2026: Santa Clara, Calif. This will be the third time for the big game in the Bay Area. Levi’s Stadium, which originally opened in Santa Clara in 2014, played host to Super Bowl 50 when the Broncos bested the Panthers. San Francisco also reigned victorious in the long ago Super Bowl 19 at Stanford Stadium in Palo Alto when the 49ers beat the Dolphins following the 1984 season."
dragged-0393,dragged,What is the host stadium of this year's Super Bowl?,outdated,Caesars Superdome,,7,2024-10-15,https://www.si.com/nfl/super-bowl-locations-for-2025-2026-beyond-01ja8trm68y3,Caesars Superdome,correct,"The Super Bowl is the marquee event in American sports, and each year cities across the country engage in a competition to be named the host city for a Super Bowl. Hosting ""The Big Game"" comes with economic benefits as tens of thousands of people flood in for two weeks in February who wouldn't be there otherwise. It also is a mark of prestige for the stadium fortunate enough to host a Super Bowl. It makes for a competitive process. The NFL announces host cities for Super Bowls several years in advance due to the preparation and planning required for a city to hold such an endeavor. Super Bowl LVIII between the Kansas City Chiefs and San Francisco 49ers, for example, was held at Allegiant Stadium in Las Vegas. That was announced in 2021. To that end, where will the Super Bowl be in the coming years? Future Super Bowl Locations Here are all the Super Bowl locations that have been announced, stretching to 2028. YEAR SUPER BOWL STADIUM CITY 2025 Super Bowl LVIX Caesars Superdome New Orleans, La. 2026 Super Bowl LX Levi's Stadium Santa Clara, Ca. 2027 Super Bowl LXI SoFi Stadium Los Angeles, Ca. 2028 Super Bowl LXII Mercedes-Benz Stadium Atlanta, Ga. Super Bowl Location 2025 Super Bowl LVIX, to take place at the conclusion of the 2024 season on February 9, 2025, will be held at the Caesars Superdome in New Orleans, La. There have been a whopping 10 Super Bowls held in the Big Easy leading into Super Bowl LVIX and February will tie New Orleans for the most Super Bowls ever hosted with 11. Super Bowl Location 2026 Super Bowl LX, which will occur at the conclusion of the 2025 season on February 8, 2026, is scheduled to be held Levi's Stadium in Santa Clara, Ca."
dragged-0393,dragged,What is the host stadium of this year's Super Bowl?,outdated,Caesars Superdome,,8,2024-10-15,https://www.nfl.com/news/mercedes-benz-stadium-in-atlanta-to-host-super-bowl-lxii-in-2028,,,"The NFL announced Tuesday during the Fall League Meeting that Mercedes-Benz Stadium, home of the Falcons, will host Super Bowl LXII in 2028."
dragged-0393,dragged,What is the host stadium of this year's Super Bowl?,outdated,Caesars Superdome,,9,2024-10-15,https://www.cbssports.com/nfl/news/nfl-announces-atlanta-will-host-super-bowl-lxii-in-2028-marking-fourth-time-city-landed-big-event/,,,"Super Bowl LXII will be broadcast by CBS The NFL announced Tuesday afternoon that Atlanta will host Super Bowl LXII. The game will be played in February 2028 and mark the fourth time Atlanta has hosted the Super Bowl, and the second in Mercedes-Benz Stadium. The announcement took place in Atlanta during the league meetings, and it solidifies the sites of the sport's biggest game for the next four years. Super Bowl LXII will be broadcast by CBS. It will be the 23rd Super Bowl broadcast by CBS, a record among all networks. Atlanta hosted its first Super Bowl in 1994 when the Cowboys beat the Bills in Super Bowl XXVIII. The game returned to the Georgia Dome in 2000 when the Rams beat the Titans. And in 2019, the Patriots beat the Rams in Super Bowl LIII in Mercedes-Benz Stadium, which had opened less than two years earlier. This year's Super Bowl will be held in New Orleans, followed by Super Bowl LX at Levi's Stadium and LXI at SoFi Stadium. NFL commissioner Roger Goodell has said he expects Las Vegas, which hosted last year's Super Bowl, to be a regular in the Super Bowl rotation that will include New Orleans, Miami and L.A. New stadiums usually get a crack at a Super Bowl, as well. The Titans will open their new stadium in 2027 and potentially be in line for its first Super Bowl. Jacksonville's stadium could open as early as 2028, and the city would be up for its second Super Bowl -- and first since 2005. Though the league announced the Atlanta Super Bowl to be played on Feb. 13, 2028, that could change over the coming years. If the league moves to an 18-game regular season, it would likely remove one preseason game and add a second bye week. That would make the season one week later and could potentially move the date of the future game. The league has floated the idea of lining up the Super Bowl a day before Presidents Day to make the Super Bowl an ostensible national holiday."
dragged-0395,dragged,Who is the most recent former Prime Minister of the United Kingdom?,outdated,Rishi Sunak,date_absent,0,,https://www.gov.uk/government/history/past-prime-ministers,,,21st century ; The Rt Hon Elizabeth Truss. 2022 to 2022 ; The Rt Hon Rishi Sunak MP. 2022 to 2024 ; The Rt Hon Boris Johnson. 2019 to 2022 ; The Rt Hon Theresa May.
dragged-0395,dragged,Who is the most recent former Prime Minister of the United Kingdom?,outdated,Rishi Sunak,date_absent,1,,https://en.wikipedia.org/wiki/List_of_prime_ministers_of_the_United_Kingdom,,,"There is no specific date for when the office of prime minister first appeared, as the role was not created but rather evolved over time through a merger of duties.[1] The term was regularly, if informally, used by Robert Walpole by the 1730s.[2] It was used in the House of Commons as early as 1805,[3] and it was certainly in parliamentary use by the 1880s,[4] although did not become the official title until 1905, when Arthur Balfour was prime minister. ^ abResigned on 10 February 1746, reappointed by George II on 12 February 1746. ^Pitt served as a Member of Parliament for Bath for the first five days of his premiership (30 July – 4 August 1766). He relinquished his Commons seat in order to take the office of Lord Privy Seal, which required his elevation to the House of Lords. Englefield, Dermot; Seaton, Janet; White, Isobel (1995). Facts About the British Prime Ministers. Mansell Publishing. ISBN978-0-7201-2306-7. All Prime Ministers ... were members of the Privy Council ... This means they are entitled to be addressed as 'The Right Honourable'. ""Rt Hon Boris Johnson"". Parliament.uk. UK Parliament. Archived from the original on 5 April 2022. Retrieved 6 September 2022. First Lord of the Treasury, Minister for the Civil Service, and Minister for the Union. ""Rt Hon Elizabeth Truss MP"". Parliament.uk. UK Parliament. Archived from the original on 16 March 2024. Retrieved 21 April 2024. First Lord of the Treasury and Minister for the Civil Service, and Minister for the Union. ""Rt Hon Gordon Brown"". Parliament.uk. UK Parliament. Archived from the original on 20 April 2012. Retrieved 30 August 2018. First Lord of the Treasury and Minister for the Civil Service. ""Rt Hon Rishi Sunak MP"". Parliament.uk."
dragged-0395,dragged,Who is the most recent former Prime Minister of the United Kingdom?,outdated,Rishi Sunak,date_absent,2,,https://www.ox.ac.uk/about/oxford-people/british-prime-ministers,,,"Share This British Prime Ministers Thirty-one British Prime Ministers have been educated at Oxford University. Of these, 13 were educated at Christ Church, four at Balliol, three at Trinity, two at Brasenose and one each at Hart Hall (now Hertford), Jesus College, Lincoln, Merton, St Edmund Hall, St Hugh's, St John's, Somerville and University."
dragged-0395,dragged,Who is the most recent former Prime Minister of the United Kingdom?,outdated,Rishi Sunak,date_absent,3,,https://en.wikipedia.org/wiki/Prime_Minister_of_the_United_Kingdom,,,"Upon the retirement of a prime minister who is Scottish, it is likely that the primarily Scottish honour of Knight of the Thistle (KT) will be used instead of the Order of the Garter, which is generally regarded as an English honour.[n 4] Historically it has also been common to grant prime ministers a peerage upon retirement from the Commons, elevating the individual to the Lords. Formerly, the peerage bestowed was usually an earldom.[n 5] The last such creation was for Harold Macmillan, who resigned in 1963. Unusually, he became Earl of Stockton only in 1984, over twenty years after leaving office. The most recent former prime minister to die was Margaret Thatcher (1979–1990) on 8 April 2013. Her death meant that for the first time since 1955 (the year in which the Earldom of Attlee was created, subsequent to the death of Earl Baldwin in 1947) the membership of the House of Lords included no former prime minister, a situation which remained the case until David Cameron was appointed to the House in November 2023. Activities There are currently no established roles or job positions for former prime ministers following their resignations or after leaving office unexpectedly. It depends on their personal choice and reasons surrounding the need to take on such positions. During the 18th and 19th centuries, many former prime ministers, who were wealthy members of the nobility, would often simply retire to their country estates. The first prime minister, Robert Walpole, accumulated large personal wealth while serving in office and from previous investments made in the 1710s. Prime Ministers Lord Bute and Lord Rosebery were among the wealthiest men in the country during their retirements and are often touted as some of the wealthiest to serve as in office. However some prime ministers, such as William Pitt the Elder and his son William Pitt the Younger, amassed large public debts that were later paid off by parliament. In 1937, a official pension for former prime ministers was given at the sum of £"
dragged-0395,dragged,Who is the most recent former Prime Minister of the United Kingdom?,outdated,Rishi Sunak,date_absent,4,2024-12-01,https://www.britannica.com/place/list-of-prime-ministers-of-Great-Britain-and-the-United-Kingdom-1800350,,,"The office of prime minister developed in Britain in the 18th century, when King George I ceased attending meetings of his ministers and it was left to powerful premiers to act as government chief executive. Sir Robert Walpole is generally considered to have been Britain’s first prime minister. This is a chronologically ordered list of the prime ministers, from the earliest to the most recent."
dragged-0395,dragged,Who is the most recent former Prime Minister of the United Kingdom?,outdated,Rishi Sunak,date_absent,5,,https://www.bbc.com/news/uk-63345272,,,"Rishi Sunak: A quick guide to the UK’s former prime minister Rishi Sunak resigned as prime minister on Friday 5 July after losing the 2024 election. Here's what you need to know about him. He was the UK prime minister for 20 months Rishi Sunak was appointed as leader of the Conservative Party on 25 October 2022. In the 2024 election, Labour won the most seats in Parliament, meaning they will form the next government. Mr Sunak won in his constituency of Richmond in North Yorkshire, where he told supporters: ""The British people have delivered a sobering verdict tonight, there is much to learn... and I take responsibility for the loss. "" He then resigned as prime minister and leader of the Conservative Party but will remain an MP. He became PM after Liz Truss resigned Mr Sunak lost to Liz Truss in a Conservative Party leadership race in September 2022, after Boris Johnson resigned as prime minister. But Truss also resigned, just six weeks after becoming PM, following her decisions which damaged the economy. Mr Sunak quickly secured the support of his fellow Conservative MPs to secure his place at No 10. He made five pledges to the British people Shortly after becoming PM, Sunak promised to halve inflation, grow the economy, reduce government debt, cut NHS waiting lists, and stop illegal immigrants coming to the UK in small boats across the Channel. He is the son of immigrants His parents came to the UK from east Africa and are both of Indian origin. Mr Sunak was born in Southampton in 1980, where his father was a GP and his mother ran a pharmacy. He went to the boarding school Winchester College, then studied Philosophy, Politics and Economics at Oxford, and business at Stanford in America. He was Britain's first Asian prime minister. He's only been an MP for nine years Mr Sunak was first elected as an MP in 2015. But he rose quickly through the Conservative Party and was made finance minister - or chancellor - in February 2020 under Boris Johnson."
dragged-0395,dragged,Who is the most recent former Prime Minister of the United Kingdom?,outdated,Rishi Sunak,date_absent,6,,https://x.com/rishisunak?lang=en,,,@RishiSunak. MP for Richmond and Northallerton. Former Prime Minister of the United Kingdom. Joined September 2019. 268 Following · 2.3M Followers · Posts.
dragged-0395,dragged,Who is the most recent former Prime Minister of the United Kingdom?,outdated,Rishi Sunak,date_absent,7,,https://www.historic-uk.com/HistoryUK/HistoryofBritain/Prime-Ministers-of-Britain/,,,"Prime Ministers of Great Britain Prime Ministers of Britain since 1721 including Margaret Thatcher, Tony Blair and Robert Walpole. Ellen Castelow 39 min read The Prime Minister is the political leader of the United Kingdom and is the head of the Government. There were 15 Prime Ministers during the 70 year reign of Queen Elizabeth II, some more than once. The official residence of the Prime Minister of Britain is 10 Downing Street, London. Earl of Wilmington – Suffering poor health for most of his time as Prime Minister, he died in office. Whig 1743-54 Henry Pelham – During his time in the post he oversaw the the British involvement in the War of the Austrian Succession in 1744-48, the 1745 Jacobite Rising and the adoption of the Gregorian calender. He died in office. Whig 1754-56 Thomas Pelham-Holles, Duke of Newcastle – Assumed the office of Prime Minister just 10 days after the death of his brother Henry Pelham. During the Seven Years’ War, he was blamed for the loss of Minorca and was replaced by the Duke of Devonshire. Whig 1756-57 William Cavendish, Duke of Devonshire – In a government effectively controlled by Pitt the Elder, Devonshire’s administration was brought to end following the dismissal of Pitt by the king, it was replaced by the Second Newcastle Ministry. Whig 1757-62 Thomas Pelham-Holles, Duke of Newcastle – Returning to office with Pitt the Elder as Southern Secretary, this government helped steer Britain to ultimate victory over France and Spain during the Seven Years’ War. Whig 1762-63 John Stuart, 3rd Earl of Bute – A favourite of George III, he was the first Scot to hold the top office. Unpopular with the ‘great unwashed’, he introduced a tax on cider in order to help pay for the Seven Years’ War. He resigned following fierce criticism of his handling of the peace negotiations."
dragged-0395,dragged,Who is the most recent former Prime Minister of the United Kingdom?,outdated,Rishi Sunak,date_absent,8,,https://bitaboutbritain.com/british-prime-ministers/,,,"The Labour Party grew out of the trade union and socialist movements of the 19th century and was founded in 1900. The last Liberal Party Prime Minister was David Lloyd George (1863-1945), who left office in October 1922. There has not been a Liberal government since. However, a brief ‘Lib-Lab Pact’ was formed in 1977-78 during the minority Labour government of Jim Callaghan. Also, under the leadership of Nick Clegg (b 1967), the by then renamed Liberal Democrats formed a coalition government with the Conservatives from 2010-15. Liberal politicians also supported national and wartime coalitions from 1937-45. Since 1922, there have been fifteen Conservative Prime Ministers and seven Labour (including Kier Starmer). Several prime ministers have served more than one term. Currently, the maximum term of a government – and therefore in theory a prime minister – is five years. Below is a bit about Britain’s more recent Prime Ministers, in reverse chronological order. Click or tap on a name for more information. Keir Starmer Labour 2024 – date Born: 2 September 1962 in Southwark, London. Background: Sir Keir Rodney Starmer was allegedly named after Keir Hardie (1856-1915), the first leader of the parliamentary Labour Party. Proud of his roots, he is fond of saying his father was a toolmaker and his mother a nurse. He grew up in Oxted, Surrey and attended a local grammar school, where he enjoyed music and football. He went on to study law at the University of Leeds, then St Edmund Hall, Oxford, and became a barrister, specialising in human rights. He was Director of Public Prosecutions from 2008-13 and was knighted for services to law and criminal justice in 2014."
dragged-0395,dragged,Who is the most recent former Prime Minister of the United Kingdom?,outdated,Rishi Sunak,date_absent,9,2022-12-30,https://www.opb.org/article/2022/12/30/3-prime-ministers-2-monarchs-1-year-this-was-britain-s-tumultuous-2022/,,,"But many analysts said long-term problems contributed. They include the country's lack of a written constitution and the Conservative Party's selection of leaders, such as Theresa May, Boris Johnson and Liz Truss, who promised voters solutions they couldn't deliver. ""Each of themis essentially telling their party and the country that it can — to use Boris Johnson's phrase — have its cake and eat it, too, only to discover, 'surprise, surprise' ... that it can't,"" says Tim Bale, a professor of politics at Queen Mary University of London and author of the upcoming book, The Conservative Party after Brexit. ""I actually don't think ... the U.K. is inherently ungovernable, but I think if you try to govern it on the basis of fantasy, then you're going to eventually get caught. "" The royal family saw renewed tumult but still enjoys strong public support Much of this year's dramatic change emanated from the Conservative Party and another major British institution, the royal family. Queen Elizabeth II died in September, followed by 10 days of mourning as the country said goodbye to the only monarch most Britons had ever known. People lined up for miles along the River Thames for the chance to see the queen's casket, which lay in state in the Houses of Parliament. Left: The procession following the coffin of Queen Elizabeth II, aboard the State Hearse, travels up The Long Walk in Windsor on Sept. 19. Right: Britain's King Charles III walks behind the coffin of Queen Elizabeth II, during a procession from Buckingham Palace to the Palace of Westminster, in London on Sept. 14. The royal family now faces a generational challenge: how to remain relevant when its most popular, unifying figure is gone. King Charles III, 74, did not generate much enthusiasm before his mother's passing. But in polls soon afterward, the percentage of those who thought he would make a good king nearly doubled, from 32% to 63%. December was a rocky month for the royals."
dragged-0403,dragged,What was the largest acquisition deal of a tech company in history?,outdated,Microsoft's acquisition of Activision Blizzard for $68.7 billion,,0,,https://www.ig.com/en/trading-strategies/the-10-biggest-tech-acquisitions-230111,,,"As a result, many companies have ramped up efforts to adapt to the evolution of technology. This is why so many organisations have set their sights on the acquisition of popular tech start-ups. According to a recent report, the annual tech acquisition spend in 2021 soared above $1 trillion.1 If the trajectory continues, 2022 will set a new record. What is an acquisition? An acquisition is when one company takes over another – either in its entirety, or a majority share thereof. There are two ways to acquire a company: through a hostile takeover or a friendly takeover. A hostile takeover is the term used to describe when a company is bought by another without its consent. Generally, the buying company purchases a majority amount of shares to get a controlling stake in another company. On the other end of the spectrum, there’s a friendly takeover, when both companies agree to the terms of the acquisition. Note that an acquisition and a merger are also two different concepts. A merger refers to when both companies find value in combining forces where there’s synergy in the product or service offered and they wish to come together as equals."
dragged-0403,dragged,What was the largest acquisition deal of a tech company in history?,outdated,Microsoft's acquisition of Activision Blizzard for $68.7 billion,,1,,https://dealroom.net/blog/software-mergers-and-acquisitions,,,"The fact that so many of these deals go so far back suggests that it wonât be too long before we see new more recent deals added to the list. Largest tech (software) M&A deals Dellâs acquisition of EMC for $67B (2015) IBMâs acquisition of RedHat for $34B (2018) Salesforceâs acquisition of Slack for $27.7B (2020) Microsoftâs acquisition of LinkedIn for $26B (2016) Facebookâs acquisition of Whatsapp for $21.8B (2014) Salesforceâs acquisition of Tableau for $15.7B (2019) So, let's dive into each deal specifically. Btw if you are looking for largest M&A deals of all time you can read about them here. 1. Dellâs acquisition of EMC for $67B (2015) Dellâs acquisition of EMC, itself effectively a conglomerate of software companies, is not only the biggest software industry acquisition on record. It is also one of the most controversial: It needed approval on the EMC side from the Chinese government, one of the companyâs major shareholders AND Dell had to take on nearly $50 billion in debt to fund it. However, as a private company, Dell was able to avoid much of the scrutiny that would have dogged other transactions of this scale. Despite everything, the deal was a relative success: Dell went public again in 2018 - thought to be motivated by the need to fund this deal - and is now valued at nearly four times the value as it was at that time. 2."
dragged-0403,dragged,What was the largest acquisition deal of a tech company in history?,outdated,Microsoft's acquisition of Activision Blizzard for $68.7 billion,,2,,https://www.pcmag.com/news/the-biggest-tech-mergers-and-acquisitions-of-all-time,,,"Tech companies have a lot of money. Alphabet, Amazon, Apple, and Microsoft have eclipsed a trillion-dollar market cap. And one thing tech giants love to do with their money is scoop up other companies in massive merger and acquisition (M&A) deals. Every year, billions upon billions of dollars change hands in service of corporate consolidation. New blockbuster tech deals reshape the landscape so often that we decided to keep track of the most lucrative ones. The list starts with deals of only a couple billion and works its way up to the biggest tech mergers and acquisitions we've seen to date. You won't find futile efforts like Broadcom's blocked $121 billion deal to buy Qualcomm, Qualcomm's failed $47 billion bid for NXP Semiconductors, or Nvidia's seemingly doomed bid for Arm. Those struggles exemplify one very important rule: the deal isn't closed until it clears government and regulatory approval. If a deal has been announced but hasn't yet closed, you'll see an asterisk next to its entry on the list. We're also not including stock buybacks, public companies going private via buyout, or—for the most part—the massive consolidation in the telecommunications and media spaces, because we have to draw the line somewhere. We'll update this list as new tech mergers and acquisitions emerge. Thanks to capitalism and the tech industry's outsize influence on the economy, you can be sure that eventually, there will always be a bigger deal. Rob Marvin contributed to this story. Advertisement Google Acquires Fitbit for $2.1 Billion Google's wearOS has struggled to topple Apple's watchOS, so in 2020, it acquired fitness tracker favorite Fitbit for $2.1 billion. How Google will use Fitbit's technology is still unclear, but the deal opens a path for the tech giant to start producing its own company-branded smartwatch. Google is also absorbing the 29 million active users who currently wear Fitbit health-tracking devices."
dragged-0403,dragged,What was the largest acquisition deal of a tech company in history?,outdated,Microsoft's acquisition of Activision Blizzard for $68.7 billion,,3,,https://en.wikipedia.org/wiki/List_of_largest_mergers_and_acquisitions,,,"""Megamerger"" redirects here. For distributed algorithm in computing, see Mega-Merger. The following tables list the largest mergers and acquisitions by decade of transaction. Transaction values are given in the US dollar value for the year of the merger, adjusted for inflation. As of February 2024[update], the largest ever acquisition was the 1999 takeover of Mannesmann by Vodafone Airtouch plc at $183 billion ($334.7 billion adjusted for inflation). AT&T appears in these lists the most times with five entries, for a combined transaction value of $311.4 billion. Mergers and acquisitions are notated with the year the transaction was initiated, not necessarily completed. Mergers are shown as the market value of the combined entities. Error when using {{Inflation}}: |start_year=2024 (parameter 3) is greater than the latest available year (2023) in index ""US"". — Error when using {{Inflation}}: |start_year=2024 (parameter 3) is greater than the latest available year (2023) in index ""US"". In December 2016, China continued its consolidation drive, focusing on their mining sector where China Minmetals Corp took over equipment maker China Metallurgical Group Corp. Minmetals was China's biggest steel and base metals trader with revenue of more than $50 billion last year, whilst China Metallurgical Group reported revenues of more than $33 billion.[405][406] 3 2017 Sinograin China National Cotton Reserves Corp. 213.0 264.8 In January 2017, the Chinese government confirmed the merger of China National Cotton Reserves Corp and Sinograin as part of their drive to reduce the number of state-owned enterprises to a target of 100.[407] Merger of the Chinese state-controlled ChemChina and Sinochem in a deal reported to be worth $120 billion.[408]"
dragged-0403,dragged,What was the largest acquisition deal of a tech company in history?,outdated,Microsoft's acquisition of Activision Blizzard for $68.7 billion,,4,2025-03-27,https://dealroom.net/blog/successful-acquisition-examples,,,"Biggest mergers and acquisitions examples list Reading this list, it can seem that the biggest deals are doomed to failure (at least from the perspective of their shareholders). But thankfully, that just isnât the case. Some of the biggest M&A transactions of the past 30 years have been outstanding successes. Many of these deals have achieved what they set out to do at the outset - to reshape industries on the strength of a single deal. With that in mind, let's take a closer look at 25 companies that recorded the largest mergers and acquisitions in history. As of March 2024, the takeover of Mannesmann by Vodafone in 2000 was still one of the largest acquisitions ever made. Worth ~$203 billion at that time, Vodafone, a mobile operator based in the United Kingdom, acquired Mannesmann, a German-owned industrial conglomerate company. This deal made Vodafone the worldâs largest mobile operator and set the scene for dozens of mega deals in the mobile telecommunications space in the years that followed. This deal is still considered as the biggest acquisition in history. The merger between Shenhua Group and China Guodian Corporation is the biggest example of a merger of equals that happened in 2017. Shenhua Group is Chinaâs largest coal provider, while China Guodian Corporation is one of the top five electricity producers. This $278 billion merger created the worldâs largest power utility company by installed capacity. The goal of the merger was to create a balanced energy portfolio between coal power and renewable energy. This is to align with Chinaâs broader environmental and economic objectives. 3."
dragged-0403,dragged,What was the largest acquisition deal of a tech company in history?,outdated,Microsoft's acquisition of Activision Blizzard for $68.7 billion,,5,,https://www.ansarada.com/mergers-acquisitions/tech-acquisitions,,,"Understanding the largest technology acquisition and merger deals, what worked and what didn’t, can help to inform a successful tech acquisition strategy. What is a technology acquisition? A tech acquisition is when a company acquires (does a deal to buy) a smaller technology company to gain access to technology it owns or has developed to incorporate this tech into its range of products and services to increase market opportunities and amplify its capabilities. A tech acquisition allows the acquiring company to benefit from new technology without undertaking research and development. Both parties may consent to a ‘friendly takeover’ and negotiate the acquisition terms. In a ‘hostile takeover’, the acquiring company buys an entire company or majority shareholding in that company without consent. Tech-based mergers and acquisitions may occur between established companies or in emerging markets and products. Tech acquisitions' role in industry growth Tech acquisitions have a central role in growth in the technology industry. A merger or acquisition may benefit both parties, offering an exit strategy for startup founders or an opportunity for both companies to expand into new markets. Creating synergy For example, software and hardware technologies combine to create a new product or service. Combined companies share resources, including intellectual property (IP), knowledge, and processes and can find cost efficiencies that benefit the outcomes. Improving time to market Resources from each tech company are combined to accelerate research, development and release of a timely and relevant product. An acquisition of a tech start-up or smaller company may benefit the smaller company by bringing innovative technology to market faster, perhaps in industries or applications where a smaller company does not have market entry. Bringing innovation into new industries New technologies are required to solve emerging and modern problems in industries like defence, security and health. Large companies may not pivot quickly from established solutions to find timely answers to new challenges in rapidly evolving markets. Emerging requirements are an opportunity for mid-size and smaller hardware or software companies with capital to acquire the knowledge and technology to provide timely solutions ahead of larger businesses."
dragged-0403,dragged,What was the largest acquisition deal of a tech company in history?,outdated,Microsoft's acquisition of Activision Blizzard for $68.7 billion,,6,2024-08-22,https://grata.com/resources/mergers-and-acquisitions-examples,,,"9 of the Biggest M&A Deals of All Time Across industries, corporates are constantly searching for ways to grow their revenue and market dominance. Mergers and acquisitions (M&A) are one of the main strategies companies use to achieve those goals. Here, weâre breaking down 9 of the biggest M&A deals of all time. From strengthening product lines to streamlining processes to driving major innovation, these companies joined forces to make their new unit more competitive: Vodafone and Mannesmann AOL and Time Warner Heinz and Kraft Bayer and Monsanto Exxon and Mobil Disney and Pixar Google and Android Facebook and WhatsApp Microsoft and LinkedIn Below, we analyze whether their efforts were ultimately successful, the challenges they faced, and the lessons these deals offer. Vodafone and Mannesmann Background and Details Vodafone AirTouch Plc acquired Mannesmann AG in February 2000 for a staggering $183B. This transaction, which began as a hostile takeover bid in November 1999, stands as one of the largest corporate mergers in history. Vodafone, a British multinational telecommunications company, set its sights on Mannesmann, a German conglomerate with significant telecommunications holdings, to solidify its position in the burgeoning European mobile market. At the time, Mannesmann was a major player in Germany's telecommunications sector and had recently acquired Orange, a UK mobile operator. Strategic Fit and European Market Expansion The strategic rationale behind Vodafone's bold move was clear: to create a pan-European wireless powerhouse. By acquiring Mannesmann, Vodafone gained instant access to key markets in Germany, Italy, and other European countries where Mannesmann held strong positions. Â This expansion allowed Vodafone to significantly increase its subscriber base and network coverage across the continent. Successes from the Deal The merger brought substantial benefits: Cost savings:"
dragged-0403,dragged,What was the largest acquisition deal of a tech company in history?,outdated,Microsoft's acquisition of Activision Blizzard for $68.7 billion,,7,,https://www.techspot.com/trivia/79-what-biggest-tech-acquisition-history/,Microsoft's acquisition of Activision Blizzard for $68.7 billion,correct,"And now, for some context Microsoft's acquisition of Activision Blizzard has officially been completed, making it the largest tech industry buyout in history at $68.7 billion. The deal, which overcame significant antitrust hurdles in both the U.S. and abroad, not only represents Microsoft's largest acquisition to date but also significantly reshapes the video game landscape by bringing popular franchises like Call of Duty, World of Warcraft, and Candy Crush under Microsoft's umbrella. This monumental deal surpasses the previous record held by Dell's acquisition of enterprise storage company EMC for $67 billion in cash and stock, which was announced in 2015 and completed in 2016. In third place is Elon Musk's acquisition of Twitter (now rebranded as X), which he ultimately purchased in October 2022 for the originally agreed-upon amount of $44 billion after some public back and forth, taking the company private. Nvidia's failed attempt to acquire Arm would have taken a place in this list. The $40 billion transaction would have marked one of the biggest semiconductor purchases in the multi-decade history of the chip business. The amazing irony was that the deal didn't involve any chips at all. Years prior, Softbank had purchased Arm for nearly $32 billion. After the failed saga of Nvidia trying to buy Arm, the position of both companies remain stronger than ever – especially Nvidia's. Fourth place goes to the merger of renowned chipmaker Broadcom with rival Avago Technologies in a cash and stock deal valued at $37 billion. In 2020, AMD reached an agreement to purchase FPGA specialist Xilinx in an all-stock deal valued at $35 billion. To round out the top acquisitions in tech history, IBM acquired open-source software developer Red Hat for $34 billion. The deal took place in 2018, after IBM and Red Hat had been partners on enterprise-grade Linux for over 20 years."
dragged-0403,dragged,What was the largest acquisition deal of a tech company in history?,outdated,Microsoft's acquisition of Activision Blizzard for $68.7 billion,,8,2015-10-13,https://www.weforum.org/stories/2015/10/the-12-biggest-technology-acquisitions-of-all-time/,,,These are the 12 biggest technology company acquisitions of all time · 1. Dell Inc agrees to buy EMC for $67 billion in 2015 · 2. Avago ...
dragged-0405,dragged,How many novels has Stephen King published?,outdated,Over 60,,0,,https://en.wikipedia.org/wiki/Stephen_King_bibliography,,,"An exclusive 40-page chapbook, released in June 2024, included an outline; screenplay; 18 behind-the-scenes photos from the award-winning short film and alternate posters. It is based on the story by Stephen King and Richard Chizmar. The Trapped screenplay was written by Chizmar for the 2019 short film of the same name. The chapbook, which is not for sale, became available as a condition through a limited-time e-mail offer from Cemetery Dance Publications when pre-ordering Chizmar's forthcoming novel, Memorials, due October 22, 2024.[needs update]"
dragged-0405,dragged,How many novels has Stephen King published?,outdated,Over 60,,1,2023-08-10,https://www.reddit.com/r/stephenking/comments/15nfbju/how_many_books_does_stephen_king_have_out/,,,"My goal is to read all of Stephen King's books. I know he has written over 65 novels, but how many total does he have?"
dragged-0405,dragged,How many novels has Stephen King published?,outdated,Over 60,,2,2024-01-25,https://bibliolifestyle.com/stephen-king-books-in-order/,Over 60,correct,"Stephen King Books in Order (Updated 2024) Take a trip through time and check out every book from one of the greatest authors. Are you an avid Stephen King fan? If so, then you’re in the right place! In this article, I’m sharing a list of all of Stephen King’s books in order. Whether you love horror classics like IT and The Shining or more recent works such as The Outsider and Doctor Sleep, here you will find them all listed chronologically by date of publication. Get ready to take a trip through time – from Carrie, published back in 1974, to his latest collection coming out in 2024. Plus, you’ll see first-hand how masterful one of the greatest authors has been for now almost 5 decades. But first, who is Stephen King? Stephen King is an American author of horror, supernatural fiction, suspense, science fiction, and fantasy. He has published over 60 novels and over 200 short stories throughout his career, many of which have been adapted into films or TV series. Stephen King’s books often focus on themes such as alienation, violence, and the struggle between good and evil. What should be the first Stephen King book to read? I personally recommend that you start with Salem’s Lot. In the novel, Ben Mears returns to Jerusalem’s Lot in hopes that exploring the history of the Marsten House, an old mansion long the subject of rumor and speculation, will help him cast out his personal devils and provide inspiration for his new book. For beginners, I think it’s a great place to start and a personal favorite. I also shared my Salem’s Lot 2024 adaptation review that you can read or watch, plus the differences between the Salem’s Lot movie vs book. If you’re looking for more options, I highly recommend you check out my 8 Must-Read Stephen King Books and Where To Start article because Stephen King has written so many books, and narrowing down the ones worth your time as a beginner can get overwhelming. What is Stephen King’s longest book? The longest Stephen King book is The Stand, which was first published in 1978 and has since gone through several editions."
dragged-0405,dragged,How many novels has Stephen King published?,outdated,Over 60,,3,,https://en.wikipedia.org/wiki/Stephen_King,,,"He's done the screen adaptations for a number of my novels. He did Misery, Dreamcatcher and he also did Hearts in Atlantis, and although he's not credited, he worked on Dolores Claiborne as well, so Bill and I go back a long way. I admired his books before I ever met him and as a kind of return tip of the cap, he put me in that book The Princess Bride. ""[147] Carrie was included on the New York Public Library's list of Books of the Century under the category ""Pop Culture Mass & Entertainment"".[237] In 2008, On Writing was ranked 21st on Entertainment Weekly's list of ""The New Classics: The 100 Best Reads from 1983 to 2008"".[238] It also made Time's list of the 100 greatest nonfiction books published since the magazine's founding in 1923. Gilbert Cruz wrote, ""it's the most practical and unpretentious writer's manual around—as practical and unpretentious as its author, who, yes, just happens to be one of the world's most famous novelists. ""[239] 11/22/63 (2011) was named one of the five best fiction books of the year in The New York Times: ""Throughout his career, King has explored fresh ways to blend the ordinary and the supernatural. His new novel imagines a time portal in a Maine diner that lets an English teacher go back to 1958 in an effort to stop Lee Harvey Oswald and—rewardingly for readers—also allows King to reflect on questions of memory, fate and free will as he richly evokes midcentury America. The past guards its secrets, this novel reminds us, and the horror behind the quotidian is time itself. ""[240] ^Terry Gross. ""Stephen King: 'My Imagination Was Very Active — Even At A Young Age"". National Public Radio. I'"
dragged-0405,dragged,How many novels has Stephen King published?,outdated,Over 60,,4,,https://stephenking.com/works/index.html,,,"A complete list of Stephen King's written works., organized alphabetically."
dragged-0405,dragged,How many novels has Stephen King published?,outdated,Over 60,,5,,https://www.deadgoodbooks.co.uk/profile-stephen-king/,,,"Stephen King books in order Master thriller writer Stephen King has penned over 50 novels, selling 350 million copies in a career that spans over 40 years. “If you don’t have time to read, you don’t have the time (or the tools) to write. Simple as that. ” Stephen King Famous for his terrifying prose, King writes horror, supernatural, science fiction, fantasy and, more recently, crime novels. When asked why he writes, King responds: “The answer to that is fairly simple — there was nothing else I was made to do. I was made to write stories and I love to write stories. That’s why I do it. I really can’t imagine doing anything else and I can’t imagine not doing what I do.” Having penned over 200 short stories – many set in his home town of Maine and the most famous arguably being his novella Rita Hayworth and Shawshank Redemption, the basis for the movie The Shawshank Redemption – it was no surprise when he was awarded a National Medal of Arts from the United States National Endowment for the Arts for his contributions to literature in 2015. Did you know… 1. King credits The Lurker of the Threshold, a short story collection by HP Lovecraft as the catalyst to him becoming a writer. 2. More Stephen King books have been adapted into films than any other living author. 3. Stephen King also writes under two pen names: Richard Bachman and John Swithen. 4. Carrie was originally planned as a short story but King threw out the first draft. It was rescued by his wife Tabitha. 5. Mr Mercedes, King’s first ‘hard-boiled detective book’, was first published in 2014 and featured retired detective Bill Hodges. It won an Edgar Award and, as the first in a trilogy, was followed by Finders and Keepers and End of Watch. The Silence of the Lambs by Thomas Harris 87 Comments I’m only missing 4 of the 60 Novels but I also have many more books written by Stephen Kings’."
dragged-0405,dragged,How many novels has Stephen King published?,outdated,Over 60,,6,,https://stephenking.com/the-author/,,,"'s magazines. Stephen made his first professional short story sale (""The Glass Floor"") to Startling Mystery Stories in 1967. Throughout the early years of his marriage, he continued to sell stories to men's magazines. Many of these were later gathered into the Night Shift collection or appeared in other anthologies. In the fall of 1971, Stephen began teaching high school English classes at Hampden Academy, the public high school in Hampden, Maine. Writing in the evenings and on the weekends, he continued to produce short stories and to work on novels. In the spring of 1973, Doubleday & Co. accepted the novel Carrie for publication. On Mother's Day of that year, Stephen learned from his new editor at Doubleday, Bill Thompson, that a major paperback sale would provide him with the means to leave teaching and write full-time. At the end of the summer of 1973, the Kings moved their growing family to southern Maine because of Stephen's mother's failing health. Renting a summer home on Sebago Lake in North Windham for the winter, Stephen wrote his next-published novel, originally titled Second Coming and then Jerusalem's Lot, before it became 'Salem's Lot, in a small room in the garage. During this period, Stephen's mother died of cancer, at the age of 59. Carrie was published in the spring of 1974. That same fall, the Kings left Maine for Boulder, Colorado. They lived there for a little less than a year, during which Stephen wrote The Shining, set in Colorado. Returning to Maine in the summer of 1975, the Kings purchased a home in the Lakes Region of western Maine. At that house, Stephen finished writing The Stand, much of which also is set in Boulder. The Dead Zone was also written in Bridgton. In 1977, the Kings spent three months of a projected year-long stay in England, cut the sojourn short and returned home in mid-December, purchasing a new home in Center Lovell, Maine."
dragged-0405,dragged,How many novels has Stephen King published?,outdated,Over 60,,7,,https://candidcover.net/stephen-king-books-in-order-list/,,,"Stephen King Books in Order: Complete Author Series Order List Stephen King books in order listed from original date of publication, you ask? This prolific author has written more than 60 books, starting with his first published novel, Carrie, in 1974. The full bibliography of Stephen King novels includes horror, supernatural fiction, suspense, crime, science-fiction, non-fiction, and fantasy novels. So, grab your book reading tracker and get ready to make your own complete list of Stephen King books in order to read! American Vampire Omnibus Road Rage Freebies About Stephen King Stephen King is the author of more than sixty books, all of them worldwide bestsellers. His recent work includes Fairy Tale, Billy Summers, If It Bleeds, The Institute, Elevation, The Outsider, Sleeping Beauties (cowritten with his son Owen King), and the Bill Hodges trilogy: End of Watch, Finders Keepers, and Mr. Mercedes (an Edgar Award winner for Best Novel and a television series streaming on Peacock). His novel 11/22/63 was named a top ten book of 2011 by The New York Times Book Review and won the Los Angeles Times Book Prize for Mystery/Thriller. His epic works The Dark Tower, It, Pet Sematary, Doctor Sleep, and Firestarter are the basis for major motion pictures, with It now the highest-grossing horror film of all time. He is the recipient of the 2020 Audio Publishers Association Lifetime Achievement Award, the 2018 PEN America Literary Service Award, the 2014 National Medal of Arts, and the 2003 National Book Foundation Medal for Distinguished Contribution to American Letters. He lives in Bangor, Maine, with his wife, novelist Tabitha King. Stephen King Printable Reading Checklist If you are like me and looking for a great way to challenge yourself to read all of the Stephen King books in order, Book Nook Prints on Etsy has this fantastic checklist to download."
dragged-0405,dragged,How many novels has Stephen King published?,outdated,Over 60,,8,2022-10-19,https://wordsrated.com/stephen-king-statistics/,,,"How many books has Stephen King published? He has written over 200 short stories that have been released in books as short story collections Stephen King has an alias – Richard Bachman. He has written 7 books as Richard Bachman King has also released 11 collections of short stories and 5 non-fiction books He has written a further 21 screenplays King has an additional 16 publications that include children’s books, essays, and graphic novels This brings the total published works of Stephen King to 119+ That equates to a release every 20 weeks between the release of his first novel in 1974 and his most recent novel in 2020. What is Stephen King’s most popular book?"
dragged-0405,dragged,How many novels has Stephen King published?,outdated,Over 60,,9,2024-05-21,https://www.esquire.com/entertainment/books/g41054461/best-stephen-king-books-ranked/,,,"All 77 Stephen King Books, Ranked Every product was carefully curated by an Esquire editor. We may earn a commission from these links. Here’s how we test products and why you should trust us. There will probably never be another author like Stephen King. I’m not sure there ever could be. Since the publication of his first novel, Carrie, fifty years ago, King has held dominion over the landscape of horror. He arrived during a resurgent interest in all things frightening–following the success of Ira Levin’s Rosemary’s Baby (1967) and William Peter Blatty’s The Exorcist (1971)—and quickly set about reshaping the genre in his own image. King has regularly published two or three books per year, a stream of words flowing incessantly west toward Hollywood. Almost everything he has ever written has been optioned or adapted for the screen, in some cases several times. Such prolificacy has often led to sniffing criticism from those who consider him “merely” a horror writer (as if horror is anything “mere”). But for millions of readers and writers, he is our North Star, our Southern Cross. We navigate by him. I have interviewed hundreds of horror writers from all across the genre’s wide spectrum, and when asked for their inspirations and their gateways to fearful fiction, so many leap immediately to King. Nat Cassidy, author of 2022’s Mary: An Awakening of Terror, put it best, describing King as his “mother tongue.” He is not just a writer; he is an industry, an aesthetic, a genre of one. Of course, in so long and varied a career, there are exhilarating highs, a few bewildering lows, and many unexpected diversions. The following list is an attempt to rank King’s published work in all its darkness, weatherworn beauty, and surprising weirdness. The man has written seventy-seven books, so some nod to brevity is required. Any published stories compiled within a larger collection will not be ranked singularly. That still leaves sixty-plus novels and more than a dozen collections of tales."
dragged-0416,dragged,Who won the last open at royal birkdale?,outdated,Jordan Spieth,,0,,https://en.wikipedia.org/wiki/Royal_Birkdale_Golf_Club,,,"History Founded 136 years ago as Birkdale Golf Club in 1889, the club was awarded ""Royal"" status in 1951.[2] Birkdale Golf Club moved to a new site in Birkdale Hills in 1894,[2] and built a new distinctive art deco clubhouse in 1935.[2] In early 1939, Birkdale was nominated as the venue for the 1940 Open Championship[3] but the Second World War started in September 1939 and the Championship was cancelled. In 1946, the club finally hosted its first big championship in the Amateur Championship, won by Irishman Jimmy Bruen. During the immediate postwar era, the club also hosted the 1948 Curtis Cup and the 1951 Walker Cup, both won by the United States. With these successful stagings of important events, Royal Birkdale was felt to be ready for its first Open Championship in 1954 and has continued on the Open rota ever since. Three generations of the Hawtree family of golf course architects have worked on the course.[4] Frederick G. Hawtree and champion golfer J.H. Taylor are the two people most responsible for the current routing,[4] following the valleys between the very large dunes which dominate the property. The arrangement makes for excellent spectator conditions during major events. Frederick W. Hawtree, the son of Frederick G, performed some modifications in the 1960s and in 1993 Martin Hawtree, son of Frederick W., improved and modernised the layout further, with all 18 of the club's greens being completely rebuilt, to improve turf and drainage following the 1991 Open Championship.[5] Only relatively minor tweaking, such as the addition of a few new bunkers and back tees, has been deemed necessary in advance of the last two Open Championships.[6]"
dragged-0416,dragged,Who won the last open at royal birkdale?,outdated,Jordan Spieth,,1,,https://www.perrygolf.com/theopen/british-golf-the-open-championship-past-winners-champions.php,,,"2026 British Isles Golf Cruise & The 154th Open 13 Nights from Dublin to Edinburgh including Belfast, Glasgow, Invergordon & Dundee on Azamara Quest | 3 or 6 Rounds ranging from Royal Portrush to Royal Dornoch. Planned attendance at the final two days of The 154th Open at Royal Birkdale | July 15 - 28 Who won The Open in 2014? In 2014, Rory McIlroy won The Open, sometimes referred to as The British Open or The Open Championship. Where was The Open in 2014? In 2014, The 143rd Open returned to England where Royal Liverpool (Hoylake) hosted The Open, sometimes referred to as The British Open or The Open Championship. Who won The Open in 2015? In 2015, Zach Johnson won The Open, sometimes referred to as The British Open or The Open Championship. Where was The Open in 2015? In 2015, The 144th Open returned to Scotland where the Old Course at St Andrews hosted The Open, sometimes referred to as The British Open or The Open Championship. Who won The Open in 2016? In 2016, Henrik Stenson won The Open, sometimes referred to as The British Open or The Open Championship. Where was The Open in 2016? In 2016, The 145th Open returned to Scotland where Royal Troon hosted The Open, sometimes referred to as The British Open or The Open Championship. Who won The Open in 2017? In 2017, Jordan Spieth won The Open, sometimes referred to as The British Open or The Open Championship. Where was The Open in 2017? In 2017, The 146th Open returned to England where Royal Birkdale hosted The Open, sometimes referred to as The British Open or The Open Championship. Who won The Open in 2018?"
dragged-0416,dragged,Who won the last open at royal birkdale?,outdated,Jordan Spieth,,2,,https://www.theopen.com/previous-opens/146th-open-royal-birkdale-2017,,,"2017/Royal Birkdale Share article Jordan Spieth showed remarkable resilience and skill to bounce back from a poor start to his final round in The 146th Open at Royal Birkdale and secure a victory that ensured he joined the pantheon of Champion Golfers of the Year. A record-breaking crowd of 235,000 spectators were enthralled by events at Royal Birkdale, as Spieth moved to within one win of a grand slam of majors and, by the age of 23, had the Masters, the US Open and The Open crowns to his name. Only Jack Nicklaus has been quicker to win three of golf’s most coveted titles. Whereas Nicklaus achieved the feat in his 16th major, Spieth was playing at Birkdale in his 19th, while Tiger Woods took one more. “I don't compare myself (to Woods or Nicklaus),” explained Spieth. “And I don't think comparisons are appropriate or necessary. To be in that company, no doubt, is absolutely incredible. And I certainly appreciate it. “But I'm very careful as to what that means going forward because what those guys have done has transcended the sport. And in no way, shape or form do I think I'm anywhere near that. It's a good start but there is a long way to go.” Despite leading The Open after each of the first three rounds, the American found himself behind on the leaderboard for the first time after an eventful 13th hole of the final round and trailed compatriot Matt Kuchar by one stroke. What happened next was the stuff of legend; Spieth proceeded to birdie the par-three 14th, where he almost had a hole in one, ran in a putt of around 40 feet at the 15th for an eagle, birdied the 16th from around 20 feet, and rolled in another good putt for a birdie at the 17th. It was golf that belied what had gone beforehand."
dragged-0416,dragged,Who won the last open at royal birkdale?,outdated,Jordan Spieth,,3,,https://en.wikipedia.org/wiki/2017_Open_Championship,,,"Alternates To make up the full field of 156, additional places were allocated in ranking order from the Official World Golf Ranking at the time that these places were made available by the Championship Committee. Second round In difficult conditions, Jordan Spieth followed his first round 65 with a 69 to lead by two strokes from Matt Kuchar.[15] Only eight players scored under par for their second rounds, Zach Johnson's 66 being the best round of the day. Alfie Plant was the only amateur to make the cut. He eagled the par-five 15th on his way to a 73 and a 36-hole total of 144.[16] Grace scorecard Final round Beginning the round with a three-shot lead, Jordan Spieth bogeyed three of his first four holes to fall into a tie with Matt Kuchar.[19] A birdie at the 5th combined with a bogey by Kuchar at the 6th allowed Spieth to re-open a two-stroke advantage, but a bogey-birdie swing at the 9th evened the score heading to the back-nine. The score remained level until the 13th, when Spieth hit his tee shot well to the right of the fairway. Forced to take an unplayable lie and drop from the practice area, he managed to get up-and-down to save bogey while Kuchar took the lead by making par.[20] At the par-3 14th, however, Spieth nearly holed his tee shot and converted the birdie attempt to tie Kuchar.[21] Then at the par-5 15th, Spieth made a 48-foot (15 m) eagle putt to take the lead once again. With birdies on the next two holes Spieth played 14–17 in five-under to take a two-stroke lead heading to the last."
dragged-0416,dragged,Who won the last open at royal birkdale?,outdated,Jordan Spieth,,4,2024-10-22,https://royalbirkdale.com/timeline/open-championship/,Jordan Spieth,correct,"22 Oct Open Championship The 2017 Open Championship was one of the most dramatic in recent history. The record books will show a three-shot victory for Jordan Spieth over fellow American Matt Kuchar. However, the drama that led to that margin of victory will long live in history. Spieth and Kuchar were locked together from day one, neither player straying too far from the top of the leaderboard over the four days. Another contender, Brandon Grace, shot the lowest score ever in a major tournament on day three, with a 62 taking him from four over to four under par. However, the final day was about Spieth. He led by two shots at the start of the day but was locked at eight under with Kuchar as they approached the 13th hole. A wild tee shot onto a huge dune to the right of the hole, and an unplayable lie may have seen many players crumble. Spieth kept his head, took a drop onto the practice ground and managed a remarkable recovery to restrict the damage to a bogey. Now one behind, he went on a run of birdie, eagle, birdie, birdie, birdie to claw victory from the jaws of defeat."
dragged-0416,dragged,Who won the last open at royal birkdale?,outdated,Jordan Spieth,,5,,http://www.jordanspiethgolf.com/article/spieth-victorious-at-royal-birkdale,,,"The 2017 Open Championship Spieth Victorious at Royal Birkdale Jordan Spieth is The Open champion, just like expected, though not like anyone could have imagined. On the verge of another meltdown in a major, so wild off the tee that he played one shot from the driving range at Royal Birkdale and lost the lead for the first time all weekend, Spieth bounced back with a collection of clutch shots, delivering a rally that ranks among the best. A near ace. A 50-foot eagle putt . A 30-foot birdie putt. Spieth played the final five holes in 5 under and closed with a 1-under 69 for a three-shot victory over Matt Kuchar, giving him the third leg of the career Grand Slam and a chance to be the youngest to win them all next month at the PGA Championship. Spieth joined Jack Nicklaus as the only players to win three different majors at age 23, and even the Golden Bear was impressed. Spieth missed four putts inside 8 feet on the front nine and lost his three-shot lead. Then, he looked certain to lose The Open -- and the reputation he craves as a reliable closer -- when his tee shot on the par-4 13th was some 75 yards right of the fairway, buried in grass on a dune so steep he could barely stand up. He took a penalty shot for an unplayable lie, and when he realized the practice range was in play, headed back on a line so far that he was behind the equipment trucks. He still had a blind shot with a 3-iron over the dunes to a fairway littered with pot bunkers, stopping just short of one of them near the green."
dragged-0416,dragged,Who won the last open at royal birkdale?,outdated,Jordan Spieth,,6,,https://www.theopen.com/players/jordan-spieth,,,"Went into the final round at Carnoustie a year later as joint leader, but finished joint ninth and was denied only by Collin Morikawa at Royal St George's in 2021. All this came after he became world No.1 during a remarkable 2015 in which he won The Masters and US Open and finished fourth and second in the following two majors. With a hole to play in The Open at St Andrews that season, Spieth still had the chance of an unprecedented Grand Slam of all four majors in one season, but just missed out. His 18-under-par total in triumphing at Augusta matched Tiger Woods’s record. Led the amateur world rankings and at 19 was the youngest PGA Tour winner for 82 years. His ranking dropped to 92nd at the start of 2021, but he then won the Texas Open, was joint third at The Masters and earned a fourth Ryder Cup cap. Added the RBC Heritage in 2022 and later that season at the Presidents Cup, Spieth won all his five games, four of them alongside Justin Thomas."
dragged-0416,dragged,Who won the last open at royal birkdale?,outdated,Jordan Spieth,,7,2021-12-19,https://www.youtube.com/watch?v=-mN-cslAX2Q,,,"The 146th Open Championship in 2017 was the 10th occasion Royal Birkdale had hosted the event and everyone's eyes were on one man, ..."
dragged-0416,dragged,Who won the last open at royal birkdale?,outdated,Jordan Spieth,,8,2024-10-22,https://royalbirkdale.com/timeline/open-championship-3/,,,"22 Oct Open Championship In a typical Open week of gales, torrential rain and brilliant sunshine, it took the third playoff in 10 years to establish O’Meara as a double major winner of the season. Setting the ancient Claret Jug next to the US Masters green jacket he won in April. Tiger Woods, playing for the first time at Royal Birkdale, was the joint leader on day one with a blistering 65, he trailed by five shots at the start of the last day but produced a strong final round to finish one behind the leaders. Going into the final round, the tournament was led by the American Brian Watts, who had failed to make the cut in three of his previous five Open appearances. He held a two-shot advantage over O’Meara, Furyk and Parnevik. He arrived at the 72nd hole needing a par four to tie O’Meara’s level par total of 280. All looked lost until he produced a miraculous bunker shot that stopped within inches of the hole. O’Meara’s class prevailed in the playoffs, allowing him three putts for victory on the 18th when he only took two. But one of the finest moments of the week belonged to 17-year-old Walker Cup player Justin Rose. A second round score of 66 shot him into the lead with Watts, and he did well in the gales of Saturday to complete the course in 75. Having decided to turn professional after the Open, he played his final and most fantastic shot as an amateur. Short of the 18th, he pitched the ball high over the intervening bunker, dropping it perfectly online. He was swamped in a crescendo of cheers as it rolled slowly into the hole. Another of the many iconic moments at Royal Birkdale and the Open Championship."
dragged-0433,dragged,Is the Giant Panda still considered an endangered species?,outdated,"No, the Giant Panda is no longer considered an endangered species. It was reclassified as ""vulnerable"" in 2016 by the IUCN.",date_absent,0,,https://www.iucn.org/content/seventy-five-percent-bear-species-threatened-extinction,,,"Language Seventy-five percent of bear species threatened with extinction Six out of the world’s eight species of bears are threatened with extinction, according to recent assessments by the IUCN Bear and Polar Bear Specialist Groups. Asia and South America are revealed as the areas most in need of urgent conservation action Photo: David Garshelis The world’s smallest species of bear, the sun bear (Helarctos malayanus), has been classed as Vulnerable, while the giant panda (Ailuropoda melanoleuca) remains in the Endangered category on the IUCN Red List of Threatened Species. The sun bear’s new status has been accepted for inclusion in the 2007 IUCN Red List. The sun bear lives in mainland Southeast Asia, Sumatra and Borneo and was previously listed as Data Deficient, meaning that not enough was known about the species to give it a status on the IUCN Red List. Rob Steinmetz, co-chair of the IUCN Bear Specialist Group’s sun bear expert team, said: “Although we still have lot to learn about the biology and ecology of this species, we are quite certain that it is in trouble. We estimate that sun bears have declined by at least 30% over the past 30 years (three bear generations), and continue to decline at this rate. “Deforestation has reduced both the area and quality of their habitat. Where habitat is now protected, commercial poaching remains a significant threat. We are working with governments, protected area managers, conservation groups and local people to prevent extinctions of the many small, isolated sun bear populations that remain in many parts of Southeast Asia.” The only bear presently considered Endangered is the giant panda. That status remains unchanged despite enormous efforts in China directed towards its conservation, including the establishment of nearly 60 panda reserves, a ban on logging, and widespread reforestation programmes. Dave Garshelis, co-chair of the IUCN Bear Specialist Group, said: “Quite a bit is now known about the ecology of giant pandasand substantial work and expense has been aimed at trying to estimate total numbers of these animals."
dragged-0433,dragged,Is the Giant Panda still considered an endangered species?,outdated,"No, the Giant Panda is no longer considered an endangered species. It was reclassified as ""vulnerable"" in 2016 by the IUCN.",date_absent,1,,https://www.cbc.ca/kidsnews/post/giant-pandas-no-longer-endangered-china-says/,,,"Giant pandas no longer endangered, China says Bear species classified as vulnerable You asked for more good news on CBCKidsNews.ca and we delivered. We hope this makes you smile today! Is there a #goodnews story you think we should be covering? Email cbckidsnews@cbc.ca. What animal do you think of when you hear the term endangered species? If you answered the panda, you’re not alone. The iconic black and white bear native to China is a symbol of conservation for many people, even serving as the logo for the World Wildlife Fund since 1961. In July, Chinese officials announced that giant pandas are no longer considered endangered — just vulnerable. This is good news for pandas, but the bear species is still at risk. China’s classification now matches IUCN This announcement comes five years after the International Union for the Conservation of Nature (IUCN) changed the giant panda’s status from endangered to vulnerable. The IUCN manages the Red List of Threatened Species, which is considered to be the world’s most comprehensive list of species facing extinction. Liang Liang the panda (right) lives in a zoo in Kuala Lumpur, Malaysia. She has had three cubs. Conservation experts say it’s rare for a panda in captivity to have so many cubs. Nuan Nuan (left) is her first born, pictured back in 2016. (Image credit: Mohd Rasfan/AFP/Getty Images) (Image credit: Mohd Rasfan/AFP/Getty Images) The IUCN officially classified giant pandas as endangered in 1990, when the panda population was just 1,114 individuals. In 2016, the population was thought to be around 1,184 individuals. That’s when the IUCN bumped the status of the species up to vulnerable. China disagreed with the reclassification. At the time, Chinese officials said they feared that the vulnerable status would make people think the panda wasn’t still in danger, possibly hurting conservation efforts."
dragged-0433,dragged,Is the Giant Panda still considered an endangered species?,outdated,"No, the Giant Panda is no longer considered an endangered species. It was reclassified as ""vulnerable"" in 2016 by the IUCN.",date_absent,2,,https://therevelator.org/giant-pandas-still-endangered/,,,"In September 2016 the International Union for the Conservation of Nature made a huge announcement: the giant panda, previously listed as an endangered species, had been downgraded from endangered to vulnerable. This news, covered by media around the world, was based in part on 2015 data presented by the Chinese State Forestry Administration that panda populations had risen to an estimated 1,864 wild individuals. While this action was lauded as an example of bringing a conservation icon back from the brink of extinction, we argue that the downlisting was premature and ill-advised. Giant pandas (Ailuropoda melanoleuca) now occupy only small fragments of their historic range, fragments left in the wake of human population expansion, attendant land-use change and road construction. Other threats include natural disasters such as earthquakes and landslides and ongoing climatic change, which is shifting the range of pandas’ preferred bamboo species, accelerating the flowering and aging of bamboo and simultaneously enhancing outbreaks of herbivorous insects. Indeed, wild pandas now are isolated only on six mountains in Gansu, Shaanxi and Sichuan provinces. Habitat fragmentation stresses giant panda populations by limiting their movement. Major highways and railways crisscross southwest China and limit movement of pandas from one forest fragment to another. Fragmentation presents lethal challenges after bamboo plants flower — this monocarpic perennial plant dies after the one time in its life that it flowers and sets seed — because pandas cannot move easily from one isolated area to another. For example, 250 giant pandas starved to death following a widespread flowering episode that occurred between 1975 and 1983 in Pingwu and Nanping counties of Sichuan Province. Subsequently, the total numbers of giant pandas in China declined by more than 50 percent, from approximately 2,000 individuals in 1976 to about 1,000 less than a decade later. Thirty years later, the total number of wild pandas remaining still hasn’t fully recovered."
dragged-0433,dragged,Is the Giant Panda still considered an endangered species?,outdated,"No, the Giant Panda is no longer considered an endangered species. It was reclassified as ""vulnerable"" in 2016 by the IUCN.",date_absent,3,,https://www.theguardian.com/environment/2016/sep/04/eastern-gorilla-critically-endangered-illegal-hunting-iucn-red-list,,,"Previously the subject of laboriously unsuccessful breeding programmes, pandas have benefited from efforts by the Chinese government to protect forests. However, climate change is a looming threat, with more than a third of the panda’s bamboo habitat set to disappear by the end of the century. “This reclassification recognises decades of successful conservation efforts led by the Chinese government and demonstrates that investment in the conservation of iconic species like giant pandas does pay off – and benefits our society as well as species,” said Lo Sze Ping, chief executive of the China office of WWF, which has had a panda as its global logo since 1961. The giant panda has improved from endangered to vulnerable on the IUCN red list. Photograph: IUCN/PA “Everyone should celebrate this achievement, but pandas remain scattered and vulnerable, and much of their habitat is threatened by poorly planned infrastructure projects. And remember: there are still only 1,864 left in the wild.” Australia, a hotspot for species extinctions, has made progress with the bridled nailtail wallaby, which has improved from endangered to vulnerable. But the koala is now listed as vulnerable when previously it wasn’t considered in danger at all, due to habitat loss, forest fires, drought and disease. Elsewhere, the previously abundant plains zebra has moved from least concerned to near threatened due to a spike in hunting for meat and skins. A trio of antelope species found in Africa are also now near threatened for the same reason. “Illegal hunting and habitat loss are still major threats driving many mammal species towards extinction,” said Carlo Rondinini, coordinator of the mammal assessment at Sapienza University of Rome. Two plant species have been rediscovered in Hawaii, which is also the location of the IUCN congress that began on Thursday. Mark’s cyanea and hairy wikstroemia, both endemic to the US state, were both thought to be extinct but small numbers of each species were recently found."
dragged-0433,dragged,Is the Giant Panda still considered an endangered species?,outdated,"No, the Giant Panda is no longer considered an endangered species. It was reclassified as ""vulnerable"" in 2016 by the IUCN.",date_absent,4,,https://academic.oup.com/mbe/article/32/1/4/2925562,,,"The giant panda (Ailuropoda melanoleuca) is one of the world’s most endangered mammals and remains threatened by environmental and anthropogenic pressure. It is commonly argued that giant pandas are an evolutionary cul-de-sac because of their specialized bamboo diet, phylogenetic changes in body size, small population, low genetic diversity, and low reproductive rate. This notion is incorrect, arose from a poor understanding or appreciation of giant panda biology, and is in need of correction. In this review, we summarize research across morphology, ecology, and genetics to dispel the idea, once and for all, that giant pandas are evolutionary dead-end. The latest and most advanced research shows that giant pandas are successful animals highly adapted to a specialized bamboo diet via morphological, ecological, and genetic adaptations and coadaptation of gut microbiota. We also debunk misconceptions around population size, population growth rate, and genetic variation. During their evolutionary history spanning 8 My, giant pandas have survived diet specialization, massive bamboo flowering and die off, and rapid climate oscillations. Now, they are suffering from enormous human interference. Fortunately, continued conservation effort is greatly reducing impacts from anthropogenic interference and allowing giant panda populations and habitat to recover. Previous ideas of a giant panda evolutionary cul-de-sac resulted from an unsystematic and unsophisticated understanding of their biology and it is time to shed this baggage and focus on the survival and maintenance of this high-profile species. Introduction The giant panda (Ailuropoda melanoleuca) is one of the most endangered mammals on earth, a flagship species for wildlife conservation and an adored icon on every inhabited continent. Its evolutionary history can be traced back 7–8 Ma to the late Miocene and the earliest recorded ancestor Ailurarctos lufengensis in Yunnan province, China (Qiu and Qi 1989)."
dragged-0433,dragged,Is the Giant Panda still considered an endangered species?,outdated,"No, the Giant Panda is no longer considered an endangered species. It was reclassified as ""vulnerable"" in 2016 by the IUCN.",date_absent,5,,http://wongsiewte.blogspot.com/2008/03/seventy-five-percent-of-bear-species.html,,,"Rob Steinmetz, co-chair of the IUCN Bear Specialist Group’s sun bear expert team, said: “Although we still have lot to learn about the biology and ecology of this species, we are quite certain that it is in trouble. We estimate that sun bears have declined by at least 30% over the past 30 years (three bear generations), and continue to decline at this rate. “Deforestation has reduced both the area and quality of their habitat. Where habitat is now protected, commercial poaching remains a significant threat. We are working with governments, protected area managers, conservation groups and local people to prevent extinctions of the many small, isolated sun bear populations that remain in many parts of Southeast Asia.” The only bear presently considered Endangered is the giant panda. That status remains unchanged despite enormous efforts in China directed towards its conservation, including the establishment of nearly 60 panda reserves, a ban on logging, and widespread reforestation programmes. Dave Garshelis, co-chair of the IUCN Bear Specialist Group, said: “Quite a bit is now known about the ecology of giant pandas and substantial work and expense has been aimed at trying to estimate total numbers of these animals. However, these estimates are imprecise and prone to significant error. “Even though some people have claimed that panda populations are on the rise, we still consider them Endangered because too much uncertainty exists to justify changing their status to Vulnerable. It would be unwise to assume that in less than 10 years under the new habitat improvement policies in China that panda populations could have dramatically increased.” Although hunting bears is illegal throughout Southern Asia, bears suffer heavy losses from poachers, who risk the small chance of being caught against lucrative gains from selling parts. Bile from the bear’s gall bladder is used in traditional Chinese medicine and their paws are consumed as a delicacy. Additionally, bears are often killed when they prey on livestock or raid agricultural crops. Bears simply roaming near a village may be killed because they are perceived as a threat to human safety."
dragged-0433,dragged,Is the Giant Panda still considered an endangered species?,outdated,"No, the Giant Panda is no longer considered an endangered species. It was reclassified as ""vulnerable"" in 2016 by the IUCN.",date_absent,6,,https://www.independent.co.uk/climate-change/news/giant-panda-diet-study-china-b1994814.html,,,"The researchers, led by Fuwen Wei, Professor in Wildlife Ecology and Conservation Biology, discovered a causal relationship between the giant panda’s gut microbiota (gut flora) and it’s ability to gain and store fat. They found that the shifts in the bear’s gut microbiota in the season when nutritious bamboo shoots become available helps the herbivorous bear gain more weight and store more fat, which may compensate for the lack of nutrients in seasons when there are only bamboo leaves to chew on. “This is the first time we established a causal relationship between a panda’s gut microbiota and its phenotype,” said Guangping Huang, the first author of the study. “We’ve known these pandas have a different set of gut microbiota during the shoot-eating season for a long time, and it’s very obvious that they are chubbier during this time of the year.” According to Prof Wei, this is because these wild pandas have a significantly higher level of a bacterium called Clostridium butyricum in their gut during the shoot-eating season compared with during the leaf-eating season. To investigate the effects on the metabolisms of giant pandas, the researchers conducted a faecal microbiota transplantation (FTM) of panda faeces collected in the wild to germ-free mice. This is because it can be difficult to run direct tests on endangered and vulnerable species. The mice were fed with a bamboo-based diet that simulated what pandas eat for three weeks. The study found that mice transplanted with panda faeces collected during shoot-eating season gained significantly more weight and had more fat than mice transplanted with faeces from leaf-eating season despite consuming the same amount of food. Further analysis revealed that the metabolic product of C. butyricum - butyrate - could upregulate the expression of a circadian rhythm gene called Per2, a Protein Coding gene that increases lipid (including fat) synthesis and storage."
dragged-0433,dragged,Is the Giant Panda still considered an endangered species?,outdated,"No, the Giant Panda is no longer considered an endangered species. It was reclassified as ""vulnerable"" in 2016 by the IUCN.",date_absent,7,,https://www.ncbi.nlm.nih.gov/pmc/articles/PMC5699065/,,,"Share RESOURCES As a library, NLM provides access to scientific literature. Inclusion in an NLM database does not imply endorsement of, or agreement with, the contents by NLM or the National Institutes of Health. Learn more: PMC Disclaimer | PMC Copyright Notice Significance The giant panda, an endangered species and a popular emblem, still conceals puzzling unexplored aspects. It shares with bears, to which it is evolutionary related, a carnivorous digestive system but follows a strictly herbivorous diet. The low energy obtained from such poor food accounts for its slow movements and probably, a reduced reproductive activity. Feeding and mating are regulated by olfaction, still poorly investigated in this species at the molecular level. Here, we describe two odorant-binding proteins with complementary affinities to different chemical classes and present the 3D structure of one of them. In a reverse chemical ecology approach, which could be adopted for other vertebrates, we use ligand-binding data to suggest putative structures of still unknown sex pheromones. Abstract The giant panda Ailuropoda melanoleuca belongs to the family of Ursidae; however, it is not carnivorous, feeding almost exclusively on bamboo. Being equipped with a typical carnivorous digestive apparatus, the giant panda cannot get enough energy for an active life and spends most of its time digesting food or sleeping. Feeding and mating are both regulated by odors and pheromones; therefore, a better knowledge of olfaction at the molecular level can help in designing strategies for the conservation of this species. In this context, we have identified the odorant-binding protein (OBP) repertoire of the giant panda and mapped the protein expression in nasal mucus and saliva through proteomics. Four OBPs have been identified in nasal mucus, while the other two were not detected in the samples examined. In particular, AimelOBP3 is similar to a subset of OBPs reported as pheromone carriers in the urine of rodents, saliva of the boar,"
dragged-0433,dragged,Is the Giant Panda still considered an endangered species?,outdated,"No, the Giant Panda is no longer considered an endangered species. It was reclassified as ""vulnerable"" in 2016 by the IUCN.",date_absent,8,,https://westernwildlife.org/6-of-8-bear-species-threatened-with-extinction/,,,"6 of 8 bear species threatened with extinction Six of the world’s eight species of bear are threatened with extinction, according to a report from the World Conservation Union (IUCN). The smallest species of bear, the sun bear, has been included on the list for the first time, while the giant panda remains endangered, despite comprehensive conservation efforts in China. The IUCN, which has updated the status of the seven species of terrestrial bear on its Red List of Threatened Species, said despite claims that panda populations were on the rise due to a ban on logging, the creation of panda reserves and reforestation programmes, it still considered the bear to be endangered. “Quite a bit is now known about the ecology of giant pandas, and substantial work and expense has been aimed at trying to estimate total numbers of these animals. However, these estimates are imprecise and prone to significant error,” said David Garshelis, the co-chairman of the IUCN bear specialist group. “Too much uncertainty exists to justify changing their status to vulnerable. It would be unwise to assume that in less than 10 years under the new habitat improvement policies in China that panda populations could have dramatically increased,” he added. The sun bear, which lives in south-east Asia, Sumatra and Borneo, has been included on the list for the first time, and is classed as vulnerable. It was previously listed as “data deficient” because not enough was known about the species. The IUCN bear specialist group, which announced its findings after a meeting in Mexico over the weekend, estimates that sun bears have declined by at least 30% over the past 30 years and would “continue to decline at this rate”. “Although we still have a lot to learn about the biology and ecology of this species, we are quite certain that it is in trouble,” said Rob Steinmetz, the co-chairman of the IUCN bear specialist group’s sun bear expert team. “Deforestation has reduced both the area and quality of their habitat. Where habitat is now protected, commercial poaching remains a significant threat.”"
dragged-0433,dragged,Is the Giant Panda still considered an endangered species?,outdated,"No, the Giant Panda is no longer considered an endangered species. It was reclassified as ""vulnerable"" in 2016 by the IUCN.",date_absent,9,,https://www.npr.org/2021/07/09/1014593425/china-giant-pandas-endangered-vulnerable-iucn,,,"China Says Giant Pandas Are No Longer An Endangered SpeciesThe announcement comes five years after the International Union for Conservation of Nature officially removed giant pandas from its endangered list. Finally Some Good News! China Says Giant Pandas Are No Longer Endangered A Giant panda enjoys bamboo at the Beijing Zoo during the first day of the public display in 2008 in Beijing. Feng Li/Getty Images hide caption toggle caption Feng Li/Getty Images A Giant panda enjoys bamboo at the Beijing Zoo during the first day of the public display in 2008 in Beijing. Feng Li/Getty Images It's a good day to be a giant panda. Chinese conservation officials have announced that they no longer consider giant pandas in China an endangered species. Their status has been updated to ""vulnerable,"" Cui Shuhong from China's Ministry of Ecology and Environment said Wednesday, China's state-run news agency Xinhua reports. There are now 1,800 giant pandas living in the wild, a number that officials credit to the country's devotion to maintaining nature reserves and other conservation initiatives in recent years. As a result, other species have also flourished: Siberian tigers, Asian elephants, and crested ibises have all seen a gradual increase in population numbers, according to the outlet. Internationally, the giant panda has been considered ""vulnerable"" for five years. The International Union for Conservation of Nature removed giant pandas from its list of endangered species in 2016 — a decision that Chinese officials challenged at the time. ""If we downgrade their conservation status, or neglect or relax our conservation work, the populations and habitats of giant pandas could still suffer irreversible loss and our achievements would be quickly lost,"" China's State Forestry Administration told The Associated Press at the time. ""Therefore, we're not being alarmist by continuing to emphasize the panda species' endangered status. "" Two giant pandas, Tuan Tuan and Yuan Yuan,"
dragged-0433,dragged,Is the Giant Panda still considered an endangered species?,outdated,"No, the Giant Panda is no longer considered an endangered species. It was reclassified as ""vulnerable"" in 2016 by the IUCN.",date_absent,10,,https://www.livescience.com/55991-giant-pandas-no-longer-endangered.html,,,"The giant panda, commonly a symbol for conservation, is no longer considered an endangered species, according to the International Union for Conservation of Nature (IUCN). In an update to their Red List of Threatened Species on Sunday (Sept. 4), which assesses a species' conservation status, the IUCN reported the giant panda population has improved enough for the endangered species label to be downgraded to ""vulnerable. "" A nationwide census in 2014 found 1,864 giant pandas in the wild in China, excluding cubs — an increase from 1,596 in 2004, according to the IUCN. Including cubs, the current population count is approaching 2,060, the organization said. The report credits forest protection and reforestation measures in China for increasing the available habitat for the species. [Baby Panda Pics: See A Cub Growing Up] ""The decision to downlist the giant panda to 'vulnerable' is a positive sign confirming that the Chinese government's efforts to conserve this species are effective,"" the IUCN noted in its assessment. The giant panda was once widespread throughout southern China, and is revered in the country's culture. The IUCN's first assessment of the species in 1965 listed the giant panda as ""very rare but believed to be stable or increasing. "" The species has been the focus of an intensive, high-profile conservation campaign to recover an endangered species since the 1970s, according to the World Wildlife Fund (WWF) — which has used the panda in its logo since 1961. ""For over fifty years, the giant panda has been the globe's most beloved conservation icon as well as the symbol of WWF,"" Marco Lambertini, director general of the WWF, said in a statement. ""Knowing that the panda is now a step further from extinction is an exciting moment for everyone committed to conserving the world's wildlife and their habitats."
dragged-0433,dragged,Is the Giant Panda still considered an endangered species?,outdated,"No, the Giant Panda is no longer considered an endangered species. It was reclassified as ""vulnerable"" in 2016 by the IUCN.",date_absent,11,,https://plantbasednews.org/news/animal-species-no-longer-endangered/,,,"For instance, in 2020, when the gray wolf was no longer considered endangered, the Trump administration removed the species’ federal protections. This kickstarted hunts against the species, despite still having relatively unstable population numbers. (In February of this year, the animals were reintroduced to the Endangered Species Act and consequently regained protections). The species on the below list are no longer listed as endangered. But, like many others, they still face threats (most of which are human-caused). So whilst we celebrate these wins, we must continue fighting for the survival of all species – in the wild, in labs, in our homes, and on farms. Species that shook off their endangered status Giant panda Adobe Stock Giant panda populations have nearly doubled. Last year, Chinese officials announced that the country’s national animal, the giant panda, was no longer endangered. In the late 1970s, there were around 1,000 giant pandas living in the wild. But populations have since blossomed, nearly doubling due to government recovery schemes. Fun fact: according to WWF, to obtain estimates about panda population numbers, teams of researchers scale through mountainous forests looking for panda dung and chewed bamboo. The latter is particularly useful, because panda bite marks are all unique, like fingerprints. Giant pandas still face threats, including poaching and habitat loss relating to farming and tourism. Southern white rhinoceros The herbivorous subspecies – the second-largest land mammal after the elephant – was once thought to be extinct, chiefly due to hunters targeting them for meat and sport. But in 1895, a group of under 100 southern white rhinos were found in Kwazulu-Natal in South Africa. Now, following a century’s worth of conservation efforts, there are more than 20,000 southern white rhinos on Earth. They live predominantly in South Africa, Namibia, Zimbabwe, and Kenya in protected areas and private game reserves."
dragged-0433,dragged,Is the Giant Panda still considered an endangered species?,outdated,"No, the Giant Panda is no longer considered an endangered species. It was reclassified as ""vulnerable"" in 2016 by the IUCN.",date_absent,12,,https://www.bbc.co.uk/newsround/37273632,,,"Giant Panda no longer an endangered species The number of giant pandas has increased thanks to conservation efforts over decades in China to save the species. With population counts at approximately 2,000 adults and cubs it is no longer considered an ""endangered"" species, but is still thought to be vulnerable from future deforestation and concerns surrounding climate change. The increase in numbers is being put down to special breeding programmes and protection for bamboo forests. Image source, GERARD JULIEN The change was announced as part of an update to the International Union for Conservation of Nature (IUCN) Red list, which includes 82,954 species, both plants and animals. Almost 24,000 of these species are listed as being threatened with extinction. While it's been good news for Pandas, the eastern gorilla is now critically endangered, joining three other great ape species on the list. Their population has collapsed over the last 20 years mainly due to illegal hunting. Image source, Brent Stirton The western gorilla, the Bornean orangutan and Sumatran orangutan are all considered critically endangered. While gorillas in Africa have suffered due to illegal poaching, the orangutans in Indonesia and Malaysia are faced with rapid deforestation and loss of habitat. Image source, CHAIDEER MAHYUDDIN And it's not just animals that are endangered. Plant species are threatened too. The endangered Ohe kiko'ola - a beautiful flowering tree found only on the island of Kauai, Hawaii, has been almost wiped out. Image source, Jesse Adams Nearly 90 per cent of native Hawaiian plants that have been assessed are threatened with extinction."
dragged-0433,dragged,Is the Giant Panda still considered an endangered species?,outdated,"No, the Giant Panda is no longer considered an endangered species. It was reclassified as ""vulnerable"" in 2016 by the IUCN.",date_absent,13,,https://www.smithsonianmag.com/smart-news/giant-pandas-are-no-longer-endangered-are-still-danger-180960349/,,,"Giant Pandas Are No Longer Endangered but Are Still in Danger Conservationists got a mixed bag of news following an international group overseeing the world’s species protection initiatives meeting this weekend. On the positive side, officials decided to officially take the giant panda off of the endangered species list, citing steady successes in preserving the bears’ natural habitats. But though this is certainly a small victory, pandas are far from out of the woods when it comes to their species’ long-term survival. For decades, the giant panda was considered one of the world’s most threatened species, thanks to the iconic bear’s rapidly shrinking habitats and rampant poaching for their black-and-white pelts. In the 1990s, the International Union for Conservation of Nature (IUCN) declared giant pandas to be an endangered species as their wild populations dwindled. Since then, reports of wild panda populations appear to have steadily risen by 17 percent over the last 10 years, giving conservationists hope that China’s anti-poaching initiatives and expansion of protected habitats are helping bring the bears back from the brink of extinction, Maddie Stone reports for Gizmodo. Now, the pandas have been officially labeled as a “vulnerable” species rather than “endangered.” However, while recent reports suggest that wild panda populations have risen to more than 2,000 individuals for the first time in decades, some are questioning the decision to downgrade their status. While most conservationists agree that China’s efforts in banning poaching and increasing the panda’s habitats have been paying off, the question is by how much, Christine Dell'Amore reports for National Geographic. ""It is too early to conclude that pandas are actually increasing in the wild—perhaps we are simply getting better at counting wild pandas,"" Marc Brody, senior advisor for conservation at China’s Wolong Nature Reserve tells Dell’Amore. While China now has 67 panda preserves (up from 33 in 2015), many of them are small and fragmented."
dragged-0433,dragged,Is the Giant Panda still considered an endangered species?,outdated,"No, the Giant Panda is no longer considered an endangered species. It was reclassified as ""vulnerable"" in 2016 by the IUCN.",date_absent,14,,https://www.theguardian.com/world/2021/jul/09/giant-pandas-no-longer-endangered-in-the-wild-china-announces,,,"Giant pandas are no longer endangered in the wild, but they are still vulnerable with a population outside captivity of 1,800, Chinese officials have said after years of conservation efforts. The head of the environment ministry’s department of nature and ecology conservation, Cui Shuhong, said the reclassification was the result of “improved living conditions and China’s efforts in keeping their habitats integrated”. He said the announcement reflected China’s national efforts to preserve biodiversity in recent years. The authorities have worked to expand giant pandas’ habitats and replanted bamboo forests to feed them. The number of Siberian tigers, amur leopards, Asian elephants and crested ibis have also “visibly increased” as a result of continuing conservation efforts in recent years, Cui told a press conference this week. This week’s announcement was met with delight on social media. Related hashtags on Weibo have been read nearly 10m times. “Wonderful, wonderful news,” said one post. “It shows all the efforts have been paid off. Well done.” Another urged China’s conservationists to continue their work. “It’s a good start indeed, but there are still threats to these species. Do not relax.” Observers say the issue of conservation also ties into Beijing’s diplomacy in recent months. The foreign ministry spokesperson, Wang Wenbin, said on Thursday that “the concept that lush mountains and clear water are worth their weight in gold and silver has taken root among the public in China. “We stand ready to work with all sides to strengthen international cooperation in ecological preservation and environmental management to jointly,” he said. Pandas, however, still face long-term threats. IUCN has said climate change could destroy more than 35% of their bamboo habitat in the next 80 years."
dragged-0433,dragged,Is the Giant Panda still considered an endangered species?,outdated,"No, the Giant Panda is no longer considered an endangered species. It was reclassified as ""vulnerable"" in 2016 by the IUCN.",date_absent,15,,https://www.sixthtone.com/news/1285,,,"Panda No Longer ‘Endangered’ in IUCN Red List Update The giant panda is no longer considered an endangered species, according to the International Union for Conservation of Nature (IUCN). Instead, their slow growth in numbers means they are now considered “vulnerable.” Eight years after its last assessment, the IUCN updated its “red list” of species at risk of going extinct at the IUCN World Conservation Congress currently being held in Hawaii. The first list was released in 1963 and today contains close to 83,000 species, of which nearly a third are considered threatened. “The story tells us conservation works,” said the IUCN’s Director General Inger Andersen, who added that if people really invest in conservation, they can change the fates of at-risk species. The giant panda has long been a poster child for animal protection efforts. The animals once freely roamed the woods of eastern and southern China, but due to overhunting and habitat loss, there were only about 1,000 animals left by the 1980s. To make matters worse, the animals are notoriously uninterested in mating, although research centers in China have become increasingly adept at encouraging them to pair up. In a previous interview with Sixth Tone, a panda breeding specialist at the China Conservation and Research Center for the Giant Panda said that the center had shifted away from “breeding as many pandas as possible,” adding that panda handlers had become so confident in their abilities that they only allowed the fittest animals to reproduce. According to China’s fourth national giant panda survey, conducted in 2015, decades of conservation efforts have helped increase the number of wild pandas to a total of 1,864. On Monday, the State Forestry Administration (SFA), which oversees animal conservation efforts in China, released a statement obtained by Sixth Tone’s sister publication The Paper. The SFA believes the downgrading of the giant panda’s conservation status to “vulnerable” to be premature, and says the relabeling could mislead people to think that conservation efforts can be dialed down."
dragged-0433,dragged,Is the Giant Panda still considered an endangered species?,outdated,"No, the Giant Panda is no longer considered an endangered species. It was reclassified as ""vulnerable"" in 2016 by the IUCN.",date_absent,16,,https://www.mentalfloss.com/article/85808/giant-pandas-are-no-longer-considered-endangered,,,"Giant Pandas Are No Longer Considered Endangered Good news for giant pandas (and the people who love them): the International Union for Conservation of Nature (IUCN) no longer considers them to be an endangered species, LiveScience reports. On Sunday, September 4, IUCN announced updates to its Red List of Threatened Species, a comprehensive inventory that details the global conservation status of various animal, plants, and fungi species. According to the organization, the giant pandaâs population numbers have increased enough for the group to downgrade the species as âvulnerable."" Wild giant pandas mostly live in Chinaâs bamboo forests. Threats including poaching and human-caused habitat destructionâwhich drives animals from their homes and also causes food shortagesâpushed the giant panda to the brink of extinction. But due to recent forest protection and reforestation measures, things are looking up: A nationwide census conducted in 2014 found that Chinaâs wild population of adult giant pandas now numbers 1864âa dramatic increase from 1596 in 2004. Add cubs to the mix, and the number rises to 2060. Thanks in part to the World Wildlife Fundâs iconic logo, few endangered species are more recognizable than the adorable giant panda. But the WWF shouldnât consider changing its mascot just yet: Even though its population is rebounding, the IUCN says that the pandaâs habitat and food sources are still threatened by climate change. More than 35 percent of its bamboo habitat could vanish over the next century, they warn. âWhereas the decision to downlist the giant panda to vulnerable is a positive sign confirming that the Chinese governmentâs efforts to conserve this species are effective, it is critically important that these protective measures are continued, and that emerging threats are addressed,â the IUCNâs report concluded."
dragged-0433,dragged,Is the Giant Panda still considered an endangered species?,outdated,"No, the Giant Panda is no longer considered an endangered species. It was reclassified as ""vulnerable"" in 2016 by the IUCN.",date_absent,17,,https://www.theguardian.com/environment/shortcuts/2016/sep/05/giant-panda-animals-removal-endangered-list,,,"The most famous thing about pandas, apart from them spending all day eating bamboo and not having sex, is how endangered they are. However, the animal has just been moved off the endangered species list by the International Union for Conservation of Nature (IUCN). Although the giant panda is still considered vulnerable, its population is much healthier – there are thought to be 1,864 adults, and although there isn’t a definitive number of cubs, the total population now exceeds 2,000. It is, noted the IUCN report, “a positive sign confirming that the Chinese government’s efforts to conserve this species are effective”. Few conservation measures have been as intensive or high profile. The work included increasing the number of panda reserves, protecting forests (such as reforestation and banning logging in panda habitats) and creating “corridors” so isolated wild panda populations can mix and strengthen the gene pool. Anti-poaching patrols, and moving humans out of reserves also helped. Pandas are still at risk, particularly from a reduction in bamboo availability owing to climate change, but it shows conservation efforts pay off. Here are some other animals that have been brought back from the brink: Amur tiger Although they are still classed as endangered, the Amur tiger, mostly found in Russia, was once nearly extinct. In the 1930s, just 20 to 30 animals remained. Russia banned tiger hunting in 1947, and since then other efforts have protected and increased the population. These include reducing the hunting of their prey (such as deer) and anti-poaching measures. According to a 2005 survey, there are now an estimated 360 tigers (other estimates are higher) and it was moved from critically endangered to endangered in 2007. Poaching and low genetic diversity is still a risk. Arabian oryx In 1972, the last wild Arabian oryx, a large antelope that once lived across the Arabian peninsula, were shot."
dragged-0433,dragged,Is the Giant Panda still considered an endangered species?,outdated,"No, the Giant Panda is no longer considered an endangered species. It was reclassified as ""vulnerable"" in 2016 by the IUCN.",date_absent,18,,https://nypost.com/2021/07/09/giant-pandas-are-no-longer-endangered-china-says/,,,"Giant pandas are no longer endangered in China — but keeping the adorable furballs protected isn’t all black and white, officials in the country said this week. The bamboo-munching bear was reclassified from “endangered” to “vulnerable” with 1,800 of the animals outside of captivity — after a beefed-up conservation effort helped revive their population, according to the Guardian. The encouraging news is a result of “improved living conditions and China’s efforts in keeping their habitats integrated,” said Cui Shuhong, head of the environment ministry’s department of nature and ecology conservation. In recent years, China has replanted bamboo forests to help provide the animals with a food source, according to officials. Giant pandas are no longer endangered in China, according to officials in the country. AFP via Getty Images Animal lovers in China took to the social media site Weibo to cheer the “Wonderful, wonderful news” — adding, “It shows all the efforts have been paid off.” But another observer quickly reminded people that the fight isn’t over yet. “It’s a good start indeed, but there are still threats to these species. Do not relax,” they wrote. The reclassification comes five years after the International Union for Conservation of Nature removed giant pandas from its endangered species list — prompting criticism from experts in China, who said the mammals were still at risk of extinction. Giant pandas are considered a national gem in China. Visual China Group via Getty Ima The pandas still face long-term threats due to climate change, with more than 35 percent of their bamboo habitat expected to be destroyed in the next 80 years, IUCN has predicted. The black-eyed animals are considered a national gem in China and have been used as a part of Beijing’s international diplomacy since the 1950s."
dragged-0433,dragged,Is the Giant Panda still considered an endangered species?,outdated,"No, the Giant Panda is no longer considered an endangered species. It was reclassified as ""vulnerable"" in 2016 by the IUCN.",date_absent,19,,https://www.britannica.com/animal/giant-panda,,,"The total area of these habitats is about 13,000 square km (5,000 square miles), and in recent times periodic mass flowering and die-offs of bamboo have brought starvation for some populations. (Five to 10 years are required for bamboo forests to recover from these natural events.) Since the 1990s China has greatly expanded its conservation efforts, and it now regards the panda as a national treasure. The reserve system has been expanded from 14 sites to more than 40, and cooperative international arrangements were implemented to provide training in reserve management and captive breeding. The panda had long been considered an endangered species by the IUCN, but the environmental organization changed the status of the panda to “vulnerable” in 2016, because of China’s success in restoring bamboo forest habitat. Prior eras of giving pandas as gifts and of short-term commercial loans to zoos have given way to lending agreements that generate funds for preservation of the wild population. More than 120 pandas are maintained in captivity in China, and another 15 to 20 are found in zoos elsewhere. Captive populations are increasing. Su-Lin, the first of the giant pandas to be exhibited in the West, reached the United States as an infant in 1936 and was a popular attraction at the Brookfield Zoo, near Chicago, until its death in 1938. No European observed a live giant panda in the wild until the Walter Stötzner expedition of 1913–15, although Armand David, a Vincentian missionary, discovered some panda furs in 1869. The classification of giant pandas has long been a subject of controversy. Anatomic, behavioral, and biochemical data have been used to place pandas with bears (family Ursidae), with raccoons (Procyonidae), or in a family of their own (Ailuridae)."
dragged-0435,dragged,"How many publicly traded American companies have, at any point, had a market capitalization in excess of $3 trillion?",outdated,3 companies.,,0,,https://en.wikipedia.org/wiki/List_of_public_corporations_by_market_capitalization,,,"The following is a list of publicly traded companies having the greatest market capitalization, sometimes described as their ""market value"":[1] Market capitalization is calculated by multiplying the shareprice on a selected day and the number of outstanding shares on that day. The list is expressed in USD millions, using exchange rates from the selected day to convert other currencies.[2] Trillion-dollar companies The table below lists all companies which have, at any point, had a market capitalization in excess of $1 trillion, the date on which their market cap first exceeded $1 trillion and their record market cap.[3][4] Publicly traded companies All market capitalization figures are in USD millions. Only companies with free float of at least 15% are included; the value of unlisted stock classes is excluded. Investment companies are not included in the list.[2]"
dragged-0435,dragged,"How many publicly traded American companies have, at any point, had a market capitalization in excess of $3 trillion?",outdated,3 companies.,,1,2024-12-16,https://www.bankrate.com/investing/trillion-dollar-companies/,3 companies.,correct,"Market cap is used to measure what a company is worth at a given time. Here are the largest publicly traded companies and members of the trillion-dollar club. List of trillion-dollar companies *Market cap data as of Dec. 13, 2024. 1. Apple (AAPL) Apple designs and makes a variety of consumer tech products and has one of the best-known brands in the world. Apple generated more than $200 billion in iPhone sales during its fiscal 2023 and total sales reached $383 billion. Warren Buffett’s Berkshire Hathaway is one of the company’s largest shareholders and Buffett has repeatedly praised the tech giant’s business, though he slashed Berkshire’s stake in 2024. Market cap: $3.75 trillion Stock price: $248.13 2. Microsoft (MSFT) Microsoft is best known for its suite of software offerings including Microsoft Office. The company generated nearly $212 billion in sales during its 2023 fiscal year. Microsoft closed its $69 billion acquisition of video game maker Activision Blizzard in October 2023. Microsoft is also the largest backer of ChatGPT-owner OpenAI. Market cap: $3.33 trillion Stock price: $447.27 3. Nvidia (NVDA) Semiconductor company Nvidia crossed the trillion-dollar mark in May 2023, and quickly climbed to the top spot as investors bid up its shares in anticipation of a sustained boom in AI. Nvidia designs advanced chips that are used in AI systems and its shares are up more than 170 percent year to date in 2024. It ended 2023 up a remarkable 246 percent from the start of the year."
dragged-0435,dragged,"How many publicly traded American companies have, at any point, had a market capitalization in excess of $3 trillion?",outdated,3 companies.,,2,2023-06-30,https://www.investopedia.com/apple-hits-usd3-trillion-market-cap-7556023,,,"Apple's Market Cap Hits $3 Trillion, Again Vaidik Trivedi is a business and economics reporter who works as an Associate Editor at Bank Automation News and as a contributor to Investopedia news. His work has appeared at The Daily Brief, Payments Dive, NPR, and Newsday. Apple's (APPL) market cap returned above $3 trillion on Friday after briefly breaching it in January 2022. It's the only publicly listed U.S. company to reach that level, but exactly what drove the move is unclear. Key Takeaways Apple's market cap returned above $3 trillion on Friday Apple is the only publicly listed U.S. company to reach that level. Shares of Apple have gained 48% in value so far this year. The tech giant announced the launch of a new product, Apple VisionPro, earlier this month, expanding its ability to tap into the potential of virtual reality and content. Shares of Apple have gained 48% in value so far this year at $193 per share as of 2 p.m. ET on Friday afternoon, with Jefferies analysts forecasting they could rise as high as $219 per share this year. By contrast, the S&P 500 Index is up 16% year-to-date. Apple reported $94.8 billion in revenue in its fiscal second quarter ended April 1, down 3% year-over-year. The company reported total net sales of $94.8 billion, compared to $97.2 billion in the same period a year ago. Meta aims to rival Apple’s VisionPro. It will offer its own headset, Quest 3, slated to launch this fall. The social media giant aims to offer its headset for a fraction of VisionPro’s price at $499.99. The company also opened its first stores in India earlier this year, as well as a manufacturing plant in Chennai, India, to diversify its supply chains and bring down the manufacturing costs of its iPhones."
dragged-0435,dragged,"How many publicly traded American companies have, at any point, had a market capitalization in excess of $3 trillion?",outdated,3 companies.,,3,2022-01-03,https://www.cnbc.com/2022/01/03/apple-becomes-first-us-company-to-reach-3-trillion-market-cap.html,,,"Apple becomes first U.S. company to reach $3 trillion market cap Apple hit a market cap of $3 trillion briefly during trading on Monday. The milestone is mostly symbolic but it represents investor recognition of Apple's success over the past few years as the company has reported several record-breaking quarters of big growth in all of its product lines. Apple's cash flow also makes the stock a safe haven during times of market uncertainty. Apple briefly hit a market cap of $3 trillion during intraday trading on Monday, before dropping back under the mark shortly afterwards. Apple broke the barrier when its share price hit $182.86. Apple rose 2.5% on Monday to close at $182.01, just missing closing the trading day at the $3 trillion mark. The milestone is mostly symbolic but it shows investors remain bullish on Apple stock and its ability to grow. At a market value of $3 trillion, Apple tripled its valuation in under four years. And analysts see plenty of room to run. Apple showed annual growth across all of its product categories in its fourth-quarter earnings, with revenue up 29% year-over-year. While the iPhone is still the biggest sales driver, Apple's services business grew 25.6% year-over-year and delivered more than $18 billion in revenue during the quarter. In December, for example, Morgan Stanley's Katy Huberty raised the firm's price target on Apple from $164 to $200, and maintained the equivalent of a buy rating, arguing that new products like virtual reality and augmented reality headsets aren't yet baked into the share price. Huberty also said she expects Apple's App Store revenue to outperform Morgan Stanley's forecasts for the quarter and for Apple to ship 83 million units during the December quarter, 3 million more than anticipated."
dragged-0435,dragged,"How many publicly traded American companies have, at any point, had a market capitalization in excess of $3 trillion?",outdated,3 companies.,,4,,https://www.firstnations.org/dr-per-cap-whats-market-cap/,,,"What’s Market Cap? I just read that Apple has a $3 trillion dollar market cap. What does that mean? Signed, Jenny L. Dear Jenny L., Market capitalization, or market cap, is an investing term used to describe the size of a publicly traded company. It’s based on a simple formula that multiplies the number of shares of stock in a company by its share price. Here’s a basic example: Say you have a company with 1,000 shares of stock and each share trades for $10. Then the company’s market cap is $10,000. Apple’s $3 trillion market cap is absolutely astounding. The company has more than 16 billion outstanding shares of stock that during the last calendar year traded as high as $181 and as low as $116. One thing to remember is that a company’s market cap is always changing, along with its share price. In fact, Apple only temporarily reached its $3 trillion market cap on Jan. 3, 2022, when its share price briefly hit $182.86. Then the share price dropped 85 cents, causing the company’s market cap to close the trading day a few billion shy of $3 trillion. Yep, 85 cents add up quickly when multiplied by a number with nine zeros. Nevertheless, Apple is the first U.S. company to reach a $3 trillion valuation. That’s nearly as much as the gross domestic product of neighboring countries Canada and Mexico combined. Not bad for a business started in a garage in 1976. When considering which stocks to buy, investors pay close attention to a company’s market cap because it provides two very important pieces of information – a company’s size and its value. Kind of like house shopping when a homebuyer’s first questions are likely, “How big is the house?” and “What’s the asking price?” Companies can also be grouped into categories based on market cap size as shown below. Market Capitalization Company Valuation Mega Cap More than $200 billion Large Cap $"
dragged-0435,dragged,"How many publicly traded American companies have, at any point, had a market capitalization in excess of $3 trillion?",outdated,3 companies.,,5,,https://stockanalysis.com/list/biggest-companies/,,,"Biggest Companies by Market Cap A list of stocks ranked by market capitalization, updated daily. It includes companies listed in the United States that are traded on the NASDAQ, NYSE and NYSE American. It does not include private companies or over-the-counter stocks."
dragged-0435,dragged,"How many publicly traded American companies have, at any point, had a market capitalization in excess of $3 trillion?",outdated,3 companies.,,6,2023-12-30,https://finance.yahoo.com/news/these-are-the-largest-publicly-traded-companies-in-each-us-state-142741142.html,,,"In This Article: With a market cap of more than $3 trillion, Apple (AAPL) is the most valuable company in the state of California and all of the United States. The iPhone maker once again surpassed that $3 trillion mark in early December. Tech titan Microsoft (MSFT), based out of Washington, isn’t too far behind at $2.79 trillion. Yahoo Finance compiled a list of the biggest publicly traded companies in each state and Washington, D.C., based on market cap and the location of companies' headquarters as of 2023. Healthcare giants at the top Healthcare is the dominant sector among the largest companies in the US, including health insurance giants Humana (HUM) in Kentucky at $56.1 billion and UnitedHealth (UNH) out of Minnesota at $485.49 billion. The Northeast is home to several of those companies, along with other big healthcare names like CVS Health (CVS) based out of Rhode Island and valued at $101.61 billion, Johnson & Johnson (JNJ) in New Jersey and valued at $376.93 billion, and Thermo Fisher Scientific (TMO) in Massachusetts and valued at $205.91 billion. Several financial companies are also among the largest in their home states. In New York City, banking giant JP Morgan Chase (JPM) is worth $492.34 billion while billionaire Warren Buffett’s Nebraska-based conglomerate Berkshire Hathaway (BRK-A) is valued at a whopping $776.04 billion. Charlotte, North Carolina, a hot spot in the financial services industry, is home to the headquarters of Bank of America (BAC), which is the most highly-valued company in the state at $268.12 billion. The J.P. Morgan logo sign on the entrance of a glass office building in Midtown Manhattan, New York, USA on 23 January 2020."
dragged-0435,dragged,"How many publicly traded American companies have, at any point, had a market capitalization in excess of $3 trillion?",outdated,3 companies.,,7,2024-07-30,https://tiomarkets.com/en/article/list-of-public-corporations-by-market-capitalization-guide,,,"List of public corporations by market capitalization: Explained The world of trading is a complex and intriguing one, with a myriad of terms, concepts, and metrics that traders need to understand. One such term is 'public corporations by market capitalization'. This term refers to a list of companies that are publicly traded, ranked by their total market value. This is a crucial concept for traders as it gives them an insight into the financial health and size of a company, which can greatly influence investment decisions. Market capitalization, often referred to as 'market cap', is the total dollar market value of a company's outstanding shares of stock. It is calculated by multiplying a company's outstanding shares by the current market price of one share. The companies with the largest market cap are typically considered to be the most stable and secure for investment, with less risk of bankruptcy or financial trouble. Understanding Market Capitalization Market capitalization is a key metric in determining the value of a company. It provides an estimate of what a company is worth on the open market, as well as a benchmark for investors to use in comparing the value of different companies. Market cap is often used in financial news and reports to give a sense of a company's size and growth potential. While market cap gives a snapshot of a company's value, it's important to note that it doesn't tell the whole story. It doesn't account for a company's debt or other liabilities and it doesn't give any indication of a company's future performance or growth potential. Therefore, while it's a useful metric, it should be used in conjunction with other financial indicators when evaluating a company's worth. Calculating Market Capitalization Calculating market capitalization is straightforward. It's simply the current share price of a company multiplied by the total number of its outstanding shares. For example, if a company has 1 million shares outstanding and the current share price is $20, the market cap would be $20 million. However, it's important to note that market cap can change frequently as the share price fluctuates. Therefore, the market cap of a company at any given moment may not be the same as it was a day, a week, or a month ago."
dragged-0435,dragged,"How many publicly traded American companies have, at any point, had a market capitalization in excess of $3 trillion?",outdated,3 companies.,,8,2021-08-23,https://www.visualcapitalist.com/which-companies-belong-to-the-elite-trillion-dollar-club/,,,"Which Companies Belong to the Elite Trillion-Dollar Club? Just a handful of publicly-traded companies have managed to achieve $1 trillion or more in market capitalization—only seven, to be precise. We pull data from Companies Market Cap to find out which familiar names are breaking the 13-digit barrier—and who else is waiting in the wings. The Major Players in the Game Apple, Microsoft, and Saudi Aramco are the three companies to have shattered the $2T market cap milestone to date, leaving others in the dust. Apple was also the first among its Big Tech peers to ascend to the $1 trillion landmark back in 2018. Company Valuation Country Age of company Apple $2.46T 🇺🇸 U.S. 45 years (Founded 1976) Microsoft $2.31T 🇺🇸 U.S. 46 years (Founded 1975) Saudi Aramco $2.00T 🇸🇦 Saudi Arabia 88 years (Founded 1933) Alphabet (Google) $1.84T 🇺🇸 U.S. 23 years (Founded 1998) Amazon $1.68T 🇺🇸 U.S. 27 years (Founded 1994) Tesla $1.01T 🇺🇸 U.S. 18 years (Founded 2003) Footnote: Data is current as of October 25, 2021. Facebook is the 7th company historically to reach $1 trillion, but dipped out recently. The largest oil and gas giant—Saudi Aramco is the only non-American company to make the trillion-dollar club. This makes it a notable outlier, as American companies typically dominate the leaderboard of the biggest corporations around the world. Tesla Reaches $"
dragged-0435,dragged,"How many publicly traded American companies have, at any point, had a market capitalization in excess of $3 trillion?",outdated,3 companies.,,9,2017-05-18,https://corpgov.law.harvard.edu/2017/05/18/looking-behind-the-declining-number-of-public-companies/,,,"96 to date. (See figures 1 and 2). Figure 1: Change in the number of US public companies Source: World Bank, excluding investment funds and trusts. Since the 2008 financial crisis, the total number of domestic US-listed companies has largely stabilized again, ranging between 4,100 and 4,400. During this same period, foreign companies listed on US exchanges have steadily increased in number. (See figure 2.) Figure 2: Domestic and foreign US public companies Source: World Federation of Exchanges, excluding investment funds and trusts. Public companies have also grown in size. A typical domestic-listed company today has a higher market capitalization than in the 1990s, a trend that has accelerated in recent years (See figure 1.) As of early 2017, the average market capitalization of a US-listed company is $7.3b, and the median is $832m. Also, the largest 1% of US public companies represent 29% of the total market capitalization. About 140 companies now each exceeds $50b in market value, representing more than half of the total US market capitalization. “The U.S. Listing Gap,” a June 2016 academic study using listing data from major exchanges from 1975 to 2012, highlighted some of the delisting trends beginning in the 1990s due to the dot-com bubble. Table 4, Panel A of the study reveals that following the dot-com peak, 2,101 companies were “delisted for cause” over the next seven years (1997–2003), unable to meet the listing standards of their exchange; an average of 300 companies a year. From 2003 to 2012, for-cause delistings fell to fewer than 100 per year. —Doidge C., Karolyi G.A., & Stulz RM. The U.S. Listing Gap. Discussed on the Forum here."
dragged-0440,dragged,Who is the highest-paid athlete in the world?,outdated,Cristiano Ronaldo,,0,2024-05-16,https://www.forbes.com/lists/athletes/,,,"The World's Highest-Paid Athletes 2024 In the eight years since he became the world’s highest-paid athlete for the first time, much has changed for Cristiano Ronaldo. The 39-year-old Portuguese soccer star went from lighting up the Bernabéu with Real Madrid to stints with Juventus and Manchester United, until finally landing at his current home, Al Nassr of the Saudi Pro League. But no matter the location, one thing has remained constant—Ronaldo is still drawing outsized paydays. He earned an estimated $260 million over the last 12 months, making him the highest-paid athlete in the world for the fourth time in his career. Forbes estimates Ronaldo’s contract with Al Nassr earned him $200 million this season. And as one of the sports world’s most successful pitchmen, Ronaldo earned another $60 million off the field from an endorsement portfolio that includes Nike, Binance and Herbalife, among others. In total, the world’s 50 highest-paid athletes hauled in an estimated $3.88 billion over the last 12 months before taxes and agents’ fees, up 13% from last year’s record mark of $3.44 billion. Roughly 76%, or $2.94 billion, came from on-field earnings (salaries, bonuses and prize money) partly because of the Middle Eastern money continuing to flow into sports. The other 24%, or $936 million, is attributable to their endorsements, appearances, licensing and memorabilia income, and other business endeavors, which is down 13% year-over-year from $1.08 billion. The cutoff for this year’s top 50, like last year, is $45.2 million, a 20% hike from the previous record in 2022. Still, 10 newcomers qualified for the ranking, while another eight returned to the list after an absence of a year or longer."
dragged-0440,dragged,Who is the highest-paid athlete in the world?,outdated,Cristiano Ronaldo,,1,2024-02-07,https://www.sportico.com/feature/highest-paid-athletes-in-the-world-1234765608/,,,"022-23 and 2023-24 seasons, as well as bonuses paid out during 2023. Base salaries tend not to vary significantly from year to year, but the Saudi Pro League spending spree on soccer players introduced massive one-year leaps for stars such as Karim Benzema. The salaries listed are a blend of two seasons based on estimated payment schedules. NBA salaries in 2022-23 were reduced 2.65% once final accounting on the season was completed based on the league’s collective bargaining agreement. The CBA ensures a roughly 50-50 revenue split between players and teams, with an escrow account in place to withhold salaries to protect the split. The players would have received 100% of the escrow if not for a carryover shortfall from COVID-19-impacted seasons. We did not reduce salaries for 2023-24 when figuring the top 100. The salary totals do not include deferred compensation until it is paid out. This knocked out third baseman Nolan Arenado who has $6 million a year of his St. Louis Cardinals contract deferred without interest. Max Scherzer collected $15 million last year in deferred comp from his previous Nationals contract in addition to his current $43.3 million salary. Endorsement income includes earnings from sponsorships, licensing, royalties, memorabilia, appearances, golf course design, media, book deals and branded car dealerships. Every NBA player received $425,600 for the 2022-23 season from group licensing income, while NFL payouts are variable and can top $2 million for a few players including Patrick Mahomes and Dak Prescott. Sportico conducted more than 40 interviews with industry insiders to gauge the earnings."
dragged-0440,dragged,Who is the highest-paid athlete in the world?,outdated,Cristiano Ronaldo,,2,,https://en.wikipedia.org/wiki/Forbes_list_of_the_world%27s_highest-paid_athletes,,,This is a list of the highest-paid athletes in the world as ranked by Forbes magazine. Contents. 1 2024 list; 2 2023 list; 3 2022 list; 4 2021 list ...
dragged-0440,dragged,Who is the highest-paid athlete in the world?,outdated,Cristiano Ronaldo,,3,2024-09-08,https://www.usatoday.com/story/sports/2024/09/08/highest-paid-athletes-2024/75134981007/,Cristiano Ronaldo,correct,"According to multiple reports, Cristiano Ronaldo is the highest-paid soccer player in the world with his $75 million-per-year contract with ..."
dragged-0440,dragged,Who is the highest-paid athlete in the world?,outdated,Cristiano Ronaldo,,4,2024-05-15,https://frontofficesports.com/highest-paid-athletes-in-the-world/,,,"It’s the battle of the sports, but not to see which is most entertaining. The highest-paid athletes in the world tend to play one of three sports: soccer, basketball, or, football. Cristiano Ronaldo is once again the highest-paid athlete in the world. He signed a record deal with Saudi Arabian club Al Nassr in 2023 for $215.5 million annually. This deal represents a $75 million increase in his salary. Ronaldo’s wages amount to $4.14 million weekly or $24,600.46 every hour."
dragged-0440,dragged,Who is the highest-paid athlete in the world?,outdated,Cristiano Ronaldo,,5,2024-06-21,https://www.youtube.com/watch?v=B9ei1r7PaXI,,,"In the eight years since he became the world's highest-paid athlete for the first time, much has changed for Cristiano Ronaldo."
dragged-0440,dragged,Who is the highest-paid athlete in the world?,outdated,Cristiano Ronaldo,,6,2024-04-07,https://www.reddit.com/r/Infographics/comments/1by7m4w/oc_top_10_highest_paid_athletes_in_the_world/,,,All driver salaries are exempt from the cost cap PLUS 3 highest team personnel/engineers salaries. This is why the cost cap was a big win ...
dragged-0440,dragged,Who is the highest-paid athlete in the world?,outdated,Cristiano Ronaldo,,7,2024-05-17,https://www.livegoal.us/threads/top-10-highest-paid-athletes-in-the-world.2483/,,,1. Cristiano Ronaldo: $260M 2. John Rahm: $218M (Golf) 3. Lionel Messi: $135M 4. LeBron James: $128.2M (NBA) 5. Giannis A: $111M
dragged-0440,dragged,Who is the highest-paid athlete in the world?,outdated,Cristiano Ronaldo,,8,2015-12-06,https://www.slcricketfans.com/showthread.php?tid=787,,,"his salary is not 35m dollars a year?? i It's just this year Quote:Mayweather made more than $200 million from his historic fight against Manny Pacquiao. Thanks to the fight generating nearly $600 million worth of revenue, Pacquiao actually comes in at second, albeit a distant second, on the list. He was the 11th highest-paid athlete in 2014. Cristiano Ronaldo, Lionel Messi, and Roger Federer finished 3rd, 4th, and 5th respectively in the rankings that include both earnings and endorsements. This means that not a single player from the three major sports in the United States – football, basketball, and baseball – cracked the top-5."
dragged-0440,dragged,Who is the highest-paid athlete in the world?,outdated,Cristiano Ronaldo,,9,2024-05-17,https://www.cnn.com/2024/05/17/sport/cristiano-ronaldo-highest-paid-athlete-forbes-spt-intl/index.html,,,"Rahm’s total earnings are $218 million, Forbes calculated – $198 million through playing wages alone – while Messi’s are $135 million, more than half of which ($70 million) are off-the-field payments. Ronaldo, one of four Saudi-based soccer players on the list of the 50 highest-paid athletes, made his debut for Al-Nassr in January 2023. This season, the club is set to finish second in the Saudi Pro League behind Al-Hilal. Ronaldo takes a free-kick against Al-Hilal last month. Neville Hopwood/Getty Images For the first time, the top-10 highest paid athletes have each earned more than $100 million, combining for a record $1.38 billion, according to Forbes. Also included in the top 10 are the NBA’s LeBron James, Giannis Antetokounmpo, and Steph Curry, as well as soccer players Neymar, Karim Benzema – both of whom represent Saudi clubs – and Kylian Mbappé. Baltimore Ravens quarterback Lamar Jackson is the highest-earning NFL player at number 10. No women have ranked inside the top 50 of Forbes’ list for the first time since 2019, while only Serena Williams, Maria Sharapova, Li Na, and Naomi Osaka have done so since 2012. Forbes’ methodology involves conversations with industry insiders, news reports, and salary databases like Spotrac, and all figures are converted to US dollars under the current exchange rate."
dragged-0448,dragged,How many people have been on the International Space Station?,outdated,Over 260,,0,,https://www.nasa.gov/international-space-station/space-station-facts-and-figures/,,,"An international crew of seven people live and work while traveling at a speed of five miles per second, orbiting Earth about every 90 minutes. Sometimes more are aboard the station during a crew handover. In 24 hours, the space station makes 16 orbits of Earth, traveling through 16 sunrises and sunsets. Peggy Whitson set the U.S. record for spending the most total time living and working in space at 665 days on Sept. 2, 2017. The living and working space in the station is larger than a six-bedroom house (and has six sleeping quarters, two bathrooms, a gym, and a 360-degree view bay window). To mitigate the loss of muscle and bone mass in the human body in microgravity, the astronauts work out at least two hours a day. Astronauts and cosmonauts regularly conduct spacewalks for space station construction, maintenance and upgrades. Through Expedition 60, the microgravity laboratory has hosted nearly 3,000 research investigations from researchers in more than 108 countries. The station’s orbital path takes it over 90 percent of the Earth’s population, with astronauts taking millions of images of the planet below. Check them out at https://eol.jsc.nasa.gov. Anchored to a foot restraint on the Space Station Remote Manipulator System (SSRMS) or Canadarm2, astronaut David A. Wolf, STS-112 mission specialist, participates in the mission’s first session of extravehicular activity (EVA). NASA More than 20 different research payloads can be hosted outside the station at once, including Earth sensing equipment, materials science payloads, particle physics experiments like the Alpha Magnetic Spectrometer-02 and more. The space station travels an equivalent distance to the Moon and back in about a day. The Water Recovery System reduces crew dependence on water delivered by a cargo spacecraft by 65 percent – from about 1 gallon a day to a third of a gallon."
dragged-0448,dragged,How many people have been on the International Space Station?,outdated,Over 260,,1,,https://en.wikipedia.org/wiki/International_Space_Station,,,"As the Shuttle flights expanded the station, crew sizes also expanded, eventually reaching six around 2010.[241][242] With the arrival of crew on larger US commercial spacecraft beginning in 2020,[243] crew size has been increased to seven, the number for which ISS was originally designed.[244][245] Oleg Kononenko of Roscosmos holds the record for the longest time spent in space and at the ISS, accumulating nearly 1,111 days in space over the course of five long-duration missions on the ISS (Expedition 17, 30/31, 44/45, 57/58/59 and 69/70/71). He also served as commander three times (Expedition 31, 58/59 and 70/71).[246] Private flights Travellers who pay for their own passage into space are termed spaceflight participants by Roscosmos and NASA, and are sometimes referred to as ""space tourists"", a term they generally dislike.[d] As of June 2023[update], thirteen space tourists have visited the ISS; nine were transported to the ISS on Russian Soyuz spacecraft, and four were transported on American SpaceX Dragon 2 spacecraft. For one-tourist missions, when professional crews change over in numbers not divisible by the three seats in a Soyuz, and a short-stay crewmember is not sent, the spare seat is sold by MirCorp through Space Adventures. Space tourism was halted in 2011 when the Space Shuttle was retired and the station's crew size was reduced to six, as the partners relied on Russian transport seats for access to the station. Soyuz flight schedules increased after 2013, allowing five Soyuz flights (15 seats) with only two expeditions (12 seats) required. ["
dragged-0448,dragged,How many people have been on the International Space Station?,outdated,Over 260,,2,2024-10-24,https://www.nasa.gov/international-space-station/space-station-visitors-by-country/,,,280 individuals representing 23 countries and five International Partners have visited the International Space Station.
dragged-0448,dragged,How many people have been on the International Space Station?,outdated,Over 260,,3,,https://en.wikipedia.org/wiki/List_of_visitors_to_the_International_Space_Station,,,"Page version status This is a list of all of the visitors to the International Space Station (ISS), including long-term crew, short-term visitors, and space tourists, in alphabetical order. ISS crew names are in bold. The suffix (twice, three times, ...) refers to the individual's number of spaceflights to the ISS, not the total number of spaceflights. Entries without a flag symbol indicate that the individual was an American citizen at launch. Entries without a female symbol () are men. Statistics As of September 12, 2021[update], 244 individuals[1] have made 403 spaceflights to the ISS, including the seven people currently at the ISS (Expedition 65). Two people have made five spaceflights to the ISS, while five people have made four, 36 people made three and 84 people made two. Note that this list assigns individuals with dual citizenship to their country of primary residence at time of launch (for example, the Iranian-American space tourist Anousheh Ansari is only listed under the United States). Initially all private space travel was aboard the Russian Soyuz spacecraft. When only two crew members are required in the three-seat Soyuz, and additional cargo is not sent, the additional seat is sold to the general public through Space Adventures. Private travelers would remain on the ISS during handover from one expedition crew to the next, generally a week or two. The NASASpace Shuttle carried seven crew members, and the longest docking with the ISS was 11 days. Many visitors to the ISS were accommodated for short periods during NASA shuttle dockings. ^""Axiom-1: First all-private crew launches to space station"". BBC News. 8 April 2022. Retrieved 2 October 2023. While Russia allowed private astronaut endeavours to visit the 23-year-old station as far back as 2001, NASA resisted the practice - until announcing a change in policy in 2019 designed to boost commercial opportunities."
dragged-0448,dragged,How many people have been on the International Space Station?,outdated,Over 260,,4,,https://issnationallab.org/about/iss-national-lab-overview/iss-history-timeline/,,,"{{current_slide_index}} An achievement of international collaboration & innovation History of the ISS In 2005, the U.S. segment of the International Space Station was designated as a national laboratory. Curious about the origins of the ISS and what has happened since its creation? Scroll through the station’s history and discover key events and activities that have shaped this extraordinary research platform. {{total_slide_count}} {{current_slide_index}} January 25 Reagan directs NASA to build the ISS 1984 ""Just as the oceans opened up a new world for clipper ships and Yankee traders, space holds enormous potential for commerce today"". President Ronald Reagan's State of the Union Address directs NASA to build an international space station within the next 10 years. "" {{total_slide_count}} {{current_slide_index}} November 20 First ISS Segment Launches 1998 The first segment of the ISS launches: The Zarya Control Module launched aboard a Russian Proton rocket from Baikonur Cosmodrome, Kazakhstan. Zarya (translates to ""sunrise"") supplied fuel storage, battery power and rendezvous and docking capability for Soyuz and Progress space vehicles. {{total_slide_count}} {{current_slide_index}} December 4 First U.S.-built component launches 1998 Unity Node 1 module—the first U.S.-built component of the International Space Station— launches into orbit two weeks later during the STS-88 mission. Joining Unity with the Zarya module was the first step in the assembly of the orbiting laboratory. {{total_slide_count}} {{current_slide_index}} November 2 First Crew to Reside on Station 2000 NASA Astronaut Bill Shepherd and cosmonauts Yuri Gidzenko and Sergei Krikalev become the first crew to reside onboard the station."
dragged-0448,dragged,How many people have been on the International Space Station?,outdated,Over 260,,5,,https://whoisinspace.com/,,,"THERE ARE 10 HUMANS IN SPACE · ISS - Starliner CFT Launched June 5, 2024, 14:52:14 UTC · Butch Wilmore · Sunita Williams · ISS - Soyuz ms-26. Launched September 11, ..."
dragged-0448,dragged,How many people have been on the International Space Station?,outdated,Over 260,,6,2024-02-23,https://www.space.com/16748-international-space-station.html,,,"The International Space Station (ISS) is a multi-nation construction project that is the largest single structure humans ever put into space. Its main construction was completed between 1998 and 2011, although the station continually evolves to include new missions and experiments. It has been continuously occupied since Nov. 2, 2000. The ISS is not owned by one single nation and is a ""co-operative programme"" between Europe, the United States, Russia, Canada and Japan, according to the European Space Agency (ESA). The International Space Station costs about $3 billion per year for NASA to operate, roughly a third of the human spaceflight budget, according to the agency's Office of the inspector general. As of May 2022, 258 individuals from 20 countries have visited the International Space Station. The top participating countries include the United States (158 people) and Russia (54 people). Astronaut time and research time on the space station are allocated to space agencies according to how much money or resources (such as modules or robotics) they contribute. The ISS includes contributions from 15 nations. NASA (United States), Roscosmos (Russia) and the European Space Agency are the major partners of the space station and contribute most of the funding; the other partners are the Japanese Aerospace Exploration Agency and the Canadian Space Agency. Through a private company called Axiom Space, private astronauts are starting to work on the orbiting complex, from time to time; additionally, astronauts from other nations such as the United Arab Emirates do fly occasionally to the ISS. ISS live views This NASA livestream shows high definition views from the ISS as it orbits Earth. The external camera is mounted on the station's Harmony module. According to NASA's video description ""If the Harmony module camera is not available due to operational considerations for a longer period of time, a continuous loop of recorded Earth views will be displayed with the caption 'Previously Recorded.' "" Current plans call for the space station to be operated through at least 2024, with the partners discussing a possible extension."
dragged-0448,dragged,How many people have been on the International Space Station?,outdated,Over 260,,7,2020-10-23,https://www.kennedyspacecenter.com/blog/the-20-most-frequently-asked-questions-about-the-international-space-station,,,"20 years of humankind permanently occupying the space station. How many countries are involved in the International Space Station? The partnership of five space agencies representing 15 countries provide for and operate the ISS. These countries include the United States, Russia, Canada, Japan and the participating countries of the European Space Agency. How was the ISS built? Astronaut Stephen K. Robinson, STS-114 mission specialist, is anchored to the extended ISS’s Canadarm-2 during a spacewalk to repair the Control moment Gyroscopes. Credit: NASA Constructing the ISS was a joint mission over the course of 13 years by many countries including the United States, Russia, Japan and Europe. Different modules of the ISS were constructed on Earth by thousands of engineers and launched by Russia’s Proton rocket and the United States’ space shuttles. Fun Fact:Space shuttle Atlantis on display at Kennedy Space Center Visitor Complex delivered the U.S. laboratory module Destiny along with many other vital components. Who is on the ISS? As of mid-October 2020, six astronauts are aboard the ISS. Keep up to date with who is on the station at NASA ISS webpage. Four astronauts are preparing to launch soon on a SpaceX Crew Dragon, including NASA astronauts Michael Hopkins, Victor Glover, Shannon Walker and JAXA astronaut Soichi Noguchi. Learn more about this launch and other upcoming launches on the launch calendar. How long do astronauts stay on the ISS? The average mission length for an astronaut is six months or 182 days, but the amount of time varies based on their mission. Who has been on the ISS the longest? Astronaut Scott Kelly holds the record for the longest single spaceflight at 340 days. For the longest cumulative days in space, astronaut Peggy Whitson holds the record at a total of 665 days. Fun Fact: Astronaut Scott Kelly is one of the 2020 Astronaut Hall of Fame inductees. Visit the Astronaut Hall of Fame to learn more about this prestigious honor."
dragged-0448,dragged,How many people have been on the International Space Station?,outdated,Over 260,,8,,https://www.nasa.gov/international-space-station/,Over 260,correct,"NASA Station Visitors Over 260 individuals representing 20 countries and five International Partners have visited the International Space Station. Learn more about the people from around the world who have visited the station. Astronaut Christopher Cassidy waves during a spacewalk on the International Space Station. Station Record Holders NASA astronauts often spend extended periods of time aboard the International Space Station. NASA tracks and publishes the single spaceflight record holders (the most days spent in space on a single mission) and the cumulative days in space record holders (combined time in space over an astronaut’s career). Astronaut Susan Helms works outside the International Space Station while attached to the Canadarm robotic arm on the Space Shuttle Discovery during a spacewalks. Frequently Asked Questions Learn more about the orbital complex. Launched in 1998 and involving the U.S., Russia, Canada, Japan, and the participating countries of the European Space Agency — the International Space Station is one of the most complex international collaborations ever attempted. Learn More and Get Involved ISS: 2025 Calendar Explore the new International Space Station 2025 calendar and learn more about the one-of-a-kind orbiting laboratory. Research and Technology Since the first crew’s arrival aboard over twenty years ago, the International Space Station has evolved into a state-of-the-art scientific lab. Station Expeditions Stay up-to-date with the latest content from NASA as we explore the universe and discover more about our home planet. Visiting Vehicles ESA, JAXA, Roscosmos, Northrop Grumman, and SpaceX, each have launched their own space freighters to resupply the International Space Station. NASA, Roscosmos, SpaceX, and Boeing have also launched their own crew ships to the orbital outpost."
dragged-0450,dragged,How many countries have recognized same-sex marriage?,outdated,38,,0,,https://www.hrc.org/resources/marriage-equality-around-the-world,,,"The Constitutional Court of Austria ruled on December 4, 2017 that denial of marriage equality was discriminatory, legalizing same-sex marriage. Marriage equality took effect January 1, 2019. Taiwan: The Taiwan Constitutional Court ruled in 2017 that marriage could not be restricted to opposite-sex couples and gave parliament two years to enact legislation legalizing same-sex marriage. Parliament passed legislation to legalize same-sex marriage which went into effect May 24, 2019, making Taiwan the first country to enact marriage equality in Asia. Ecuador: Legalized after Ecuador’s Constitutional Court found on June 12, 2019 that its ban was unconstitutional, marriage equality took effect in Ecuador on July 8, 2019. International Institutions & Marriage Equality The Inter-American Court of Human Rights is an independent judicial institution of the Organization of American States. In 2018, it issued an advisory opinion to Costa Rica that signatories of the American Convention on Human Rights are obliged to make same-sex marriage legal. The Court’s guidance applies to 20 signatory countries and has proven a powerful tool in advocating for marriage equality in these countries. The European Court of Justice (ECJ) serves as a high court in the European Union. In 2018, the ECJ determined that all EU countries were required to recognize the same-sex marriages of EU and non-EU citizens for purposes of immigration, regardless of whether same-sex marriage is legal in those countries. In recognition of this decision, the Supreme Administrative Court of Bulgaria affirmed in 2019 that the country would recognize such same-sex marriages for the purposes of immigration. Methodology This page is based on a review of legislation and judicial decisions recognizing same-sex marriage. It does not identify countries that recognize other kinds of relationships between same-sex couples, such as civil unions, registered partnerships or domestic partnerships."
dragged-0450,dragged,How many countries have recognized same-sex marriage?,outdated,38,,1,2017-08-08,https://www.pewresearch.org/religion/2017/08/08/gay-marriage-around-the-world-2013/,38,correct,"Gay Marriage Around the World A growing number of governments around the world are considering whether to grant legal recognition to same-sex marriages. So far, more than two dozen countries have enacted national laws allowing gays and lesbians to marry, mostly in Europe and the Americas. In Mexico, some jurisdictions allow same-sex couples to wed, while others do not. Countries That Allow Gay Marriage On Dec. 7, 2017, the Australian Parliament passed legislation allowing gay and lesbian couples to legally wed. Passage came just three weeks after Australians voted in favor of legalizing same-sex marriage, by a 62% to 38% margin, in a non-binding, nationwide referendum. Along with New Zealand, Australia became the second country in the Asia-Pacific region to to make same-sex marriage legal. Malta (2017) Malta’s parliament almost unanimously voted to legalize same-sex marriage in July 2017, despite opposition from the Catholic Church on the small Mediterranean island. Germany (2017) On June 30, 2017, Germany became the 15th European country to enact legislation allowing same-sex couples to wed. The 393-226 vote in the nation’s Bundestag (or Parliament) came just days after Chancellor Angela Merkel surprised many by saying that members of her ruling Christian Democratic Union should be able to vote their conscience on the issue even though the party formally opposes same-sex marriage. Colombia (2016) On April 28, 2016, Colombia became the fourth country in Catholic-majority South America to legalize same-sex marriage, following Argentina, Uruguay and Brazil."
dragged-0450,dragged,How many countries have recognized same-sex marriage?,outdated,38,,2,,https://www.equaldex.com/issue/marriage,,,"Same-sex marriage Same-sex marriage is legal in only 38 countries. Same-sex marriage Same-sex marriage represents a critical milestone in the LGBTQ+ rights movement, allowing couples of the same sex to legally marry and receive the same marital benefits as heterosexual couples. The journey towards legalization has been varied across the globe, influenced by cultural, religious, and political factors. In some regions, the push for marriage equality has gained significant traction and achieved legal recognition, often after prolonged public and legal battles. While full marriage equality is celebrated in many places, an alternative approach through civil unions or domestic partnerships persists in others. These frameworks typically grant a subset of rights that marriage offers, focusing on aspects like property rights or hospital visitation. However, they often fall short in areas such as inheritance, pension rights, and parental responsibilities, highlighting a gap in the legal recognition of relationships. The acceptance and implementation of same-sex marriage have brought substantial legal benefits, including inheritance rights, tax reductions, and enhanced health insurance options, which are pivotal for the security and well-being of families. This progress often results from shifting public attitudes and the dedicated efforts of human rights advocates. Summary 38 Legal 38 regions (19%) Legal 72 Somewhere in between 72 regions (37%) Somewhere in between 83 Illegal 83 regions (42%) Illegal 4 Varied, unclear, or unknown laws 4 regions (2%) Varied, unclear, or unknown laws Europe 44% LEGAL EQUALITY Legal 22 regions (44%) Somewhere in between 17 regions (34%) Illegal 11 regions (22%) Varied, unclear, or unknown laws regions (0%) Oceania 14% LEGAL EQUALITY Legal 2 regions (14%) Somewhere in between 5 regions (36%) Illegal 7 regions (50%)"
dragged-0450,dragged,How many countries have recognized same-sex marriage?,outdated,38,,3,,https://ourworldindata.org/data-insights/more-than-30-countries-have-legalized-same-sex-marriage,,,"More than 30 countries have legalized same-sex marriage The Netherlands was the first country to legalize same-sex marriage in 2001. Since then, more than 30 other countries have followed suit. You can see this in the chart, based on data from Pew Research. By 2022, same-sex marriage was legal in 32 countries. Since then, 3 more countries have joined this group: Andorra, Estonia, and Greece — bringing the total to 35. Last year, Nepal also registered its first same-sex wedding, but it’s not yet clear whether these rights are available across the country. Licenses: All visualizations, data, and articles produced by Our World in Data are open access under the Creative Commons BY license. You have permission to use, distribute, and reproduce these in any medium, provided the source and authors are credited. All the software and code that we write is open source and made available via GitHub under the permissive MIT license. All other material, including data produced by third parties and made available by Our World in Data, is subject to the license terms from the original third-party authors."
dragged-0450,dragged,How many countries have recognized same-sex marriage?,outdated,38,,4,,https://www.cnn.com/world/same-sex-marriage-legal-countries-map-dg/index.html,,,"Thailand will become the first Southeast Asian nation to legalize same-sex marriage, joining a list of more than 30 countries and territories globally."
dragged-0450,dragged,How many countries have recognized same-sex marriage?,outdated,38,,5,,https://www.cfr.org/backgrounder/marriage-equality-global-comparisons,,,"Europe More than half of the countries that have marriage equality are in Western Europe. Same-sex marriage has been legalized in the Netherlands (2001), Belgium (2003), Spain (2005), Norway (2009), Sweden (2009), Portugal (2010), Iceland (2010), Denmark (2012), France (2013), the United Kingdom (2013), Luxembourg (2015), Ireland (2015), Finland (2017), Malta (2017), Germany (2017), Austria (2019), and Switzerland (2021). In Italy, the parliament approved civil unions for same-sex couples in 2016, but same-sex marriage is not legal. Lawmakers in Andorra voted in 2022 to convert all same-sex civil unions to civil marriages and legalize same-sex marriage. The changes will take effect in early 2023. Meanwhile, Slovenia made history in 2022 as the first country of the former Yugoslavia to legalize marriage and adoption for same-sex couples. “More than half of the countries that have marriage equality are in Western Europe.” Despite this, same-sex marriage remains restricted in much of Central and Eastern Europe. A 2019 Pew Research Center poll found that support for legal recognition of same-sex marriage was 28 percent in Lithuania and 14 percent in Ukraine. Support in Poland and Hungary has increased in recent years, to 47 percent and 49 percent, respectively, though both maintain bans on same-sex marriage. At least ten other countries in Central and Eastern Europe have such prohibitions. Estonia allows civil unions, though popular support for marriage equality in the Baltic states is low. The Czech Republic and Hungary recognize same-sex partnerships. In 2018, a Budapest court ruled that same-sex marriages performed abroad must be recognized as partnerships."
dragged-0450,dragged,How many countries have recognized same-sex marriage?,outdated,38,,6,2023-10-17,https://www.ndtv.com/world-news/list-of-countries-where-same-sex-marriage-is-legalised-4487885,,,"The Supreme Court of India today delivered its judgement on pleas seeking legal validation for same-sex marriage. The court did not legalise marriage equality, but it emphasised that an individual's ability to engage in a union cannot be denied based on sexual orientation. The five-judge constitution bench headed by Chief Justice DY Chandrachud, Sanjay Kishan Kaul, Ravindra Bhat, Hima Kohli, and PS Narishma came up with four judgments, differing primarily on the question of adoption rights for queer couples. Twenty-three countries across the globe have legalised same-sex marriage after nationwide voting while 10 countries have legalised it through court decisions. Here is a list of more than 30 countries where marriage equality exists: Netherlands: 2001 Belgium: 2003 Canada: 2005 Spain: 2005 South Africa: 2006 Norway: 2009 Sweden: 2009 Iceland: 2010 Portugal: 2010 Argentina: 2010 Denmark: 2012 Uruguay: 2013 New Zealand: 2013 France: 2013 Brazil: 2013 England and Wales: 2014 Scotland: 2014 Luxembourg: 2015 Ireland: 2015 United States: 2015 Greenland: 2016 Colombia: 2016 Finland: 2017 Germany: 2017 Malta: 2017 Australia: 2017 Austria: 2019 Taiwan: 2019 Ecuador: 2019 Ireland: 2020 Costa Rica: 2020 Switzerland: 2022 Mexico: 2022 Chile: 2022 Slovenia:"
dragged-0450,dragged,How many countries have recognized same-sex marriage?,outdated,38,,7,,https://worldpopulationreview.com/country-rankings/countries-where-gay-marriage-is-legal,,,"Of these eighty-eight countries, the number of countries that have legalized gay marriage is a total of twenty-four nations. In 2001, the Netherlands became the very first country to ever legalize gay marriage. That was only eighteen years ago, meaning that the legalization of gay marriage is an up-and-coming change in the world as of less than two decades ago. After the Netherlands started to allow same-sex couples to be recognized as legally married, many other countries around the world started to follow suit. Here are the nations that have already legalized gay marriage, followed by the respective years in which same-sex marriages became legal. Most nations are very firm in their outlook regarding gay marriage. Since the topic is so controversial, people are very divided on their opinions on the matter. For the most part, countries are either for or against gay marriage. However, a couple of countries have not completely legalized gay marriage all throughout the nation, with same-sex couples only being able to get married in certain areas of said countries. There are only two countries that have not fully legalized gay marriage but have allowed same-sex couples to be wed in certain regions within the country. The nations that permit gay marriage in certain places are… There are twelve Mexican states that allow gay marriage to take place. Along with the Mexican city of Mexico City, the following cities have legalized gay marriage. They are listed in chronological order, followed by the year during which said countries legalized gay marriage. The number of countries that have not legalized gay marriage outweighs the number of countries that do, which could take a turn in the opposite direction as nations progress over time. The following countries are ones to watch for marriage equality in 2021... On a smaller scale, a handful of dependent territories have been outspoken about their perspectives on gay marriage. The territories of Bermuda, the Faroe Islands, Guam, and Puerto Rico have legalized gay marriage. Northern Ireland is another dependent territory with an opinion of the matter. This location does not dismiss the rights of same-sex couples entirely, but these couples are not recognized as legally married in Northern Island."
dragged-0451,dragged,Who posted the most-liked tweet last year?,outdated,Elon Musk,,0,,https://en.wikipedia.org/wiki/List_of_most-liked_tweets,,,"Top 30 The following table lists the top 30 most-liked tweets on X, the account that posted it, the total number of likes rounded down to the nearest hundred thousand, and the date it was originally posted. Posts that have an identical number of likes are listed in date order with the most recent post ranked highest. The notes provide the details surrounding the post. Deleted tweet Rank Tweet Posted by Likes (millions) Date posted Context 1 [It is with immeasurable grief that we confirm the passing of Chadwick Boseman. Chadwick was diagnosed with stage III colon cancer in 2016, and battled with it these last 4 years as it progressed to stage IV... ] [6] Tweet announcing the death of American actor Chadwick Boseman. Boseman died after complications with colon cancer, which he had been diagnosed with four years prior; the diagnosis was only made public after his death.[7] It became the most-liked tweet in the history of Twitter within 24 hours of its being posted, and was the most-liked tweet of 2020.[8] Swedish environmental activist Greta Thunberg tweeted this in response to British-American internet personality Andrew Tate, who posted a tweet taunting her with the emissions of his car collection.[16] Kobe was a legend on the court and just getting started in what would have been just as meaningful a second act. To lose Gianna is even more heartbreaking to us as parents. Michelle and I send love and prayers to Vanessa and the entire Bryant family on an unthinkable day.[24] Following Andrew Tate's arrest in Romania, there was a debunked[27] rumor that the authorities arrested Tate because a video he posted taunting Thunberg included a pizza box from a Romanian pizzeria, indicating he was in the country.[28][29] BTS member Jungkook posted a selfie featuring his newly dyed blond hair.[34] The tweet surpassed 1 million likes in 58 minutes.[35]"
dragged-0451,dragged,Who posted the most-liked tweet last year?,outdated,Elon Musk,,1,2023-09-13,https://www.statista.com/statistics/699462/twitter-most-retweeted-posts-all-time/,Elon Musk,correct,"Statista R identifies and awards industry leaders, top providers, and exceptional brands through exclusive rankings and top lists in collaboration with renowned media brands worldwide. For more details, visit our website. X/Twitter: most popular tweets as of 2023 The most liked tweet of all time was posted on American Actor Chadwick Boseman's Twitter account by his family members in August 2020 after his passing. As of January 2023, the post had seven million likes. Ranking second was a tweet by Elon Musk from April 2022, suggesting he would purchase Coca-Cola. Former U.S. President Barack Obama's 2017 tweet which stated ""No one is born hating another person because of the color of his skin or his background or his religion..."" has gained four million likes and 1.4 million retweets. Swedish environmental activist Greta Thunberg had two top ranking tweets as of January 2023. Ranking forth, a tweet from Thunberg which was published on December 27th 2022, was a response to American-British media personality Andrew Tate. Tate tweeted Greta and requested an email address to which he could submit a list of his collection of cars and each one's corresponding emissions, resulting in Thunberg's comeback gaining almost four million likes within a matter of days. Most popular tweets on X (formerly Twitter) as of 2023, by number of likes (in millions) Currently, you are using a shared account. To use individual functions (e.g., mark statistics as favourites, set statistic alerts) please log in with your personal account. If you are an admin, please authenticate by logging in again. Wikipedia. (January 2, 2023). Most popular tweets on X (formerly Twitter) as of 2023, by number of likes (in millions) [Graph]. In Statista. Retrieved January 08, 2025, from https://www.statista.com/statistics/699462/twitter-"
dragged-0451,dragged,Who posted the most-liked tweet last year?,outdated,Elon Musk,,2,2023-07-03,https://www.forbes.com/sites/tylerroush/2023/07/03/elon-musk-beats-out-rihanna-for-most-liked-tweet-of-2023/,,,"Elon Musk Beats Out Rihanna For Most-Liked Tweet Of 2023 Topline A meme posted by Elon Musk on Twitter, the platform he owns, is the most-liked tweet so far this year, beating out Rihanna and Taylor Swift. Elon Musk has the most-liked tweet of 2023 so far. Copyright 2023 The Associated Press. All rights reserved. Key Facts The image—which reads, “people who have Twitter but never post anything”—features a man smoking and overlooking a vast field of people, who appear to be interacting with one another. Musk’s tweet received more than 1.5 million likes and over 128,000 retweets in just under a month (he posted it June 17). Rihanna—who tweeted a photo of her 1-year-old son RZA from a photoshoot with British Vogue—scored over 1.3 million likes. Another image posted by Musk featuring his dog Floki—who appears to be signing paperwork to become “the new CEO of Twitter”—is the third-most-liked tweet, followed by atweet from Swift announcing the re-recording of her 2010 album Speak Now, after the album’s release was teased by Swift during her “Eras Tour” earlier this year. Demar Hamlin, the Buffalo Bills player who suffered cardiac arrest during a regular season game in January, received over 1 million likes for a tweet four days after the incident saying he was “thankful for everyone who has reached out and prayed.” Most Likes Surprising Fact A March 17 tweet from Calvin Klein announcing a collaboration with BTS member Jungkook received the most retweets, with 329,922 retweets. Three of the other top five posts with the most retweets involved BTS, including two songannouncements and another tweet promoting Jungkook’s Calvin Klein collaboration."
dragged-0451,dragged,Who posted the most-liked tweet last year?,outdated,Elon Musk,,3,,https://locobuzz.com/blogs/most-liked-tweets/,,,"0 Barack Obama wrote this tweet in tribute to American basketball player Kobe Bryantafter news of his and his daughter Gianna’s deaths in a helicopter crash surfaced. According to Twitter’s year-end review, it was the second most-liked tweet of 2020. 7 Congratulations to the Astronauts that left Earth today. Good choice. Andy Milonakis @andymilonakis 3.4 May 30, 2020 American comedian Andy Milonakisposted this tweet in response to the launch of Crew Dragon Demo-2 by SpaceX on May 30, 2020, during the ongoing COVID-19 pandemic and George Floyd protests. According to Twitter’s year-end review, it was the third most-liked tweet of 2020. 8 this is what happens when you don’t recycle your pizza boxes Greta Thunberg @GretaThunberg 3.3 December 30, 2022 Following Andrew Tate’s arrest in Romania, there was a debunked rumour that the authorities arrested Tate because a video he posted taunting Thunberg included a pizza box from a Romanian pizzeria, indicating he was in the country. 9 hello literally everyone Twitter @Twitter 3.1 October 4, 2021 Twitter tweeted this on a day when Facebook, Inc.-owned social media platforms, such as Facebook, Instagram, and WhatsApp, suffered a major, worldwide outage. According to Twitter’s year-end review, it was the third most-liked tweet of 2021.After Twitter rebranded into X in July 2023, the original Tweet author changed to the new, rebranded account. 10 😙 Jungkook @BTS_twt 3.1 January 24, 2021 BTS member Jungkook posted a selfie featuring his newly dyed blond hair."
dragged-0451,dragged,Who posted the most-liked tweet last year?,outdated,Elon Musk,,4,,https://www.tweetbinder.com/blog/most-liked-tweet/,,,"It is currently the number 1 tweet of all time, with 6.7 million likes. The most liked tweet of all time – RIP Chadwick Boseman Barack Obama | 3.8 million likes As mentioned above, Elon Musk’s Coca-Cola tweet is the second most liked Twitter post. But that aside, the next on this list is a tweet by former US President Barack Obama. With 3.8 million likes, this poignant message from Obama rings true for people globally. The most liked tweet of Barack Obama Greta Thunberg | 3.7 million likes Activist Greta Thunberg’s scathing reply to Andrew Tate’s provocation on Twitter is next with 3.7 million likes. This post quickly went viral, thanks to the well-aimed humor and sarcasm. One of the most liked tweet of all time by Greta Thunberg Joe Biden | 3.7 million likes US President Joe Biden’s tweet on his inaugural day as the President of the United States of America comes in next with 3.7 million likes. The positive tweet from President Biden saw a lot of interaction and engagement on Twitter. The most liked tweet of Joe Biden Barack Obama | 3.5 million likes Again on this list is Barack Obama’s tribute to the sad demise of Kobe Bryant and his daughter Gianna in a tragic helicopter crash. This post resonated with everyone globally, particularly Basketball fans who were heartbroken at this tragedy. The most liked tweet of all time by Barack Obama Why should you find your most liked tweets? Having information about your most liked tweets can help you build your profile and followers on Twitter. You understand your post, its visibility and reach, and what to amplify or discontinue."
dragged-0451,dragged,Who posted the most-liked tweet last year?,outdated,Elon Musk,,5,2020-08-30,https://www.reddit.com/r/technology/comments/ij52ja/twitters_most_liked_tweet_of_all_time_now_belongs/,,,Twitter's Most Liked Tweet Of All Time Now Belongs To Chadwick Boseman : r/technology.
dragged-0451,dragged,Who posted the most-liked tweet last year?,outdated,Elon Musk,,6,,https://tweetdelete.net/resources/most-liked-tweets-of-all-time/,,,"Most Liked Tweets of All Time: Highlight of X’s Best Posts Likes on Twitter are a way of measuring a tweet’s popularity on this social media platform. If that’s the case, what are the most liked tweets of all time? More importantly, which tweet of yours has the highest number of likes? How do you get this post without scrolling for hours through your profile page? Today’s article is a time capsule, taking you back to some of the most memorable moments on Twitter, now X. Let’s start! Top 7 Most Liked Tweets of All Time on Twitter Here’s a list of the top seven most-liked posts of all time on Twitter as of June 2024. 1. The Tragic News of Chadwick Boseman Demise With 6.7 Million Likes Most people would recognize Chadwick Boseman (@chadwickboseman) for his role as T’Challa in Black Panther. His outstanding performance in this movie gave the actor worldwide fame. Unfortunately, the actor had colon cancer. Although he and his family knew about this in 2016, they decided to keep it private. In August 2020, his family tweeted from his account to let people know about his demise. Former chief troll officer Elon Musk (@elonmusk) lived up to his title with his legendary post about buying Coca-Cola. Just two weeks ago, the billionaire investor offered to buy Twitter, which now goes by X, for $44 billion. He planned to bring back the original recipe, which consisted of a highly illegal narcotic. The joke captured the attention of the Twitterverse, making it the second-most-liked tweet of all time. Musk is truly the king of the hill when it comes to memes on X. 3. Barack Obama’s Quoting Nelson Mandela Garnered 3.7 Million Likes The 44th President of the U.S., Barack Obama, holds the third spot for his post with Nelson Mandela’s quote. The former American president sent this tweet after the tragic events in Charlottesville, Virginia."
dragged-0451,dragged,Who posted the most-liked tweet last year?,outdated,Elon Musk,,7,2024-02-10,https://x.com/TheGlobal_Index/status/1756310783372513665?lang=en,,,Top 15 most-liked tweets (posts) of all time on 𝕏/Twitter: 1. Chadwick Boseman death tweet - 6.8Million likes 2. Coca-Cola tweet - 4.5M likes ...
dragged-0451,dragged,Who posted the most-liked tweet last year?,outdated,Elon Musk,,8,2021-12-09,https://www.the-independent.com/news/world/americas/most-liked-tweet-2021-popular-b1973153.html,,,"It was liked more than 4 million times and retweeted 486,000 times. Joe Biden broke former President Obama’s record for the most votes cast for a candidate in a presidential election. In 2008, Mr Obama received 69,498,516 votes, while President Joe Biden got 81,284,000 votes in the 2020 election. He got 306 electoral votes in total, 74 more than Donald Trump’s 232. The second most-liked tweet of 2021 was posted by South Korean singer and songwriter Jungkook from the K-pop group BTS. It was posted with a selfie and a kissing face emoji. The official Twitter amount tweeted “hello literally everyone” on 4 October 2021, which came in as the third most likes of the year, while fourth and fifth on the most-liked list were by Barack Obama and Kamala Harris, about the new presidency “Congratulations to my friend, President @JoeBiden! This is your time,” wrote former President Obama, and, “Ready to serve,” wrote Vice President Harris. The most retweeted tweet of the year was another one from the BTS official Twitter account, with the hashtags #StopAsianHate and #StopAAPIHate. The Korean mega pop band used their worldwide fame to back the anti-racism campaign. The message was retweeted nearly one million times. The most talked-about TV shows on Twitter included Brazillian reality TV shows Big Brother Brasil and A Fazenda 13, plus Korean Netflix series Squid Game, Wandavision and Japanese manga series Jujutsu Kaisen. Meanwhile, the list of most-discussed movies on Twitter in 2021 is dominated by action-adventure Superhero films including Black Widow, Black Panther, Eternals, Spider-Man No Way Home and Zack Snyder’s Justice League."
dragged-0451,dragged,Who posted the most-liked tweet last year?,outdated,Elon Musk,,9,2022-12-04,https://blog.oneupapp.io/here-is-a-list-of-the-most-liked-tweets-ever-2020-update/,,,"Here is a list of the most liked tweets ever, updated in 2022. #2 on the list recently changed when Elon Musk tweeted “Next I'm buying Coca-Cola to put the ..."
dragged-0452,dragged,Do Tesla and X Corp. have the same CEO?,outdated,No,,0,,https://en.wikipedia.org/wiki/X_Corp.,,,"In a company-wide email that month, Musk announced that Twitter employees would receive stock in X Corp.[20] On May 11, 2023, Musk tweeted that he had found his replacement as Twitter and X Corp.'s CEO. The next day, on May 12, 2023, he named Linda Yaccarino as the new CEO, adding that she ""will focus primarily on business operations, while I focus on product design & new technology"".[22] Musk said he would transition his role to executive chairman and chief technology officer.[23] Yaccarino succeeded Musk on June 5, 2023.[24] At the end of May 2023, Fidelity Investments estimated the company's value at $15 billion.[25] This was later increased to a value of $27 billion by July,[26][27] and up to about $28.5 billion by the end of August.[28][29] The company erected a giant illuminated ""X"" on the roof of its San Francisco headquarters in July 2023 without obtaining required permits. 24 complaints were filed by neighbors concerned about the bright flashing light and structural integrity. Inspectors were twice denied roof access, and the city cited the company for a building code violation. X removed the sign after a few days.[30][31] In August 2023, CEO Linda Yaccarino stated that she has ""operational autonomy"" under owner Elon Musk to run the business, and that she is involved in everything that goes into running the company.[32][33] Yaccarino also opened up on the reasoning behind Twitter's ""controversial"" name change to X,[34] wherein she stated that the rebranding was essentially a ""liberation"" from Twitter. Yaccarino also went on to say that if users had stayed with Twitter, then changes would only be ""incremental"" and that with X, they think about ""what's possible"".[35]"
dragged-0452,dragged,Do Tesla and X Corp. have the same CEO?,outdated,No,,1,2023-07-24,https://www.forbes.com/sites/darreonnadavis/2023/07/24/here-are-all-of-elon-musks-x-brands/,,,"Here Are All Of Elon Musk's 'X' Brands Topline Elon Musk, the CEO of Tesla and SpaceX and the owner and chief technology officer of Twitter, has announced the rebrand of the social network company to X–here’s Musk’s historic use of the X brand. The world's richest man has has a love for X evident in his earliest days of business. (Photo by ... [+] Justin Sullivan/Getty Images) Getty Images Timeline 1999Musk co-founded the online banking platform, X.com, which allegedly sparked his obsession with the letter X, though once the company merged with Confinity in 2002 was renamed what is now known as PayPal by 2001. 2002Musk co-founded the Space Exploration Technologies Corporation, or SpaceX, the aerospace company that manufactures aircraft and provides launch services and satellite communications and, according to CNBC, is now valued at $150 billion as of this month. 2015Musk’s automotive company Tesla debuted its third vehicle, the Model X, which has grown to be one of the best-selling electric vehicles, having accounted for—along with the Model S—19,225 of the company’s 466,140 deliveries this past quarter and 10,695 of its 422,875 deliveries in the first quarter of the year."
dragged-0452,dragged,Do Tesla and X Corp. have the same CEO?,outdated,No,,2,2023-05-12,https://www.investopedia.com/musk-twitter-ceo-7497526,,,"Musk's Move to Hire a Twitter CEO May Return Him to Tesla's Driver's Seat Mack Wilowski is a staff writer for Investopedia, focusing on breaking news stories, earnings previews, and company-specific insights and analysis. Previously, he was an associate editor for Investopedia's earned media team, where he covered the New York City Recovery Index and Economy Tracker, the weekly ""What to Expect"" markets preview, The Investopedia Express and Green Investor podcast transcripts, and the Term of the Day newsletter. Twitter CEO Elon Musk picked a new leader for the social media company, potentially allowing him to focus more on Tesla (TSLA), which on Friday was forced to recall more than 1.1 million vehicles in China, among its largest markets. X Corp.'s New CEO Linda Yaccarino, former NBCUniversal Head of Advertising, will take over as Twitter's new CEO, Musk said Friday in a tweet. Yaccarino ""will focus primarily on business operations, while I focus on product design & new technology. Looking forward to working with Linda to transform this platform into X, the everything app,"" Musk tweeted. “She will be starting in ~6 weeks,"" Musk, who bought Twitter, now X Corp., in April 2022, had tweeted yesterday. Yaccarino helped launch NBCU's Peacock streaming service and became an advocate for revolutionizing the advertising industry. That experience could come in handy as Musk pushes to improve monetization at Twitter, something the social media platform has historically struggled to achieve. ""This would be a homerun hire for Twitter and fit in very well to the overall Twitter strategy and monetization looking ahead,"" Wedbush Securities analysts wrote in a report Friday. A Twitter CEO could let Musk focus on his other companies—Tesla and SpaceX. Wedbush analysts rated the move as a positive for Tesla stock because it sheds a ""lingering albatross. "" Does Tesla Need Musk? Tesla may need the attention."
dragged-0452,dragged,Do Tesla and X Corp. have the same CEO?,outdated,No,,3,,https://en.wikipedia.org/wiki/Elon_Musk,,,"][118] Tesla Tesla, Inc., originally Tesla Motors, was incorporated in July 2003 by Martin Eberhard and Marc Tarpenning. Both men played active roles in the company's early development prior to Musk's involvement.[119] Musk led the Series A round of investment in February 2004; he invested $6.35 million, became the majority shareholder, and joined Tesla's board of directors as chairman.[120][121] Musk took an active role within the company and oversaw Roadster product design, but was not deeply involved in day-to-day business operations.[122] Following a series of escalating conflicts in 2007, and the financial crisis of 2007–2008, Eberhard was ousted from the firm.[123][page needed][124] Musk assumed leadership of the company as CEO and product architect in 2008.[125] A 2009 lawsuit settlement with Eberhard designated Musk as a Tesla co-founder, along with Tarpenning and two others.[126][127] As of 2019, Musk was the longest-tenured CEO of any automotive manufacturer globally.[128] In 2021, Musk nominally changed his title to ""Technoking"" while retaining his position as CEO.[129] Musk before a Model X at the 2014 Tesla Inc. annual shareholder meeting Tesla began delivery of the Roadster, an electric sports car, in 2008. With sales of about 2,500 vehicles, it was the first mass production all-electric car to use lithium-ion battery cells.[130] Tesla began delivery of its four-door Model S sedan in 2012.[131] A crossover, the Model X was launched in 2015.[132] A mass-market sedan, the Model 3, was released in 2017.[133] In 2020,"
dragged-0452,dragged,Do Tesla and X Corp. have the same CEO?,outdated,No,,4,2023-05-12,https://www.cnn.com/2023/05/11/tech/elon-musk-twitter-ceo/index.html,,,"“Excited to announce that I’ve a new CEO for X/Twitter. She will be starting in ~6 weeks!” Musk said in a tweet. Musk, who has had a chaotic reign as “Chief Twit” since buying the company in October, said he will become Twitter’s executive chair and chief technology officer, overseeing product, software and system operations. In December, Musk ran a poll on the platform asking users whether he should step back as Twitter’s CEO, which ended with the majority of users voting in the affirmative. Musk said he would abide by the results of the poll but later backtracked, saying he would hand over the role “as soon as I find someone foolish enough to take the job!” In February, he reiterated that he planned to find a replacement by the end of the year. Musk has faced criticism for a series of policy changes at Twitter, which often came without clear justification and raised concerns about the impact on Twitter’s users. He has also been attempting to convince advertisers to rejoin the platform, after many fled over concerns about hateful conduct on the platform, Twitter’s mass layoffs or questions about the company’s future. At the same time, he has been trying to sell users on a new paid subscription platform that includes the ability to pay for a blue verification check mark, but appears to have limited traction so far. Musk — who runs or is involved in numerous other companies, including Tesla (TSLA) — has also faced criticism from Tesla (TSLA) shareholders concerned that he is distracted by Twitter. Musk recently said that Twitter is now “trending to breakeven,” after previously saying it was at risk of bankruptcy. Now, the company’s new CEO will be tasked with trying to help turn around the struggling company and help Musk recoup some of the $44 billion spent acquiring the platform. Even as Musk prepares to step back from the CEO role, he will likely maintain significant control over the future direction of the company. After taking over the company in October, Musk cleared out the C-Suite, dissolved the board and became both the CEO and sole director of the platform."
dragged-0452,dragged,Do Tesla and X Corp. have the same CEO?,outdated,No,,5,2023-05-12,https://www.npr.org/2023/05/12/1175797797/elon-musk-x-twitter,,,"While the unveiling of X on a Sunday caught many people unaware, it was not a surprise. The platform's owner has talked about turning it into ""X"" for months, while being a bit vague about what that exactly means. Does X represent a major business experiment? A radical new concept for on-line living? Or is it simply one man's obsession with the 24th letter of the alphabet? In some ways, the letter ""X"" frames everything about Musk's ambitions, according to biographers, from where he is headed to where he got his entrepreneurial start. X.com, the bank where it began According to Ashlee Vance, the author of Elon Musk: Tesla, SpaceX, and the Quest for a Fantastic Future, Musk's obsession with the letter X began with one of the billionaire's earliest ventures, X.com, which later merged with a competitor to become PayPal. ""Everyone tried to talk him out of naming the company that back then because of the sexual innuendos, but he really liked it and stuck with it,"" said Vance. In 2017, Musk repurchased the url ""X.com"" from PayPal, tweeting that the domain ""has great sentimental value. "" X, the Tesla model ""X marks the spot in a lot of ways for Elon Musk,"" said Tim Higgins, a Wall Street Journal reporter and the author of Power Play: Tesla, Elon Musk, and the Bet of the Century. ""It's kind of this common theme throughout. "" Sponsor Message The letter X became the name of Tesla's third model, which debuted in 2015. ""The idea being that the Tesla models would spell out the word 'sexy,'"" Higgins said. But Ford owns the right to the Model E, which is why Musk later settled on the Model 3, ""kind of a backwards E,"" he said. The couple named their second child, a girl, Exa Dark Sideræl Musk."
dragged-0452,dragged,Do Tesla and X Corp. have the same CEO?,outdated,No,,6,2024-12-09,https://money.howstuffworks.com/what-companies-does-elon-musk-own.htm,No,correct,"The name ""Boring"" refers to the act of boring tunnels underground. The company oversees projects like the Vegas Loop to reduce traffic congestion and improve city infrastructure. 8. xAI Musk founded xAI in 2023. He registered the new AI company on the same day he registered X Corp. The company has released various Grok AI chatbot models that is available to X Premium subscribers. Advertisement Which Companies Does Elon Musk Own? Musk doesn't fully own any of his six companies, but The Boring Company is the one he's closest to fully owning. 1. The Boring Company Musk owns over 90 percent of The Boring Company. Early employees received a small percent of equity. SpaceX owns 6 percent, in exchange for resources it has provided to The Boring Company. Advertisement 2. X Corp. Musk purchased the social media site Twitter in 2022, in a deal valued at $44 billion, and rebranded it as X, under the new company X Corp. He owns 79 percent of X Corp., and his ownership has sparked changes in platform policies and user dynamics. 3. xAI According to Forbes, Elon Musk is estimated to own around 54 percent of xAI. 4. SpaceX Elon Musk owns 42 percent of SpaceX's equity and has 79 percent voting control of the company. 1. Tesla, Inc. As product architect, he is involved in the design and development of Tesla's vehicles and energy products (including the Model 3 and Cybertruck) and Tesla's solar energy generation systems (such as the Solar Roof and Powerwall battery storage solutions). 2. SpaceX Musk is SpaceX's CEO and chief engineer. As CEO, Musk oversees SpaceX's overall strategy and operations. His role as chief engineer involves involvement in the design and engineering of SpaceX's technologies, including the Falcon 9, Falcon Heavy and Starship rockets. 3."
dragged-0452,dragged,Do Tesla and X Corp. have the same CEO?,outdated,No,,7,,https://www.spiceworks.com/tech/tech-general/news/tesla-confirms-incoming-twitter-ceo/,,,"However, the narrative took a different trajectory when Musk expressed concerns over the legitimacy of Twitter’s bot/spam/fake account data disclosed by the company. Subsequently, Musk and his team unanimously terminated the agreement almost three months after announcing the intention to buy out the company. The Parag Agrawal-headed board responded by suing Elon Musk in July last year for trying to backtrack on the $44 billion acquisition. Fast forward to three months later: Musk completed Twitter’s acquisition and proclaimed himself as the company’s “chief twit,” one of the more quirky titles he has bestowed upon himself, the others being the Technoking of Tesla and the Imperator of Mars. However, Musk, who also leads Tesla and SpaceX (and Starlink) as CEO and has co-founded Neuralink, OpenAI, The Boring Company, and others, said he would step down as head of Twitter if Twitter users vote as such in a poll he posted from his account on December 19, 2022. Musk has previously described Twitter as the “de facto town square” of the world, so there was little doubt that he won’t abide by the public mandate. https://x.com/elonmusk/status/1604621101245419520?s=20 It is important to note that Twitter isn’t the same company that Musk acquired. Since coming in, Twitter let go of ~3,700 employees, delisted the company and made it private, instituted some operational changes, and renamed it X Corp. For instance, Twitter now charges $8 per Twitter Blue subscription, purged legacy blue ticks, and redefined what a blue tick (and ticks in general) means as part of Musk’s monetization plans before he took over. Twitter also brought changes to its platform."
dragged-0452,dragged,Do Tesla and X Corp. have the same CEO?,outdated,No,,8,2023-05-12,https://www.mcall.com/2023/05/12/elon-musk-says-hes-found-someone-to-lead-twitter-as-new-ceo/,,,"While testifying, Musk said “I expect to reduce my time at Twitter and find somebody else to run Twitter over time.” More than a month later, he tweeted in December: “I will resign as CEO as soon as I find someone foolish enough to take the job.” The pledge came after millions of Twitter users asked him to step down in a Twitter poll the billionaire himself created and promised to abide by. In February, he told a conference he anticipated finding a CEO for San Francisco-based Twitter “probably toward the end of this year.” Analysts who follow Twitter’s business welcomed the news even without knowing who the replacement will be. Twitter’s advertising business has taken a hit under Musk’s mercurial rule, though the billionaire told BBC last month that the company is now “roughly” breaking even. “A new CEO is the only way forward for Twitter,” said Insider Intelligence analyst Jasmine Enberg. “The single biggest problem with Twitter’s ad business was Elon Musk. As he steps back, Twitter can begin to unravel Musk’s personal brand from the company’s corporate image and attempt to regain trust among advertisers. The success of those efforts will depend on who takes over, but it’s difficult to imagine that the new CEO could be more controversial or damaging to Twitter’s ad business than Musk has been.” Shares of Tesla rose about 2% Thursday after Musk made the announcement. Shareholders of the electric car company have been concerned about how much of his attention is being spent on Twitter. Last November, he was questioned in court about how he splits his time among Tesla and his other companies, including SpaceX and Twitter. Musk had to testify in the trial in Delaware’s Court of Chancery over a shareholder’s challenge to his potentially $55 billion compensation plan as CEO of the electric car company. Musk said he never intended to be CEO of Tesla, and that he didn’t want to be chief executive of any other companies either, preferring to see himself as an engineer."
dragged-0454,dragged,what percent of schools wear uniforms,outdated,20%,,0,,https://nces.ed.gov/fastfacts/display.asp?id=50,,,"School uniforms In the 2019–20 school year, 18.8 percent of public schools required that students wear uniforms. There were no measurable differences between 2009–10 and 2019–20 in the percentage of public schools that reported requiring school uniforms. During the 2019–20 school year, greater percentages of elementary schools and middle schools than of secondary/high schools reported a requirement that students wear uniforms (21 and 18 percent vs. 12 percent).1 Schools where 25 percent or less of the students were students of color2 reported the lowest instance of a requirement that students wear uniforms 1 The term students of color is being used synonymously with minority students in Digest table 233.70. Students of color include those who are Black, Hispanic, Asian, Pacific Islander, American Indian/Alaska Native, and of Two or more races. 2 Elementary schools are defined as schools that enroll students in more of grades K through 4 than in higher grades. Middle schools are defined as schools that enroll students in more of grades 5 through 8 than in higher or lower grades. Secondary/high schools are defined as schools that enroll students in more of grades 9 through 12 than in lower grades. Combined/other schools include all other combinations of grades, including K12 schools. SOURCE: National Center for Education Statistics. (2022). Safety and Security Practices at Public Schools Condition of Education. U.S. Department of Education, Institute of Education Sciences. Retrieved July 8, 2022, from https://nces.ed.gov/programs/coe/indicator/a19."
dragged-0454,dragged,what percent of schools wear uniforms,outdated,20%,,1,,https://journalistsresource.org/education/school-uniforms-research-achievement/,,,"Republish this article You are free to republish this piece both online and in print, and we encourage you to do so with the embed code provided below. We only ask that you follow a few basic guidelines. School uniforms: Do they really improve student achievement, behavior? by Denise-Marie Ordway, The Journalist's Resource April 20, 2018 1 Decades ago, uniforms were mostly worn by students who went to private or parochial schools. But as local school boards have focused more on improving standardized test scores and campus safety, a growing number have begun requiring school uniforms — typically, a polo shirt of a particular color paired with navy or khaki pants, skirts or shorts. Nearly 22 percent of public schools in the United States required uniforms in 2015-16 — up from almost 12 percent in 1999-2000, according to the National Center for Education Statistics (NCES). Proponents argue that students will pay more attention to their classwork if they aren’t preoccupied with fashion, and that they’ll be better behaved. Meanwhile, school administrators say uniforms help eliminate gang-related styles and logos. They also make it easier to spot a stranger on campus. Despite their reported benefits, mandatory uniforms are controversial because a lot of parents and students don’t like the idea of forcing children to dress alike, which they say suppresses freedom of expression. Some families complain about the financial burden of purchasing uniforms in addition to their kids’ other clothing. Years ago, parents also complained that it was difficult to find uniforms, but that ceased to be an issue after large chain stores like Target and Wal-Mart began selling them. As public schools debate the merits of uniforms — some school boards have been bouncing the idea around for years — it’s important for journalists to know what the research says on this topic. School officials do not always consult academic research before they put a plan on the table. To help journalists ground their reporting and fact-check claims, Journalist’s Resource has rounded up several academic studies worth reviewing."
dragged-0454,dragged,what percent of schools wear uniforms,outdated,20%,,2,2024-12-12,https://www.britannica.com/procon/school-uniforms-debate,20%,correct,"[96][98] U.S. Uniform Statistics According to the most recent figures from the National Center for Education Statistics, 18.8% of American public schools required students to wear school uniforms during the 2019-2020 school year, with more elementary (21%) and middle (18%) schools requiring uniforms than high schools (12%). Schools where students of color represented less than 25% of the student population were less likely to require uniforms, whereas schools with a higher proportion of students of color were more likely to enact and enforce dress codes. [100] Pro Arguments Pro 1: School uniforms deter crime and increase student safety. In Long Beach, California, after two years of a district-wide K-8 mandatory uniform policy, reports of assault and battery in the district’s schools decreased by 34%, assault with a deadly weapon dropped by 50%, fighting incidents went down by 51%, sex offenses were cut by 74%, robbery dropped by 65%, possession of weapons (or weapon “look-alikes”) decreased by 52%, possession of drugs went down by 69%, and vandalism was lowered by 18%. [64] One year after Sparks Middle School in Nevada instituted a uniform policy, school police data showed a 63% drop in police log reports, and decreases were also noted in gang activity, student fights, graffiti, property damage, and battery. A peer-reviewed study found that schools with uniform policies had 12% fewer firearm-related incidents and 15% fewer drug-related incidents than schools without uniforms. [25][69] School uniforms also prevent students from concealing weapons under baggy clothing, make it easier to keep track of students on field trips, and make intruders on campus more visible. Frank Quatrone, superintendent in the Lodi school district of New Jersey, states, “When you have students dressed alike, you make them safer."
dragged-0454,dragged,what percent of schools wear uniforms,outdated,20%,,3,,https://www.educationbug.org/a/public-school-uniform-statistics.html,,,"Philadelphia, PA Dallas/Fort Worth, TX Washington, DC New Orleans, LA Detroit, MI Jacksonville, FL Atlanta, GA Schools in 21 states and the District of Columbia have some sort of uniform requirements. Some cities have widespread uniform use in their public schools: 95% of New Orleans' public schools require uniforms 85% of Cleveland's public schools require uniforms 80% of Chicago's public schools require uniforms 65% of Boston's public schools require uniforms 60% of Miami's public schools require uniforms 50% of Cincinnati's public schools require uniforms After the first public school began using uniforms, there was a considerable increase in the use of uniforms, partly fueled by President Bill Clinton mentioning the benefits of school uniforms in his inaugural address in 1996, as indicated in a report from the National Center for Education Statistics (NCES): Prior to the 1994-1995 school year only about three-quarters of one percent of students in the US were required to wear uniforms. By the 1996-1997 school year, that number had increased about four-fold to 3 percent. â€¢ A marketing research group, NDP Group, Inc., reported that school-uniform sales were valued at $900 million in 1999 and rose 22% to $1.1 billion in 2000. The National Association of Elementary School Principals (NAESP) conducted a phone survey of 755 principals in 2000, which revealed that: 21% of all public schools had a uniform policy 23% of all public, private, and sectarian schools either had a uniform policy, were in the process of creating one, or had firm plans in place to create one. 71% of the 755 schools represented did not require uniforms and were not considering requiring them."
dragged-0454,dragged,what percent of schools wear uniforms,outdated,20%,,4,2023-02-21,https://www.kaleookalani.org/5470/editorials/k-12-public-schools-in-the-us-should-enforce-uniforms/,,,"K-12 public schools in the US should enforce uniforms It isn’t a surprise that uniform policies are being made in schools across America, considering their many benefits. Many public schools are gradually switching to a school uniform system; as of Jan. 1, 2023, one in every five public schools in the United States requires students to wear uniforms. Public schools in the United States, ranging from elementary to high school, should require students to wear uniforms during school hours because they create safer school environments and improve students’ discipline and punctuality. K-12 schools that adopted school uniform policies have increased discipline levels among students, leading to safer school environments. Jay Wheeler, a School Board member of Osceola County, Florida, reported that the schools within the county had a 46% reduction in gang-related activities after their first school year enforcing a mandatory K-12 uniform policy. When a uniform policy was implemented during the 2009 – 2010 school year at Sparks Middle School in Nevada, local police data showed a 63% decrease in police log reports; there was a reduction in student fights, gang-related activities, graffiti, and property damage. The data shown in these two instances display the correlation between school uniforms and school environments (affected by the discipline level among students), and how establishing uniform policies can create a safer environment for students and school staff. Not only did uniform policies in schools across the country create safer school environments, but they have also been shown to reduce absences and increase student punctuality. A group of researchers at the University of Houston found that the average absence rate in Houston for schools that adopted a school uniform policy during the 2008 – 2009 school year has decreased by 7% for middle and high school girls and 4% for middle and high school boys. These percentages translate to 29,482 fewer absences for Houston schools during the 2008-2009 school year. Youngstown State University conducted a study regarding schools in one of Ohio’s largest school districts. They researched the relationship between attendance rates and school uniforms in Ohio schools."
dragged-0454,dragged,what percent of schools wear uniforms,outdated,20%,,5,,https://helpfulprofessor.com/school-uniform-statistics/,,,"The authors’ implication here is that: Uniforms improve discipline. Discipline leads to better grades, therefore Uniforms may cause better grades. 3. 20% of US Schools have Uniform Policies (Up 8%) School uniforms are more popular than ever in the United States. The latest data from The National Center for Education Statistics finds 20 percent of schools in the United States require school uniforms (that was for the 2017-2018 school year)[3]. This is up 8 percent since 2000, where the same statistical survey found just 12 percent of schools in the US required uniforms. A common reason for the requirement to wear uniforms is that it helps identify students as belonging to the school (and helps identify intruders). But other schools without uniforms employ alternative safety methods for identifying students on school grounds, such as requiring students to carry school photo ID (9 percent of schools). 3. Primary Schools (23%) require Uniforms more than Middle (18%) and High Schools (10%) in the US The National Center for Education Statistics [3] also dissected uniform policies according to school type. They found that primary schools have the highest incidence of school uniform policies: Primary Schools with Uniform Policies: 23%. Middle Schools with Uniform Policies: 18%. High Schools with Uniform Policies: 10%. However, while school uniform requirements are relaxed as students get older, strict dress codes become more common in middle and high school. It would appear that dress code policies are often necessary in the absence of school uniforms to ensure appropriate attire: in the International Journal of Behavioral Nutrition and Physical Activity, Nicole Nathan and a team of researchers[5] explore the relationship between school sports uniforms and participation in physical education lessons. The study found that there was “significant reduction in sedentary activity” among students who wore uniforms. It is reasonable to assume that this is due to the fact students in uniform were wearing clothing that was more suited to physical activity than their everyday attire, facilitating greater participation. 6."
dragged-0454,dragged,what percent of schools wear uniforms,outdated,20%,,6,,https://pmc.ncbi.nlm.nih.gov/articles/PMC8775910/,,,"And, among public school students, only 21% attended schools with a uniform policy. In terms of the student body, we find that schools with uniforms served a larger number of Black (20%) and Hispanic (40%) children and English Language Learners (27%) than schools without school uniforms (8–18%). In contrast, White children were more likely to be served in schools without uniforms (64% vs. 31%), whereas schools with uniform policies served a larger share of children from low-income families (52%) than schools without uniform policies (41%). Other descriptives stratified by schools with and without uniform policies are presented in Table 1. Students’ Behavior and School Uniforms Having established the descriptive snapshot of the schools with school uniform policies along with the student body, we next examined whether students demonstrated different outcomes based on school uniform policies. Two overall patterns are evident in Table 3 with regard to the associations between school uniforms and children’s social skills, behavioral problems, and school absences. First, the associations between school uniforms and students’ outcomes were almost entirely null and the effect sizes across outcomes and grade levels were roughly 3% of a standard deviation. In fact, of the 24 associations estimated within our baseline model with an assortment of covariates, only one emerged as statistically significant and none were statistically significant with a Benjamini adjustment, leaving us with little confidence of a statistically-significant link between school uniforms and students’ outcomes. Second, the magnitude of the estimated associations derived from our baseline OLS model did not change substantially when we estimated models with state- and county fixed effects, nor when we implemented propensity scores (see Table 3). Taken together, there seems to be no meaningful differences in students’ social-behavioral and attendance outcomes between kindergarten and fifth grade as a function of school uniforms. Table 3. Results from models examining the outcomes of school uniforms between kindergarten and fifth grade. Note. Coefficients in bold were statistically significant at p < .05 with a Benjamini false discovery adjustment. All estimates are weighted and account for the complex sampling design. Models include a full set of controls."
dragged-0454,dragged,what percent of schools wear uniforms,outdated,20%,,7,,https://weemeses.lausd.org/apps/pages/index.jsp?uREC_ID=3795362&type=d&pREC_ID=2453435,,,"School Uniforms Lenicia B. Weemes Elementary School has a school uniform policy and the expectation is that every student wear the school uniform on a daily basis. There are many benefits to wearing uniforms among them: School uniforms may deter crime and increase student safety. In Long Beach, CA, after two years of a district-wide K-8 mandatory uniform policy, reports of assault and battery in the district's schools decreased by 34%, assault with a deadly weapon dropped by 50%, fighting incidents went down by 51%, sex offenses were cut by 74%, robbery dropped by 65%, possession of weapons (or weapon ""look-alikes"") decreased by 52%, possession of drugs went down by 69%, and vandalism was lowered by 18%. School uniforms keep students focused on their education, not their clothes. A bulletin published by the National Association of Secondary School Principals stated that ""When all students are wearing the same outfit, they are less concerned about how they look and how they fit in with their peers; thus, they can concentrate on their schoolwork. "" School uniforms create a level playing field among students, reducing peer pressure and bullying. When all students are dressed alike, competition between students over clothing choices and the teasing of those who are dressed in less expensive or less fashionable outfits can be eliminated. In a 2013 survey by the National Association of Elementary School Principals (NAESP) and uniform manufacturer Lands' End, 86% of school leaders said uniforms make ""a significant, positive impact on peer pressure,"" and 64% said uniforms reduce bullying. Wearing uniforms enhances school pride, unity, and community spirit. A 2007 study from Oxford Brookes University in the United Kingdom found that uniforms ""often directly contributed to a feeling of school pride."" [45] Christopher P. Clouet, Superintendent of the New London, CT school district, stated that ""the wearing of uniforms contributes to school pride. "" Thank you for sending your child to school every day in uniform!"
dragged-0455,dragged,Who is the richest man on earth?,outdated,Elon Musk,,0,,https://www.forbes.com/real-time-billionaires/,,,"THE REAL-TIME BILLIONAIRES LIST ; 1. Elon Musk. Tesla, SpaceX ; 2. Jeff Bezos. Amazon ; 3. Larry Ellison. Oracle."
dragged-0455,dragged,Who is the richest man on earth?,outdated,Elon Musk,,1,2025-04-01,https://www.bankrate.com/investing/worlds-richest-people/,Elon Musk,correct,"While we strive to provide a wide range of offers, Bankrate does not include information about every financial or credit product or service. Taylor Hill/Getty Images Bankrate is always editorially independent. While we adhere to strict , this post may contain references to products from our partners. Here's an explanation for . Our is to ensure everything we publish is objective, accurate and trustworthy. Taylor Hill/Getty Images The world’s wealthiest people have several things in common, but one of the most prominent is that the 10 richest have more than $100 billion to their name. The very top have more than $200 billion. These amounts don’t consist of cash sitting in a bank but are mainly investments, often of some of the largest publicly traded companies, which even the general public can invest in. These billionaires reached their lofty heights through hard work, great ideas, serendipity and plenty of careful planning with wise financial advisors along the way. Here are the world’s 10 richest people and some of their key investments, according to the Bloomberg Billionaires Index, as of Jan. 5, 2025. The world’s 10 wealthiest individuals 1. Elon Musk: $437 billion Elon Musk is one of the most controversial business figures, but what’s not under dispute is his wealth. Born in South Africa, Musk built Tesla into a leading player in the electric vehicle market, and is pushing space travel with his SpaceX venture. Musk made a small fortune as an early shareholder of PayPal, and more recently purchased Twitter, which he renamed X. Musk has courted controversy in recent years, using drugs during a broadcast interview with top podcaster Joe Rogan and becoming more active politically, besides a range of other political pronouncements on X. 2."
dragged-0455,dragged,Who is the richest man on earth?,outdated,Elon Musk,,2,2025-03-28,https://www.forbesindia.com/article/explainers/top-10-richest-people-world/85541/1,,,"United States #9 Steve Ballmer $124.3 Microsoft United States #10 Jensen Huang $127.9 NVIDIA United States Richest Billionaire by Country Country Richest Person United States Elon Musk India Mukesh Ambani China Zhong Shanshan Japan Tadashi Yanai & family France Bernard Arnault & family Spain Amancio Ortega Mexico Carlos Slim Helu & family Canada David Thomson & family Indonesia Prajogo Pangestu Italy Giovanni Ferrero Austria Mark Mateschitz Germany Klaus-Michael Kuehne Hong Kong Robin Zeng Switzerland Gianluigi Aponte Brazil Eduardo Saverin Russia Leonid Mikhelson & family Israel Eyal Ofer Get to know the top 10 richest people in the world in detail 1. Elon Musk Age: 53 Residence: Boca Chica, Texas Citizenship: US Elon Musk, recognized as both the richest man in the world and the richest person in the world, is the CEO of several high-profile companies, including Tesla, the electric car manufacturer, and SpaceX, the space exploration company. He currently possesses a 12.86 percent stake in Tesla. A significant portion of his wealth, around two-thirds, is tied to the success of Tesla. Musk made headlines in October 2022 when he purchased Twitter (now X) for $44 billion. Musk led Tesla to its initial public offering in 2010. The company saw significant growth in market capitalization during 2020 and 2021, which helped Musk join the ranks of the world’s top 10 richest people by September 2021. At its peak in November 2021, Musk's fortune reached an astounding $320 billion."
dragged-0455,dragged,Who is the richest man on earth?,outdated,Elon Musk,,3,,https://en.wikipedia.org/wiki/The_World%27s_Billionaires,,,"1987.[16] The U.S. had the most billionaires in the world, with 585, while China was catching up with 476 when including Hong Kong, Macau and Taiwan; it had 372 when excluding those three places.[16] Forbes excluded Al-Walid bin Talal and all other Saudi billionaires due to the absence of accurate wealth estimations as a result of the 2017–19 Saudi Arabian purge.[17] 2017 On the 30th anniversary of the Forbes list of the world's billionaires, for the fourth year in a row, Bill Gates was named the richest man in the world.[5] In 2017, there was a record of 2,043 people on the list, which is the first time over 2,000 people were listed. This included 195 newcomers of whom 76 were from China and 25 from the U.S.; there were 56 people under 40 and it had a record of 227 women.[18] The number of billionaires increased 13% to 2,043 from 1,810 in 2016; this was the biggest change in over 30 years of tracking billionaires globally.[5] Added together, the total net worth for 2017's billionaires was US$7.67trillion, up from US$7.1trillion in 2015.[5][19] This was the first time after 12 years that Carlos Slim was not within the top five. The U.S. had the most billionaires in the world, with a record of 565. China had 319 (not including Hong Kong, Taiwan or Macau), Germany had 114, and India had the fourth most with 101; India reached over 100 billionaires for its first time. 2016 For the third year in a row, Bill Gates was named the richest man in the world by Forbes' 2016 list of the world's billionaires.[20]"
dragged-0455,dragged,Who is the richest man on earth?,outdated,Elon Musk,,4,2025-03-30,https://www.youtube.com/watch?v=O8zqBX4z3Dw,,,Elon Musk kicks off 2025 as the world's richest person—and the only billionaire to date worth more than $400 billion. Read the full story on ...
dragged-0455,dragged,Who is the richest man on earth?,outdated,Elon Musk,,5,,https://www.bloomberg.com/billionaires/,,,1. Elon Musk. $426B ; 2. Jeff Bezos. $241B ; 3. Mark Zuckerberg. $218B ; 4. Larry Ellison. $188B ; 5. Bernard Arnault. $178B.
dragged-0455,dragged,Who is the richest man on earth?,outdated,Elon Musk,,6,2024-11-07,https://www.cnn.com/2024/11/07/investing/billionaires-net-worth-trump-win/index.html,,,"Other gainers include former Microsoft executives Bill Gates and Steve Ballmer, former Google executives Larry Page and Sergey Brin and Berkshire Hathaway CEO Warren Buffett. Although none of those billionaires endorsed a candidate this year, they have spoken in favor of Democratic candidates and causes in the past. Collectively, the top 10 richest people gained $64 billion. Bloomberg notes it’s the “biggest daily increase” of wealth it’s seen since the index began in 2012,. The market rallied Wednesday as the election concluded swiftly and with expectations that Trump will usher in a new era of deregulation and other pro-business laws and policies investors believe could benefit the stock market overall — especially billionaires who hold much of the world’s wealth. “There is this huge perception of business friendly, tax-friendly regime coming into place, especially with them winning the Senate,” said Michael Block, chief operating officer at AgentSmyth. Truth Social owner Trump Media & Technology Group, Trump’s social media company, also cashed in with shares skyrocketing in value after CNN and other media outlets projected Trump won. The stock rose as much as 35% at one point before fading. Trump is the dominant shareholder in the conservative social media company, which has scant revenue and is losing money. The president-elect’s 114.75 million shares were worth about $5.3 billion brieflybased on those early gains, up from $3.9 billion when trading ended on Election Day. Most stock quote data provided by BATS. US market indices are shown in real time, except for the S&P 500 which is refreshed every two minutes. All times are ET. Factset: FactSet Research Systems Inc. All rights reserved. Chicago Mercantile: Certain market data is the property of Chicago Mercantile Exchange Inc. and its licensors. All rights reserved. Dow Jones: The Dow Jones branded indices are proprietary to and are calculated, distributed and marketed by DJI Opco, a subsidiary of S&P Dow Jones Indices LLC and have been licensed for use to S&P Opco, LLC and CNN. Standard &"
dragged-0455,dragged,Who is the richest man on earth?,outdated,Elon Musk,,7,2025-03-30,https://www.newindianexpress.com/business/2025/Jan/04/elon-musk-remains-the-worlds-wealthiest-top-10-richest-people-in-the-world,,,"Forbes has tracked the world’s billionaires since 1987, with 2,781 billionaires listed in its 2024 edition. Elon Musk remains the world’s richest person, with a net worth of 421.2 billion USD, according to Forbes. His fortune comes from his leadership roles in Tesla, SpaceX, and X (formerly Twitter), along with his ownership in xAI. A 91 billion USD increase in his wealth in December 2024 was driven by a significant rise in SpaceX’s valuation. Musk owns 13% of Tesla and has also become heavily involved in AI through his company xAI. Musk has been politically active, donating to Donald Trump’s presidential campaign and being appointed co-head of the Department of Government Efficiency (DOGE), an advisory body that seeks to reduce government spending and improve efficiency. Originally from South Africa, Musk’s early career included co-founding PayPal before launching SpaceX in 2002 and joining Tesla in 2004. He briefly became the world’s richest person in 2021 and regained the title in 2024, following the success of his companies. 2. Jeff Bezos Net worth: 233.5 billion USD Source: Amazon Age: 60 Citizenship: U.S. Jeff Bezos founded Amazon in 1994, starting as an online bookstore before expanding into cloud computing, entertainment, and more. He led Amazon as CEO until 2021 but remains chairman. Bezos also owns Blue Origin, a private space company he founded and has invested billions in. Amazon's stock rose by 5% in December 2024, adding around 10 billion USD to his fortune. Bezos was the world’s richest person from 2018 to 2021 but dropped to second in 2022 and third in 2024."
