question_id,doc_id,conflict_type,question,supports_gold_a3,source_a3,label_current
dragged-0000,0,complementary,who is commander chief of the military,,undetermined,
dragged-0000,1,complementary,who is commander chief of the military,,undetermined,
dragged-0000,2,complementary,who is commander chief of the military,,undetermined,
dragged-0000,3,complementary,who is commander chief of the military,,undetermined,
dragged-0000,4,complementary,who is commander chief of the military,,undetermined,
dragged-0000,5,complementary,who is commander chief of the military,,undetermined,
dragged-0000,6,complementary,who is commander chief of the military,,undetermined,
dragged-0000,7,complementary,who is commander chief of the military,,undetermined,
dragged-0000,8,complementary,who is commander chief of the military,,undetermined,
dragged-0000,9,complementary,who is commander chief of the military,,undetermined,
dragged-0002,0,complementary,what's the highest point in the us?,0,derived_stringmatch,
dragged-0002,1,complementary,what's the highest point in the us?,0,derived_stringmatch,
dragged-0002,2,complementary,what's the highest point in the us?,0,derived_stringmatch,
dragged-0002,3,complementary,what's the highest point in the us?,0,derived_stringmatch,
dragged-0002,4,complementary,what's the highest point in the us?,1,derived_stringmatch,
dragged-0002,5,complementary,what's the highest point in the us?,0,derived_stringmatch,
dragged-0002,6,complementary,what's the highest point in the us?,0,derived_stringmatch,
dragged-0002,7,complementary,what's the highest point in the us?,0,derived_stringmatch,
dragged-0002,8,complementary,what's the highest point in the us?,0,derived_stringmatch,
dragged-0002,9,complementary,what's the highest point in the us?,0,derived_stringmatch,
dragged-0004,0,complementary,when was coffee first made into a drink?,,undetermined,
dragged-0004,1,complementary,when was coffee first made into a drink?,,undetermined,
dragged-0004,2,complementary,when was coffee first made into a drink?,,undetermined,
dragged-0004,3,complementary,when was coffee first made into a drink?,,undetermined,
dragged-0004,4,complementary,when was coffee first made into a drink?,,undetermined,
dragged-0004,5,complementary,when was coffee first made into a drink?,,undetermined,
dragged-0004,6,complementary,when was coffee first made into a drink?,,undetermined,
dragged-0004,7,complementary,when was coffee first made into a drink?,,undetermined,
dragged-0004,8,complementary,when was coffee first made into a drink?,,undetermined,
dragged-0004,9,complementary,when was coffee first made into a drink?,,undetermined,
dragged-0015,0,complementary,when did arabic overtake coptic as the language most used,,undetermined,
dragged-0015,1,complementary,when did arabic overtake coptic as the language most used,,undetermined,
dragged-0015,2,complementary,when did arabic overtake coptic as the language most used,,undetermined,
dragged-0015,3,complementary,when did arabic overtake coptic as the language most used,,undetermined,
dragged-0015,4,complementary,when did arabic overtake coptic as the language most used,,undetermined,
dragged-0015,5,complementary,when did arabic overtake coptic as the language most used,,undetermined,
dragged-0015,6,complementary,when did arabic overtake coptic as the language most used,,undetermined,
dragged-0015,7,complementary,when did arabic overtake coptic as the language most used,,undetermined,
dragged-0015,8,complementary,when did arabic overtake coptic as the language most used,,undetermined,
dragged-0015,9,complementary,when did arabic overtake coptic as the language most used,,undetermined,
dragged-0017,0,complementary,what's the next solar eclipse,,undetermined,
dragged-0017,1,complementary,what's the next solar eclipse,,undetermined,
dragged-0017,2,complementary,what's the next solar eclipse,,undetermined,
dragged-0017,3,complementary,what's the next solar eclipse,,undetermined,
dragged-0017,4,complementary,what's the next solar eclipse,,undetermined,
dragged-0017,5,complementary,what's the next solar eclipse,,undetermined,
dragged-0017,6,complementary,what's the next solar eclipse,,undetermined,
dragged-0017,7,complementary,what's the next solar eclipse,,undetermined,
dragged-0017,8,complementary,what's the next solar eclipse,,undetermined,
dragged-0017,9,complementary,what's the next solar eclipse,,undetermined,
dragged-0019,0,complementary,when was the last person executed,,undetermined,
dragged-0019,1,complementary,when was the last person executed,,undetermined,
dragged-0019,2,complementary,when was the last person executed,,undetermined,
dragged-0019,3,complementary,when was the last person executed,,undetermined,
dragged-0019,4,complementary,when was the last person executed,,undetermined,
dragged-0019,5,complementary,when was the last person executed,,undetermined,
dragged-0019,6,complementary,when was the last person executed,,undetermined,
dragged-0019,7,complementary,when was the last person executed,,undetermined,
dragged-0019,8,complementary,when was the last person executed,,undetermined,
dragged-0023,0,complementary,Where do you go to get a mortgage loan?,,undetermined,
dragged-0023,1,complementary,Where do you go to get a mortgage loan?,,undetermined,
dragged-0023,2,complementary,Where do you go to get a mortgage loan?,,undetermined,
dragged-0023,3,complementary,Where do you go to get a mortgage loan?,,undetermined,
dragged-0023,4,complementary,Where do you go to get a mortgage loan?,,undetermined,
dragged-0023,5,complementary,Where do you go to get a mortgage loan?,,undetermined,
dragged-0023,6,complementary,Where do you go to get a mortgage loan?,,undetermined,
dragged-0023,7,complementary,Where do you go to get a mortgage loan?,,undetermined,
dragged-0023,8,complementary,Where do you go to get a mortgage loan?,,undetermined,
dragged-0026,0,complementary,Who owns the majority of papa john's?,,undetermined,
dragged-0026,1,complementary,Who owns the majority of papa john's?,,undetermined,
dragged-0026,2,complementary,Who owns the majority of papa john's?,,undetermined,
dragged-0026,3,complementary,Who owns the majority of papa john's?,,undetermined,
dragged-0026,4,complementary,Who owns the majority of papa john's?,,undetermined,
dragged-0026,5,complementary,Who owns the majority of papa john's?,,undetermined,
dragged-0026,6,complementary,Who owns the majority of papa john's?,,undetermined,
dragged-0026,7,complementary,Who owns the majority of papa john's?,,undetermined,
dragged-0026,8,complementary,Who owns the majority of papa john's?,,undetermined,
dragged-0032,0,complementary,When did cars become more common than horses?,,undetermined,
dragged-0032,1,complementary,When did cars become more common than horses?,,undetermined,
dragged-0032,2,complementary,When did cars become more common than horses?,,undetermined,
dragged-0032,3,complementary,When did cars become more common than horses?,,undetermined,
dragged-0032,4,complementary,When did cars become more common than horses?,,undetermined,
dragged-0032,5,complementary,When did cars become more common than horses?,,undetermined,
dragged-0032,6,complementary,When did cars become more common than horses?,,undetermined,
dragged-0032,7,complementary,When did cars become more common than horses?,,undetermined,
dragged-0032,8,complementary,When did cars become more common than horses?,,undetermined,
dragged-0032,9,complementary,When did cars become more common than horses?,,undetermined,
dragged-0033,0,complementary,when did the first immigrants come to hawaii?,,undetermined,
dragged-0033,1,complementary,when did the first immigrants come to hawaii?,,undetermined,
dragged-0033,2,complementary,when did the first immigrants come to hawaii?,,undetermined,
dragged-0033,3,complementary,when did the first immigrants come to hawaii?,,undetermined,
dragged-0033,4,complementary,when did the first immigrants come to hawaii?,,undetermined,
dragged-0033,5,complementary,when did the first immigrants come to hawaii?,,undetermined,
dragged-0033,6,complementary,when did the first immigrants come to hawaii?,,undetermined,
dragged-0033,7,complementary,when did the first immigrants come to hawaii?,,undetermined,
dragged-0033,8,complementary,when did the first immigrants come to hawaii?,,undetermined,
dragged-0033,9,complementary,when did the first immigrants come to hawaii?,,undetermined,
dragged-0035,0,complementary,who is the chief economic advisor,,undetermined,
dragged-0035,1,complementary,who is the chief economic advisor,,undetermined,
dragged-0035,2,complementary,who is the chief economic advisor,,undetermined,
dragged-0035,3,complementary,who is the chief economic advisor,,undetermined,
dragged-0035,4,complementary,who is the chief economic advisor,,undetermined,
dragged-0035,5,complementary,who is the chief economic advisor,,undetermined,
dragged-0035,6,complementary,who is the chief economic advisor,,undetermined,
dragged-0035,7,complementary,who is the chief economic advisor,,undetermined,
dragged-0035,8,complementary,who is the chief economic advisor,,undetermined,
dragged-0035,9,complementary,who is the chief economic advisor,,undetermined,
dragged-0036,0,complementary,In photosynthesis the carbon in co2 is initially fixed to what molecule?,,undetermined,
dragged-0036,1,complementary,In photosynthesis the carbon in co2 is initially fixed to what molecule?,,undetermined,
dragged-0036,2,complementary,In photosynthesis the carbon in co2 is initially fixed to what molecule?,,undetermined,
dragged-0036,3,complementary,In photosynthesis the carbon in co2 is initially fixed to what molecule?,,undetermined,
dragged-0036,4,complementary,In photosynthesis the carbon in co2 is initially fixed to what molecule?,,undetermined,
dragged-0036,5,complementary,In photosynthesis the carbon in co2 is initially fixed to what molecule?,,undetermined,
dragged-0036,6,complementary,In photosynthesis the carbon in co2 is initially fixed to what molecule?,,undetermined,
dragged-0036,7,complementary,In photosynthesis the carbon in co2 is initially fixed to what molecule?,,undetermined,
dragged-0036,8,complementary,In photosynthesis the carbon in co2 is initially fixed to what molecule?,,undetermined,
dragged-0036,9,complementary,In photosynthesis the carbon in co2 is initially fixed to what molecule?,,undetermined,
dragged-0043,0,complementary,who has been the longest serving chief minister,,undetermined,
dragged-0043,1,complementary,who has been the longest serving chief minister,,undetermined,
dragged-0043,2,complementary,who has been the longest serving chief minister,,undetermined,
dragged-0043,3,complementary,who has been the longest serving chief minister,,undetermined,
dragged-0043,4,complementary,who has been the longest serving chief minister,,undetermined,
dragged-0043,5,complementary,who has been the longest serving chief minister,,undetermined,
dragged-0043,6,complementary,who has been the longest serving chief minister,,undetermined,
dragged-0043,7,complementary,who has been the longest serving chief minister,,undetermined,
dragged-0043,8,complementary,who has been the longest serving chief minister,,undetermined,
dragged-0043,9,complementary,who has been the longest serving chief minister,,undetermined,
dragged-0044,0,complementary,How many cities in india has metro train?,,undetermined,
dragged-0044,1,complementary,How many cities in india has metro train?,,undetermined,
dragged-0044,2,complementary,How many cities in india has metro train?,,undetermined,
dragged-0044,3,complementary,How many cities in india has metro train?,,undetermined,
dragged-0044,4,complementary,How many cities in india has metro train?,,undetermined,
dragged-0044,5,complementary,How many cities in india has metro train?,,undetermined,
dragged-0044,6,complementary,How many cities in india has metro train?,,undetermined,
dragged-0044,7,complementary,How many cities in india has metro train?,,undetermined,
dragged-0044,8,complementary,How many cities in india has metro train?,,undetermined,
dragged-0044,9,complementary,How many cities in india has metro train?,,undetermined,
dragged-0045,0,complementary,cost of plumber,,undetermined,
dragged-0045,1,complementary,cost of plumber,,undetermined,
dragged-0045,2,complementary,cost of plumber,,undetermined,
dragged-0045,3,complementary,cost of plumber,,undetermined,
dragged-0045,4,complementary,cost of plumber,,undetermined,
dragged-0045,5,complementary,cost of plumber,,undetermined,
dragged-0045,6,complementary,cost of plumber,,undetermined,
dragged-0045,7,complementary,cost of plumber,,undetermined,
dragged-0045,8,complementary,cost of plumber,,undetermined,
dragged-0049,0,complementary,When did the british come to new zealand?,,undetermined,
dragged-0049,1,complementary,When did the british come to new zealand?,,undetermined,
dragged-0049,2,complementary,When did the british come to new zealand?,,undetermined,
dragged-0049,3,complementary,When did the british come to new zealand?,,undetermined,
dragged-0049,4,complementary,When did the british come to new zealand?,,undetermined,
dragged-0049,5,complementary,When did the british come to new zealand?,,undetermined,
dragged-0049,6,complementary,When did the british come to new zealand?,,undetermined,
dragged-0049,7,complementary,When did the british come to new zealand?,,undetermined,
dragged-0049,8,complementary,When did the british come to new zealand?,,undetermined,
dragged-0049,9,complementary,When did the british come to new zealand?,,undetermined,
dragged-0053,0,complementary,when did daylight savings time begin,,undetermined,
dragged-0053,1,complementary,when did daylight savings time begin,,undetermined,
dragged-0053,2,complementary,when did daylight savings time begin,,undetermined,
dragged-0053,3,complementary,when did daylight savings time begin,,undetermined,
dragged-0053,4,complementary,when did daylight savings time begin,,undetermined,
dragged-0053,5,complementary,when did daylight savings time begin,,undetermined,
dragged-0053,6,complementary,when did daylight savings time begin,,undetermined,
dragged-0053,7,complementary,when did daylight savings time begin,,undetermined,
dragged-0053,8,complementary,when did daylight savings time begin,,undetermined,
dragged-0061,0,complementary,who is the largest supermarket chain,,undetermined,
dragged-0061,1,complementary,who is the largest supermarket chain,,undetermined,
dragged-0061,2,complementary,who is the largest supermarket chain,,undetermined,
dragged-0061,3,complementary,who is the largest supermarket chain,,undetermined,
dragged-0061,4,complementary,who is the largest supermarket chain,,undetermined,
dragged-0061,5,complementary,who is the largest supermarket chain,,undetermined,
dragged-0061,6,complementary,who is the largest supermarket chain,,undetermined,
dragged-0061,7,complementary,who is the largest supermarket chain,,undetermined,
dragged-0061,8,complementary,who is the largest supermarket chain,,undetermined,
dragged-0061,9,complementary,who is the largest supermarket chain,,undetermined,
dragged-0062,0,complementary,Does the Y chromosome determine only the male gender?,,undetermined,
dragged-0062,1,complementary,Does the Y chromosome determine only the male gender?,,undetermined,
dragged-0062,2,complementary,Does the Y chromosome determine only the male gender?,,undetermined,
dragged-0062,3,complementary,Does the Y chromosome determine only the male gender?,,undetermined,
dragged-0062,4,complementary,Does the Y chromosome determine only the male gender?,,undetermined,
dragged-0062,5,complementary,Does the Y chromosome determine only the male gender?,,undetermined,
dragged-0062,6,complementary,Does the Y chromosome determine only the male gender?,,undetermined,
dragged-0062,7,complementary,Does the Y chromosome determine only the male gender?,,undetermined,
dragged-0062,8,complementary,Does the Y chromosome determine only the male gender?,,undetermined,
dragged-0062,9,complementary,Does the Y chromosome determine only the male gender?,,undetermined,
dragged-0062,10,complementary,Does the Y chromosome determine only the male gender?,,undetermined,
dragged-0062,11,complementary,Does the Y chromosome determine only the male gender?,,undetermined,
dragged-0062,12,complementary,Does the Y chromosome determine only the male gender?,,undetermined,
dragged-0062,13,complementary,Does the Y chromosome determine only the male gender?,,undetermined,
dragged-0062,14,complementary,Does the Y chromosome determine only the male gender?,,undetermined,
dragged-0063,0,complementary,who has the power to approve or veto legislation constitution?,,undetermined,
dragged-0063,1,complementary,who has the power to approve or veto legislation constitution?,,undetermined,
dragged-0063,2,complementary,who has the power to approve or veto legislation constitution?,,undetermined,
dragged-0063,3,complementary,who has the power to approve or veto legislation constitution?,,undetermined,
dragged-0063,4,complementary,who has the power to approve or veto legislation constitution?,,undetermined,
dragged-0063,5,complementary,who has the power to approve or veto legislation constitution?,,undetermined,
dragged-0063,6,complementary,who has the power to approve or veto legislation constitution?,,undetermined,
dragged-0063,7,complementary,who has the power to approve or veto legislation constitution?,,undetermined,
dragged-0063,8,complementary,who has the power to approve or veto legislation constitution?,,undetermined,
dragged-0063,9,complementary,who has the power to approve or veto legislation constitution?,,undetermined,
dragged-0067,0,complementary,premier league players to score 5 goals in one game,,undetermined,
dragged-0067,1,complementary,premier league players to score 5 goals in one game,,undetermined,
dragged-0067,2,complementary,premier league players to score 5 goals in one game,,undetermined,
dragged-0067,3,complementary,premier league players to score 5 goals in one game,,undetermined,
dragged-0067,4,complementary,premier league players to score 5 goals in one game,,undetermined,
dragged-0067,5,complementary,premier league players to score 5 goals in one game,,undetermined,
dragged-0067,6,complementary,premier league players to score 5 goals in one game,,undetermined,
dragged-0067,7,complementary,premier league players to score 5 goals in one game,,undetermined,
dragged-0067,8,complementary,premier league players to score 5 goals in one game,,undetermined,
dragged-0075,0,complementary,who is the honduran ambassador,,undetermined,
dragged-0075,1,complementary,who is the honduran ambassador,,undetermined,
dragged-0075,2,complementary,who is the honduran ambassador,,undetermined,
dragged-0075,3,complementary,who is the honduran ambassador,,undetermined,
dragged-0075,4,complementary,who is the honduran ambassador,,undetermined,
dragged-0075,5,complementary,who is the honduran ambassador,,undetermined,
dragged-0075,6,complementary,who is the honduran ambassador,,undetermined,
dragged-0075,7,complementary,who is the honduran ambassador,,undetermined,
dragged-0075,8,complementary,who is the honduran ambassador,,undetermined,
dragged-0075,9,complementary,who is the honduran ambassador,,undetermined,
dragged-0076,0,complementary,which state is the richest state,,undetermined,
dragged-0076,1,complementary,which state is the richest state,,undetermined,
dragged-0076,2,complementary,which state is the richest state,,undetermined,
dragged-0076,3,complementary,which state is the richest state,,undetermined,
dragged-0076,4,complementary,which state is the richest state,,undetermined,
dragged-0076,5,complementary,which state is the richest state,,undetermined,
dragged-0076,6,complementary,which state is the richest state,,undetermined,
dragged-0076,7,complementary,which state is the richest state,,undetermined,
dragged-0081,0,complementary,who owns the waldorf astoria,,undetermined,
dragged-0081,1,complementary,who owns the waldorf astoria,,undetermined,
dragged-0081,2,complementary,who owns the waldorf astoria,,undetermined,
dragged-0081,3,complementary,who owns the waldorf astoria,,undetermined,
dragged-0081,4,complementary,who owns the waldorf astoria,,undetermined,
dragged-0081,5,complementary,who owns the waldorf astoria,,undetermined,
dragged-0081,6,complementary,who owns the waldorf astoria,,undetermined,
dragged-0081,7,complementary,who owns the waldorf astoria,,undetermined,
dragged-0081,8,complementary,who owns the waldorf astoria,,undetermined,
dragged-0082,0,complementary,visa requirements for kenyan citizens travelling,,undetermined,
dragged-0082,1,complementary,visa requirements for kenyan citizens travelling,,undetermined,
dragged-0082,2,complementary,visa requirements for kenyan citizens travelling,,undetermined,
dragged-0082,3,complementary,visa requirements for kenyan citizens travelling,,undetermined,
dragged-0082,4,complementary,visa requirements for kenyan citizens travelling,,undetermined,
dragged-0082,5,complementary,visa requirements for kenyan citizens travelling,,undetermined,
dragged-0082,6,complementary,visa requirements for kenyan citizens travelling,,undetermined,
dragged-0082,7,complementary,visa requirements for kenyan citizens travelling,,undetermined,
dragged-0082,8,complementary,visa requirements for kenyan citizens travelling,,undetermined,
dragged-0082,9,complementary,visa requirements for kenyan citizens travelling,,undetermined,
dragged-0087,0,complementary,when did women get the vote,1,derived_stringmatch,
dragged-0087,1,complementary,when did women get the vote,0,derived_stringmatch,
dragged-0087,2,complementary,when did women get the vote,0,derived_stringmatch,
dragged-0087,3,complementary,when did women get the vote,0,derived_stringmatch,
dragged-0087,4,complementary,when did women get the vote,0,derived_stringmatch,
dragged-0087,5,complementary,when did women get the vote,0,derived_stringmatch,
dragged-0087,6,complementary,when did women get the vote,0,derived_stringmatch,
dragged-0087,7,complementary,when did women get the vote,1,derived_stringmatch,
dragged-0087,8,complementary,when did women get the vote,0,derived_stringmatch,
dragged-0087,9,complementary,when did women get the vote,0,derived_stringmatch,
dragged-0089,0,complementary,Are tax cuts beneficial for the economy?,,undetermined,
dragged-0089,1,complementary,Are tax cuts beneficial for the economy?,,undetermined,
dragged-0089,2,complementary,Are tax cuts beneficial for the economy?,,undetermined,
dragged-0089,3,complementary,Are tax cuts beneficial for the economy?,,undetermined,
dragged-0089,4,complementary,Are tax cuts beneficial for the economy?,,undetermined,
dragged-0089,5,complementary,Are tax cuts beneficial for the economy?,,undetermined,
dragged-0089,6,complementary,Are tax cuts beneficial for the economy?,,undetermined,
dragged-0089,7,complementary,Are tax cuts beneficial for the economy?,,undetermined,
dragged-0089,8,complementary,Are tax cuts beneficial for the economy?,,undetermined,
dragged-0089,9,complementary,Are tax cuts beneficial for the economy?,,undetermined,
dragged-0089,10,complementary,Are tax cuts beneficial for the economy?,,undetermined,
dragged-0089,11,complementary,Are tax cuts beneficial for the economy?,,undetermined,
dragged-0089,12,complementary,Are tax cuts beneficial for the economy?,,undetermined,
dragged-0091,0,complementary,what to see in chicago downtown?,,undetermined,
dragged-0091,1,complementary,what to see in chicago downtown?,,undetermined,
dragged-0091,2,complementary,what to see in chicago downtown?,,undetermined,
dragged-0091,3,complementary,what to see in chicago downtown?,,undetermined,
dragged-0091,4,complementary,what to see in chicago downtown?,,undetermined,
dragged-0091,5,complementary,what to see in chicago downtown?,,undetermined,
dragged-0091,6,complementary,what to see in chicago downtown?,,undetermined,
dragged-0091,7,complementary,what to see in chicago downtown?,,undetermined,
dragged-0091,8,complementary,what to see in chicago downtown?,,undetermined,
dragged-0106,0,complementary,Are vegan diets healthy for dogs?,,undetermined,
dragged-0106,1,complementary,Are vegan diets healthy for dogs?,,undetermined,
dragged-0106,2,complementary,Are vegan diets healthy for dogs?,,undetermined,
dragged-0106,3,complementary,Are vegan diets healthy for dogs?,,undetermined,
dragged-0106,4,complementary,Are vegan diets healthy for dogs?,,undetermined,
dragged-0106,5,complementary,Are vegan diets healthy for dogs?,,undetermined,
dragged-0106,6,complementary,Are vegan diets healthy for dogs?,,undetermined,
dragged-0106,7,complementary,Are vegan diets healthy for dogs?,,undetermined,
dragged-0106,8,complementary,Are vegan diets healthy for dogs?,,undetermined,
dragged-0106,9,complementary,Are vegan diets healthy for dogs?,,undetermined,
dragged-0106,10,complementary,Are vegan diets healthy for dogs?,,undetermined,
dragged-0106,11,complementary,Are vegan diets healthy for dogs?,,undetermined,
dragged-0106,12,complementary,Are vegan diets healthy for dogs?,,undetermined,
dragged-0106,13,complementary,Are vegan diets healthy for dogs?,,undetermined,
dragged-0111,0,complementary,who is the highest paid actor,,undetermined,
dragged-0111,1,complementary,who is the highest paid actor,,undetermined,
dragged-0111,2,complementary,who is the highest paid actor,,undetermined,
dragged-0111,3,complementary,who is the highest paid actor,,undetermined,
dragged-0111,4,complementary,who is the highest paid actor,,undetermined,
dragged-0111,5,complementary,who is the highest paid actor,,undetermined,
dragged-0111,6,complementary,who is the highest paid actor,,undetermined,
dragged-0111,7,complementary,who is the highest paid actor,,undetermined,
dragged-0111,8,complementary,who is the highest paid actor,,undetermined,
dragged-0114,0,complementary,Can routine blood tests detect cancer?,,undetermined,
dragged-0114,1,complementary,Can routine blood tests detect cancer?,,undetermined,
dragged-0114,2,complementary,Can routine blood tests detect cancer?,,undetermined,
dragged-0114,3,complementary,Can routine blood tests detect cancer?,,undetermined,
dragged-0114,4,complementary,Can routine blood tests detect cancer?,,undetermined,
dragged-0114,5,complementary,Can routine blood tests detect cancer?,,undetermined,
dragged-0114,6,complementary,Can routine blood tests detect cancer?,,undetermined,
dragged-0114,7,complementary,Can routine blood tests detect cancer?,,undetermined,
dragged-0121,0,complementary,what is the average height of a chinese man,,undetermined,
dragged-0121,1,complementary,what is the average height of a chinese man,,undetermined,
dragged-0121,2,complementary,what is the average height of a chinese man,,undetermined,
dragged-0121,3,complementary,what is the average height of a chinese man,,undetermined,
dragged-0121,4,complementary,what is the average height of a chinese man,,undetermined,
dragged-0121,5,complementary,what is the average height of a chinese man,,undetermined,
dragged-0121,6,complementary,what is the average height of a chinese man,,undetermined,
dragged-0121,7,complementary,what is the average height of a chinese man,,undetermined,
dragged-0121,8,complementary,what is the average height of a chinese man,,undetermined,
dragged-0126,0,complementary,when did the east india company came,,undetermined,
dragged-0126,1,complementary,when did the east india company came,,undetermined,
dragged-0126,2,complementary,when did the east india company came,,undetermined,
dragged-0126,3,complementary,when did the east india company came,,undetermined,
dragged-0126,4,complementary,when did the east india company came,,undetermined,
dragged-0126,5,complementary,when did the east india company came,,undetermined,
dragged-0126,6,complementary,when did the east india company came,,undetermined,
dragged-0126,7,complementary,when did the east india company came,,undetermined,
dragged-0126,8,complementary,when did the east india company came,,undetermined,
dragged-0127,0,complementary,who won the academy award for best original musical score,,undetermined,
dragged-0127,1,complementary,who won the academy award for best original musical score,,undetermined,
dragged-0127,2,complementary,who won the academy award for best original musical score,,undetermined,
dragged-0127,3,complementary,who won the academy award for best original musical score,,undetermined,
dragged-0127,4,complementary,who won the academy award for best original musical score,,undetermined,
dragged-0127,5,complementary,who won the academy award for best original musical score,,undetermined,
dragged-0127,6,complementary,who won the academy award for best original musical score,,undetermined,
dragged-0127,7,complementary,who won the academy award for best original musical score,,undetermined,
dragged-0127,8,complementary,who won the academy award for best original musical score,,undetermined,
dragged-0139,0,complementary,Is cow's milk bad for toddlers?,,undetermined,
dragged-0139,1,complementary,Is cow's milk bad for toddlers?,,undetermined,
dragged-0139,2,complementary,Is cow's milk bad for toddlers?,,undetermined,
dragged-0139,3,complementary,Is cow's milk bad for toddlers?,,undetermined,
dragged-0139,4,complementary,Is cow's milk bad for toddlers?,,undetermined,
dragged-0139,5,complementary,Is cow's milk bad for toddlers?,,undetermined,
dragged-0139,6,complementary,Is cow's milk bad for toddlers?,,undetermined,
dragged-0139,7,complementary,Is cow's milk bad for toddlers?,,undetermined,
dragged-0139,8,complementary,Is cow's milk bad for toddlers?,,undetermined,
dragged-0142,0,complementary,what is the average time in hospice care,,undetermined,
dragged-0142,1,complementary,what is the average time in hospice care,,undetermined,
dragged-0142,2,complementary,what is the average time in hospice care,,undetermined,
dragged-0142,3,complementary,what is the average time in hospice care,,undetermined,
dragged-0142,4,complementary,what is the average time in hospice care,,undetermined,
dragged-0142,5,complementary,what is the average time in hospice care,,undetermined,
dragged-0142,6,complementary,what is the average time in hospice care,,undetermined,
dragged-0142,7,complementary,what is the average time in hospice care,,undetermined,
dragged-0142,8,complementary,what is the average time in hospice care,,undetermined,
dragged-0145,0,complementary,Is infinite scrolling a good web design technique?,,undetermined,
dragged-0145,1,complementary,Is infinite scrolling a good web design technique?,,undetermined,
dragged-0145,2,complementary,Is infinite scrolling a good web design technique?,,undetermined,
dragged-0145,3,complementary,Is infinite scrolling a good web design technique?,,undetermined,
dragged-0145,4,complementary,Is infinite scrolling a good web design technique?,,undetermined,
dragged-0145,5,complementary,Is infinite scrolling a good web design technique?,,undetermined,
dragged-0145,6,complementary,Is infinite scrolling a good web design technique?,,undetermined,
dragged-0145,7,complementary,Is infinite scrolling a good web design technique?,,undetermined,
dragged-0145,8,complementary,Is infinite scrolling a good web design technique?,,undetermined,
dragged-0150,0,complementary,where are the nfl games played,,undetermined,
dragged-0150,1,complementary,where are the nfl games played,,undetermined,
dragged-0150,2,complementary,where are the nfl games played,,undetermined,
dragged-0150,3,complementary,where are the nfl games played,,undetermined,
dragged-0150,4,complementary,where are the nfl games played,,undetermined,
dragged-0150,5,complementary,where are the nfl games played,,undetermined,
dragged-0150,6,complementary,where are the nfl games played,,undetermined,
dragged-0150,7,complementary,where are the nfl games played,,undetermined,
dragged-0150,8,complementary,where are the nfl games played,,undetermined,
dragged-0154,0,complementary,how many people live in venice,,undetermined,
dragged-0154,1,complementary,how many people live in venice,,undetermined,
dragged-0154,2,complementary,how many people live in venice,,undetermined,
dragged-0154,3,complementary,how many people live in venice,,undetermined,
dragged-0154,4,complementary,how many people live in venice,,undetermined,
dragged-0154,5,complementary,how many people live in venice,,undetermined,
dragged-0154,6,complementary,how many people live in venice,,undetermined,
dragged-0154,7,complementary,how many people live in venice,,undetermined,
dragged-0154,8,complementary,how many people live in venice,,undetermined,
dragged-0156,0,complementary,what is the most obese province,,undetermined,
dragged-0156,1,complementary,what is the most obese province,,undetermined,
dragged-0156,2,complementary,what is the most obese province,,undetermined,
dragged-0156,3,complementary,what is the most obese province,,undetermined,
dragged-0156,4,complementary,what is the most obese province,,undetermined,
dragged-0156,5,complementary,what is the most obese province,,undetermined,
dragged-0156,6,complementary,what is the most obese province,,undetermined,
dragged-0158,0,complementary,Are heated gemstones less valuable?,,undetermined,
dragged-0158,1,complementary,Are heated gemstones less valuable?,,undetermined,
dragged-0158,2,complementary,Are heated gemstones less valuable?,,undetermined,
dragged-0158,3,complementary,Are heated gemstones less valuable?,,undetermined,
dragged-0158,4,complementary,Are heated gemstones less valuable?,,undetermined,
dragged-0158,5,complementary,Are heated gemstones less valuable?,,undetermined,
dragged-0158,6,complementary,Are heated gemstones less valuable?,,undetermined,
dragged-0158,7,complementary,Are heated gemstones less valuable?,,undetermined,
dragged-0158,8,complementary,Are heated gemstones less valuable?,,undetermined,
dragged-0158,9,complementary,Are heated gemstones less valuable?,,undetermined,
dragged-0158,10,complementary,Are heated gemstones less valuable?,,undetermined,
dragged-0159,0,complementary,Is video conferencing a secure form of communication?,,undetermined,
dragged-0159,1,complementary,Is video conferencing a secure form of communication?,,undetermined,
dragged-0159,2,complementary,Is video conferencing a secure form of communication?,,undetermined,
dragged-0159,3,complementary,Is video conferencing a secure form of communication?,,undetermined,
dragged-0159,4,complementary,Is video conferencing a secure form of communication?,,undetermined,
dragged-0159,5,complementary,Is video conferencing a secure form of communication?,,undetermined,
dragged-0159,6,complementary,Is video conferencing a secure form of communication?,,undetermined,
dragged-0159,7,complementary,Is video conferencing a secure form of communication?,,undetermined,
dragged-0159,8,complementary,Is video conferencing a secure form of communication?,,undetermined,
dragged-0162,0,complementary,where is the end of the great wall,,undetermined,
dragged-0162,1,complementary,where is the end of the great wall,,undetermined,
dragged-0162,2,complementary,where is the end of the great wall,,undetermined,
dragged-0162,3,complementary,where is the end of the great wall,,undetermined,
dragged-0162,4,complementary,where is the end of the great wall,,undetermined,
dragged-0162,5,complementary,where is the end of the great wall,,undetermined,
dragged-0162,6,complementary,where is the end of the great wall,,undetermined,
dragged-0162,7,complementary,where is the end of the great wall,,undetermined,
dragged-0163,0,complementary,when was the multiculturalism policy passed,0,derived_stringmatch,
dragged-0163,1,complementary,when was the multiculturalism policy passed,0,derived_stringmatch,
dragged-0163,2,complementary,when was the multiculturalism policy passed,1,derived_stringmatch,
dragged-0163,3,complementary,when was the multiculturalism policy passed,1,derived_stringmatch,
dragged-0163,4,complementary,when was the multiculturalism policy passed,1,derived_stringmatch,
dragged-0163,5,complementary,when was the multiculturalism policy passed,1,derived_stringmatch,
dragged-0163,6,complementary,when was the multiculturalism policy passed,0,derived_stringmatch,
dragged-0176,0,complementary,who was the president during 1971 war,,undetermined,
dragged-0176,1,complementary,who was the president during 1971 war,,undetermined,
dragged-0176,2,complementary,who was the president during 1971 war,,undetermined,
dragged-0176,3,complementary,who was the president during 1971 war,,undetermined,
dragged-0176,4,complementary,who was the president during 1971 war,,undetermined,
dragged-0176,5,complementary,who was the president during 1971 war,,undetermined,
dragged-0176,6,complementary,who was the president during 1971 war,,undetermined,
dragged-0176,7,complementary,who was the president during 1971 war,,undetermined,
dragged-0176,8,complementary,who was the president during 1971 war,,undetermined,
dragged-0177,0,complementary,who has the biggest airport,,undetermined,
dragged-0177,1,complementary,who has the biggest airport,,undetermined,
dragged-0177,2,complementary,who has the biggest airport,,undetermined,
dragged-0177,3,complementary,who has the biggest airport,,undetermined,
dragged-0177,4,complementary,who has the biggest airport,,undetermined,
dragged-0177,5,complementary,who has the biggest airport,,undetermined,
dragged-0177,6,complementary,who has the biggest airport,,undetermined,
dragged-0177,7,complementary,who has the biggest airport,,undetermined,
dragged-0177,8,complementary,who has the biggest airport,,undetermined,
dragged-0178,0,complementary,Is gun control legislation a violation of the Second Amendment?,,undetermined,
dragged-0178,1,complementary,Is gun control legislation a violation of the Second Amendment?,,undetermined,
dragged-0178,2,complementary,Is gun control legislation a violation of the Second Amendment?,,undetermined,
dragged-0178,3,complementary,Is gun control legislation a violation of the Second Amendment?,,undetermined,
dragged-0178,4,complementary,Is gun control legislation a violation of the Second Amendment?,,undetermined,
dragged-0178,5,complementary,Is gun control legislation a violation of the Second Amendment?,,undetermined,
dragged-0178,6,complementary,Is gun control legislation a violation of the Second Amendment?,,undetermined,
dragged-0181,0,complementary,who is the only leader to be elected pm three times,,undetermined,
dragged-0181,1,complementary,who is the only leader to be elected pm three times,,undetermined,
dragged-0181,2,complementary,who is the only leader to be elected pm three times,,undetermined,
dragged-0181,3,complementary,who is the only leader to be elected pm three times,,undetermined,
dragged-0181,4,complementary,who is the only leader to be elected pm three times,,undetermined,
dragged-0181,5,complementary,who is the only leader to be elected pm three times,,undetermined,
dragged-0181,6,complementary,who is the only leader to be elected pm three times,,undetermined,
dragged-0181,7,complementary,who is the only leader to be elected pm three times,,undetermined,
dragged-0181,8,complementary,who is the only leader to be elected pm three times,,undetermined,
dragged-0181,9,complementary,who is the only leader to be elected pm three times,,undetermined,
dragged-0182,0,complementary,What river do Salmon spawn in?,,undetermined,
dragged-0182,1,complementary,What river do Salmon spawn in?,,undetermined,
dragged-0182,2,complementary,What river do Salmon spawn in?,,undetermined,
dragged-0182,3,complementary,What river do Salmon spawn in?,,undetermined,
dragged-0182,4,complementary,What river do Salmon spawn in?,,undetermined,
dragged-0182,5,complementary,What river do Salmon spawn in?,,undetermined,
dragged-0182,6,complementary,What river do Salmon spawn in?,,undetermined,
dragged-0182,7,complementary,What river do Salmon spawn in?,,undetermined,
dragged-0182,8,complementary,What river do Salmon spawn in?,,undetermined,
dragged-0186,0,complementary,how many employees does mercedes benz have,,undetermined,
dragged-0186,1,complementary,how many employees does mercedes benz have,,undetermined,
dragged-0186,2,complementary,how many employees does mercedes benz have,,undetermined,
dragged-0186,3,complementary,how many employees does mercedes benz have,,undetermined,
dragged-0186,4,complementary,how many employees does mercedes benz have,,undetermined,
dragged-0186,5,complementary,how many employees does mercedes benz have,,undetermined,
dragged-0186,6,complementary,how many employees does mercedes benz have,,undetermined,
dragged-0186,7,complementary,how many employees does mercedes benz have,,undetermined,
dragged-0186,8,complementary,how many employees does mercedes benz have,,undetermined,
dragged-0188,0,complementary,where did you find the red pandas,,undetermined,
dragged-0188,1,complementary,where did you find the red pandas,,undetermined,
dragged-0188,2,complementary,where did you find the red pandas,,undetermined,
dragged-0188,3,complementary,where did you find the red pandas,,undetermined,
dragged-0188,4,complementary,where did you find the red pandas,,undetermined,
dragged-0188,5,complementary,where did you find the red pandas,,undetermined,
dragged-0188,6,complementary,where did you find the red pandas,,undetermined,
dragged-0188,7,complementary,where did you find the red pandas,,undetermined,
dragged-0188,8,complementary,where did you find the red pandas,,undetermined,
dragged-0189,0,complementary,what is the legal age for marriage,,undetermined,
dragged-0189,1,complementary,what is the legal age for marriage,,undetermined,
dragged-0189,2,complementary,what is the legal age for marriage,,undetermined,
dragged-0189,3,complementary,what is the legal age for marriage,,undetermined,
dragged-0189,4,complementary,what is the legal age for marriage,,undetermined,
dragged-0189,5,complementary,what is the legal age for marriage,,undetermined,
dragged-0189,6,complementary,what is the legal age for marriage,,undetermined,
dragged-0189,7,complementary,what is the legal age for marriage,,undetermined,
dragged-0189,8,complementary,what is the legal age for marriage,,undetermined,
dragged-0191,0,complementary,Which language do Lithuanians speak?,1,derived_stringmatch,
dragged-0191,1,complementary,Which language do Lithuanians speak?,1,derived_stringmatch,
dragged-0191,2,complementary,Which language do Lithuanians speak?,1,derived_stringmatch,
dragged-0191,3,complementary,Which language do Lithuanians speak?,1,derived_stringmatch,
dragged-0191,4,complementary,Which language do Lithuanians speak?,1,derived_stringmatch,
dragged-0191,5,complementary,Which language do Lithuanians speak?,1,derived_stringmatch,
dragged-0191,6,complementary,Which language do Lithuanians speak?,1,derived_stringmatch,
dragged-0191,7,complementary,Which language do Lithuanians speak?,1,derived_stringmatch,
dragged-0191,8,complementary,Which language do Lithuanians speak?,1,derived_stringmatch,
dragged-0193,0,complementary,when did the first settlers arrive,,undetermined,
dragged-0193,1,complementary,when did the first settlers arrive,,undetermined,
dragged-0193,2,complementary,when did the first settlers arrive,,undetermined,
dragged-0193,3,complementary,when did the first settlers arrive,,undetermined,
dragged-0193,4,complementary,when did the first settlers arrive,,undetermined,
dragged-0193,5,complementary,when did the first settlers arrive,,undetermined,
dragged-0193,6,complementary,when did the first settlers arrive,,undetermined,
dragged-0193,7,complementary,when did the first settlers arrive,,undetermined,
dragged-0193,8,complementary,when did the first settlers arrive,,undetermined,
dragged-0195,0,complementary,Can penguins survive in warm weather?,,undetermined,
dragged-0195,1,complementary,Can penguins survive in warm weather?,,undetermined,
dragged-0195,2,complementary,Can penguins survive in warm weather?,,undetermined,
dragged-0195,3,complementary,Can penguins survive in warm weather?,,undetermined,
dragged-0195,4,complementary,Can penguins survive in warm weather?,,undetermined,
dragged-0195,5,complementary,Can penguins survive in warm weather?,,undetermined,
dragged-0195,6,complementary,Can penguins survive in warm weather?,,undetermined,
dragged-0197,0,complementary,What treatments exist for Alzheimer's disease?,,undetermined,
dragged-0197,1,complementary,What treatments exist for Alzheimer's disease?,,undetermined,
dragged-0197,2,complementary,What treatments exist for Alzheimer's disease?,,undetermined,
dragged-0197,3,complementary,What treatments exist for Alzheimer's disease?,,undetermined,
dragged-0197,4,complementary,What treatments exist for Alzheimer's disease?,,undetermined,
dragged-0197,5,complementary,What treatments exist for Alzheimer's disease?,,undetermined,
dragged-0197,6,complementary,What treatments exist for Alzheimer's disease?,,undetermined,
dragged-0197,7,complementary,What treatments exist for Alzheimer's disease?,,undetermined,
dragged-0197,8,complementary,What treatments exist for Alzheimer's disease?,,undetermined,
dragged-0199,0,complementary,Is it bad to brush your teeth more than twice a day?,0,derived_stringmatch,
dragged-0199,1,complementary,Is it bad to brush your teeth more than twice a day?,0,derived_stringmatch,
dragged-0199,2,complementary,Is it bad to brush your teeth more than twice a day?,0,derived_stringmatch,
dragged-0199,3,complementary,Is it bad to brush your teeth more than twice a day?,0,derived_stringmatch,
dragged-0199,4,complementary,Is it bad to brush your teeth more than twice a day?,0,derived_stringmatch,
dragged-0199,5,complementary,Is it bad to brush your teeth more than twice a day?,0,derived_stringmatch,
dragged-0199,6,complementary,Is it bad to brush your teeth more than twice a day?,0,derived_stringmatch,
dragged-0202,0,complementary,when did channel 5 start,,undetermined,
dragged-0202,1,complementary,when did channel 5 start,,undetermined,
dragged-0202,2,complementary,when did channel 5 start,,undetermined,
dragged-0202,3,complementary,when did channel 5 start,,undetermined,
dragged-0202,4,complementary,when did channel 5 start,,undetermined,
dragged-0202,5,complementary,when did channel 5 start,,undetermined,
dragged-0202,6,complementary,when did channel 5 start,,undetermined,
dragged-0202,7,complementary,when did channel 5 start,,undetermined,
dragged-0202,8,complementary,when did channel 5 start,,undetermined,
dragged-0202,9,complementary,when did channel 5 start,,undetermined,
dragged-0206,0,complementary,Should red wine be served at room temperature?,,undetermined,
dragged-0206,1,complementary,Should red wine be served at room temperature?,,undetermined,
dragged-0206,2,complementary,Should red wine be served at room temperature?,,undetermined,
dragged-0206,3,complementary,Should red wine be served at room temperature?,,undetermined,
dragged-0206,4,complementary,Should red wine be served at room temperature?,,undetermined,
dragged-0206,5,complementary,Should red wine be served at room temperature?,,undetermined,
dragged-0206,6,complementary,Should red wine be served at room temperature?,,undetermined,
dragged-0207,0,complementary,Is a hamburger menu bad for user engagement?,,undetermined,
dragged-0207,1,complementary,Is a hamburger menu bad for user engagement?,,undetermined,
dragged-0207,2,complementary,Is a hamburger menu bad for user engagement?,,undetermined,
dragged-0207,3,complementary,Is a hamburger menu bad for user engagement?,,undetermined,
dragged-0207,4,complementary,Is a hamburger menu bad for user engagement?,,undetermined,
dragged-0207,5,complementary,Is a hamburger menu bad for user engagement?,,undetermined,
dragged-0207,6,complementary,Is a hamburger menu bad for user engagement?,,undetermined,
dragged-0209,0,complementary,who is the longest serving prime minister,,undetermined,
dragged-0209,1,complementary,who is the longest serving prime minister,,undetermined,
dragged-0209,2,complementary,who is the longest serving prime minister,,undetermined,
dragged-0209,3,complementary,who is the longest serving prime minister,,undetermined,
dragged-0209,4,complementary,who is the longest serving prime minister,,undetermined,
dragged-0209,5,complementary,who is the longest serving prime minister,,undetermined,
dragged-0209,6,complementary,who is the longest serving prime minister,,undetermined,
dragged-0209,7,complementary,who is the longest serving prime minister,,undetermined,
dragged-0209,8,complementary,who is the longest serving prime minister,,undetermined,
dragged-0210,0,complementary,how old to get a gun permit,,undetermined,
dragged-0210,1,complementary,how old to get a gun permit,,undetermined,
dragged-0210,2,complementary,how old to get a gun permit,,undetermined,
dragged-0210,3,complementary,how old to get a gun permit,,undetermined,
dragged-0210,4,complementary,how old to get a gun permit,,undetermined,
dragged-0210,5,complementary,how old to get a gun permit,,undetermined,
dragged-0210,6,complementary,how old to get a gun permit,,undetermined,
dragged-0210,7,complementary,how old to get a gun permit,,undetermined,
dragged-0210,8,complementary,how old to get a gun permit,,undetermined,
dragged-0215,0,complementary,Do strawberries have more vitamin C than oranges?,,undetermined,
dragged-0215,1,complementary,Do strawberries have more vitamin C than oranges?,,undetermined,
dragged-0215,2,complementary,Do strawberries have more vitamin C than oranges?,,undetermined,
dragged-0215,3,complementary,Do strawberries have more vitamin C than oranges?,,undetermined,
dragged-0215,4,complementary,Do strawberries have more vitamin C than oranges?,,undetermined,
dragged-0215,5,complementary,Do strawberries have more vitamin C than oranges?,,undetermined,
dragged-0215,6,complementary,Do strawberries have more vitamin C than oranges?,,undetermined,
dragged-0215,7,complementary,Do strawberries have more vitamin C than oranges?,,undetermined,
dragged-0216,0,complementary,Do animals understand human language?,,undetermined,
dragged-0216,1,complementary,Do animals understand human language?,,undetermined,
dragged-0216,2,complementary,Do animals understand human language?,,undetermined,
dragged-0216,3,complementary,Do animals understand human language?,,undetermined,
dragged-0216,4,complementary,Do animals understand human language?,,undetermined,
dragged-0217,0,complementary,how much does heart valve surgery cost,,undetermined,
dragged-0217,1,complementary,how much does heart valve surgery cost,,undetermined,
dragged-0217,2,complementary,how much does heart valve surgery cost,,undetermined,
dragged-0217,3,complementary,how much does heart valve surgery cost,,undetermined,
dragged-0217,4,complementary,how much does heart valve surgery cost,,undetermined,
dragged-0217,5,complementary,how much does heart valve surgery cost,,undetermined,
dragged-0217,6,complementary,how much does heart valve surgery cost,,undetermined,
dragged-0217,7,complementary,how much does heart valve surgery cost,,undetermined,
dragged-0217,8,complementary,how much does heart valve surgery cost,,undetermined,
dragged-0222,0,complementary,what are the top tourist attractions in rome?,,undetermined,
dragged-0222,1,complementary,what are the top tourist attractions in rome?,,undetermined,
dragged-0222,2,complementary,what are the top tourist attractions in rome?,,undetermined,
dragged-0222,3,complementary,what are the top tourist attractions in rome?,,undetermined,
dragged-0222,4,complementary,what are the top tourist attractions in rome?,,undetermined,
dragged-0222,5,complementary,what are the top tourist attractions in rome?,,undetermined,
dragged-0222,6,complementary,what are the top tourist attractions in rome?,,undetermined,
dragged-0222,7,complementary,what are the top tourist attractions in rome?,,undetermined,
dragged-0222,8,complementary,what are the top tourist attractions in rome?,,undetermined,
dragged-0226,0,complementary,when did the smoking ban come,,undetermined,
dragged-0226,1,complementary,when did the smoking ban come,,undetermined,
dragged-0226,2,complementary,when did the smoking ban come,,undetermined,
dragged-0226,3,complementary,when did the smoking ban come,,undetermined,
dragged-0226,4,complementary,when did the smoking ban come,,undetermined,
dragged-0226,5,complementary,when did the smoking ban come,,undetermined,
dragged-0226,6,complementary,when did the smoking ban come,,undetermined,
dragged-0226,7,complementary,when did the smoking ban come,,undetermined,
dragged-0226,8,complementary,when did the smoking ban come,,undetermined,
dragged-0233,0,complementary,when do schools have summer break,,undetermined,
dragged-0233,1,complementary,when do schools have summer break,,undetermined,
dragged-0233,2,complementary,when do schools have summer break,,undetermined,
dragged-0233,3,complementary,when do schools have summer break,,undetermined,
dragged-0233,4,complementary,when do schools have summer break,,undetermined,
dragged-0233,5,complementary,when do schools have summer break,,undetermined,
dragged-0233,6,complementary,when do schools have summer break,,undetermined,
dragged-0233,7,complementary,when do schools have summer break,,undetermined,
dragged-0233,8,complementary,when do schools have summer break,,undetermined,
dragged-0233,9,complementary,when do schools have summer break,,undetermined,
dragged-0245,0,complementary,when does a car have to be smogged,,undetermined,
dragged-0245,1,complementary,when does a car have to be smogged,,undetermined,
dragged-0245,2,complementary,when does a car have to be smogged,,undetermined,
dragged-0245,3,complementary,when does a car have to be smogged,,undetermined,
dragged-0245,4,complementary,when does a car have to be smogged,,undetermined,
dragged-0245,5,complementary,when does a car have to be smogged,,undetermined,
dragged-0245,6,complementary,when does a car have to be smogged,,undetermined,
dragged-0245,7,complementary,when does a car have to be smogged,,undetermined,
dragged-0245,8,complementary,when does a car have to be smogged,,undetermined,
dragged-0246,0,complementary,Is it safe for dogs to eat bones?,,undetermined,
dragged-0246,1,complementary,Is it safe for dogs to eat bones?,,undetermined,
dragged-0246,2,complementary,Is it safe for dogs to eat bones?,,undetermined,
dragged-0246,3,complementary,Is it safe for dogs to eat bones?,,undetermined,
dragged-0246,4,complementary,Is it safe for dogs to eat bones?,,undetermined,
dragged-0246,5,complementary,Is it safe for dogs to eat bones?,,undetermined,
dragged-0246,6,complementary,Is it safe for dogs to eat bones?,,undetermined,
dragged-0248,0,complementary,what was the longest war,,undetermined,
dragged-0248,1,complementary,what was the longest war,,undetermined,
dragged-0248,2,complementary,what was the longest war,,undetermined,
dragged-0248,3,complementary,what was the longest war,,undetermined,
dragged-0248,4,complementary,what was the longest war,,undetermined,
dragged-0248,5,complementary,what was the longest war,,undetermined,
dragged-0248,6,complementary,what was the longest war,,undetermined,
dragged-0248,7,complementary,what was the longest war,,undetermined,
dragged-0248,8,complementary,what was the longest war,,undetermined,
dragged-0251,0,complementary,when did dvds come out,,undetermined,
dragged-0251,1,complementary,when did dvds come out,,undetermined,
dragged-0251,2,complementary,when did dvds come out,,undetermined,
dragged-0251,3,complementary,when did dvds come out,,undetermined,
dragged-0251,4,complementary,when did dvds come out,,undetermined,
dragged-0251,5,complementary,when did dvds come out,,undetermined,
dragged-0251,6,complementary,when did dvds come out,,undetermined,
dragged-0251,7,complementary,when did dvds come out,,undetermined,
dragged-0251,8,complementary,when did dvds come out,,undetermined,
dragged-0261,0,complementary,what's the youngest age of consent,,undetermined,
dragged-0261,1,complementary,what's the youngest age of consent,,undetermined,
dragged-0261,2,complementary,what's the youngest age of consent,,undetermined,
dragged-0261,3,complementary,what's the youngest age of consent,,undetermined,
dragged-0261,4,complementary,what's the youngest age of consent,,undetermined,
dragged-0261,5,complementary,what's the youngest age of consent,,undetermined,
dragged-0261,6,complementary,what's the youngest age of consent,,undetermined,
dragged-0261,7,complementary,what's the youngest age of consent,,undetermined,
dragged-0261,8,complementary,what's the youngest age of consent,,undetermined,
dragged-0262,0,complementary,Is public transportation faster than driving in cities?,,undetermined,
dragged-0262,1,complementary,Is public transportation faster than driving in cities?,,undetermined,
dragged-0262,2,complementary,Is public transportation faster than driving in cities?,,undetermined,
dragged-0262,3,complementary,Is public transportation faster than driving in cities?,,undetermined,
dragged-0262,4,complementary,Is public transportation faster than driving in cities?,,undetermined,
dragged-0262,5,complementary,Is public transportation faster than driving in cities?,,undetermined,
dragged-0262,6,complementary,Is public transportation faster than driving in cities?,,undetermined,
dragged-0262,7,complementary,Is public transportation faster than driving in cities?,,undetermined,
dragged-0262,8,complementary,Is public transportation faster than driving in cities?,,undetermined,
dragged-0272,0,complementary,who won the battle in 1776,,undetermined,
dragged-0272,1,complementary,who won the battle in 1776,,undetermined,
dragged-0272,2,complementary,who won the battle in 1776,,undetermined,
dragged-0272,3,complementary,who won the battle in 1776,,undetermined,
dragged-0272,4,complementary,who won the battle in 1776,,undetermined,
dragged-0272,5,complementary,who won the battle in 1776,,undetermined,
dragged-0272,6,complementary,who won the battle in 1776,,undetermined,
dragged-0272,7,complementary,who won the battle in 1776,,undetermined,
dragged-0272,8,complementary,who won the battle in 1776,,undetermined,
dragged-0279,0,complementary,who gave the first permission to east india company to trade,,undetermined,
dragged-0279,1,complementary,who gave the first permission to east india company to trade,,undetermined,
dragged-0279,2,complementary,who gave the first permission to east india company to trade,,undetermined,
dragged-0279,3,complementary,who gave the first permission to east india company to trade,,undetermined,
dragged-0279,4,complementary,who gave the first permission to east india company to trade,,undetermined,
dragged-0279,5,complementary,who gave the first permission to east india company to trade,,undetermined,
dragged-0279,6,complementary,who gave the first permission to east india company to trade,,undetermined,
dragged-0282,0,complementary,Does pregnancy improve Rheumatoid Arthritis symptoms?,,undetermined,
dragged-0282,1,complementary,Does pregnancy improve Rheumatoid Arthritis symptoms?,,undetermined,
dragged-0282,2,complementary,Does pregnancy improve Rheumatoid Arthritis symptoms?,,undetermined,
dragged-0282,3,complementary,Does pregnancy improve Rheumatoid Arthritis symptoms?,,undetermined,
dragged-0282,4,complementary,Does pregnancy improve Rheumatoid Arthritis symptoms?,,undetermined,
dragged-0282,5,complementary,Does pregnancy improve Rheumatoid Arthritis symptoms?,,undetermined,
dragged-0282,6,complementary,Does pregnancy improve Rheumatoid Arthritis symptoms?,,undetermined,
dragged-0282,7,complementary,Does pregnancy improve Rheumatoid Arthritis symptoms?,,undetermined,
dragged-0282,8,complementary,Does pregnancy improve Rheumatoid Arthritis symptoms?,,undetermined,
dragged-0287,0,complementary,when did the first public school open,,undetermined,
dragged-0287,1,complementary,when did the first public school open,,undetermined,
dragged-0287,2,complementary,when did the first public school open,,undetermined,
dragged-0287,3,complementary,when did the first public school open,,undetermined,
dragged-0287,4,complementary,when did the first public school open,,undetermined,
dragged-0287,5,complementary,when did the first public school open,,undetermined,
dragged-0287,6,complementary,when did the first public school open,,undetermined,
dragged-0287,7,complementary,when did the first public school open,,undetermined,
dragged-0287,8,complementary,when did the first public school open,,undetermined,
dragged-0290,0,complementary,who had the right to vote,,undetermined,
dragged-0290,1,complementary,who had the right to vote,,undetermined,
dragged-0290,2,complementary,who had the right to vote,,undetermined,
dragged-0290,3,complementary,who had the right to vote,,undetermined,
dragged-0290,4,complementary,who had the right to vote,,undetermined,
dragged-0290,5,complementary,who had the right to vote,,undetermined,
dragged-0290,6,complementary,who had the right to vote,,undetermined,
dragged-0290,7,complementary,who had the right to vote,,undetermined,
dragged-0290,8,complementary,who had the right to vote,,undetermined,
dragged-0290,9,complementary,who had the right to vote,,undetermined,
dragged-0296,0,complementary,when was the last time the olympics were held in korea,,undetermined,
dragged-0296,1,complementary,when was the last time the olympics were held in korea,,undetermined,
dragged-0296,2,complementary,when was the last time the olympics were held in korea,,undetermined,
dragged-0296,3,complementary,when was the last time the olympics were held in korea,,undetermined,
dragged-0296,4,complementary,when was the last time the olympics were held in korea,,undetermined,
dragged-0296,5,complementary,when was the last time the olympics were held in korea,,undetermined,
dragged-0296,6,complementary,when was the last time the olympics were held in korea,,undetermined,
dragged-0296,7,complementary,when was the last time the olympics were held in korea,,undetermined,
dragged-0296,8,complementary,when was the last time the olympics were held in korea,,undetermined,
dragged-0307,0,complementary,Does honey contain harmful bacteria?,,undetermined,
dragged-0307,1,complementary,Does honey contain harmful bacteria?,,undetermined,
dragged-0307,2,complementary,Does honey contain harmful bacteria?,,undetermined,
dragged-0307,3,complementary,Does honey contain harmful bacteria?,,undetermined,
dragged-0307,4,complementary,Does honey contain harmful bacteria?,,undetermined,
dragged-0307,5,complementary,Does honey contain harmful bacteria?,,undetermined,
dragged-0307,6,complementary,Does honey contain harmful bacteria?,,undetermined,
dragged-0307,7,complementary,Does honey contain harmful bacteria?,,undetermined,
dragged-0307,8,complementary,Does honey contain harmful bacteria?,,undetermined,
dragged-0307,9,complementary,Does honey contain harmful bacteria?,,undetermined,
dragged-0307,10,complementary,Does honey contain harmful bacteria?,,undetermined,
dragged-0307,11,complementary,Does honey contain harmful bacteria?,,undetermined,
dragged-0307,12,complementary,Does honey contain harmful bacteria?,,undetermined,
dragged-0307,13,complementary,Does honey contain harmful bacteria?,,undetermined,
dragged-0307,14,complementary,Does honey contain harmful bacteria?,,undetermined,
dragged-0307,15,complementary,Does honey contain harmful bacteria?,,undetermined,
dragged-0313,0,complementary,what was the religion before islam,,undetermined,
dragged-0313,1,complementary,what was the religion before islam,,undetermined,
dragged-0313,2,complementary,what was the religion before islam,,undetermined,
dragged-0313,3,complementary,what was the religion before islam,,undetermined,
dragged-0313,4,complementary,what was the religion before islam,,undetermined,
dragged-0313,5,complementary,what was the religion before islam,,undetermined,
dragged-0313,6,complementary,what was the religion before islam,,undetermined,
dragged-0313,7,complementary,what was the religion before islam,,undetermined,
dragged-0313,8,complementary,what was the religion before islam,,undetermined,
dragged-0314,0,complementary,what material was used to build the roofs of houses,,undetermined,
dragged-0314,1,complementary,what material was used to build the roofs of houses,,undetermined,
dragged-0314,2,complementary,what material was used to build the roofs of houses,,undetermined,
dragged-0314,3,complementary,what material was used to build the roofs of houses,,undetermined,
dragged-0314,4,complementary,what material was used to build the roofs of houses,,undetermined,
dragged-0314,5,complementary,what material was used to build the roofs of houses,,undetermined,
dragged-0314,6,complementary,what material was used to build the roofs of houses,,undetermined,
dragged-0314,7,complementary,what material was used to build the roofs of houses,,undetermined,
dragged-0317,0,complementary,when was red bull released,,undetermined,
dragged-0317,1,complementary,when was red bull released,,undetermined,
dragged-0317,2,complementary,when was red bull released,,undetermined,
dragged-0317,3,complementary,when was red bull released,,undetermined,
dragged-0317,4,complementary,when was red bull released,,undetermined,
dragged-0317,5,complementary,when was red bull released,,undetermined,
dragged-0317,6,complementary,when was red bull released,,undetermined,
dragged-0317,7,complementary,when was red bull released,,undetermined,
dragged-0317,8,complementary,when was red bull released,,undetermined,
dragged-0322,0,complementary,when did dragon ball z air,,undetermined,
dragged-0322,1,complementary,when did dragon ball z air,,undetermined,
dragged-0322,2,complementary,when did dragon ball z air,,undetermined,
dragged-0322,3,complementary,when did dragon ball z air,,undetermined,
dragged-0322,4,complementary,when did dragon ball z air,,undetermined,
dragged-0322,5,complementary,when did dragon ball z air,,undetermined,
dragged-0322,6,complementary,when did dragon ball z air,,undetermined,
dragged-0322,7,complementary,when did dragon ball z air,,undetermined,
dragged-0322,8,complementary,when did dragon ball z air,,undetermined,
dragged-0322,9,complementary,when did dragon ball z air,,undetermined,
dragged-0325,0,complementary,Are somatic mutations passed to offspring?,,undetermined,
dragged-0325,1,complementary,Are somatic mutations passed to offspring?,,undetermined,
dragged-0325,2,complementary,Are somatic mutations passed to offspring?,,undetermined,
dragged-0325,3,complementary,Are somatic mutations passed to offspring?,,undetermined,
dragged-0325,4,complementary,Are somatic mutations passed to offspring?,,undetermined,
dragged-0325,5,complementary,Are somatic mutations passed to offspring?,,undetermined,
dragged-0325,6,complementary,Are somatic mutations passed to offspring?,,undetermined,
dragged-0325,7,complementary,Are somatic mutations passed to offspring?,,undetermined,
dragged-0325,8,complementary,Are somatic mutations passed to offspring?,,undetermined,
dragged-0325,9,complementary,Are somatic mutations passed to offspring?,,undetermined,
dragged-0325,10,complementary,Are somatic mutations passed to offspring?,,undetermined,
dragged-0325,11,complementary,Are somatic mutations passed to offspring?,,undetermined,
dragged-0331,0,complementary,when does clark kent and lois lane get together,,undetermined,
dragged-0331,1,complementary,when does clark kent and lois lane get together,,undetermined,
dragged-0331,2,complementary,when does clark kent and lois lane get together,,undetermined,
dragged-0331,3,complementary,when does clark kent and lois lane get together,,undetermined,
dragged-0331,4,complementary,when does clark kent and lois lane get together,,undetermined,
dragged-0331,5,complementary,when does clark kent and lois lane get together,,undetermined,
dragged-0331,6,complementary,when does clark kent and lois lane get together,,undetermined,
dragged-0331,7,complementary,when does clark kent and lois lane get together,,undetermined,
dragged-0331,8,complementary,when does clark kent and lois lane get together,,undetermined,
dragged-0333,0,complementary,How many books has Shoshana Zuboff published?,,undetermined,
dragged-0333,1,complementary,How many books has Shoshana Zuboff published?,,undetermined,
dragged-0333,2,complementary,How many books has Shoshana Zuboff published?,,undetermined,
dragged-0333,3,complementary,How many books has Shoshana Zuboff published?,,undetermined,
dragged-0333,4,complementary,How many books has Shoshana Zuboff published?,,undetermined,
dragged-0333,5,complementary,How many books has Shoshana Zuboff published?,,undetermined,
dragged-0333,6,complementary,How many books has Shoshana Zuboff published?,,undetermined,
dragged-0333,7,complementary,How many books has Shoshana Zuboff published?,,undetermined,
dragged-0333,8,complementary,How many books has Shoshana Zuboff published?,,undetermined,
dragged-0333,9,complementary,How many books has Shoshana Zuboff published?,,undetermined,
dragged-0352,0,complementary,who was elected governor in 1865,,undetermined,
dragged-0352,1,complementary,who was elected governor in 1865,,undetermined,
dragged-0352,2,complementary,who was elected governor in 1865,,undetermined,
dragged-0352,3,complementary,who was elected governor in 1865,,undetermined,
dragged-0352,4,complementary,who was elected governor in 1865,,undetermined,
dragged-0352,5,complementary,who was elected governor in 1865,,undetermined,
dragged-0352,6,complementary,who was elected governor in 1865,,undetermined,
dragged-0352,7,complementary,who was elected governor in 1865,,undetermined,
dragged-0352,8,complementary,who was elected governor in 1865,,undetermined,
dragged-0353,0,complementary,Is bathing a cat necessary?,,undetermined,
dragged-0353,1,complementary,Is bathing a cat necessary?,,undetermined,
dragged-0353,2,complementary,Is bathing a cat necessary?,,undetermined,
dragged-0353,3,complementary,Is bathing a cat necessary?,,undetermined,
dragged-0353,4,complementary,Is bathing a cat necessary?,,undetermined,
dragged-0353,5,complementary,Is bathing a cat necessary?,,undetermined,
dragged-0353,6,complementary,Is bathing a cat necessary?,,undetermined,
dragged-0353,7,complementary,Is bathing a cat necessary?,,undetermined,
dragged-0353,8,complementary,Is bathing a cat necessary?,,undetermined,
dragged-0353,9,complementary,Is bathing a cat necessary?,,undetermined,
dragged-0353,10,complementary,Is bathing a cat necessary?,,undetermined,
dragged-0353,11,complementary,Is bathing a cat necessary?,,undetermined,
dragged-0353,12,complementary,Is bathing a cat necessary?,,undetermined,
dragged-0353,13,complementary,Is bathing a cat necessary?,,undetermined,
dragged-0353,14,complementary,Is bathing a cat necessary?,,undetermined,
dragged-0354,0,complementary,when was smoking banned in restaurants,,undetermined,
dragged-0354,1,complementary,when was smoking banned in restaurants,,undetermined,
dragged-0354,2,complementary,when was smoking banned in restaurants,,undetermined,
dragged-0354,3,complementary,when was smoking banned in restaurants,,undetermined,
dragged-0354,4,complementary,when was smoking banned in restaurants,,undetermined,
dragged-0354,5,complementary,when was smoking banned in restaurants,,undetermined,
dragged-0354,6,complementary,when was smoking banned in restaurants,,undetermined,
dragged-0354,7,complementary,when was smoking banned in restaurants,,undetermined,
dragged-0354,8,complementary,when was smoking banned in restaurants,,undetermined,
dragged-0354,9,complementary,when was smoking banned in restaurants,,undetermined,
dragged-0355,0,complementary,What is the minimum hourly wage in Massachusetts right now?,,undetermined,
dragged-0355,1,complementary,What is the minimum hourly wage in Massachusetts right now?,,undetermined,
dragged-0355,2,complementary,What is the minimum hourly wage in Massachusetts right now?,,undetermined,
dragged-0355,3,complementary,What is the minimum hourly wage in Massachusetts right now?,,undetermined,
dragged-0355,4,complementary,What is the minimum hourly wage in Massachusetts right now?,,undetermined,
dragged-0355,5,complementary,What is the minimum hourly wage in Massachusetts right now?,,undetermined,
dragged-0355,6,complementary,What is the minimum hourly wage in Massachusetts right now?,,undetermined,
dragged-0355,7,complementary,What is the minimum hourly wage in Massachusetts right now?,,undetermined,
dragged-0355,8,complementary,What is the minimum hourly wage in Massachusetts right now?,,undetermined,
dragged-0357,0,complementary,who sings the happiest girl,,undetermined,
dragged-0357,1,complementary,who sings the happiest girl,,undetermined,
dragged-0357,2,complementary,who sings the happiest girl,,undetermined,
dragged-0357,3,complementary,who sings the happiest girl,,undetermined,
dragged-0357,4,complementary,who sings the happiest girl,,undetermined,
dragged-0357,5,complementary,who sings the happiest girl,,undetermined,
dragged-0357,6,complementary,who sings the happiest girl,,undetermined,
dragged-0357,7,complementary,who sings the happiest girl,,undetermined,
dragged-0357,8,complementary,who sings the happiest girl,,undetermined,
dragged-0357,9,complementary,who sings the happiest girl,,undetermined,
dragged-0358,0,complementary,who made a pact in 1761,,undetermined,
dragged-0358,1,complementary,who made a pact in 1761,,undetermined,
dragged-0358,2,complementary,who made a pact in 1761,,undetermined,
dragged-0358,3,complementary,who made a pact in 1761,,undetermined,
dragged-0358,4,complementary,who made a pact in 1761,,undetermined,
dragged-0358,5,complementary,who made a pact in 1761,,undetermined,
dragged-0358,6,complementary,who made a pact in 1761,,undetermined,
dragged-0358,7,complementary,who made a pact in 1761,,undetermined,
dragged-0358,8,complementary,who made a pact in 1761,,undetermined,
dragged-0359,0,complementary,what ethnic community is the smallest,,undetermined,
dragged-0359,1,complementary,what ethnic community is the smallest,,undetermined,
dragged-0359,2,complementary,what ethnic community is the smallest,,undetermined,
dragged-0359,3,complementary,what ethnic community is the smallest,,undetermined,
dragged-0359,4,complementary,what ethnic community is the smallest,,undetermined,
dragged-0359,5,complementary,what ethnic community is the smallest,,undetermined,
dragged-0359,6,complementary,what ethnic community is the smallest,,undetermined,
dragged-0359,7,complementary,what ethnic community is the smallest,,undetermined,
dragged-0359,8,complementary,what ethnic community is the smallest,,undetermined,
dragged-0362,0,complementary,what type of french is spoken,,undetermined,
dragged-0362,1,complementary,what type of french is spoken,,undetermined,
dragged-0362,2,complementary,what type of french is spoken,,undetermined,
dragged-0362,3,complementary,what type of french is spoken,,undetermined,
dragged-0362,4,complementary,what type of french is spoken,,undetermined,
dragged-0362,5,complementary,what type of french is spoken,,undetermined,
dragged-0362,6,complementary,what type of french is spoken,,undetermined,
dragged-0362,7,complementary,what type of french is spoken,,undetermined,
dragged-0362,8,complementary,what type of french is spoken,,undetermined,
dragged-0364,0,complementary,when did university stop being free,,undetermined,
dragged-0364,1,complementary,when did university stop being free,,undetermined,
dragged-0364,2,complementary,when did university stop being free,,undetermined,
dragged-0364,3,complementary,when did university stop being free,,undetermined,
dragged-0364,4,complementary,when did university stop being free,,undetermined,
dragged-0364,5,complementary,when did university stop being free,,undetermined,
dragged-0364,6,complementary,when did university stop being free,,undetermined,
dragged-0364,7,complementary,when did university stop being free,,undetermined,
dragged-0364,8,complementary,when did university stop being free,,undetermined,
dragged-0367,0,complementary,how much maternity leave are mothers entitled to,,undetermined,
dragged-0367,1,complementary,how much maternity leave are mothers entitled to,,undetermined,
dragged-0367,2,complementary,how much maternity leave are mothers entitled to,,undetermined,
dragged-0367,3,complementary,how much maternity leave are mothers entitled to,,undetermined,
dragged-0367,4,complementary,how much maternity leave are mothers entitled to,,undetermined,
dragged-0367,5,complementary,how much maternity leave are mothers entitled to,,undetermined,
dragged-0367,6,complementary,how much maternity leave are mothers entitled to,,undetermined,
dragged-0367,7,complementary,how much maternity leave are mothers entitled to,,undetermined,
dragged-0367,8,complementary,how much maternity leave are mothers entitled to,,undetermined,
dragged-0370,0,complementary,when did it become illegal to smoke indoors,,undetermined,
dragged-0370,1,complementary,when did it become illegal to smoke indoors,,undetermined,
dragged-0370,2,complementary,when did it become illegal to smoke indoors,,undetermined,
dragged-0370,3,complementary,when did it become illegal to smoke indoors,,undetermined,
dragged-0370,4,complementary,when did it become illegal to smoke indoors,,undetermined,
dragged-0370,5,complementary,when did it become illegal to smoke indoors,,undetermined,
dragged-0370,6,complementary,when did it become illegal to smoke indoors,,undetermined,
dragged-0370,7,complementary,when did it become illegal to smoke indoors,,undetermined,
dragged-0370,8,complementary,when did it become illegal to smoke indoors,,undetermined,
dragged-0375,0,complementary,when was chlorine first added to drinking water,,undetermined,
dragged-0375,1,complementary,when was chlorine first added to drinking water,,undetermined,
dragged-0375,2,complementary,when was chlorine first added to drinking water,,undetermined,
dragged-0375,3,complementary,when was chlorine first added to drinking water,,undetermined,
dragged-0375,4,complementary,when was chlorine first added to drinking water,,undetermined,
dragged-0375,5,complementary,when was chlorine first added to drinking water,,undetermined,
dragged-0375,6,complementary,when was chlorine first added to drinking water,,undetermined,
dragged-0375,7,complementary,when was chlorine first added to drinking water,,undetermined,
dragged-0375,8,complementary,when was chlorine first added to drinking water,,undetermined,
dragged-0385,0,complementary,what age do you have to be to smoke,,undetermined,
dragged-0385,1,complementary,what age do you have to be to smoke,,undetermined,
dragged-0385,2,complementary,what age do you have to be to smoke,,undetermined,
dragged-0385,3,complementary,what age do you have to be to smoke,,undetermined,
dragged-0385,4,complementary,what age do you have to be to smoke,,undetermined,
dragged-0385,5,complementary,what age do you have to be to smoke,,undetermined,
dragged-0385,6,complementary,what age do you have to be to smoke,,undetermined,
dragged-0385,7,complementary,what age do you have to be to smoke,,undetermined,
dragged-0385,8,complementary,what age do you have to be to smoke,,undetermined,
dragged-0386,0,complementary,when was christianity became the official religion,,undetermined,
dragged-0386,1,complementary,when was christianity became the official religion,,undetermined,
dragged-0386,2,complementary,when was christianity became the official religion,,undetermined,
dragged-0386,3,complementary,when was christianity became the official religion,,undetermined,
dragged-0386,4,complementary,when was christianity became the official religion,,undetermined,
dragged-0386,5,complementary,when was christianity became the official religion,,undetermined,
dragged-0386,6,complementary,when was christianity became the official religion,,undetermined,
dragged-0386,7,complementary,when was christianity became the official religion,,undetermined,
dragged-0386,8,complementary,when was christianity became the official religion,,undetermined,
dragged-0390,0,complementary,who was the first woman executed,,undetermined,
dragged-0390,1,complementary,who was the first woman executed,,undetermined,
dragged-0390,2,complementary,who was the first woman executed,,undetermined,
dragged-0390,3,complementary,who was the first woman executed,,undetermined,
dragged-0390,4,complementary,who was the first woman executed,,undetermined,
dragged-0390,5,complementary,who was the first woman executed,,undetermined,
dragged-0390,6,complementary,who was the first woman executed,,undetermined,
dragged-0390,7,complementary,who was the first woman executed,,undetermined,
dragged-0390,8,complementary,who was the first woman executed,,undetermined,
dragged-0390,9,complementary,who was the first woman executed,,undetermined,
dragged-0401,0,complementary,when did the japanese surrender,,undetermined,
dragged-0401,1,complementary,when did the japanese surrender,,undetermined,
dragged-0401,2,complementary,when did the japanese surrender,,undetermined,
dragged-0401,3,complementary,when did the japanese surrender,,undetermined,
dragged-0401,4,complementary,when did the japanese surrender,,undetermined,
dragged-0401,5,complementary,when did the japanese surrender,,undetermined,
dragged-0401,6,complementary,when did the japanese surrender,,undetermined,
dragged-0401,7,complementary,when did the japanese surrender,,undetermined,
dragged-0401,8,complementary,when did the japanese surrender,,undetermined,
dragged-0402,0,complementary,Is a 'pled' a correct past tense of 'plead'?,,undetermined,
dragged-0402,1,complementary,Is a 'pled' a correct past tense of 'plead'?,,undetermined,
dragged-0402,2,complementary,Is a 'pled' a correct past tense of 'plead'?,,undetermined,
dragged-0402,3,complementary,Is a 'pled' a correct past tense of 'plead'?,,undetermined,
dragged-0402,4,complementary,Is a 'pled' a correct past tense of 'plead'?,,undetermined,
dragged-0402,5,complementary,Is a 'pled' a correct past tense of 'plead'?,,undetermined,
dragged-0411,0,complementary,when did toyota start making cars,,undetermined,
dragged-0411,1,complementary,when did toyota start making cars,,undetermined,
dragged-0411,2,complementary,when did toyota start making cars,,undetermined,
dragged-0411,3,complementary,when did toyota start making cars,,undetermined,
dragged-0411,4,complementary,when did toyota start making cars,,undetermined,
dragged-0411,5,complementary,when did toyota start making cars,,undetermined,
dragged-0411,6,complementary,when did toyota start making cars,,undetermined,
dragged-0411,7,complementary,when did toyota start making cars,,undetermined,
dragged-0411,8,complementary,when did toyota start making cars,,undetermined,
dragged-0414,0,complementary,when did the uk and us become allies?,,undetermined,
dragged-0414,1,complementary,when did the uk and us become allies?,,undetermined,
dragged-0414,2,complementary,when did the uk and us become allies?,,undetermined,
dragged-0414,3,complementary,when did the uk and us become allies?,,undetermined,
dragged-0414,4,complementary,when did the uk and us become allies?,,undetermined,
dragged-0414,5,complementary,when did the uk and us become allies?,,undetermined,
dragged-0414,6,complementary,when did the uk and us become allies?,,undetermined,
dragged-0414,7,complementary,when did the uk and us become allies?,,undetermined,
dragged-0414,8,complementary,when did the uk and us become allies?,,undetermined,
dragged-0426,0,complementary,what is the meaning of auv in cars?,,undetermined,
dragged-0426,1,complementary,what is the meaning of auv in cars?,,undetermined,
dragged-0426,2,complementary,what is the meaning of auv in cars?,,undetermined,
dragged-0426,3,complementary,what is the meaning of auv in cars?,,undetermined,
dragged-0426,4,complementary,what is the meaning of auv in cars?,,undetermined,
dragged-0426,5,complementary,what is the meaning of auv in cars?,,undetermined,
dragged-0426,6,complementary,what is the meaning of auv in cars?,,undetermined,
dragged-0426,7,complementary,what is the meaning of auv in cars?,,undetermined,
dragged-0431,0,complementary,when was the first railway built,,undetermined,
dragged-0431,1,complementary,when was the first railway built,,undetermined,
dragged-0431,2,complementary,when was the first railway built,,undetermined,
dragged-0431,3,complementary,when was the first railway built,,undetermined,
dragged-0431,4,complementary,when was the first railway built,,undetermined,
dragged-0431,5,complementary,when was the first railway built,,undetermined,
dragged-0431,6,complementary,when was the first railway built,,undetermined,
dragged-0431,7,complementary,when was the first railway built,,undetermined,
dragged-0431,8,complementary,when was the first railway built,,undetermined,
dragged-0432,0,complementary,who sings true to your heart,,undetermined,
dragged-0432,1,complementary,who sings true to your heart,,undetermined,
dragged-0432,2,complementary,who sings true to your heart,,undetermined,
dragged-0432,3,complementary,who sings true to your heart,,undetermined,
dragged-0432,4,complementary,who sings true to your heart,,undetermined,
dragged-0432,5,complementary,who sings true to your heart,,undetermined,
dragged-0432,6,complementary,who sings true to your heart,,undetermined,
dragged-0432,7,complementary,who sings true to your heart,,undetermined,
dragged-0432,8,complementary,who sings true to your heart,,undetermined,
dragged-0432,9,complementary,who sings true to your heart,,undetermined,
dragged-0434,0,complementary,how much for a passport,,undetermined,
dragged-0434,1,complementary,how much for a passport,,undetermined,
dragged-0434,2,complementary,how much for a passport,,undetermined,
dragged-0434,3,complementary,how much for a passport,,undetermined,
dragged-0434,4,complementary,how much for a passport,,undetermined,
dragged-0434,5,complementary,how much for a passport,,undetermined,
dragged-0434,6,complementary,how much for a passport,,undetermined,
dragged-0434,7,complementary,how much for a passport,,undetermined,
dragged-0434,8,complementary,how much for a passport,,undetermined,
dragged-0434,9,complementary,how much for a passport,,undetermined,
dragged-0439,0,complementary,when did toyota first come,,undetermined,
dragged-0439,1,complementary,when did toyota first come,,undetermined,
dragged-0439,2,complementary,when did toyota first come,,undetermined,
dragged-0439,3,complementary,when did toyota first come,,undetermined,
dragged-0439,4,complementary,when did toyota first come,,undetermined,
dragged-0439,5,complementary,when did toyota first come,,undetermined,
dragged-0439,6,complementary,when did toyota first come,,undetermined,
dragged-0439,7,complementary,when did toyota first come,,undetermined,
dragged-0439,8,complementary,when did toyota first come,,undetermined,
dragged-0444,0,complementary,when did we get rid of the electric chair,,undetermined,
dragged-0444,1,complementary,when did we get rid of the electric chair,,undetermined,
dragged-0444,2,complementary,when did we get rid of the electric chair,,undetermined,
dragged-0444,3,complementary,when did we get rid of the electric chair,,undetermined,
dragged-0444,4,complementary,when did we get rid of the electric chair,,undetermined,
dragged-0444,5,complementary,when did we get rid of the electric chair,,undetermined,
dragged-0444,6,complementary,when did we get rid of the electric chair,,undetermined,
dragged-0444,7,complementary,when did we get rid of the electric chair,,undetermined,
dragged-0444,8,complementary,when did we get rid of the electric chair,,undetermined,
dragged-0444,9,complementary,when did we get rid of the electric chair,,undetermined,
dragged-0445,0,complementary,when does the ski season start,,undetermined,
dragged-0445,1,complementary,when does the ski season start,,undetermined,
dragged-0445,2,complementary,when does the ski season start,,undetermined,
dragged-0445,3,complementary,when does the ski season start,,undetermined,
dragged-0445,4,complementary,when does the ski season start,,undetermined,
dragged-0445,5,complementary,when does the ski season start,,undetermined,
dragged-0445,6,complementary,when does the ski season start,,undetermined,
dragged-0445,7,complementary,when does the ski season start,,undetermined,
dragged-0445,8,complementary,when does the ski season start,,undetermined,
dragged-0445,9,complementary,when does the ski season start,,undetermined,
dragged-0456,0,complementary,when did we first wear green and gold,,undetermined,
dragged-0456,1,complementary,when did we first wear green and gold,,undetermined,
dragged-0456,2,complementary,when did we first wear green and gold,,undetermined,
dragged-0456,3,complementary,when did we first wear green and gold,,undetermined,
dragged-0456,4,complementary,when did we first wear green and gold,,undetermined,
dragged-0456,5,complementary,when did we first wear green and gold,,undetermined,
dragged-0456,6,complementary,when did we first wear green and gold,,undetermined,
dragged-0456,7,complementary,when did we first wear green and gold,,undetermined,
dragged-0456,8,complementary,when did we first wear green and gold,,undetermined,
dragged-0001,0,conflicting_opinions,Can humans live to be over 150 years old?,,undetermined,
dragged-0001,1,conflicting_opinions,Can humans live to be over 150 years old?,,undetermined,
dragged-0001,2,conflicting_opinions,Can humans live to be over 150 years old?,,undetermined,
dragged-0001,3,conflicting_opinions,Can humans live to be over 150 years old?,,undetermined,
dragged-0001,4,conflicting_opinions,Can humans live to be over 150 years old?,,undetermined,
dragged-0001,5,conflicting_opinions,Can humans live to be over 150 years old?,,undetermined,
dragged-0001,6,conflicting_opinions,Can humans live to be over 150 years old?,,undetermined,
dragged-0001,7,conflicting_opinions,Can humans live to be over 150 years old?,,undetermined,
dragged-0001,8,conflicting_opinions,Can humans live to be over 150 years old?,,undetermined,
dragged-0001,9,conflicting_opinions,Can humans live to be over 150 years old?,,undetermined,
dragged-0005,0,conflicting_opinions,Does yoga help increase height?,,undetermined,
dragged-0005,1,conflicting_opinions,Does yoga help increase height?,,undetermined,
dragged-0005,2,conflicting_opinions,Does yoga help increase height?,,undetermined,
dragged-0005,3,conflicting_opinions,Does yoga help increase height?,,undetermined,
dragged-0005,4,conflicting_opinions,Does yoga help increase height?,,undetermined,
dragged-0005,5,conflicting_opinions,Does yoga help increase height?,,undetermined,
dragged-0005,6,conflicting_opinions,Does yoga help increase height?,,undetermined,
dragged-0005,7,conflicting_opinions,Does yoga help increase height?,,undetermined,
dragged-0005,8,conflicting_opinions,Does yoga help increase height?,,undetermined,
dragged-0005,9,conflicting_opinions,Does yoga help increase height?,,undetermined,
dragged-0005,10,conflicting_opinions,Does yoga help increase height?,,undetermined,
dragged-0005,11,conflicting_opinions,Does yoga help increase height?,,undetermined,
dragged-0010,0,conflicting_opinions,Are standing desks better for your health?,,undetermined,
dragged-0010,1,conflicting_opinions,Are standing desks better for your health?,,undetermined,
dragged-0010,2,conflicting_opinions,Are standing desks better for your health?,,undetermined,
dragged-0010,3,conflicting_opinions,Are standing desks better for your health?,,undetermined,
dragged-0010,4,conflicting_opinions,Are standing desks better for your health?,,undetermined,
dragged-0010,5,conflicting_opinions,Are standing desks better for your health?,,undetermined,
dragged-0010,6,conflicting_opinions,Are standing desks better for your health?,,undetermined,
dragged-0010,7,conflicting_opinions,Are standing desks better for your health?,,undetermined,
dragged-0010,8,conflicting_opinions,Are standing desks better for your health?,,undetermined,
dragged-0010,9,conflicting_opinions,Are standing desks better for your health?,,undetermined,
dragged-0022,0,conflicting_opinions,Where does the last name aranda come from?,,undetermined,
dragged-0022,1,conflicting_opinions,Where does the last name aranda come from?,,undetermined,
dragged-0022,2,conflicting_opinions,Where does the last name aranda come from?,,undetermined,
dragged-0022,3,conflicting_opinions,Where does the last name aranda come from?,,undetermined,
dragged-0022,4,conflicting_opinions,Where does the last name aranda come from?,,undetermined,
dragged-0022,5,conflicting_opinions,Where does the last name aranda come from?,,undetermined,
dragged-0022,6,conflicting_opinions,Where does the last name aranda come from?,,undetermined,
dragged-0022,7,conflicting_opinions,Where does the last name aranda come from?,,undetermined,
dragged-0022,8,conflicting_opinions,Where does the last name aranda come from?,,undetermined,
dragged-0022,9,conflicting_opinions,Where does the last name aranda come from?,,undetermined,
dragged-0025,0,conflicting_opinions,Can you treat a toothache at home without seeing a dentist?,,undetermined,
dragged-0025,1,conflicting_opinions,Can you treat a toothache at home without seeing a dentist?,,undetermined,
dragged-0025,2,conflicting_opinions,Can you treat a toothache at home without seeing a dentist?,,undetermined,
dragged-0025,3,conflicting_opinions,Can you treat a toothache at home without seeing a dentist?,,undetermined,
dragged-0025,4,conflicting_opinions,Can you treat a toothache at home without seeing a dentist?,,undetermined,
dragged-0025,5,conflicting_opinions,Can you treat a toothache at home without seeing a dentist?,,undetermined,
dragged-0025,6,conflicting_opinions,Can you treat a toothache at home without seeing a dentist?,,undetermined,
dragged-0025,7,conflicting_opinions,Can you treat a toothache at home without seeing a dentist?,,undetermined,
dragged-0025,8,conflicting_opinions,Can you treat a toothache at home without seeing a dentist?,,undetermined,
dragged-0025,9,conflicting_opinions,Can you treat a toothache at home without seeing a dentist?,,undetermined,
dragged-0025,10,conflicting_opinions,Can you treat a toothache at home without seeing a dentist?,,undetermined,
dragged-0025,11,conflicting_opinions,Can you treat a toothache at home without seeing a dentist?,,undetermined,
dragged-0025,12,conflicting_opinions,Can you treat a toothache at home without seeing a dentist?,,undetermined,
dragged-0030,0,conflicting_opinions,Do children learn language skills from television?,,undetermined,
dragged-0030,1,conflicting_opinions,Do children learn language skills from television?,,undetermined,
dragged-0030,2,conflicting_opinions,Do children learn language skills from television?,,undetermined,
dragged-0030,3,conflicting_opinions,Do children learn language skills from television?,,undetermined,
dragged-0030,4,conflicting_opinions,Do children learn language skills from television?,,undetermined,
dragged-0030,5,conflicting_opinions,Do children learn language skills from television?,,undetermined,
dragged-0030,6,conflicting_opinions,Do children learn language skills from television?,,undetermined,
dragged-0030,7,conflicting_opinions,Do children learn language skills from television?,,undetermined,
dragged-0030,8,conflicting_opinions,Do children learn language skills from television?,,undetermined,
dragged-0030,9,conflicting_opinions,Do children learn language skills from television?,,undetermined,
dragged-0030,10,conflicting_opinions,Do children learn language skills from television?,,undetermined,
dragged-0030,11,conflicting_opinions,Do children learn language skills from television?,,undetermined,
dragged-0038,0,conflicting_opinions,Are antidepressants more effective than placebo?,,undetermined,
dragged-0038,1,conflicting_opinions,Are antidepressants more effective than placebo?,,undetermined,
dragged-0038,2,conflicting_opinions,Are antidepressants more effective than placebo?,,undetermined,
dragged-0038,3,conflicting_opinions,Are antidepressants more effective than placebo?,,undetermined,
dragged-0038,4,conflicting_opinions,Are antidepressants more effective than placebo?,,undetermined,
dragged-0038,5,conflicting_opinions,Are antidepressants more effective than placebo?,,undetermined,
dragged-0038,6,conflicting_opinions,Are antidepressants more effective than placebo?,,undetermined,
dragged-0038,7,conflicting_opinions,Are antidepressants more effective than placebo?,,undetermined,
dragged-0038,8,conflicting_opinions,Are antidepressants more effective than placebo?,,undetermined,
dragged-0038,9,conflicting_opinions,Are antidepressants more effective than placebo?,,undetermined,
dragged-0042,0,conflicting_opinions,Are electric cars a solution to climate change?,,undetermined,
dragged-0042,1,conflicting_opinions,Are electric cars a solution to climate change?,,undetermined,
dragged-0042,2,conflicting_opinions,Are electric cars a solution to climate change?,,undetermined,
dragged-0042,3,conflicting_opinions,Are electric cars a solution to climate change?,,undetermined,
dragged-0042,4,conflicting_opinions,Are electric cars a solution to climate change?,,undetermined,
dragged-0042,5,conflicting_opinions,Are electric cars a solution to climate change?,,undetermined,
dragged-0042,6,conflicting_opinions,Are electric cars a solution to climate change?,,undetermined,
dragged-0042,7,conflicting_opinions,Are electric cars a solution to climate change?,,undetermined,
dragged-0042,8,conflicting_opinions,Are electric cars a solution to climate change?,,undetermined,
dragged-0047,0,conflicting_opinions,Can detox diets help in weight loss?,,undetermined,
dragged-0047,1,conflicting_opinions,Can detox diets help in weight loss?,,undetermined,
dragged-0047,2,conflicting_opinions,Can detox diets help in weight loss?,,undetermined,
dragged-0047,3,conflicting_opinions,Can detox diets help in weight loss?,,undetermined,
dragged-0047,4,conflicting_opinions,Can detox diets help in weight loss?,,undetermined,
dragged-0047,5,conflicting_opinions,Can detox diets help in weight loss?,,undetermined,
dragged-0047,6,conflicting_opinions,Can detox diets help in weight loss?,,undetermined,
dragged-0047,7,conflicting_opinions,Can detox diets help in weight loss?,,undetermined,
dragged-0047,8,conflicting_opinions,Can detox diets help in weight loss?,,undetermined,
dragged-0047,9,conflicting_opinions,Can detox diets help in weight loss?,,undetermined,
dragged-0047,10,conflicting_opinions,Can detox diets help in weight loss?,,undetermined,
dragged-0047,11,conflicting_opinions,Can detox diets help in weight loss?,,undetermined,
dragged-0047,12,conflicting_opinions,Can detox diets help in weight loss?,,undetermined,
dragged-0047,13,conflicting_opinions,Can detox diets help in weight loss?,,undetermined,
dragged-0050,0,conflicting_opinions,what was the population of the roman empire at its height?,,undetermined,
dragged-0050,1,conflicting_opinions,what was the population of the roman empire at its height?,,undetermined,
dragged-0050,2,conflicting_opinions,what was the population of the roman empire at its height?,,undetermined,
dragged-0050,3,conflicting_opinions,what was the population of the roman empire at its height?,,undetermined,
dragged-0050,4,conflicting_opinions,what was the population of the roman empire at its height?,,undetermined,
dragged-0050,5,conflicting_opinions,what was the population of the roman empire at its height?,,undetermined,
dragged-0050,6,conflicting_opinions,what was the population of the roman empire at its height?,,undetermined,
dragged-0050,7,conflicting_opinions,what was the population of the roman empire at its height?,,undetermined,
dragged-0050,8,conflicting_opinions,what was the population of the roman empire at its height?,,undetermined,
dragged-0050,9,conflicting_opinions,what was the population of the roman empire at its height?,,undetermined,
dragged-0051,0,conflicting_opinions,when was the first temple built in jerusalem?,,undetermined,
dragged-0051,1,conflicting_opinions,when was the first temple built in jerusalem?,,undetermined,
dragged-0051,2,conflicting_opinions,when was the first temple built in jerusalem?,,undetermined,
dragged-0051,3,conflicting_opinions,when was the first temple built in jerusalem?,,undetermined,
dragged-0051,4,conflicting_opinions,when was the first temple built in jerusalem?,,undetermined,
dragged-0051,5,conflicting_opinions,when was the first temple built in jerusalem?,,undetermined,
dragged-0051,6,conflicting_opinions,when was the first temple built in jerusalem?,,undetermined,
dragged-0051,7,conflicting_opinions,when was the first temple built in jerusalem?,,undetermined,
dragged-0051,8,conflicting_opinions,when was the first temple built in jerusalem?,,undetermined,
dragged-0072,0,conflicting_opinions,Should the electoral college system be abolished?,,undetermined,
dragged-0072,1,conflicting_opinions,Should the electoral college system be abolished?,,undetermined,
dragged-0072,2,conflicting_opinions,Should the electoral college system be abolished?,,undetermined,
dragged-0072,3,conflicting_opinions,Should the electoral college system be abolished?,,undetermined,
dragged-0072,4,conflicting_opinions,Should the electoral college system be abolished?,,undetermined,
dragged-0072,5,conflicting_opinions,Should the electoral college system be abolished?,,undetermined,
dragged-0072,6,conflicting_opinions,Should the electoral college system be abolished?,,undetermined,
dragged-0072,7,conflicting_opinions,Should the electoral college system be abolished?,,undetermined,
dragged-0074,0,conflicting_opinions,Does the lunar cycle affect wine taste?,,undetermined,
dragged-0074,1,conflicting_opinions,Does the lunar cycle affect wine taste?,,undetermined,
dragged-0074,2,conflicting_opinions,Does the lunar cycle affect wine taste?,,undetermined,
dragged-0074,3,conflicting_opinions,Does the lunar cycle affect wine taste?,,undetermined,
dragged-0074,4,conflicting_opinions,Does the lunar cycle affect wine taste?,,undetermined,
dragged-0074,5,conflicting_opinions,Does the lunar cycle affect wine taste?,,undetermined,
dragged-0074,6,conflicting_opinions,Does the lunar cycle affect wine taste?,,undetermined,
dragged-0077,0,conflicting_opinions,Are morning people more productive than night owls?,,undetermined,
dragged-0077,1,conflicting_opinions,Are morning people more productive than night owls?,,undetermined,
dragged-0077,2,conflicting_opinions,Are morning people more productive than night owls?,,undetermined,
dragged-0077,3,conflicting_opinions,Are morning people more productive than night owls?,,undetermined,
dragged-0077,4,conflicting_opinions,Are morning people more productive than night owls?,,undetermined,
dragged-0077,5,conflicting_opinions,Are morning people more productive than night owls?,,undetermined,
dragged-0088,0,conflicting_opinions,Are rats responsible for spreading bubonic plague?,,undetermined,
dragged-0088,1,conflicting_opinions,Are rats responsible for spreading bubonic plague?,,undetermined,
dragged-0088,2,conflicting_opinions,Are rats responsible for spreading bubonic plague?,,undetermined,
dragged-0088,3,conflicting_opinions,Are rats responsible for spreading bubonic plague?,,undetermined,
dragged-0088,4,conflicting_opinions,Are rats responsible for spreading bubonic plague?,,undetermined,
dragged-0088,5,conflicting_opinions,Are rats responsible for spreading bubonic plague?,,undetermined,
dragged-0088,6,conflicting_opinions,Are rats responsible for spreading bubonic plague?,,undetermined,
dragged-0088,7,conflicting_opinions,Are rats responsible for spreading bubonic plague?,,undetermined,
dragged-0088,8,conflicting_opinions,Are rats responsible for spreading bubonic plague?,,undetermined,
dragged-0088,9,conflicting_opinions,Are rats responsible for spreading bubonic plague?,,undetermined,
dragged-0088,10,conflicting_opinions,Are rats responsible for spreading bubonic plague?,,undetermined,
dragged-0088,11,conflicting_opinions,Are rats responsible for spreading bubonic plague?,,undetermined,
dragged-0094,0,conflicting_opinions,Does longer website content rank better on Google?,,undetermined,
dragged-0094,1,conflicting_opinions,Does longer website content rank better on Google?,,undetermined,
dragged-0094,2,conflicting_opinions,Does longer website content rank better on Google?,,undetermined,
dragged-0094,3,conflicting_opinions,Does longer website content rank better on Google?,,undetermined,
dragged-0094,4,conflicting_opinions,Does longer website content rank better on Google?,,undetermined,
dragged-0094,5,conflicting_opinions,Does longer website content rank better on Google?,,undetermined,
dragged-0094,6,conflicting_opinions,Does longer website content rank better on Google?,,undetermined,
dragged-0094,7,conflicting_opinions,Does longer website content rank better on Google?,,undetermined,
dragged-0094,8,conflicting_opinions,Does longer website content rank better on Google?,,undetermined,
dragged-0094,9,conflicting_opinions,Does longer website content rank better on Google?,,undetermined,
dragged-0094,10,conflicting_opinions,Does longer website content rank better on Google?,,undetermined,
dragged-0094,11,conflicting_opinions,Does longer website content rank better on Google?,,undetermined,
dragged-0094,12,conflicting_opinions,Does longer website content rank better on Google?,,undetermined,
dragged-0094,13,conflicting_opinions,Does longer website content rank better on Google?,,undetermined,
dragged-0095,0,conflicting_opinions,Did Ancient Greeks practice human sacrifice?,,undetermined,
dragged-0095,1,conflicting_opinions,Did Ancient Greeks practice human sacrifice?,,undetermined,
dragged-0095,2,conflicting_opinions,Did Ancient Greeks practice human sacrifice?,,undetermined,
dragged-0095,3,conflicting_opinions,Did Ancient Greeks practice human sacrifice?,,undetermined,
dragged-0095,4,conflicting_opinions,Did Ancient Greeks practice human sacrifice?,,undetermined,
dragged-0095,5,conflicting_opinions,Did Ancient Greeks practice human sacrifice?,,undetermined,
dragged-0097,0,conflicting_opinions,Should animals be used for research?,,undetermined,
dragged-0097,1,conflicting_opinions,Should animals be used for research?,,undetermined,
dragged-0097,2,conflicting_opinions,Should animals be used for research?,,undetermined,
dragged-0097,3,conflicting_opinions,Should animals be used for research?,,undetermined,
dragged-0097,4,conflicting_opinions,Should animals be used for research?,,undetermined,
dragged-0097,5,conflicting_opinions,Should animals be used for research?,,undetermined,
dragged-0097,6,conflicting_opinions,Should animals be used for research?,,undetermined,
dragged-0097,7,conflicting_opinions,Should animals be used for research?,,undetermined,
dragged-0097,8,conflicting_opinions,Should animals be used for research?,,undetermined,
dragged-0097,9,conflicting_opinions,Should animals be used for research?,,undetermined,
dragged-0097,10,conflicting_opinions,Should animals be used for research?,,undetermined,
dragged-0097,11,conflicting_opinions,Should animals be used for research?,,undetermined,
dragged-0105,0,conflicting_opinions,Does birth order influence personality traits?,,undetermined,
dragged-0105,1,conflicting_opinions,Does birth order influence personality traits?,,undetermined,
dragged-0105,2,conflicting_opinions,Does birth order influence personality traits?,,undetermined,
dragged-0105,3,conflicting_opinions,Does birth order influence personality traits?,,undetermined,
dragged-0105,4,conflicting_opinions,Does birth order influence personality traits?,,undetermined,
dragged-0105,5,conflicting_opinions,Does birth order influence personality traits?,,undetermined,
dragged-0105,6,conflicting_opinions,Does birth order influence personality traits?,,undetermined,
dragged-0105,7,conflicting_opinions,Does birth order influence personality traits?,,undetermined,
dragged-0116,0,conflicting_opinions,Should organ selling be legalized?,,undetermined,
dragged-0116,1,conflicting_opinions,Should organ selling be legalized?,,undetermined,
dragged-0116,2,conflicting_opinions,Should organ selling be legalized?,,undetermined,
dragged-0116,3,conflicting_opinions,Should organ selling be legalized?,,undetermined,
dragged-0116,4,conflicting_opinions,Should organ selling be legalized?,,undetermined,
dragged-0116,5,conflicting_opinions,Should organ selling be legalized?,,undetermined,
dragged-0116,6,conflicting_opinions,Should organ selling be legalized?,,undetermined,
dragged-0116,7,conflicting_opinions,Should organ selling be legalized?,,undetermined,
dragged-0119,0,conflicting_opinions,Are electric cars really green?,,undetermined,
dragged-0119,1,conflicting_opinions,Are electric cars really green?,,undetermined,
dragged-0119,2,conflicting_opinions,Are electric cars really green?,,undetermined,
dragged-0119,3,conflicting_opinions,Are electric cars really green?,,undetermined,
dragged-0119,4,conflicting_opinions,Are electric cars really green?,,undetermined,
dragged-0119,5,conflicting_opinions,Are electric cars really green?,,undetermined,
dragged-0119,6,conflicting_opinions,Are electric cars really green?,,undetermined,
dragged-0119,7,conflicting_opinions,Are electric cars really green?,,undetermined,
dragged-0119,8,conflicting_opinions,Are electric cars really green?,,undetermined,
dragged-0119,9,conflicting_opinions,Are electric cars really green?,,undetermined,
dragged-0122,0,conflicting_opinions,Is crying at work unprofessional?,,undetermined,
dragged-0122,1,conflicting_opinions,Is crying at work unprofessional?,,undetermined,
dragged-0122,2,conflicting_opinions,Is crying at work unprofessional?,,undetermined,
dragged-0122,3,conflicting_opinions,Is crying at work unprofessional?,,undetermined,
dragged-0122,4,conflicting_opinions,Is crying at work unprofessional?,,undetermined,
dragged-0122,5,conflicting_opinions,Is crying at work unprofessional?,,undetermined,
dragged-0122,6,conflicting_opinions,Is crying at work unprofessional?,,undetermined,
dragged-0122,7,conflicting_opinions,Is crying at work unprofessional?,,undetermined,
dragged-0130,0,conflicting_opinions,Can testosterone increase the risk of prostate cancer?,,undetermined,
dragged-0130,1,conflicting_opinions,Can testosterone increase the risk of prostate cancer?,,undetermined,
dragged-0130,2,conflicting_opinions,Can testosterone increase the risk of prostate cancer?,,undetermined,
dragged-0130,3,conflicting_opinions,Can testosterone increase the risk of prostate cancer?,,undetermined,
dragged-0130,4,conflicting_opinions,Can testosterone increase the risk of prostate cancer?,,undetermined,
dragged-0130,5,conflicting_opinions,Can testosterone increase the risk of prostate cancer?,,undetermined,
dragged-0130,6,conflicting_opinions,Can testosterone increase the risk of prostate cancer?,,undetermined,
dragged-0130,7,conflicting_opinions,Can testosterone increase the risk of prostate cancer?,,undetermined,
dragged-0130,8,conflicting_opinions,Can testosterone increase the risk of prostate cancer?,,undetermined,
dragged-0130,9,conflicting_opinions,Can testosterone increase the risk of prostate cancer?,,undetermined,
dragged-0130,10,conflicting_opinions,Can testosterone increase the risk of prostate cancer?,,undetermined,
dragged-0130,11,conflicting_opinions,Can testosterone increase the risk of prostate cancer?,,undetermined,
dragged-0130,12,conflicting_opinions,Can testosterone increase the risk of prostate cancer?,,undetermined,
dragged-0130,13,conflicting_opinions,Can testosterone increase the risk of prostate cancer?,,undetermined,
dragged-0130,14,conflicting_opinions,Can testosterone increase the risk of prostate cancer?,,undetermined,
dragged-0132,0,conflicting_opinions,Can stomach ulcers be caused by stress?,,undetermined,
dragged-0132,1,conflicting_opinions,Can stomach ulcers be caused by stress?,,undetermined,
dragged-0132,2,conflicting_opinions,Can stomach ulcers be caused by stress?,,undetermined,
dragged-0132,3,conflicting_opinions,Can stomach ulcers be caused by stress?,,undetermined,
dragged-0132,4,conflicting_opinions,Can stomach ulcers be caused by stress?,,undetermined,
dragged-0132,5,conflicting_opinions,Can stomach ulcers be caused by stress?,,undetermined,
dragged-0132,6,conflicting_opinions,Can stomach ulcers be caused by stress?,,undetermined,
dragged-0164,0,conflicting_opinions,where did the style hot dog originated,,undetermined,
dragged-0164,1,conflicting_opinions,where did the style hot dog originated,,undetermined,
dragged-0164,2,conflicting_opinions,where did the style hot dog originated,,undetermined,
dragged-0164,3,conflicting_opinions,where did the style hot dog originated,,undetermined,
dragged-0164,4,conflicting_opinions,where did the style hot dog originated,,undetermined,
dragged-0164,5,conflicting_opinions,where did the style hot dog originated,,undetermined,
dragged-0164,6,conflicting_opinions,where did the style hot dog originated,,undetermined,
dragged-0164,7,conflicting_opinions,where did the style hot dog originated,,undetermined,
dragged-0164,8,conflicting_opinions,where did the style hot dog originated,,undetermined,
dragged-0168,0,conflicting_opinions,Do hot drinks cool you down in hot weather?,,undetermined,
dragged-0168,1,conflicting_opinions,Do hot drinks cool you down in hot weather?,,undetermined,
dragged-0168,2,conflicting_opinions,Do hot drinks cool you down in hot weather?,,undetermined,
dragged-0168,3,conflicting_opinions,Do hot drinks cool you down in hot weather?,,undetermined,
dragged-0168,4,conflicting_opinions,Do hot drinks cool you down in hot weather?,,undetermined,
dragged-0168,5,conflicting_opinions,Do hot drinks cool you down in hot weather?,,undetermined,
dragged-0168,6,conflicting_opinions,Do hot drinks cool you down in hot weather?,,undetermined,
dragged-0168,7,conflicting_opinions,Do hot drinks cool you down in hot weather?,,undetermined,
dragged-0168,8,conflicting_opinions,Do hot drinks cool you down in hot weather?,,undetermined,
dragged-0168,9,conflicting_opinions,Do hot drinks cool you down in hot weather?,,undetermined,
dragged-0168,10,conflicting_opinions,Do hot drinks cool you down in hot weather?,,undetermined,
dragged-0172,0,conflicting_opinions,Does drinking alcohol literally kill brain cells?,,undetermined,
dragged-0172,1,conflicting_opinions,Does drinking alcohol literally kill brain cells?,,undetermined,
dragged-0172,2,conflicting_opinions,Does drinking alcohol literally kill brain cells?,,undetermined,
dragged-0172,3,conflicting_opinions,Does drinking alcohol literally kill brain cells?,,undetermined,
dragged-0172,4,conflicting_opinions,Does drinking alcohol literally kill brain cells?,,undetermined,
dragged-0172,5,conflicting_opinions,Does drinking alcohol literally kill brain cells?,,undetermined,
dragged-0172,6,conflicting_opinions,Does drinking alcohol literally kill brain cells?,,undetermined,
dragged-0172,7,conflicting_opinions,Does drinking alcohol literally kill brain cells?,,undetermined,
dragged-0172,8,conflicting_opinions,Does drinking alcohol literally kill brain cells?,,undetermined,
dragged-0174,0,conflicting_opinions,Do we have innate knowledge?,,undetermined,
dragged-0174,1,conflicting_opinions,Do we have innate knowledge?,,undetermined,
dragged-0174,2,conflicting_opinions,Do we have innate knowledge?,,undetermined,
dragged-0174,3,conflicting_opinions,Do we have innate knowledge?,,undetermined,
dragged-0174,4,conflicting_opinions,Do we have innate knowledge?,,undetermined,
dragged-0174,5,conflicting_opinions,Do we have innate knowledge?,,undetermined,
dragged-0174,6,conflicting_opinions,Do we have innate knowledge?,,undetermined,
dragged-0174,7,conflicting_opinions,Do we have innate knowledge?,,undetermined,
dragged-0174,8,conflicting_opinions,Do we have innate knowledge?,,undetermined,
dragged-0180,0,conflicting_opinions,Does the freedom of speech cover hate speech?,,undetermined,
dragged-0180,1,conflicting_opinions,Does the freedom of speech cover hate speech?,,undetermined,
dragged-0180,2,conflicting_opinions,Does the freedom of speech cover hate speech?,,undetermined,
dragged-0180,3,conflicting_opinions,Does the freedom of speech cover hate speech?,,undetermined,
dragged-0180,4,conflicting_opinions,Does the freedom of speech cover hate speech?,,undetermined,
dragged-0180,5,conflicting_opinions,Does the freedom of speech cover hate speech?,,undetermined,
dragged-0180,6,conflicting_opinions,Does the freedom of speech cover hate speech?,,undetermined,
dragged-0180,7,conflicting_opinions,Does the freedom of speech cover hate speech?,,undetermined,
dragged-0180,8,conflicting_opinions,Does the freedom of speech cover hate speech?,,undetermined,
dragged-0180,9,conflicting_opinions,Does the freedom of speech cover hate speech?,,undetermined,
dragged-0180,10,conflicting_opinions,Does the freedom of speech cover hate speech?,,undetermined,
dragged-0180,11,conflicting_opinions,Does the freedom of speech cover hate speech?,,undetermined,
dragged-0180,12,conflicting_opinions,Does the freedom of speech cover hate speech?,,undetermined,
dragged-0180,13,conflicting_opinions,Does the freedom of speech cover hate speech?,,undetermined,
dragged-0187,0,conflicting_opinions,What is the most powerful processor on the latest iPhone models?,,undetermined,
dragged-0187,1,conflicting_opinions,What is the most powerful processor on the latest iPhone models?,,undetermined,
dragged-0187,2,conflicting_opinions,What is the most powerful processor on the latest iPhone models?,,undetermined,
dragged-0187,3,conflicting_opinions,What is the most powerful processor on the latest iPhone models?,,undetermined,
dragged-0187,4,conflicting_opinions,What is the most powerful processor on the latest iPhone models?,,undetermined,
dragged-0187,5,conflicting_opinions,What is the most powerful processor on the latest iPhone models?,,undetermined,
dragged-0187,6,conflicting_opinions,What is the most powerful processor on the latest iPhone models?,,undetermined,
dragged-0187,7,conflicting_opinions,What is the most powerful processor on the latest iPhone models?,,undetermined,
dragged-0187,8,conflicting_opinions,What is the most powerful processor on the latest iPhone models?,,undetermined,
dragged-0187,9,conflicting_opinions,What is the most powerful processor on the latest iPhone models?,,undetermined,
dragged-0196,0,conflicting_opinions,Can Rheumatoid Arthritis be diagnosed with a blood test?,,undetermined,
dragged-0196,1,conflicting_opinions,Can Rheumatoid Arthritis be diagnosed with a blood test?,,undetermined,
dragged-0196,2,conflicting_opinions,Can Rheumatoid Arthritis be diagnosed with a blood test?,,undetermined,
dragged-0196,3,conflicting_opinions,Can Rheumatoid Arthritis be diagnosed with a blood test?,,undetermined,
dragged-0196,4,conflicting_opinions,Can Rheumatoid Arthritis be diagnosed with a blood test?,,undetermined,
dragged-0196,5,conflicting_opinions,Can Rheumatoid Arthritis be diagnosed with a blood test?,,undetermined,
dragged-0196,6,conflicting_opinions,Can Rheumatoid Arthritis be diagnosed with a blood test?,,undetermined,
dragged-0196,7,conflicting_opinions,Can Rheumatoid Arthritis be diagnosed with a blood test?,,undetermined,
dragged-0196,8,conflicting_opinions,Can Rheumatoid Arthritis be diagnosed with a blood test?,,undetermined,
dragged-0196,9,conflicting_opinions,Can Rheumatoid Arthritis be diagnosed with a blood test?,,undetermined,
dragged-0198,0,conflicting_opinions,Is a degree necessary to become a successful graphic designer?,,undetermined,
dragged-0198,1,conflicting_opinions,Is a degree necessary to become a successful graphic designer?,,undetermined,
dragged-0198,2,conflicting_opinions,Is a degree necessary to become a successful graphic designer?,,undetermined,
dragged-0198,3,conflicting_opinions,Is a degree necessary to become a successful graphic designer?,,undetermined,
dragged-0198,4,conflicting_opinions,Is a degree necessary to become a successful graphic designer?,,undetermined,
dragged-0198,5,conflicting_opinions,Is a degree necessary to become a successful graphic designer?,,undetermined,
dragged-0198,6,conflicting_opinions,Is a degree necessary to become a successful graphic designer?,,undetermined,
dragged-0198,7,conflicting_opinions,Is a degree necessary to become a successful graphic designer?,,undetermined,
dragged-0198,8,conflicting_opinions,Is a degree necessary to become a successful graphic designer?,,undetermined,
dragged-0198,9,conflicting_opinions,Is a degree necessary to become a successful graphic designer?,,undetermined,
dragged-0200,0,conflicting_opinions,Does every startup need a business plan?,,undetermined,
dragged-0200,1,conflicting_opinions,Does every startup need a business plan?,,undetermined,
dragged-0200,2,conflicting_opinions,Does every startup need a business plan?,,undetermined,
dragged-0200,3,conflicting_opinions,Does every startup need a business plan?,,undetermined,
dragged-0200,4,conflicting_opinions,Does every startup need a business plan?,,undetermined,
dragged-0200,5,conflicting_opinions,Does every startup need a business plan?,,undetermined,
dragged-0200,6,conflicting_opinions,Does every startup need a business plan?,,undetermined,
dragged-0200,7,conflicting_opinions,Does every startup need a business plan?,,undetermined,
dragged-0200,8,conflicting_opinions,Does every startup need a business plan?,,undetermined,
dragged-0200,9,conflicting_opinions,Does every startup need a business plan?,,undetermined,
dragged-0200,10,conflicting_opinions,Does every startup need a business plan?,,undetermined,
dragged-0201,0,conflicting_opinions,Are humans fundamentally good or evil?,,undetermined,
dragged-0201,1,conflicting_opinions,Are humans fundamentally good or evil?,,undetermined,
dragged-0201,2,conflicting_opinions,Are humans fundamentally good or evil?,,undetermined,
dragged-0201,3,conflicting_opinions,Are humans fundamentally good or evil?,,undetermined,
dragged-0201,4,conflicting_opinions,Are humans fundamentally good or evil?,,undetermined,
dragged-0201,5,conflicting_opinions,Are humans fundamentally good or evil?,,undetermined,
dragged-0201,6,conflicting_opinions,Are humans fundamentally good or evil?,,undetermined,
dragged-0203,0,conflicting_opinions,Is Subliminal Advertising Real?,,undetermined,
dragged-0203,1,conflicting_opinions,Is Subliminal Advertising Real?,,undetermined,
dragged-0203,2,conflicting_opinions,Is Subliminal Advertising Real?,,undetermined,
dragged-0203,3,conflicting_opinions,Is Subliminal Advertising Real?,,undetermined,
dragged-0203,4,conflicting_opinions,Is Subliminal Advertising Real?,,undetermined,
dragged-0203,5,conflicting_opinions,Is Subliminal Advertising Real?,,undetermined,
dragged-0203,6,conflicting_opinions,Is Subliminal Advertising Real?,,undetermined,
dragged-0203,7,conflicting_opinions,Is Subliminal Advertising Real?,,undetermined,
dragged-0203,8,conflicting_opinions,Is Subliminal Advertising Real?,,undetermined,
dragged-0204,0,conflicting_opinions,Do clams have eyes?,,undetermined,
dragged-0204,1,conflicting_opinions,Do clams have eyes?,,undetermined,
dragged-0204,2,conflicting_opinions,Do clams have eyes?,,undetermined,
dragged-0204,3,conflicting_opinions,Do clams have eyes?,,undetermined,
dragged-0204,4,conflicting_opinions,Do clams have eyes?,,undetermined,
dragged-0204,5,conflicting_opinions,Do clams have eyes?,,undetermined,
dragged-0204,6,conflicting_opinions,Do clams have eyes?,,undetermined,
dragged-0204,7,conflicting_opinions,Do clams have eyes?,,undetermined,
dragged-0204,8,conflicting_opinions,Do clams have eyes?,,undetermined,
dragged-0204,9,conflicting_opinions,Do clams have eyes?,,undetermined,
dragged-0204,10,conflicting_opinions,Do clams have eyes?,,undetermined,
dragged-0204,11,conflicting_opinions,Do clams have eyes?,,undetermined,
dragged-0205,0,conflicting_opinions,Is sitting the new smoking?,,undetermined,
dragged-0205,1,conflicting_opinions,Is sitting the new smoking?,,undetermined,
dragged-0205,2,conflicting_opinions,Is sitting the new smoking?,,undetermined,
dragged-0205,3,conflicting_opinions,Is sitting the new smoking?,,undetermined,
dragged-0205,4,conflicting_opinions,Is sitting the new smoking?,,undetermined,
dragged-0205,5,conflicting_opinions,Is sitting the new smoking?,,undetermined,
dragged-0205,6,conflicting_opinions,Is sitting the new smoking?,,undetermined,
dragged-0205,7,conflicting_opinions,Is sitting the new smoking?,,undetermined,
dragged-0205,8,conflicting_opinions,Is sitting the new smoking?,,undetermined,
dragged-0205,9,conflicting_opinions,Is sitting the new smoking?,,undetermined,
dragged-0205,10,conflicting_opinions,Is sitting the new smoking?,,undetermined,
dragged-0208,0,conflicting_opinions,Can cats truly understand human emotions?,,undetermined,
dragged-0208,1,conflicting_opinions,Can cats truly understand human emotions?,,undetermined,
dragged-0208,2,conflicting_opinions,Can cats truly understand human emotions?,,undetermined,
dragged-0208,3,conflicting_opinions,Can cats truly understand human emotions?,,undetermined,
dragged-0208,4,conflicting_opinions,Can cats truly understand human emotions?,,undetermined,
dragged-0221,0,conflicting_opinions,Can you inherit genes for talent and skill?,,undetermined,
dragged-0221,1,conflicting_opinions,Can you inherit genes for talent and skill?,,undetermined,
dragged-0221,2,conflicting_opinions,Can you inherit genes for talent and skill?,,undetermined,
dragged-0221,3,conflicting_opinions,Can you inherit genes for talent and skill?,,undetermined,
dragged-0221,4,conflicting_opinions,Can you inherit genes for talent and skill?,,undetermined,
dragged-0221,5,conflicting_opinions,Can you inherit genes for talent and skill?,,undetermined,
dragged-0221,6,conflicting_opinions,Can you inherit genes for talent and skill?,,undetermined,
dragged-0223,0,conflicting_opinions,Should genetically modified organisms (GMOs) be part of our diet?,,undetermined,
dragged-0223,1,conflicting_opinions,Should genetically modified organisms (GMOs) be part of our diet?,,undetermined,
dragged-0223,2,conflicting_opinions,Should genetically modified organisms (GMOs) be part of our diet?,,undetermined,
dragged-0223,3,conflicting_opinions,Should genetically modified organisms (GMOs) be part of our diet?,,undetermined,
dragged-0223,4,conflicting_opinions,Should genetically modified organisms (GMOs) be part of our diet?,,undetermined,
dragged-0223,5,conflicting_opinions,Should genetically modified organisms (GMOs) be part of our diet?,,undetermined,
dragged-0224,0,conflicting_opinions,Is online learning as effective as traditional classroom learning?,,undetermined,
dragged-0224,1,conflicting_opinions,Is online learning as effective as traditional classroom learning?,,undetermined,
dragged-0224,2,conflicting_opinions,Is online learning as effective as traditional classroom learning?,,undetermined,
dragged-0224,3,conflicting_opinions,Is online learning as effective as traditional classroom learning?,,undetermined,
dragged-0224,4,conflicting_opinions,Is online learning as effective as traditional classroom learning?,,undetermined,
dragged-0224,5,conflicting_opinions,Is online learning as effective as traditional classroom learning?,,undetermined,
dragged-0224,6,conflicting_opinions,Is online learning as effective as traditional classroom learning?,,undetermined,
dragged-0224,7,conflicting_opinions,Is online learning as effective as traditional classroom learning?,,undetermined,
dragged-0224,8,conflicting_opinions,Is online learning as effective as traditional classroom learning?,,undetermined,
dragged-0224,9,conflicting_opinions,Is online learning as effective as traditional classroom learning?,,undetermined,
dragged-0224,10,conflicting_opinions,Is online learning as effective as traditional classroom learning?,,undetermined,
dragged-0225,0,conflicting_opinions,Is organic food really better for the environment?,,undetermined,
dragged-0225,1,conflicting_opinions,Is organic food really better for the environment?,,undetermined,
dragged-0225,2,conflicting_opinions,Is organic food really better for the environment?,,undetermined,
dragged-0225,3,conflicting_opinions,Is organic food really better for the environment?,,undetermined,
dragged-0225,4,conflicting_opinions,Is organic food really better for the environment?,,undetermined,
dragged-0225,5,conflicting_opinions,Is organic food really better for the environment?,,undetermined,
dragged-0225,6,conflicting_opinions,Is organic food really better for the environment?,,undetermined,
dragged-0225,7,conflicting_opinions,Is organic food really better for the environment?,,undetermined,
dragged-0225,8,conflicting_opinions,Is organic food really better for the environment?,,undetermined,
dragged-0225,9,conflicting_opinions,Is organic food really better for the environment?,,undetermined,
dragged-0225,10,conflicting_opinions,Is organic food really better for the environment?,,undetermined,
dragged-0227,0,conflicting_opinions,Can hypnosis allow people to recall forgotten memories?,,undetermined,
dragged-0227,1,conflicting_opinions,Can hypnosis allow people to recall forgotten memories?,,undetermined,
dragged-0227,2,conflicting_opinions,Can hypnosis allow people to recall forgotten memories?,,undetermined,
dragged-0227,3,conflicting_opinions,Can hypnosis allow people to recall forgotten memories?,,undetermined,
dragged-0227,4,conflicting_opinions,Can hypnosis allow people to recall forgotten memories?,,undetermined,
dragged-0227,5,conflicting_opinions,Can hypnosis allow people to recall forgotten memories?,,undetermined,
dragged-0227,6,conflicting_opinions,Can hypnosis allow people to recall forgotten memories?,,undetermined,
dragged-0227,7,conflicting_opinions,Can hypnosis allow people to recall forgotten memories?,,undetermined,
dragged-0231,0,conflicting_opinions,Is it safe to place dental implants in one day?,,undetermined,
dragged-0231,1,conflicting_opinions,Is it safe to place dental implants in one day?,,undetermined,
dragged-0231,2,conflicting_opinions,Is it safe to place dental implants in one day?,,undetermined,
dragged-0231,3,conflicting_opinions,Is it safe to place dental implants in one day?,,undetermined,
dragged-0231,4,conflicting_opinions,Is it safe to place dental implants in one day?,,undetermined,
dragged-0231,5,conflicting_opinions,Is it safe to place dental implants in one day?,,undetermined,
dragged-0231,6,conflicting_opinions,Is it safe to place dental implants in one day?,,undetermined,
dragged-0231,7,conflicting_opinions,Is it safe to place dental implants in one day?,,undetermined,
dragged-0231,8,conflicting_opinions,Is it safe to place dental implants in one day?,,undetermined,
dragged-0231,9,conflicting_opinions,Is it safe to place dental implants in one day?,,undetermined,
dragged-0231,10,conflicting_opinions,Is it safe to place dental implants in one day?,,undetermined,
dragged-0232,0,conflicting_opinions,Does fish oil improve brain function?,,undetermined,
dragged-0232,1,conflicting_opinions,Does fish oil improve brain function?,,undetermined,
dragged-0232,2,conflicting_opinions,Does fish oil improve brain function?,,undetermined,
dragged-0232,3,conflicting_opinions,Does fish oil improve brain function?,,undetermined,
dragged-0232,4,conflicting_opinions,Does fish oil improve brain function?,,undetermined,
dragged-0232,5,conflicting_opinions,Does fish oil improve brain function?,,undetermined,
dragged-0232,6,conflicting_opinions,Does fish oil improve brain function?,,undetermined,
dragged-0234,0,conflicting_opinions,Is there a connection between brain size and intelligence?,,undetermined,
dragged-0234,1,conflicting_opinions,Is there a connection between brain size and intelligence?,,undetermined,
dragged-0234,2,conflicting_opinions,Is there a connection between brain size and intelligence?,,undetermined,
dragged-0234,3,conflicting_opinions,Is there a connection between brain size and intelligence?,,undetermined,
dragged-0234,4,conflicting_opinions,Is there a connection between brain size and intelligence?,,undetermined,
dragged-0234,5,conflicting_opinions,Is there a connection between brain size and intelligence?,,undetermined,
dragged-0234,6,conflicting_opinions,Is there a connection between brain size and intelligence?,,undetermined,
dragged-0236,0,conflicting_opinions,Does teething cause fever in babies?,,undetermined,
dragged-0236,1,conflicting_opinions,Does teething cause fever in babies?,,undetermined,
dragged-0236,2,conflicting_opinions,Does teething cause fever in babies?,,undetermined,
dragged-0236,3,conflicting_opinions,Does teething cause fever in babies?,,undetermined,
dragged-0236,4,conflicting_opinions,Does teething cause fever in babies?,,undetermined,
dragged-0236,5,conflicting_opinions,Does teething cause fever in babies?,,undetermined,
dragged-0236,6,conflicting_opinions,Does teething cause fever in babies?,,undetermined,
dragged-0236,7,conflicting_opinions,Does teething cause fever in babies?,,undetermined,
dragged-0236,8,conflicting_opinions,Does teething cause fever in babies?,,undetermined,
dragged-0239,0,conflicting_opinions,Do video games have a negative impact on cognitive skills?,,undetermined,
dragged-0239,1,conflicting_opinions,Do video games have a negative impact on cognitive skills?,,undetermined,
dragged-0239,2,conflicting_opinions,Do video games have a negative impact on cognitive skills?,,undetermined,
dragged-0239,3,conflicting_opinions,Do video games have a negative impact on cognitive skills?,,undetermined,
dragged-0239,4,conflicting_opinions,Do video games have a negative impact on cognitive skills?,,undetermined,
dragged-0239,5,conflicting_opinions,Do video games have a negative impact on cognitive skills?,,undetermined,
dragged-0239,6,conflicting_opinions,Do video games have a negative impact on cognitive skills?,,undetermined,
dragged-0240,0,conflicting_opinions,Does shift work lead to increased cancer risk?,,undetermined,
dragged-0240,1,conflicting_opinions,Does shift work lead to increased cancer risk?,,undetermined,
dragged-0240,2,conflicting_opinions,Does shift work lead to increased cancer risk?,,undetermined,
dragged-0240,3,conflicting_opinions,Does shift work lead to increased cancer risk?,,undetermined,
dragged-0240,4,conflicting_opinions,Does shift work lead to increased cancer risk?,,undetermined,
dragged-0240,5,conflicting_opinions,Does shift work lead to increased cancer risk?,,undetermined,
dragged-0241,0,conflicting_opinions,Was radio invented by Nikola Tesla?,,undetermined,
dragged-0241,1,conflicting_opinions,Was radio invented by Nikola Tesla?,,undetermined,
dragged-0241,2,conflicting_opinions,Was radio invented by Nikola Tesla?,,undetermined,
dragged-0241,3,conflicting_opinions,Was radio invented by Nikola Tesla?,,undetermined,
dragged-0241,4,conflicting_opinions,Was radio invented by Nikola Tesla?,,undetermined,
dragged-0241,5,conflicting_opinions,Was radio invented by Nikola Tesla?,,undetermined,
dragged-0241,6,conflicting_opinions,Was radio invented by Nikola Tesla?,,undetermined,
dragged-0241,7,conflicting_opinions,Was radio invented by Nikola Tesla?,,undetermined,
dragged-0241,8,conflicting_opinions,Was radio invented by Nikola Tesla?,,undetermined,
dragged-0241,9,conflicting_opinions,Was radio invented by Nikola Tesla?,,undetermined,
dragged-0241,10,conflicting_opinions,Was radio invented by Nikola Tesla?,,undetermined,
dragged-0241,11,conflicting_opinions,Was radio invented by Nikola Tesla?,,undetermined,
dragged-0241,12,conflicting_opinions,Was radio invented by Nikola Tesla?,,undetermined,
dragged-0242,0,conflicting_opinions,Does Brain Training actually improve cognitive function?,,undetermined,
dragged-0242,1,conflicting_opinions,Does Brain Training actually improve cognitive function?,,undetermined,
dragged-0242,2,conflicting_opinions,Does Brain Training actually improve cognitive function?,,undetermined,
dragged-0242,3,conflicting_opinions,Does Brain Training actually improve cognitive function?,,undetermined,
dragged-0242,4,conflicting_opinions,Does Brain Training actually improve cognitive function?,,undetermined,
dragged-0242,5,conflicting_opinions,Does Brain Training actually improve cognitive function?,,undetermined,
dragged-0242,6,conflicting_opinions,Does Brain Training actually improve cognitive function?,,undetermined,
dragged-0242,7,conflicting_opinions,Does Brain Training actually improve cognitive function?,,undetermined,
dragged-0242,8,conflicting_opinions,Does Brain Training actually improve cognitive function?,,undetermined,
dragged-0242,9,conflicting_opinions,Does Brain Training actually improve cognitive function?,,undetermined,
dragged-0242,10,conflicting_opinions,Does Brain Training actually improve cognitive function?,,undetermined,
dragged-0243,0,conflicting_opinions,Was the Temple of Solomon real?,,undetermined,
dragged-0243,1,conflicting_opinions,Was the Temple of Solomon real?,,undetermined,
dragged-0243,2,conflicting_opinions,Was the Temple of Solomon real?,,undetermined,
dragged-0243,3,conflicting_opinions,Was the Temple of Solomon real?,,undetermined,
dragged-0243,4,conflicting_opinions,Was the Temple of Solomon real?,,undetermined,
dragged-0243,5,conflicting_opinions,Was the Temple of Solomon real?,,undetermined,
dragged-0243,6,conflicting_opinions,Was the Temple of Solomon real?,,undetermined,
dragged-0244,0,conflicting_opinions,Is it possible to fully recover from a serious brain injury?,,undetermined,
dragged-0244,1,conflicting_opinions,Is it possible to fully recover from a serious brain injury?,,undetermined,
dragged-0244,2,conflicting_opinions,Is it possible to fully recover from a serious brain injury?,,undetermined,
dragged-0244,3,conflicting_opinions,Is it possible to fully recover from a serious brain injury?,,undetermined,
dragged-0244,4,conflicting_opinions,Is it possible to fully recover from a serious brain injury?,,undetermined,
dragged-0244,5,conflicting_opinions,Is it possible to fully recover from a serious brain injury?,,undetermined,
dragged-0244,6,conflicting_opinions,Is it possible to fully recover from a serious brain injury?,,undetermined,
dragged-0244,7,conflicting_opinions,Is it possible to fully recover from a serious brain injury?,,undetermined,
dragged-0244,8,conflicting_opinions,Is it possible to fully recover from a serious brain injury?,,undetermined,
dragged-0244,9,conflicting_opinions,Is it possible to fully recover from a serious brain injury?,,undetermined,
dragged-0247,0,conflicting_opinions,Does hypnotherapy work for smoking cessation?,,undetermined,
dragged-0247,1,conflicting_opinions,Does hypnotherapy work for smoking cessation?,,undetermined,
dragged-0247,2,conflicting_opinions,Does hypnotherapy work for smoking cessation?,,undetermined,
dragged-0247,3,conflicting_opinions,Does hypnotherapy work for smoking cessation?,,undetermined,
dragged-0247,4,conflicting_opinions,Does hypnotherapy work for smoking cessation?,,undetermined,
dragged-0247,5,conflicting_opinions,Does hypnotherapy work for smoking cessation?,,undetermined,
dragged-0247,6,conflicting_opinions,Does hypnotherapy work for smoking cessation?,,undetermined,
dragged-0247,7,conflicting_opinions,Does hypnotherapy work for smoking cessation?,,undetermined,
dragged-0250,0,conflicting_opinions,Did a meteor impact cause the Younger Dryas period?,,undetermined,
dragged-0250,1,conflicting_opinions,Did a meteor impact cause the Younger Dryas period?,,undetermined,
dragged-0250,2,conflicting_opinions,Did a meteor impact cause the Younger Dryas period?,,undetermined,
dragged-0250,3,conflicting_opinions,Did a meteor impact cause the Younger Dryas period?,,undetermined,
dragged-0250,4,conflicting_opinions,Did a meteor impact cause the Younger Dryas period?,,undetermined,
dragged-0250,5,conflicting_opinions,Did a meteor impact cause the Younger Dryas period?,,undetermined,
dragged-0250,6,conflicting_opinions,Did a meteor impact cause the Younger Dryas period?,,undetermined,
dragged-0250,7,conflicting_opinions,Did a meteor impact cause the Younger Dryas period?,,undetermined,
dragged-0253,0,conflicting_opinions,Do birds mate for life?,,undetermined,
dragged-0253,1,conflicting_opinions,Do birds mate for life?,,undetermined,
dragged-0253,2,conflicting_opinions,Do birds mate for life?,,undetermined,
dragged-0253,3,conflicting_opinions,Do birds mate for life?,,undetermined,
dragged-0253,4,conflicting_opinions,Do birds mate for life?,,undetermined,
dragged-0253,5,conflicting_opinions,Do birds mate for life?,,undetermined,
dragged-0253,6,conflicting_opinions,Do birds mate for life?,,undetermined,
dragged-0253,7,conflicting_opinions,Do birds mate for life?,,undetermined,
dragged-0253,8,conflicting_opinions,Do birds mate for life?,,undetermined,
dragged-0253,9,conflicting_opinions,Do birds mate for life?,,undetermined,
dragged-0253,10,conflicting_opinions,Do birds mate for life?,,undetermined,
dragged-0256,0,conflicting_opinions,Can hemophilia be cured?,,undetermined,
dragged-0256,1,conflicting_opinions,Can hemophilia be cured?,,undetermined,
dragged-0256,2,conflicting_opinions,Can hemophilia be cured?,,undetermined,
dragged-0256,3,conflicting_opinions,Can hemophilia be cured?,,undetermined,
dragged-0256,4,conflicting_opinions,Can hemophilia be cured?,,undetermined,
dragged-0256,5,conflicting_opinions,Can hemophilia be cured?,,undetermined,
dragged-0256,6,conflicting_opinions,Can hemophilia be cured?,,undetermined,
dragged-0256,7,conflicting_opinions,Can hemophilia be cured?,,undetermined,
dragged-0256,8,conflicting_opinions,Can hemophilia be cured?,,undetermined,
dragged-0258,0,conflicting_opinions,Does moonquakes occur like earthquakes on Earth?,,undetermined,
dragged-0258,1,conflicting_opinions,Does moonquakes occur like earthquakes on Earth?,,undetermined,
dragged-0258,2,conflicting_opinions,Does moonquakes occur like earthquakes on Earth?,,undetermined,
dragged-0258,3,conflicting_opinions,Does moonquakes occur like earthquakes on Earth?,,undetermined,
dragged-0258,4,conflicting_opinions,Does moonquakes occur like earthquakes on Earth?,,undetermined,
dragged-0258,5,conflicting_opinions,Does moonquakes occur like earthquakes on Earth?,,undetermined,
dragged-0258,6,conflicting_opinions,Does moonquakes occur like earthquakes on Earth?,,undetermined,
dragged-0258,7,conflicting_opinions,Does moonquakes occur like earthquakes on Earth?,,undetermined,
dragged-0258,8,conflicting_opinions,Does moonquakes occur like earthquakes on Earth?,,undetermined,
dragged-0258,9,conflicting_opinions,Does moonquakes occur like earthquakes on Earth?,,undetermined,
dragged-0258,10,conflicting_opinions,Does moonquakes occur like earthquakes on Earth?,,undetermined,
dragged-0258,11,conflicting_opinions,Does moonquakes occur like earthquakes on Earth?,,undetermined,
dragged-0259,0,conflicting_opinions,Does playing brain-training games improve cognition?,,undetermined,
dragged-0259,1,conflicting_opinions,Does playing brain-training games improve cognition?,,undetermined,
dragged-0259,2,conflicting_opinions,Does playing brain-training games improve cognition?,,undetermined,
dragged-0259,3,conflicting_opinions,Does playing brain-training games improve cognition?,,undetermined,
dragged-0259,4,conflicting_opinions,Does playing brain-training games improve cognition?,,undetermined,
dragged-0259,5,conflicting_opinions,Does playing brain-training games improve cognition?,,undetermined,
dragged-0259,6,conflicting_opinions,Does playing brain-training games improve cognition?,,undetermined,
dragged-0260,0,conflicting_opinions,Did Neanderthals have bigger brains than modern humans?,,undetermined,
dragged-0260,1,conflicting_opinions,Did Neanderthals have bigger brains than modern humans?,,undetermined,
dragged-0260,2,conflicting_opinions,Did Neanderthals have bigger brains than modern humans?,,undetermined,
dragged-0260,3,conflicting_opinions,Did Neanderthals have bigger brains than modern humans?,,undetermined,
dragged-0260,4,conflicting_opinions,Did Neanderthals have bigger brains than modern humans?,,undetermined,
dragged-0260,5,conflicting_opinions,Did Neanderthals have bigger brains than modern humans?,,undetermined,
dragged-0260,6,conflicting_opinions,Did Neanderthals have bigger brains than modern humans?,,undetermined,
dragged-0260,7,conflicting_opinions,Did Neanderthals have bigger brains than modern humans?,,undetermined,
dragged-0260,8,conflicting_opinions,Did Neanderthals have bigger brains than modern humans?,,undetermined,
dragged-0260,9,conflicting_opinions,Did Neanderthals have bigger brains than modern humans?,,undetermined,
dragged-0260,10,conflicting_opinions,Did Neanderthals have bigger brains than modern humans?,,undetermined,
dragged-0260,11,conflicting_opinions,Did Neanderthals have bigger brains than modern humans?,,undetermined,
dragged-0260,12,conflicting_opinions,Did Neanderthals have bigger brains than modern humans?,,undetermined,
dragged-0260,13,conflicting_opinions,Did Neanderthals have bigger brains than modern humans?,,undetermined,
dragged-0260,14,conflicting_opinions,Did Neanderthals have bigger brains than modern humans?,,undetermined,
dragged-0264,0,conflicting_opinions,Does talking to plants help them grow?,,undetermined,
dragged-0264,1,conflicting_opinions,Does talking to plants help them grow?,,undetermined,
dragged-0264,2,conflicting_opinions,Does talking to plants help them grow?,,undetermined,
dragged-0264,3,conflicting_opinions,Does talking to plants help them grow?,,undetermined,
dragged-0264,4,conflicting_opinions,Does talking to plants help them grow?,,undetermined,
dragged-0264,5,conflicting_opinions,Does talking to plants help them grow?,,undetermined,
dragged-0264,6,conflicting_opinions,Does talking to plants help them grow?,,undetermined,
dragged-0265,0,conflicting_opinions,Can using a standing desk help you lose weight?,,undetermined,
dragged-0265,1,conflicting_opinions,Can using a standing desk help you lose weight?,,undetermined,
dragged-0265,2,conflicting_opinions,Can using a standing desk help you lose weight?,,undetermined,
dragged-0265,3,conflicting_opinions,Can using a standing desk help you lose weight?,,undetermined,
dragged-0265,4,conflicting_opinions,Can using a standing desk help you lose weight?,,undetermined,
dragged-0265,5,conflicting_opinions,Can using a standing desk help you lose weight?,,undetermined,
dragged-0265,6,conflicting_opinions,Can using a standing desk help you lose weight?,,undetermined,
dragged-0265,7,conflicting_opinions,Can using a standing desk help you lose weight?,,undetermined,
dragged-0265,8,conflicting_opinions,Can using a standing desk help you lose weight?,,undetermined,
dragged-0265,9,conflicting_opinions,Can using a standing desk help you lose weight?,,undetermined,
dragged-0265,10,conflicting_opinions,Can using a standing desk help you lose weight?,,undetermined,
dragged-0265,11,conflicting_opinions,Can using a standing desk help you lose weight?,,undetermined,
dragged-0266,0,conflicting_opinions,Can beer help with lactation in nursing mothers?,,undetermined,
dragged-0266,1,conflicting_opinions,Can beer help with lactation in nursing mothers?,,undetermined,
dragged-0266,2,conflicting_opinions,Can beer help with lactation in nursing mothers?,,undetermined,
dragged-0266,3,conflicting_opinions,Can beer help with lactation in nursing mothers?,,undetermined,
dragged-0266,4,conflicting_opinions,Can beer help with lactation in nursing mothers?,,undetermined,
dragged-0266,5,conflicting_opinions,Can beer help with lactation in nursing mothers?,,undetermined,
dragged-0267,0,conflicting_opinions,When was the abacus invented in ancient china?,,undetermined,
dragged-0267,1,conflicting_opinions,When was the abacus invented in ancient china?,,undetermined,
dragged-0267,2,conflicting_opinions,When was the abacus invented in ancient china?,,undetermined,
dragged-0267,3,conflicting_opinions,When was the abacus invented in ancient china?,,undetermined,
dragged-0267,4,conflicting_opinions,When was the abacus invented in ancient china?,,undetermined,
dragged-0267,5,conflicting_opinions,When was the abacus invented in ancient china?,,undetermined,
dragged-0267,6,conflicting_opinions,When was the abacus invented in ancient china?,,undetermined,
dragged-0267,7,conflicting_opinions,When was the abacus invented in ancient china?,,undetermined,
dragged-0267,8,conflicting_opinions,When was the abacus invented in ancient china?,,undetermined,
dragged-0269,0,conflicting_opinions,Can the human immunodeficiency virus (HIV) be cured?,,undetermined,
dragged-0269,1,conflicting_opinions,Can the human immunodeficiency virus (HIV) be cured?,,undetermined,
dragged-0269,2,conflicting_opinions,Can the human immunodeficiency virus (HIV) be cured?,,undetermined,
dragged-0269,3,conflicting_opinions,Can the human immunodeficiency virus (HIV) be cured?,,undetermined,
dragged-0269,4,conflicting_opinions,Can the human immunodeficiency virus (HIV) be cured?,,undetermined,
dragged-0269,5,conflicting_opinions,Can the human immunodeficiency virus (HIV) be cured?,,undetermined,
dragged-0269,6,conflicting_opinions,Can the human immunodeficiency virus (HIV) be cured?,,undetermined,
dragged-0269,7,conflicting_opinions,Can the human immunodeficiency virus (HIV) be cured?,,undetermined,
dragged-0269,8,conflicting_opinions,Can the human immunodeficiency virus (HIV) be cured?,,undetermined,
dragged-0269,9,conflicting_opinions,Can the human immunodeficiency virus (HIV) be cured?,,undetermined,
dragged-0269,10,conflicting_opinions,Can the human immunodeficiency virus (HIV) be cured?,,undetermined,
dragged-0269,11,conflicting_opinions,Can the human immunodeficiency virus (HIV) be cured?,,undetermined,
dragged-0269,12,conflicting_opinions,Can the human immunodeficiency virus (HIV) be cured?,,undetermined,
dragged-0269,13,conflicting_opinions,Can the human immunodeficiency virus (HIV) be cured?,,undetermined,
dragged-0269,14,conflicting_opinions,Can the human immunodeficiency virus (HIV) be cured?,,undetermined,
dragged-0274,0,conflicting_opinions,Does the minimum wage kill jobs?,,undetermined,
dragged-0274,1,conflicting_opinions,Does the minimum wage kill jobs?,,undetermined,
dragged-0274,2,conflicting_opinions,Does the minimum wage kill jobs?,,undetermined,
dragged-0274,3,conflicting_opinions,Does the minimum wage kill jobs?,,undetermined,
dragged-0274,4,conflicting_opinions,Does the minimum wage kill jobs?,,undetermined,
dragged-0274,5,conflicting_opinions,Does the minimum wage kill jobs?,,undetermined,
dragged-0274,6,conflicting_opinions,Does the minimum wage kill jobs?,,undetermined,
dragged-0274,7,conflicting_opinions,Does the minimum wage kill jobs?,,undetermined,
dragged-0274,8,conflicting_opinions,Does the minimum wage kill jobs?,,undetermined,
dragged-0274,9,conflicting_opinions,Does the minimum wage kill jobs?,,undetermined,
dragged-0274,10,conflicting_opinions,Does the minimum wage kill jobs?,,undetermined,
dragged-0275,0,conflicting_opinions,Can intermittent fasting slow down the aging process?,,undetermined,
dragged-0275,1,conflicting_opinions,Can intermittent fasting slow down the aging process?,,undetermined,
dragged-0275,2,conflicting_opinions,Can intermittent fasting slow down the aging process?,,undetermined,
dragged-0275,3,conflicting_opinions,Can intermittent fasting slow down the aging process?,,undetermined,
dragged-0275,4,conflicting_opinions,Can intermittent fasting slow down the aging process?,,undetermined,
dragged-0275,5,conflicting_opinions,Can intermittent fasting slow down the aging process?,,undetermined,
dragged-0275,6,conflicting_opinions,Can intermittent fasting slow down the aging process?,,undetermined,
dragged-0275,7,conflicting_opinions,Can intermittent fasting slow down the aging process?,,undetermined,
dragged-0275,8,conflicting_opinions,Can intermittent fasting slow down the aging process?,,undetermined,
dragged-0275,9,conflicting_opinions,Can intermittent fasting slow down the aging process?,,undetermined,
dragged-0278,0,conflicting_opinions,Do antioxidants prevent cancer?,,undetermined,
dragged-0278,1,conflicting_opinions,Do antioxidants prevent cancer?,,undetermined,
dragged-0278,2,conflicting_opinions,Do antioxidants prevent cancer?,,undetermined,
dragged-0278,3,conflicting_opinions,Do antioxidants prevent cancer?,,undetermined,
dragged-0278,4,conflicting_opinions,Do antioxidants prevent cancer?,,undetermined,
dragged-0278,5,conflicting_opinions,Do antioxidants prevent cancer?,,undetermined,
dragged-0278,6,conflicting_opinions,Do antioxidants prevent cancer?,,undetermined,
dragged-0278,7,conflicting_opinions,Do antioxidants prevent cancer?,,undetermined,
dragged-0278,8,conflicting_opinions,Do antioxidants prevent cancer?,,undetermined,
dragged-0278,9,conflicting_opinions,Do antioxidants prevent cancer?,,undetermined,
dragged-0280,0,conflicting_opinions,Is fasting beneficial for individuals with diabetes?,,undetermined,
dragged-0280,1,conflicting_opinions,Is fasting beneficial for individuals with diabetes?,,undetermined,
dragged-0280,2,conflicting_opinions,Is fasting beneficial for individuals with diabetes?,,undetermined,
dragged-0280,3,conflicting_opinions,Is fasting beneficial for individuals with diabetes?,,undetermined,
dragged-0280,4,conflicting_opinions,Is fasting beneficial for individuals with diabetes?,,undetermined,
dragged-0280,5,conflicting_opinions,Is fasting beneficial for individuals with diabetes?,,undetermined,
dragged-0280,6,conflicting_opinions,Is fasting beneficial for individuals with diabetes?,,undetermined,
dragged-0281,0,conflicting_opinions,Do all vegans need to take dietary supplements?,,undetermined,
dragged-0281,1,conflicting_opinions,Do all vegans need to take dietary supplements?,,undetermined,
dragged-0281,2,conflicting_opinions,Do all vegans need to take dietary supplements?,,undetermined,
dragged-0281,3,conflicting_opinions,Do all vegans need to take dietary supplements?,,undetermined,
dragged-0281,4,conflicting_opinions,Do all vegans need to take dietary supplements?,,undetermined,
dragged-0281,5,conflicting_opinions,Do all vegans need to take dietary supplements?,,undetermined,
dragged-0281,6,conflicting_opinions,Do all vegans need to take dietary supplements?,,undetermined,
dragged-0281,7,conflicting_opinions,Do all vegans need to take dietary supplements?,,undetermined,
dragged-0281,8,conflicting_opinions,Do all vegans need to take dietary supplements?,,undetermined,
dragged-0292,0,conflicting_opinions,which city is the fashion capital,,undetermined,
dragged-0292,1,conflicting_opinions,which city is the fashion capital,,undetermined,
dragged-0292,2,conflicting_opinions,which city is the fashion capital,,undetermined,
dragged-0292,3,conflicting_opinions,which city is the fashion capital,,undetermined,
dragged-0292,4,conflicting_opinions,which city is the fashion capital,,undetermined,
dragged-0292,5,conflicting_opinions,which city is the fashion capital,,undetermined,
dragged-0292,6,conflicting_opinions,which city is the fashion capital,,undetermined,
dragged-0292,7,conflicting_opinions,which city is the fashion capital,,undetermined,
dragged-0292,8,conflicting_opinions,which city is the fashion capital,,undetermined,
dragged-0292,9,conflicting_opinions,which city is the fashion capital,,undetermined,
dragged-0294,0,conflicting_opinions,Are video games harmful to children's mental health?,,undetermined,
dragged-0294,1,conflicting_opinions,Are video games harmful to children's mental health?,,undetermined,
dragged-0294,2,conflicting_opinions,Are video games harmful to children's mental health?,,undetermined,
dragged-0294,3,conflicting_opinions,Are video games harmful to children's mental health?,,undetermined,
dragged-0294,4,conflicting_opinions,Are video games harmful to children's mental health?,,undetermined,
dragged-0294,5,conflicting_opinions,Are video games harmful to children's mental health?,,undetermined,
dragged-0294,6,conflicting_opinions,Are video games harmful to children's mental health?,,undetermined,
dragged-0294,7,conflicting_opinions,Are video games harmful to children's mental health?,,undetermined,
dragged-0299,0,conflicting_opinions,Can dogs understand human language?,,undetermined,
dragged-0299,1,conflicting_opinions,Can dogs understand human language?,,undetermined,
dragged-0299,2,conflicting_opinions,Can dogs understand human language?,,undetermined,
dragged-0299,3,conflicting_opinions,Can dogs understand human language?,,undetermined,
dragged-0299,4,conflicting_opinions,Can dogs understand human language?,,undetermined,
dragged-0299,5,conflicting_opinions,Can dogs understand human language?,,undetermined,
dragged-0299,6,conflicting_opinions,Can dogs understand human language?,,undetermined,
dragged-0299,7,conflicting_opinions,Can dogs understand human language?,,undetermined,
dragged-0299,8,conflicting_opinions,Can dogs understand human language?,,undetermined,
dragged-0301,0,conflicting_opinions,Does freezing kill yeast in dough?,,undetermined,
dragged-0301,1,conflicting_opinions,Does freezing kill yeast in dough?,,undetermined,
dragged-0301,2,conflicting_opinions,Does freezing kill yeast in dough?,,undetermined,
dragged-0301,3,conflicting_opinions,Does freezing kill yeast in dough?,,undetermined,
dragged-0301,4,conflicting_opinions,Does freezing kill yeast in dough?,,undetermined,
dragged-0301,5,conflicting_opinions,Does freezing kill yeast in dough?,,undetermined,
dragged-0301,6,conflicting_opinions,Does freezing kill yeast in dough?,,undetermined,
dragged-0301,7,conflicting_opinions,Does freezing kill yeast in dough?,,undetermined,
dragged-0301,8,conflicting_opinions,Does freezing kill yeast in dough?,,undetermined,
dragged-0301,9,conflicting_opinions,Does freezing kill yeast in dough?,,undetermined,
dragged-0305,0,conflicting_opinions,Can horses vomit?,,undetermined,
dragged-0305,1,conflicting_opinions,Can horses vomit?,,undetermined,
dragged-0305,2,conflicting_opinions,Can horses vomit?,,undetermined,
dragged-0305,3,conflicting_opinions,Can horses vomit?,,undetermined,
dragged-0305,4,conflicting_opinions,Can horses vomit?,,undetermined,
dragged-0305,5,conflicting_opinions,Can horses vomit?,,undetermined,
dragged-0306,0,conflicting_opinions,Can sugar cause hyperactivity in children?,,undetermined,
dragged-0306,1,conflicting_opinions,Can sugar cause hyperactivity in children?,,undetermined,
dragged-0306,2,conflicting_opinions,Can sugar cause hyperactivity in children?,,undetermined,
dragged-0306,3,conflicting_opinions,Can sugar cause hyperactivity in children?,,undetermined,
dragged-0306,4,conflicting_opinions,Can sugar cause hyperactivity in children?,,undetermined,
dragged-0306,5,conflicting_opinions,Can sugar cause hyperactivity in children?,,undetermined,
dragged-0306,6,conflicting_opinions,Can sugar cause hyperactivity in children?,,undetermined,
dragged-0306,7,conflicting_opinions,Can sugar cause hyperactivity in children?,,undetermined,
dragged-0321,0,conflicting_opinions,Does melting sea ice contribute to sea level rise?,,undetermined,
dragged-0321,1,conflicting_opinions,Does melting sea ice contribute to sea level rise?,,undetermined,
dragged-0321,2,conflicting_opinions,Does melting sea ice contribute to sea level rise?,,undetermined,
dragged-0321,3,conflicting_opinions,Does melting sea ice contribute to sea level rise?,,undetermined,
dragged-0321,4,conflicting_opinions,Does melting sea ice contribute to sea level rise?,,undetermined,
dragged-0321,5,conflicting_opinions,Does melting sea ice contribute to sea level rise?,,undetermined,
dragged-0321,6,conflicting_opinions,Does melting sea ice contribute to sea level rise?,,undetermined,
dragged-0321,7,conflicting_opinions,Does melting sea ice contribute to sea level rise?,,undetermined,
dragged-0321,8,conflicting_opinions,Does melting sea ice contribute to sea level rise?,,undetermined,
dragged-0321,9,conflicting_opinions,Does melting sea ice contribute to sea level rise?,,undetermined,
dragged-0321,10,conflicting_opinions,Does melting sea ice contribute to sea level rise?,,undetermined,
dragged-0321,11,conflicting_opinions,Does melting sea ice contribute to sea level rise?,,undetermined,
dragged-0321,12,conflicting_opinions,Does melting sea ice contribute to sea level rise?,,undetermined,
dragged-0321,13,conflicting_opinions,Does melting sea ice contribute to sea level rise?,,undetermined,
dragged-0326,0,conflicting_opinions,Did the ancient Egyptians have electricity?,,undetermined,
dragged-0326,1,conflicting_opinions,Did the ancient Egyptians have electricity?,,undetermined,
dragged-0326,2,conflicting_opinions,Did the ancient Egyptians have electricity?,,undetermined,
dragged-0326,3,conflicting_opinions,Did the ancient Egyptians have electricity?,,undetermined,
dragged-0326,4,conflicting_opinions,Did the ancient Egyptians have electricity?,,undetermined,
dragged-0326,5,conflicting_opinions,Did the ancient Egyptians have electricity?,,undetermined,
dragged-0326,6,conflicting_opinions,Did the ancient Egyptians have electricity?,,undetermined,
dragged-0326,7,conflicting_opinions,Did the ancient Egyptians have electricity?,,undetermined,
dragged-0327,0,conflicting_opinions,Does kinesiology taping enhance sports performance?,,undetermined,
dragged-0327,1,conflicting_opinions,Does kinesiology taping enhance sports performance?,,undetermined,
dragged-0327,2,conflicting_opinions,Does kinesiology taping enhance sports performance?,,undetermined,
dragged-0327,3,conflicting_opinions,Does kinesiology taping enhance sports performance?,,undetermined,
dragged-0327,4,conflicting_opinions,Does kinesiology taping enhance sports performance?,,undetermined,
dragged-0327,5,conflicting_opinions,Does kinesiology taping enhance sports performance?,,undetermined,
dragged-0327,6,conflicting_opinions,Does kinesiology taping enhance sports performance?,,undetermined,
dragged-0327,7,conflicting_opinions,Does kinesiology taping enhance sports performance?,,undetermined,
dragged-0327,8,conflicting_opinions,Does kinesiology taping enhance sports performance?,,undetermined,
dragged-0327,9,conflicting_opinions,Does kinesiology taping enhance sports performance?,,undetermined,
dragged-0327,10,conflicting_opinions,Does kinesiology taping enhance sports performance?,,undetermined,
dragged-0327,11,conflicting_opinions,Does kinesiology taping enhance sports performance?,,undetermined,
dragged-0327,12,conflicting_opinions,Does kinesiology taping enhance sports performance?,,undetermined,
dragged-0328,0,conflicting_opinions,Is washing hair daily harmful?,,undetermined,
dragged-0328,1,conflicting_opinions,Is washing hair daily harmful?,,undetermined,
dragged-0328,2,conflicting_opinions,Is washing hair daily harmful?,,undetermined,
dragged-0328,3,conflicting_opinions,Is washing hair daily harmful?,,undetermined,
dragged-0328,4,conflicting_opinions,Is washing hair daily harmful?,,undetermined,
dragged-0328,5,conflicting_opinions,Is washing hair daily harmful?,,undetermined,
dragged-0328,6,conflicting_opinions,Is washing hair daily harmful?,,undetermined,
dragged-0328,7,conflicting_opinions,Is washing hair daily harmful?,,undetermined,
dragged-0328,8,conflicting_opinions,Is washing hair daily harmful?,,undetermined,
dragged-0328,9,conflicting_opinions,Is washing hair daily harmful?,,undetermined,
dragged-0328,10,conflicting_opinions,Is washing hair daily harmful?,,undetermined,
dragged-0328,11,conflicting_opinions,Is washing hair daily harmful?,,undetermined,
dragged-0328,12,conflicting_opinions,Is washing hair daily harmful?,,undetermined,
dragged-0329,0,conflicting_opinions,Do cameras reduce crime?,,undetermined,
dragged-0329,1,conflicting_opinions,Do cameras reduce crime?,,undetermined,
dragged-0329,2,conflicting_opinions,Do cameras reduce crime?,,undetermined,
dragged-0329,3,conflicting_opinions,Do cameras reduce crime?,,undetermined,
dragged-0329,4,conflicting_opinions,Do cameras reduce crime?,,undetermined,
dragged-0329,5,conflicting_opinions,Do cameras reduce crime?,,undetermined,
dragged-0335,0,conflicting_opinions,Did ancient Egyptians use slaves for pyramid construction?,,undetermined,
dragged-0335,1,conflicting_opinions,Did ancient Egyptians use slaves for pyramid construction?,,undetermined,
dragged-0335,2,conflicting_opinions,Did ancient Egyptians use slaves for pyramid construction?,,undetermined,
dragged-0335,3,conflicting_opinions,Did ancient Egyptians use slaves for pyramid construction?,,undetermined,
dragged-0335,4,conflicting_opinions,Did ancient Egyptians use slaves for pyramid construction?,,undetermined,
dragged-0335,5,conflicting_opinions,Did ancient Egyptians use slaves for pyramid construction?,,undetermined,
dragged-0335,6,conflicting_opinions,Did ancient Egyptians use slaves for pyramid construction?,,undetermined,
dragged-0335,7,conflicting_opinions,Did ancient Egyptians use slaves for pyramid construction?,,undetermined,
dragged-0340,0,conflicting_opinions,Should you water your plants during the day?,,undetermined,
dragged-0340,1,conflicting_opinions,Should you water your plants during the day?,,undetermined,
dragged-0340,2,conflicting_opinions,Should you water your plants during the day?,,undetermined,
dragged-0340,3,conflicting_opinions,Should you water your plants during the day?,,undetermined,
dragged-0340,4,conflicting_opinions,Should you water your plants during the day?,,undetermined,
dragged-0340,5,conflicting_opinions,Should you water your plants during the day?,,undetermined,
dragged-0340,6,conflicting_opinions,Should you water your plants during the day?,,undetermined,
dragged-0340,7,conflicting_opinions,Should you water your plants during the day?,,undetermined,
dragged-0340,8,conflicting_opinions,Should you water your plants during the day?,,undetermined,
dragged-0340,9,conflicting_opinions,Should you water your plants during the day?,,undetermined,
dragged-0340,10,conflicting_opinions,Should you water your plants during the day?,,undetermined,
dragged-0340,11,conflicting_opinions,Should you water your plants during the day?,,undetermined,
dragged-0340,12,conflicting_opinions,Should you water your plants during the day?,,undetermined,
dragged-0340,13,conflicting_opinions,Should you water your plants during the day?,,undetermined,
dragged-0341,0,conflicting_opinions,Is it appropriate to ask someone their age?,,undetermined,
dragged-0341,1,conflicting_opinions,Is it appropriate to ask someone their age?,,undetermined,
dragged-0341,2,conflicting_opinions,Is it appropriate to ask someone their age?,,undetermined,
dragged-0341,3,conflicting_opinions,Is it appropriate to ask someone their age?,,undetermined,
dragged-0341,4,conflicting_opinions,Is it appropriate to ask someone their age?,,undetermined,
dragged-0341,5,conflicting_opinions,Is it appropriate to ask someone their age?,,undetermined,
dragged-0341,6,conflicting_opinions,Is it appropriate to ask someone their age?,,undetermined,
dragged-0341,7,conflicting_opinions,Is it appropriate to ask someone their age?,,undetermined,
dragged-0341,8,conflicting_opinions,Is it appropriate to ask someone their age?,,undetermined,
dragged-0345,0,conflicting_opinions,Does centrifugal force exist?,,undetermined,
dragged-0345,1,conflicting_opinions,Does centrifugal force exist?,,undetermined,
dragged-0345,2,conflicting_opinions,Does centrifugal force exist?,,undetermined,
dragged-0345,3,conflicting_opinions,Does centrifugal force exist?,,undetermined,
dragged-0345,4,conflicting_opinions,Does centrifugal force exist?,,undetermined,
dragged-0345,5,conflicting_opinions,Does centrifugal force exist?,,undetermined,
dragged-0345,6,conflicting_opinions,Does centrifugal force exist?,,undetermined,
dragged-0345,7,conflicting_opinions,Does centrifugal force exist?,,undetermined,
dragged-0345,8,conflicting_opinions,Does centrifugal force exist?,,undetermined,
dragged-0345,9,conflicting_opinions,Does centrifugal force exist?,,undetermined,
dragged-0345,10,conflicting_opinions,Does centrifugal force exist?,,undetermined,
dragged-0345,11,conflicting_opinions,Does centrifugal force exist?,,undetermined,
dragged-0345,12,conflicting_opinions,Does centrifugal force exist?,,undetermined,
dragged-0345,13,conflicting_opinions,Does centrifugal force exist?,,undetermined,
dragged-0345,14,conflicting_opinions,Does centrifugal force exist?,,undetermined,
dragged-0345,15,conflicting_opinions,Does centrifugal force exist?,,undetermined,
dragged-0346,0,conflicting_opinions,Can we predict when a volcano will erupt?,,undetermined,
dragged-0346,1,conflicting_opinions,Can we predict when a volcano will erupt?,,undetermined,
dragged-0346,2,conflicting_opinions,Can we predict when a volcano will erupt?,,undetermined,
dragged-0346,3,conflicting_opinions,Can we predict when a volcano will erupt?,,undetermined,
dragged-0346,4,conflicting_opinions,Can we predict when a volcano will erupt?,,undetermined,
dragged-0346,5,conflicting_opinions,Can we predict when a volcano will erupt?,,undetermined,
dragged-0346,6,conflicting_opinions,Can we predict when a volcano will erupt?,,undetermined,
dragged-0346,7,conflicting_opinions,Can we predict when a volcano will erupt?,,undetermined,
dragged-0346,8,conflicting_opinions,Can we predict when a volcano will erupt?,,undetermined,
dragged-0346,9,conflicting_opinions,Can we predict when a volcano will erupt?,,undetermined,
dragged-0346,10,conflicting_opinions,Can we predict when a volcano will erupt?,,undetermined,
dragged-0346,11,conflicting_opinions,Can we predict when a volcano will erupt?,,undetermined,
dragged-0346,12,conflicting_opinions,Can we predict when a volcano will erupt?,,undetermined,
dragged-0347,0,conflicting_opinions,Is telepathy a natural human ability?,,undetermined,
dragged-0347,1,conflicting_opinions,Is telepathy a natural human ability?,,undetermined,
dragged-0347,2,conflicting_opinions,Is telepathy a natural human ability?,,undetermined,
dragged-0347,3,conflicting_opinions,Is telepathy a natural human ability?,,undetermined,
dragged-0347,4,conflicting_opinions,Is telepathy a natural human ability?,,undetermined,
dragged-0347,5,conflicting_opinions,Is telepathy a natural human ability?,,undetermined,
dragged-0347,6,conflicting_opinions,Is telepathy a natural human ability?,,undetermined,
dragged-0347,7,conflicting_opinions,Is telepathy a natural human ability?,,undetermined,
dragged-0347,8,conflicting_opinions,Is telepathy a natural human ability?,,undetermined,
dragged-0347,9,conflicting_opinions,Is telepathy a natural human ability?,,undetermined,
dragged-0347,10,conflicting_opinions,Is telepathy a natural human ability?,,undetermined,
dragged-0351,0,conflicting_opinions,Can renewable energy sources provide a stable power supply?,,undetermined,
dragged-0351,1,conflicting_opinions,Can renewable energy sources provide a stable power supply?,,undetermined,
dragged-0351,2,conflicting_opinions,Can renewable energy sources provide a stable power supply?,,undetermined,
dragged-0351,3,conflicting_opinions,Can renewable energy sources provide a stable power supply?,,undetermined,
dragged-0351,4,conflicting_opinions,Can renewable energy sources provide a stable power supply?,,undetermined,
dragged-0351,5,conflicting_opinions,Can renewable energy sources provide a stable power supply?,,undetermined,
dragged-0351,6,conflicting_opinions,Can renewable energy sources provide a stable power supply?,,undetermined,
dragged-0360,0,conflicting_opinions,Do fires benefit forests?,,undetermined,
dragged-0360,1,conflicting_opinions,Do fires benefit forests?,,undetermined,
dragged-0360,2,conflicting_opinions,Do fires benefit forests?,,undetermined,
dragged-0360,3,conflicting_opinions,Do fires benefit forests?,,undetermined,
dragged-0360,4,conflicting_opinions,Do fires benefit forests?,,undetermined,
dragged-0360,5,conflicting_opinions,Do fires benefit forests?,,undetermined,
dragged-0360,6,conflicting_opinions,Do fires benefit forests?,,undetermined,
dragged-0360,7,conflicting_opinions,Do fires benefit forests?,,undetermined,
dragged-0360,8,conflicting_opinions,Do fires benefit forests?,,undetermined,
dragged-0361,0,conflicting_opinions,Which is the oldest still-running university in the world?,,undetermined,
dragged-0361,1,conflicting_opinions,Which is the oldest still-running university in the world?,,undetermined,
dragged-0361,2,conflicting_opinions,Which is the oldest still-running university in the world?,,undetermined,
dragged-0361,3,conflicting_opinions,Which is the oldest still-running university in the world?,,undetermined,
dragged-0361,4,conflicting_opinions,Which is the oldest still-running university in the world?,,undetermined,
dragged-0361,5,conflicting_opinions,Which is the oldest still-running university in the world?,,undetermined,
dragged-0361,6,conflicting_opinions,Which is the oldest still-running university in the world?,,undetermined,
dragged-0361,7,conflicting_opinions,Which is the oldest still-running university in the world?,,undetermined,
dragged-0361,8,conflicting_opinions,Which is the oldest still-running university in the world?,,undetermined,
dragged-0363,0,conflicting_opinions,Do birds descend from dinosaurs?,,undetermined,
dragged-0363,1,conflicting_opinions,Do birds descend from dinosaurs?,,undetermined,
dragged-0363,2,conflicting_opinions,Do birds descend from dinosaurs?,,undetermined,
dragged-0363,3,conflicting_opinions,Do birds descend from dinosaurs?,,undetermined,
dragged-0363,4,conflicting_opinions,Do birds descend from dinosaurs?,,undetermined,
dragged-0363,5,conflicting_opinions,Do birds descend from dinosaurs?,,undetermined,
dragged-0363,6,conflicting_opinions,Do birds descend from dinosaurs?,,undetermined,
dragged-0363,7,conflicting_opinions,Do birds descend from dinosaurs?,,undetermined,
dragged-0363,8,conflicting_opinions,Do birds descend from dinosaurs?,,undetermined,
dragged-0365,0,conflicting_opinions,Are pesticides harmful to all insects?,,undetermined,
dragged-0365,1,conflicting_opinions,Are pesticides harmful to all insects?,,undetermined,
dragged-0365,2,conflicting_opinions,Are pesticides harmful to all insects?,,undetermined,
dragged-0365,3,conflicting_opinions,Are pesticides harmful to all insects?,,undetermined,
dragged-0365,4,conflicting_opinions,Are pesticides harmful to all insects?,,undetermined,
dragged-0365,5,conflicting_opinions,Are pesticides harmful to all insects?,,undetermined,
dragged-0365,6,conflicting_opinions,Are pesticides harmful to all insects?,,undetermined,
dragged-0365,7,conflicting_opinions,Are pesticides harmful to all insects?,,undetermined,
dragged-0365,8,conflicting_opinions,Are pesticides harmful to all insects?,,undetermined,
dragged-0368,0,conflicting_opinions,when was the first temple built,,undetermined,
dragged-0368,1,conflicting_opinions,when was the first temple built,,undetermined,
dragged-0368,2,conflicting_opinions,when was the first temple built,,undetermined,
dragged-0368,3,conflicting_opinions,when was the first temple built,,undetermined,
dragged-0368,4,conflicting_opinions,when was the first temple built,,undetermined,
dragged-0368,5,conflicting_opinions,when was the first temple built,,undetermined,
dragged-0368,6,conflicting_opinions,when was the first temple built,,undetermined,
dragged-0368,7,conflicting_opinions,when was the first temple built,,undetermined,
dragged-0368,8,conflicting_opinions,when was the first temple built,,undetermined,
dragged-0377,0,conflicting_opinions,Can a chicken live without its head?,,undetermined,
dragged-0377,1,conflicting_opinions,Can a chicken live without its head?,,undetermined,
dragged-0377,2,conflicting_opinions,Can a chicken live without its head?,,undetermined,
dragged-0377,3,conflicting_opinions,Can a chicken live without its head?,,undetermined,
dragged-0377,4,conflicting_opinions,Can a chicken live without its head?,,undetermined,
dragged-0377,5,conflicting_opinions,Can a chicken live without its head?,,undetermined,
dragged-0378,0,conflicting_opinions,Are identical twins genetically identical?,,undetermined,
dragged-0378,1,conflicting_opinions,Are identical twins genetically identical?,,undetermined,
dragged-0378,2,conflicting_opinions,Are identical twins genetically identical?,,undetermined,
dragged-0378,3,conflicting_opinions,Are identical twins genetically identical?,,undetermined,
dragged-0378,4,conflicting_opinions,Are identical twins genetically identical?,,undetermined,
dragged-0378,5,conflicting_opinions,Are identical twins genetically identical?,,undetermined,
dragged-0378,6,conflicting_opinions,Are identical twins genetically identical?,,undetermined,
dragged-0378,7,conflicting_opinions,Are identical twins genetically identical?,,undetermined,
dragged-0378,8,conflicting_opinions,Are identical twins genetically identical?,,undetermined,
dragged-0378,9,conflicting_opinions,Are identical twins genetically identical?,,undetermined,
dragged-0378,10,conflicting_opinions,Are identical twins genetically identical?,,undetermined,
dragged-0378,11,conflicting_opinions,Are identical twins genetically identical?,,undetermined,
dragged-0378,12,conflicting_opinions,Are identical twins genetically identical?,,undetermined,
dragged-0378,13,conflicting_opinions,Are identical twins genetically identical?,,undetermined,
dragged-0378,14,conflicting_opinions,Are identical twins genetically identical?,,undetermined,
dragged-0383,0,conflicting_opinions,Did Pharaoh Ramses II dye his hair red?,,undetermined,
dragged-0383,1,conflicting_opinions,Did Pharaoh Ramses II dye his hair red?,,undetermined,
dragged-0383,2,conflicting_opinions,Did Pharaoh Ramses II dye his hair red?,,undetermined,
dragged-0383,3,conflicting_opinions,Did Pharaoh Ramses II dye his hair red?,,undetermined,
dragged-0383,4,conflicting_opinions,Did Pharaoh Ramses II dye his hair red?,,undetermined,
dragged-0383,5,conflicting_opinions,Did Pharaoh Ramses II dye his hair red?,,undetermined,
dragged-0383,6,conflicting_opinions,Did Pharaoh Ramses II dye his hair red?,,undetermined,
dragged-0392,0,conflicting_opinions,in what year did the spaniards and portuguese drive the arabic moors,,undetermined,
dragged-0392,1,conflicting_opinions,in what year did the spaniards and portuguese drive the arabic moors,,undetermined,
dragged-0392,2,conflicting_opinions,in what year did the spaniards and portuguese drive the arabic moors,,undetermined,
dragged-0392,3,conflicting_opinions,in what year did the spaniards and portuguese drive the arabic moors,,undetermined,
dragged-0392,4,conflicting_opinions,in what year did the spaniards and portuguese drive the arabic moors,,undetermined,
dragged-0392,5,conflicting_opinions,in what year did the spaniards and portuguese drive the arabic moors,,undetermined,
dragged-0392,6,conflicting_opinions,in what year did the spaniards and portuguese drive the arabic moors,,undetermined,
dragged-0392,7,conflicting_opinions,in what year did the spaniards and portuguese drive the arabic moors,,undetermined,
dragged-0392,8,conflicting_opinions,in what year did the spaniards and portuguese drive the arabic moors,,undetermined,
dragged-0394,0,conflicting_opinions,Does playing violent video games lead to aggressive behavior?,,undetermined,
dragged-0394,1,conflicting_opinions,Does playing violent video games lead to aggressive behavior?,,undetermined,
dragged-0394,2,conflicting_opinions,Does playing violent video games lead to aggressive behavior?,,undetermined,
dragged-0394,3,conflicting_opinions,Does playing violent video games lead to aggressive behavior?,,undetermined,
dragged-0394,4,conflicting_opinions,Does playing violent video games lead to aggressive behavior?,,undetermined,
dragged-0394,5,conflicting_opinions,Does playing violent video games lead to aggressive behavior?,,undetermined,
dragged-0394,6,conflicting_opinions,Does playing violent video games lead to aggressive behavior?,,undetermined,
dragged-0394,7,conflicting_opinions,Does playing violent video games lead to aggressive behavior?,,undetermined,
dragged-0394,8,conflicting_opinions,Does playing violent video games lead to aggressive behavior?,,undetermined,
dragged-0394,9,conflicting_opinions,Does playing violent video games lead to aggressive behavior?,,undetermined,
dragged-0394,10,conflicting_opinions,Does playing violent video games lead to aggressive behavior?,,undetermined,
dragged-0394,11,conflicting_opinions,Does playing violent video games lead to aggressive behavior?,,undetermined,
dragged-0394,12,conflicting_opinions,Does playing violent video games lead to aggressive behavior?,,undetermined,
dragged-0396,0,conflicting_opinions,Is remote work more productive than office work?,,undetermined,
dragged-0396,1,conflicting_opinions,Is remote work more productive than office work?,,undetermined,
dragged-0396,2,conflicting_opinions,Is remote work more productive than office work?,,undetermined,
dragged-0396,3,conflicting_opinions,Is remote work more productive than office work?,,undetermined,
dragged-0396,4,conflicting_opinions,Is remote work more productive than office work?,,undetermined,
dragged-0396,5,conflicting_opinions,Is remote work more productive than office work?,,undetermined,
dragged-0396,6,conflicting_opinions,Is remote work more productive than office work?,,undetermined,
dragged-0396,7,conflicting_opinions,Is remote work more productive than office work?,,undetermined,
dragged-0396,8,conflicting_opinions,Is remote work more productive than office work?,,undetermined,
dragged-0396,9,conflicting_opinions,Is remote work more productive than office work?,,undetermined,
dragged-0396,10,conflicting_opinions,Is remote work more productive than office work?,,undetermined,
dragged-0397,0,conflicting_opinions,Do older people need less sleep?,,undetermined,
dragged-0397,1,conflicting_opinions,Do older people need less sleep?,,undetermined,
dragged-0397,2,conflicting_opinions,Do older people need less sleep?,,undetermined,
dragged-0397,3,conflicting_opinions,Do older people need less sleep?,,undetermined,
dragged-0397,4,conflicting_opinions,Do older people need less sleep?,,undetermined,
dragged-0397,5,conflicting_opinions,Do older people need less sleep?,,undetermined,
dragged-0397,6,conflicting_opinions,Do older people need less sleep?,,undetermined,
dragged-0397,7,conflicting_opinions,Do older people need less sleep?,,undetermined,
dragged-0397,8,conflicting_opinions,Do older people need less sleep?,,undetermined,
dragged-0398,0,conflicting_opinions,Should pregnant women follow a vegan diet?,,undetermined,
dragged-0398,1,conflicting_opinions,Should pregnant women follow a vegan diet?,,undetermined,
dragged-0398,2,conflicting_opinions,Should pregnant women follow a vegan diet?,,undetermined,
dragged-0398,3,conflicting_opinions,Should pregnant women follow a vegan diet?,,undetermined,
dragged-0398,4,conflicting_opinions,Should pregnant women follow a vegan diet?,,undetermined,
dragged-0398,5,conflicting_opinions,Should pregnant women follow a vegan diet?,,undetermined,
dragged-0398,6,conflicting_opinions,Should pregnant women follow a vegan diet?,,undetermined,
dragged-0404,0,conflicting_opinions,Was the sexual revolution of the 1960s a liberating moment for women?,,undetermined,
dragged-0404,1,conflicting_opinions,Was the sexual revolution of the 1960s a liberating moment for women?,,undetermined,
dragged-0404,2,conflicting_opinions,Was the sexual revolution of the 1960s a liberating moment for women?,,undetermined,
dragged-0404,3,conflicting_opinions,Was the sexual revolution of the 1960s a liberating moment for women?,,undetermined,
dragged-0404,4,conflicting_opinions,Was the sexual revolution of the 1960s a liberating moment for women?,,undetermined,
dragged-0404,5,conflicting_opinions,Was the sexual revolution of the 1960s a liberating moment for women?,,undetermined,
dragged-0404,6,conflicting_opinions,Was the sexual revolution of the 1960s a liberating moment for women?,,undetermined,
dragged-0404,7,conflicting_opinions,Was the sexual revolution of the 1960s a liberating moment for women?,,undetermined,
dragged-0404,8,conflicting_opinions,Was the sexual revolution of the 1960s a liberating moment for women?,,undetermined,
dragged-0404,9,conflicting_opinions,Was the sexual revolution of the 1960s a liberating moment for women?,,undetermined,
dragged-0404,10,conflicting_opinions,Was the sexual revolution of the 1960s a liberating moment for women?,,undetermined,
dragged-0406,0,conflicting_opinions,Are sliders bad for SEO?,,undetermined,
dragged-0406,1,conflicting_opinions,Are sliders bad for SEO?,,undetermined,
dragged-0406,2,conflicting_opinions,Are sliders bad for SEO?,,undetermined,
dragged-0406,3,conflicting_opinions,Are sliders bad for SEO?,,undetermined,
dragged-0406,4,conflicting_opinions,Are sliders bad for SEO?,,undetermined,
dragged-0406,5,conflicting_opinions,Are sliders bad for SEO?,,undetermined,
dragged-0406,6,conflicting_opinions,Are sliders bad for SEO?,,undetermined,
dragged-0406,7,conflicting_opinions,Are sliders bad for SEO?,,undetermined,
dragged-0409,0,conflicting_opinions,Could there feasibly be life in the clouds of Venus?,,undetermined,
dragged-0409,1,conflicting_opinions,Could there feasibly be life in the clouds of Venus?,,undetermined,
dragged-0409,2,conflicting_opinions,Could there feasibly be life in the clouds of Venus?,,undetermined,
dragged-0409,3,conflicting_opinions,Could there feasibly be life in the clouds of Venus?,,undetermined,
dragged-0409,4,conflicting_opinions,Could there feasibly be life in the clouds of Venus?,,undetermined,
dragged-0409,5,conflicting_opinions,Could there feasibly be life in the clouds of Venus?,,undetermined,
dragged-0409,6,conflicting_opinions,Could there feasibly be life in the clouds of Venus?,,undetermined,
dragged-0409,7,conflicting_opinions,Could there feasibly be life in the clouds of Venus?,,undetermined,
dragged-0409,8,conflicting_opinions,Could there feasibly be life in the clouds of Venus?,,undetermined,
dragged-0409,9,conflicting_opinions,Could there feasibly be life in the clouds of Venus?,,undetermined,
dragged-0409,10,conflicting_opinions,Could there feasibly be life in the clouds of Venus?,,undetermined,
dragged-0409,11,conflicting_opinions,Could there feasibly be life in the clouds of Venus?,,undetermined,
dragged-0409,12,conflicting_opinions,Could there feasibly be life in the clouds of Venus?,,undetermined,
dragged-0410,0,conflicting_opinions,Are curved TV screens better for viewing?,,undetermined,
dragged-0410,1,conflicting_opinions,Are curved TV screens better for viewing?,,undetermined,
dragged-0410,2,conflicting_opinions,Are curved TV screens better for viewing?,,undetermined,
dragged-0410,3,conflicting_opinions,Are curved TV screens better for viewing?,,undetermined,
dragged-0410,4,conflicting_opinions,Are curved TV screens better for viewing?,,undetermined,
dragged-0410,5,conflicting_opinions,Are curved TV screens better for viewing?,,undetermined,
dragged-0410,6,conflicting_opinions,Are curved TV screens better for viewing?,,undetermined,
dragged-0410,7,conflicting_opinions,Are curved TV screens better for viewing?,,undetermined,
dragged-0412,0,conflicting_opinions,Can vegans eat Oysters?,,undetermined,
dragged-0412,1,conflicting_opinions,Can vegans eat Oysters?,,undetermined,
dragged-0412,2,conflicting_opinions,Can vegans eat Oysters?,,undetermined,
dragged-0412,3,conflicting_opinions,Can vegans eat Oysters?,,undetermined,
dragged-0412,4,conflicting_opinions,Can vegans eat Oysters?,,undetermined,
dragged-0412,5,conflicting_opinions,Can vegans eat Oysters?,,undetermined,
dragged-0412,6,conflicting_opinions,Can vegans eat Oysters?,,undetermined,
dragged-0412,7,conflicting_opinions,Can vegans eat Oysters?,,undetermined,
dragged-0412,8,conflicting_opinions,Can vegans eat Oysters?,,undetermined,
dragged-0412,9,conflicting_opinions,Can vegans eat Oysters?,,undetermined,
dragged-0415,0,conflicting_opinions,when did the word of wisdom become mandatory?,,undetermined,
dragged-0415,1,conflicting_opinions,when did the word of wisdom become mandatory?,,undetermined,
dragged-0415,2,conflicting_opinions,when did the word of wisdom become mandatory?,,undetermined,
dragged-0415,3,conflicting_opinions,when did the word of wisdom become mandatory?,,undetermined,
dragged-0415,4,conflicting_opinions,when did the word of wisdom become mandatory?,,undetermined,
dragged-0415,5,conflicting_opinions,when did the word of wisdom become mandatory?,,undetermined,
dragged-0415,6,conflicting_opinions,when did the word of wisdom become mandatory?,,undetermined,
dragged-0415,7,conflicting_opinions,when did the word of wisdom become mandatory?,,undetermined,
dragged-0415,8,conflicting_opinions,when did the word of wisdom become mandatory?,,undetermined,
dragged-0436,0,conflicting_opinions,Can you get rid of cellulite with exercise?,,undetermined,
dragged-0436,1,conflicting_opinions,Can you get rid of cellulite with exercise?,,undetermined,
dragged-0436,2,conflicting_opinions,Can you get rid of cellulite with exercise?,,undetermined,
dragged-0436,3,conflicting_opinions,Can you get rid of cellulite with exercise?,,undetermined,
dragged-0436,4,conflicting_opinions,Can you get rid of cellulite with exercise?,,undetermined,
dragged-0436,5,conflicting_opinions,Can you get rid of cellulite with exercise?,,undetermined,
dragged-0436,6,conflicting_opinions,Can you get rid of cellulite with exercise?,,undetermined,
dragged-0436,7,conflicting_opinions,Can you get rid of cellulite with exercise?,,undetermined,
dragged-0436,8,conflicting_opinions,Can you get rid of cellulite with exercise?,,undetermined,
dragged-0436,9,conflicting_opinions,Can you get rid of cellulite with exercise?,,undetermined,
dragged-0436,10,conflicting_opinions,Can you get rid of cellulite with exercise?,,undetermined,
dragged-0436,11,conflicting_opinions,Can you get rid of cellulite with exercise?,,undetermined,
dragged-0436,12,conflicting_opinions,Can you get rid of cellulite with exercise?,,undetermined,
dragged-0436,13,conflicting_opinions,Can you get rid of cellulite with exercise?,,undetermined,
dragged-0436,14,conflicting_opinions,Can you get rid of cellulite with exercise?,,undetermined,
dragged-0436,15,conflicting_opinions,Can you get rid of cellulite with exercise?,,undetermined,
dragged-0436,16,conflicting_opinions,Can you get rid of cellulite with exercise?,,undetermined,
dragged-0436,17,conflicting_opinions,Can you get rid of cellulite with exercise?,,undetermined,
dragged-0436,18,conflicting_opinions,Can you get rid of cellulite with exercise?,,undetermined,
dragged-0436,19,conflicting_opinions,Can you get rid of cellulite with exercise?,,undetermined,
dragged-0437,0,conflicting_opinions,Is Leukemia hereditary?,,undetermined,
dragged-0437,1,conflicting_opinions,Is Leukemia hereditary?,,undetermined,
dragged-0437,2,conflicting_opinions,Is Leukemia hereditary?,,undetermined,
dragged-0437,3,conflicting_opinions,Is Leukemia hereditary?,,undetermined,
dragged-0437,4,conflicting_opinions,Is Leukemia hereditary?,,undetermined,
dragged-0437,5,conflicting_opinions,Is Leukemia hereditary?,,undetermined,
dragged-0437,6,conflicting_opinions,Is Leukemia hereditary?,,undetermined,
dragged-0437,7,conflicting_opinions,Is Leukemia hereditary?,,undetermined,
dragged-0437,8,conflicting_opinions,Is Leukemia hereditary?,,undetermined,
dragged-0437,9,conflicting_opinions,Is Leukemia hereditary?,,undetermined,
dragged-0437,10,conflicting_opinions,Is Leukemia hereditary?,,undetermined,
dragged-0437,11,conflicting_opinions,Is Leukemia hereditary?,,undetermined,
dragged-0442,0,conflicting_opinions,Can you use dishwater to water plants?,,undetermined,
dragged-0442,1,conflicting_opinions,Can you use dishwater to water plants?,,undetermined,
dragged-0442,2,conflicting_opinions,Can you use dishwater to water plants?,,undetermined,
dragged-0442,3,conflicting_opinions,Can you use dishwater to water plants?,,undetermined,
dragged-0442,4,conflicting_opinions,Can you use dishwater to water plants?,,undetermined,
dragged-0442,5,conflicting_opinions,Can you use dishwater to water plants?,,undetermined,
dragged-0442,6,conflicting_opinions,Can you use dishwater to water plants?,,undetermined,
dragged-0442,7,conflicting_opinions,Can you use dishwater to water plants?,,undetermined,
dragged-0442,8,conflicting_opinions,Can you use dishwater to water plants?,,undetermined,
dragged-0443,0,conflicting_opinions,Are online degrees valued less by employers?,,undetermined,
dragged-0443,1,conflicting_opinions,Are online degrees valued less by employers?,,undetermined,
dragged-0443,2,conflicting_opinions,Are online degrees valued less by employers?,,undetermined,
dragged-0443,3,conflicting_opinions,Are online degrees valued less by employers?,,undetermined,
dragged-0443,4,conflicting_opinions,Are online degrees valued less by employers?,,undetermined,
dragged-0443,5,conflicting_opinions,Are online degrees valued less by employers?,,undetermined,
dragged-0443,6,conflicting_opinions,Are online degrees valued less by employers?,,undetermined,
dragged-0443,7,conflicting_opinions,Are online degrees valued less by employers?,,undetermined,
dragged-0443,8,conflicting_opinions,Are online degrees valued less by employers?,,undetermined,
dragged-0443,9,conflicting_opinions,Are online degrees valued less by employers?,,undetermined,
dragged-0447,0,conflicting_opinions,Can drinking coffee prevent type 2 diabetes?,,undetermined,
dragged-0447,1,conflicting_opinions,Can drinking coffee prevent type 2 diabetes?,,undetermined,
dragged-0447,2,conflicting_opinions,Can drinking coffee prevent type 2 diabetes?,,undetermined,
dragged-0447,3,conflicting_opinions,Can drinking coffee prevent type 2 diabetes?,,undetermined,
dragged-0447,4,conflicting_opinions,Can drinking coffee prevent type 2 diabetes?,,undetermined,
dragged-0447,5,conflicting_opinions,Can drinking coffee prevent type 2 diabetes?,,undetermined,
dragged-0447,6,conflicting_opinions,Can drinking coffee prevent type 2 diabetes?,,undetermined,
dragged-0449,0,conflicting_opinions,Should sex education be taught in schools?,,undetermined,
dragged-0449,1,conflicting_opinions,Should sex education be taught in schools?,,undetermined,
dragged-0449,2,conflicting_opinions,Should sex education be taught in schools?,,undetermined,
dragged-0449,3,conflicting_opinions,Should sex education be taught in schools?,,undetermined,
dragged-0449,4,conflicting_opinions,Should sex education be taught in schools?,,undetermined,
dragged-0449,5,conflicting_opinions,Should sex education be taught in schools?,,undetermined,
dragged-0449,6,conflicting_opinions,Should sex education be taught in schools?,,undetermined,
dragged-0453,0,conflicting_opinions,When did Mark Cuban sell the Mavericks?,,undetermined,
dragged-0453,1,conflicting_opinions,When did Mark Cuban sell the Mavericks?,,undetermined,
dragged-0453,2,conflicting_opinions,When did Mark Cuban sell the Mavericks?,,undetermined,
dragged-0453,3,conflicting_opinions,When did Mark Cuban sell the Mavericks?,,undetermined,
dragged-0453,4,conflicting_opinions,When did Mark Cuban sell the Mavericks?,,undetermined,
dragged-0453,5,conflicting_opinions,When did Mark Cuban sell the Mavericks?,,undetermined,
dragged-0453,6,conflicting_opinions,When did Mark Cuban sell the Mavericks?,,undetermined,
dragged-0453,7,conflicting_opinions,When did Mark Cuban sell the Mavericks?,,undetermined,
dragged-0453,8,conflicting_opinions,When did Mark Cuban sell the Mavericks?,,undetermined,
dragged-0457,0,conflicting_opinions,Did Neanderthals interbreed with modern humans?,,undetermined,
dragged-0457,1,conflicting_opinions,Did Neanderthals interbreed with modern humans?,,undetermined,
dragged-0457,2,conflicting_opinions,Did Neanderthals interbreed with modern humans?,,undetermined,
dragged-0457,3,conflicting_opinions,Did Neanderthals interbreed with modern humans?,,undetermined,
dragged-0457,4,conflicting_opinions,Did Neanderthals interbreed with modern humans?,,undetermined,
dragged-0457,5,conflicting_opinions,Did Neanderthals interbreed with modern humans?,,undetermined,
dragged-0457,6,conflicting_opinions,Did Neanderthals interbreed with modern humans?,,undetermined,
dragged-0457,7,conflicting_opinions,Did Neanderthals interbreed with modern humans?,,undetermined,
dragged-0457,8,conflicting_opinions,Did Neanderthals interbreed with modern humans?,,undetermined,
dragged-0457,9,conflicting_opinions,Did Neanderthals interbreed with modern humans?,,undetermined,
dragged-0457,10,conflicting_opinions,Did Neanderthals interbreed with modern humans?,,undetermined,
dragged-0007,0,misinformation,Where did the expression a bridge too far come from?,0,derived_stringmatch,
dragged-0007,1,misinformation,Where did the expression a bridge too far come from?,0,derived_stringmatch,
dragged-0007,2,misinformation,Where did the expression a bridge too far come from?,0,derived_stringmatch,
dragged-0007,3,misinformation,Where did the expression a bridge too far come from?,0,derived_stringmatch,
dragged-0007,4,misinformation,Where did the expression a bridge too far come from?,0,derived_stringmatch,
dragged-0007,5,misinformation,Where did the expression a bridge too far come from?,0,derived_stringmatch,
dragged-0007,6,misinformation,Where did the expression a bridge too far come from?,1,derived_stringmatch,
dragged-0007,7,misinformation,Where did the expression a bridge too far come from?,0,derived_stringmatch,
dragged-0007,8,misinformation,Where did the expression a bridge too far come from?,1,derived_stringmatch,
dragged-0007,9,misinformation,Where did the expression a bridge too far come from?,0,derived_stringmatch,
dragged-0155,0,misinformation,How many FIFA World Cups has Argentina won?,,undetermined,
dragged-0155,1,misinformation,How many FIFA World Cups has Argentina won?,,undetermined,
dragged-0155,2,misinformation,How many FIFA World Cups has Argentina won?,,undetermined,
dragged-0155,3,misinformation,How many FIFA World Cups has Argentina won?,,undetermined,
dragged-0155,4,misinformation,How many FIFA World Cups has Argentina won?,,undetermined,
dragged-0155,5,misinformation,How many FIFA World Cups has Argentina won?,,undetermined,
dragged-0155,6,misinformation,How many FIFA World Cups has Argentina won?,,undetermined,
dragged-0155,7,misinformation,How many FIFA World Cups has Argentina won?,,undetermined,
dragged-0155,8,misinformation,How many FIFA World Cups has Argentina won?,,undetermined,
dragged-0257,0,misinformation,What is the best-selling jazz album of all time?,1,derived_stringmatch,
dragged-0257,1,misinformation,What is the best-selling jazz album of all time?,0,derived_stringmatch,
dragged-0257,2,misinformation,What is the best-selling jazz album of all time?,1,derived_stringmatch,
dragged-0257,3,misinformation,What is the best-selling jazz album of all time?,1,derived_stringmatch,
dragged-0257,4,misinformation,What is the best-selling jazz album of all time?,0,derived_stringmatch,
dragged-0257,5,misinformation,What is the best-selling jazz album of all time?,1,derived_stringmatch,
dragged-0257,6,misinformation,What is the best-selling jazz album of all time?,0,derived_stringmatch,
dragged-0257,7,misinformation,What is the best-selling jazz album of all time?,0,derived_stringmatch,
dragged-0257,8,misinformation,What is the best-selling jazz album of all time?,1,derived_stringmatch,
dragged-0422,0,misinformation,When did season 5 of prison break come out?,0,derived_stringmatch,
dragged-0422,1,misinformation,When did season 5 of prison break come out?,0,derived_stringmatch,
dragged-0422,2,misinformation,When did season 5 of prison break come out?,1,derived_stringmatch,
dragged-0422,3,misinformation,When did season 5 of prison break come out?,0,derived_stringmatch,
dragged-0422,4,misinformation,When did season 5 of prison break come out?,1,derived_stringmatch,
dragged-0422,5,misinformation,When did season 5 of prison break come out?,0,derived_stringmatch,
dragged-0422,6,misinformation,When did season 5 of prison break come out?,0,derived_stringmatch,
dragged-0422,7,misinformation,When did season 5 of prison break come out?,0,derived_stringmatch,
dragged-0422,8,misinformation,When did season 5 of prison break come out?,0,derived_stringmatch,
dragged-0438,0,misinformation,when was nutella first sold,1,derived_stringmatch,
dragged-0438,1,misinformation,when was nutella first sold,1,derived_stringmatch,
dragged-0438,2,misinformation,when was nutella first sold,0,derived_stringmatch,
dragged-0438,3,misinformation,when was nutella first sold,1,derived_stringmatch,
dragged-0438,4,misinformation,when was nutella first sold,1,derived_stringmatch,
dragged-0438,5,misinformation,when was nutella first sold,1,derived_stringmatch,
dragged-0438,6,misinformation,when was nutella first sold,1,derived_stringmatch,
dragged-0438,7,misinformation,when was nutella first sold,0,derived_stringmatch,
dragged-0003,0,no_conflict,How many accounts have exceeded 100 million followers on Instagram?,0,derived_stringmatch,correct
dragged-0003,1,no_conflict,How many accounts have exceeded 100 million followers on Instagram?,0,derived_stringmatch,noise
dragged-0003,2,no_conflict,How many accounts have exceeded 100 million followers on Instagram?,0,derived_stringmatch,correct
dragged-0003,3,no_conflict,How many accounts have exceeded 100 million followers on Instagram?,0,derived_stringmatch,noise
dragged-0003,4,no_conflict,How many accounts have exceeded 100 million followers on Instagram?,0,derived_stringmatch,noise
dragged-0003,5,no_conflict,How many accounts have exceeded 100 million followers on Instagram?,0,derived_stringmatch,noise
dragged-0003,6,no_conflict,How many accounts have exceeded 100 million followers on Instagram?,0,derived_stringmatch,correct
dragged-0003,7,no_conflict,How many accounts have exceeded 100 million followers on Instagram?,0,derived_stringmatch,correct
dragged-0003,8,no_conflict,How many accounts have exceeded 100 million followers on Instagram?,0,derived_stringmatch,correct
dragged-0003,9,no_conflict,How many accounts have exceeded 100 million followers on Instagram?,0,derived_stringmatch,correct
dragged-0006,0,no_conflict,who sang the songs in the movie beyond the sea?,1,derived_stringmatch,correct
dragged-0006,1,no_conflict,who sang the songs in the movie beyond the sea?,0,derived_stringmatch,noise
dragged-0006,2,no_conflict,who sang the songs in the movie beyond the sea?,0,derived_stringmatch,noise
dragged-0006,3,no_conflict,who sang the songs in the movie beyond the sea?,1,derived_stringmatch,correct
dragged-0006,4,no_conflict,who sang the songs in the movie beyond the sea?,1,derived_stringmatch,correct
dragged-0006,5,no_conflict,who sang the songs in the movie beyond the sea?,1,derived_stringmatch,correct
dragged-0006,6,no_conflict,who sang the songs in the movie beyond the sea?,1,derived_stringmatch,correct
dragged-0006,7,no_conflict,who sang the songs in the movie beyond the sea?,0,derived_stringmatch,noise
dragged-0006,8,no_conflict,who sang the songs in the movie beyond the sea?,0,derived_stringmatch,noise
dragged-0008,0,no_conflict,Who ascended the throne of delhi sultante after the death of qutub ud din aibak?,0,derived_stringmatch,noise
dragged-0008,1,no_conflict,Who ascended the throne of delhi sultante after the death of qutub ud din aibak?,1,derived_stringmatch,correct
dragged-0008,2,no_conflict,Who ascended the throne of delhi sultante after the death of qutub ud din aibak?,0,derived_stringmatch,noise
dragged-0008,3,no_conflict,Who ascended the throne of delhi sultante after the death of qutub ud din aibak?,1,derived_stringmatch,correct
dragged-0008,4,no_conflict,Who ascended the throne of delhi sultante after the death of qutub ud din aibak?,0,derived_stringmatch,correct
dragged-0008,5,no_conflict,Who ascended the throne of delhi sultante after the death of qutub ud din aibak?,1,derived_stringmatch,correct
dragged-0008,6,no_conflict,Who ascended the throne of delhi sultante after the death of qutub ud din aibak?,0,derived_stringmatch,noise
dragged-0008,7,no_conflict,Who ascended the throne of delhi sultante after the death of qutub ud din aibak?,0,derived_stringmatch,noise
dragged-0008,8,no_conflict,Who ascended the throne of delhi sultante after the death of qutub ud din aibak?,1,derived_stringmatch,correct
dragged-0008,9,no_conflict,Who ascended the throne of delhi sultante after the death of qutub ud din aibak?,1,derived_stringmatch,correct
dragged-0009,0,no_conflict,who plays the voice of chucky in seed of chucky?,0,derived_stringmatch,noise
dragged-0009,1,no_conflict,who plays the voice of chucky in seed of chucky?,1,derived_stringmatch,correct
dragged-0009,2,no_conflict,who plays the voice of chucky in seed of chucky?,1,derived_stringmatch,correct
dragged-0009,3,no_conflict,who plays the voice of chucky in seed of chucky?,1,derived_stringmatch,correct
dragged-0009,4,no_conflict,who plays the voice of chucky in seed of chucky?,0,derived_stringmatch,noise
dragged-0009,5,no_conflict,who plays the voice of chucky in seed of chucky?,0,derived_stringmatch,noise
dragged-0009,6,no_conflict,who plays the voice of chucky in seed of chucky?,1,derived_stringmatch,correct
dragged-0009,7,no_conflict,who plays the voice of chucky in seed of chucky?,0,derived_stringmatch,noise
dragged-0009,8,no_conflict,who plays the voice of chucky in seed of chucky?,0,derived_stringmatch,noise
dragged-0009,9,no_conflict,who plays the voice of chucky in seed of chucky?,1,derived_stringmatch,correct
dragged-0011,0,no_conflict,what is the longest river in the united states?,1,derived_stringmatch,correct
dragged-0011,1,no_conflict,what is the longest river in the united states?,1,derived_stringmatch,correct
dragged-0011,2,no_conflict,what is the longest river in the united states?,1,derived_stringmatch,correct
dragged-0011,3,no_conflict,what is the longest river in the united states?,0,derived_stringmatch,correct
dragged-0011,4,no_conflict,what is the longest river in the united states?,1,derived_stringmatch,correct
dragged-0011,5,no_conflict,what is the longest river in the united states?,1,derived_stringmatch,correct
dragged-0011,6,no_conflict,what is the longest river in the united states?,0,derived_stringmatch,noise
dragged-0011,7,no_conflict,what is the longest river in the united states?,1,derived_stringmatch,correct
dragged-0011,8,no_conflict,what is the longest river in the united states?,0,derived_stringmatch,noise
dragged-0011,9,no_conflict,what is the longest river in the united states?,1,derived_stringmatch,correct
dragged-0013,0,no_conflict,Do strict gun control laws decrease gun violence?,,undetermined,noise
dragged-0013,1,no_conflict,Do strict gun control laws decrease gun violence?,,undetermined,noise
dragged-0013,2,no_conflict,Do strict gun control laws decrease gun violence?,,undetermined,noise
dragged-0013,3,no_conflict,Do strict gun control laws decrease gun violence?,,undetermined,noise
dragged-0013,4,no_conflict,Do strict gun control laws decrease gun violence?,,undetermined,noise
dragged-0014,0,no_conflict,Who was the winner of American Idol this year?,1,derived_stringmatch,correct
dragged-0014,1,no_conflict,Who was the winner of American Idol this year?,1,derived_stringmatch,correct
dragged-0014,2,no_conflict,Who was the winner of American Idol this year?,1,derived_stringmatch,correct
dragged-0014,3,no_conflict,Who was the winner of American Idol this year?,0,derived_stringmatch,noise
dragged-0014,4,no_conflict,Who was the winner of American Idol this year?,0,derived_stringmatch,noise
dragged-0014,5,no_conflict,Who was the winner of American Idol this year?,0,derived_stringmatch,noise
dragged-0014,6,no_conflict,Who was the winner of American Idol this year?,1,derived_stringmatch,correct
dragged-0014,7,no_conflict,Who was the winner of American Idol this year?,0,derived_stringmatch,noise
dragged-0014,8,no_conflict,Who was the winner of American Idol this year?,0,derived_stringmatch,noise
dragged-0014,9,no_conflict,Who was the winner of American Idol this year?,0,derived_stringmatch,noise
dragged-0016,0,no_conflict,which country has the smallest population in europe,0,derived_stringmatch,noise
dragged-0016,1,no_conflict,which country has the smallest population in europe,1,derived_stringmatch,correct
dragged-0016,2,no_conflict,which country has the smallest population in europe,1,derived_stringmatch,correct
dragged-0016,3,no_conflict,which country has the smallest population in europe,1,derived_stringmatch,correct
dragged-0016,4,no_conflict,which country has the smallest population in europe,1,derived_stringmatch,correct
dragged-0016,5,no_conflict,which country has the smallest population in europe,1,derived_stringmatch,correct
dragged-0016,6,no_conflict,which country has the smallest population in europe,0,derived_stringmatch,noise
dragged-0016,7,no_conflict,which country has the smallest population in europe,1,derived_stringmatch,correct
dragged-0016,8,no_conflict,which country has the smallest population in europe,0,derived_stringmatch,noise
dragged-0020,0,no_conflict,who plays the dad in malcom in the middle?,0,derived_stringmatch,noise
dragged-0020,1,no_conflict,who plays the dad in malcom in the middle?,1,derived_stringmatch,correct
dragged-0020,2,no_conflict,who plays the dad in malcom in the middle?,0,derived_stringmatch,noise
dragged-0020,3,no_conflict,who plays the dad in malcom in the middle?,0,derived_stringmatch,noise
dragged-0020,4,no_conflict,who plays the dad in malcom in the middle?,0,derived_stringmatch,noise
dragged-0020,5,no_conflict,who plays the dad in malcom in the middle?,0,derived_stringmatch,noise
dragged-0020,6,no_conflict,who plays the dad in malcom in the middle?,1,derived_stringmatch,correct
dragged-0020,7,no_conflict,who plays the dad in malcom in the middle?,1,derived_stringmatch,correct
dragged-0020,8,no_conflict,who plays the dad in malcom in the middle?,0,derived_stringmatch,noise
dragged-0020,9,no_conflict,who plays the dad in malcom in the middle?,0,derived_stringmatch,noise
dragged-0024,0,no_conflict,where is the food stored in a yam plant?,1,derived_stringmatch,correct
dragged-0024,1,no_conflict,where is the food stored in a yam plant?,1,derived_stringmatch,correct
dragged-0024,2,no_conflict,where is the food stored in a yam plant?,0,derived_stringmatch,noise
dragged-0024,3,no_conflict,where is the food stored in a yam plant?,1,derived_stringmatch,correct
dragged-0024,4,no_conflict,where is the food stored in a yam plant?,1,derived_stringmatch,correct
dragged-0024,5,no_conflict,where is the food stored in a yam plant?,0,derived_stringmatch,noise
dragged-0024,6,no_conflict,where is the food stored in a yam plant?,0,derived_stringmatch,noise
dragged-0024,7,no_conflict,where is the food stored in a yam plant?,1,derived_stringmatch,correct
dragged-0024,8,no_conflict,where is the food stored in a yam plant?,1,derived_stringmatch,correct
dragged-0024,9,no_conflict,where is the food stored in a yam plant?,0,derived_stringmatch,noise
dragged-0027,0,no_conflict,where do the majority metis live,0,derived_stringmatch,noise
dragged-0027,1,no_conflict,where do the majority metis live,1,derived_stringmatch,correct
dragged-0027,2,no_conflict,where do the majority metis live,1,derived_stringmatch,correct
dragged-0027,3,no_conflict,where do the majority metis live,0,derived_stringmatch,noise
dragged-0027,4,no_conflict,where do the majority metis live,0,derived_stringmatch,noise
dragged-0027,5,no_conflict,where do the majority metis live,0,derived_stringmatch,noise
dragged-0027,6,no_conflict,where do the majority metis live,0,derived_stringmatch,noise
dragged-0027,7,no_conflict,where do the majority metis live,0,derived_stringmatch,noise
dragged-0027,8,no_conflict,where do the majority metis live,0,derived_stringmatch,noise
dragged-0029,0,no_conflict,when is season 3 of grace and frankie being released?,0,derived_stringmatch,correct
dragged-0029,1,no_conflict,when is season 3 of grace and frankie being released?,1,derived_stringmatch,correct
dragged-0029,2,no_conflict,when is season 3 of grace and frankie being released?,1,derived_stringmatch,correct
dragged-0029,3,no_conflict,when is season 3 of grace and frankie being released?,0,derived_stringmatch,noise
dragged-0029,4,no_conflict,when is season 3 of grace and frankie being released?,0,derived_stringmatch,correct
dragged-0029,5,no_conflict,when is season 3 of grace and frankie being released?,0,derived_stringmatch,correct
dragged-0029,6,no_conflict,when is season 3 of grace and frankie being released?,0,derived_stringmatch,noise
dragged-0029,7,no_conflict,when is season 3 of grace and frankie being released?,0,derived_stringmatch,correct
dragged-0029,8,no_conflict,when is season 3 of grace and frankie being released?,0,derived_stringmatch,noise
dragged-0029,9,no_conflict,when is season 3 of grace and frankie being released?,0,derived_stringmatch,noise
dragged-0034,0,no_conflict,the world's tallest jain statue is located in which state,1,derived_stringmatch,correct
dragged-0034,1,no_conflict,the world's tallest jain statue is located in which state,0,derived_stringmatch,noise
dragged-0034,2,no_conflict,the world's tallest jain statue is located in which state,0,derived_stringmatch,noise
dragged-0034,3,no_conflict,the world's tallest jain statue is located in which state,1,derived_stringmatch,correct
dragged-0034,4,no_conflict,the world's tallest jain statue is located in which state,0,derived_stringmatch,noise
dragged-0034,5,no_conflict,the world's tallest jain statue is located in which state,0,derived_stringmatch,noise
dragged-0034,6,no_conflict,the world's tallest jain statue is located in which state,1,derived_stringmatch,correct
dragged-0034,7,no_conflict,the world's tallest jain statue is located in which state,1,derived_stringmatch,correct
dragged-0034,8,no_conflict,the world's tallest jain statue is located in which state,1,derived_stringmatch,correct
dragged-0034,9,no_conflict,the world's tallest jain statue is located in which state,1,derived_stringmatch,correct
dragged-0037,0,no_conflict,when was the first underwater cable laid beneath the english channel?,1,derived_stringmatch,correct
dragged-0037,1,no_conflict,when was the first underwater cable laid beneath the english channel?,0,derived_stringmatch,noise
dragged-0037,2,no_conflict,when was the first underwater cable laid beneath the english channel?,1,derived_stringmatch,correct
dragged-0037,3,no_conflict,when was the first underwater cable laid beneath the english channel?,0,derived_stringmatch,noise
dragged-0037,4,no_conflict,when was the first underwater cable laid beneath the english channel?,0,derived_stringmatch,noise
dragged-0037,5,no_conflict,when was the first underwater cable laid beneath the english channel?,1,derived_stringmatch,correct
dragged-0037,6,no_conflict,when was the first underwater cable laid beneath the english channel?,0,derived_stringmatch,noise
dragged-0037,7,no_conflict,when was the first underwater cable laid beneath the english channel?,1,derived_stringmatch,correct
dragged-0037,8,no_conflict,when was the first underwater cable laid beneath the english channel?,0,derived_stringmatch,noise
dragged-0037,9,no_conflict,when was the first underwater cable laid beneath the english channel?,0,derived_stringmatch,noise
dragged-0039,0,no_conflict,How many times csk reached final in ipl?,,undetermined,correct
dragged-0039,1,no_conflict,How many times csk reached final in ipl?,,undetermined,correct
dragged-0039,2,no_conflict,How many times csk reached final in ipl?,,undetermined,noise
dragged-0039,3,no_conflict,How many times csk reached final in ipl?,,undetermined,correct
dragged-0039,4,no_conflict,How many times csk reached final in ipl?,,undetermined,correct
dragged-0039,5,no_conflict,How many times csk reached final in ipl?,,undetermined,noise
dragged-0039,6,no_conflict,How many times csk reached final in ipl?,,undetermined,correct
dragged-0039,7,no_conflict,How many times csk reached final in ipl?,,undetermined,correct
dragged-0039,8,no_conflict,How many times csk reached final in ipl?,,undetermined,correct
dragged-0039,9,no_conflict,How many times csk reached final in ipl?,,undetermined,noise
dragged-0040,0,no_conflict,Can plants hear sounds?,,undetermined,noise
dragged-0040,1,no_conflict,Can plants hear sounds?,,undetermined,noise
dragged-0040,2,no_conflict,Can plants hear sounds?,,undetermined,noise
dragged-0040,3,no_conflict,Can plants hear sounds?,,undetermined,noise
dragged-0040,4,no_conflict,Can plants hear sounds?,,undetermined,noise
dragged-0040,5,no_conflict,Can plants hear sounds?,,undetermined,noise
dragged-0040,6,no_conflict,Can plants hear sounds?,,undetermined,noise
dragged-0041,0,no_conflict,who sings gone gone gone she been gone so long?,0,derived_stringmatch,noise
dragged-0041,1,no_conflict,who sings gone gone gone she been gone so long?,0,derived_stringmatch,correct
dragged-0041,2,no_conflict,who sings gone gone gone she been gone so long?,0,derived_stringmatch,noise
dragged-0041,3,no_conflict,who sings gone gone gone she been gone so long?,0,derived_stringmatch,noise
dragged-0041,4,no_conflict,who sings gone gone gone she been gone so long?,0,derived_stringmatch,noise
dragged-0041,5,no_conflict,who sings gone gone gone she been gone so long?,0,derived_stringmatch,correct
dragged-0041,6,no_conflict,who sings gone gone gone she been gone so long?,0,derived_stringmatch,noise
dragged-0041,7,no_conflict,who sings gone gone gone she been gone so long?,0,derived_stringmatch,correct
dragged-0041,8,no_conflict,who sings gone gone gone she been gone so long?,0,derived_stringmatch,correct
dragged-0041,9,no_conflict,who sings gone gone gone she been gone so long?,0,derived_stringmatch,noise
dragged-0046,0,no_conflict,What is the title of Stephen King's most recent novel?,0,derived_stringmatch,noise
dragged-0046,1,no_conflict,What is the title of Stephen King's most recent novel?,0,derived_stringmatch,noise
dragged-0046,2,no_conflict,What is the title of Stephen King's most recent novel?,1,derived_stringmatch,correct
dragged-0046,3,no_conflict,What is the title of Stephen King's most recent novel?,1,derived_stringmatch,correct
dragged-0046,4,no_conflict,What is the title of Stephen King's most recent novel?,0,derived_stringmatch,noise
dragged-0046,5,no_conflict,What is the title of Stephen King's most recent novel?,1,derived_stringmatch,correct
dragged-0046,6,no_conflict,What is the title of Stephen King's most recent novel?,1,derived_stringmatch,correct
dragged-0046,7,no_conflict,What is the title of Stephen King's most recent novel?,0,derived_stringmatch,noise
dragged-0046,8,no_conflict,What is the title of Stephen King's most recent novel?,1,derived_stringmatch,correct
dragged-0046,9,no_conflict,What is the title of Stephen King's most recent novel?,0,derived_stringmatch,noise
dragged-0048,0,no_conflict,when was the nobel prize for literature first awarded?,1,derived_stringmatch,correct
dragged-0048,1,no_conflict,when was the nobel prize for literature first awarded?,1,derived_stringmatch,correct
dragged-0048,2,no_conflict,when was the nobel prize for literature first awarded?,1,derived_stringmatch,correct
dragged-0048,3,no_conflict,when was the nobel prize for literature first awarded?,1,derived_stringmatch,correct
dragged-0048,4,no_conflict,when was the nobel prize for literature first awarded?,0,derived_stringmatch,noise
dragged-0048,5,no_conflict,when was the nobel prize for literature first awarded?,1,derived_stringmatch,correct
dragged-0048,6,no_conflict,when was the nobel prize for literature first awarded?,0,derived_stringmatch,noise
dragged-0048,7,no_conflict,when was the nobel prize for literature first awarded?,1,derived_stringmatch,correct
dragged-0048,8,no_conflict,when was the nobel prize for literature first awarded?,1,derived_stringmatch,correct
dragged-0048,9,no_conflict,when was the nobel prize for literature first awarded?,1,derived_stringmatch,correct
dragged-0052,0,no_conflict,how many champions league trophies does arsenal have,,undetermined,correct
dragged-0052,1,no_conflict,how many champions league trophies does arsenal have,,undetermined,correct
dragged-0052,2,no_conflict,how many champions league trophies does arsenal have,,undetermined,correct
dragged-0052,3,no_conflict,how many champions league trophies does arsenal have,,undetermined,noise
dragged-0052,4,no_conflict,how many champions league trophies does arsenal have,,undetermined,correct
dragged-0052,5,no_conflict,how many champions league trophies does arsenal have,,undetermined,noise
dragged-0052,6,no_conflict,how many champions league trophies does arsenal have,,undetermined,correct
dragged-0052,7,no_conflict,how many champions league trophies does arsenal have,,undetermined,correct
dragged-0052,8,no_conflict,how many champions league trophies does arsenal have,,undetermined,correct
dragged-0054,0,no_conflict,how many us states currently use capital punishment?,,undetermined,noise
dragged-0054,1,no_conflict,how many us states currently use capital punishment?,,undetermined,noise
dragged-0054,2,no_conflict,how many us states currently use capital punishment?,,undetermined,noise
dragged-0054,3,no_conflict,how many us states currently use capital punishment?,,undetermined,correct
dragged-0054,4,no_conflict,how many us states currently use capital punishment?,,undetermined,noise
dragged-0054,5,no_conflict,how many us states currently use capital punishment?,,undetermined,correct
dragged-0054,6,no_conflict,how many us states currently use capital punishment?,,undetermined,correct
dragged-0054,7,no_conflict,how many us states currently use capital punishment?,,undetermined,correct
dragged-0054,8,no_conflict,how many us states currently use capital punishment?,,undetermined,noise
dragged-0055,0,no_conflict,what date is traditionally given to the first deportation of exiles from judah,1,derived_stringmatch,correct
dragged-0055,1,no_conflict,what date is traditionally given to the first deportation of exiles from judah,1,derived_stringmatch,correct
dragged-0055,2,no_conflict,what date is traditionally given to the first deportation of exiles from judah,0,derived_stringmatch,correct
dragged-0055,3,no_conflict,what date is traditionally given to the first deportation of exiles from judah,1,derived_stringmatch,correct
dragged-0055,4,no_conflict,what date is traditionally given to the first deportation of exiles from judah,1,derived_stringmatch,correct
dragged-0055,5,no_conflict,what date is traditionally given to the first deportation of exiles from judah,0,derived_stringmatch,noise
dragged-0055,6,no_conflict,what date is traditionally given to the first deportation of exiles from judah,0,derived_stringmatch,noise
dragged-0055,7,no_conflict,what date is traditionally given to the first deportation of exiles from judah,1,derived_stringmatch,correct
dragged-0055,8,no_conflict,what date is traditionally given to the first deportation of exiles from judah,0,derived_stringmatch,noise
dragged-0055,9,no_conflict,what date is traditionally given to the first deportation of exiles from judah,1,derived_stringmatch,correct
dragged-0057,0,no_conflict,who has the most green jackets from the masters?,1,derived_stringmatch,correct
dragged-0057,1,no_conflict,who has the most green jackets from the masters?,1,derived_stringmatch,correct
dragged-0057,2,no_conflict,who has the most green jackets from the masters?,1,derived_stringmatch,correct
dragged-0057,3,no_conflict,who has the most green jackets from the masters?,1,derived_stringmatch,correct
dragged-0057,4,no_conflict,who has the most green jackets from the masters?,1,derived_stringmatch,correct
dragged-0057,5,no_conflict,who has the most green jackets from the masters?,1,derived_stringmatch,correct
dragged-0057,6,no_conflict,who has the most green jackets from the masters?,0,derived_stringmatch,noise
dragged-0057,7,no_conflict,who has the most green jackets from the masters?,1,derived_stringmatch,correct
dragged-0057,8,no_conflict,who has the most green jackets from the masters?,1,derived_stringmatch,correct
dragged-0057,9,no_conflict,who has the most green jackets from the masters?,0,derived_stringmatch,noise
dragged-0058,0,no_conflict,Is there sound in space?,,undetermined,noise
dragged-0058,1,no_conflict,Is there sound in space?,,undetermined,noise
dragged-0058,2,no_conflict,Is there sound in space?,,undetermined,noise
dragged-0058,3,no_conflict,Is there sound in space?,,undetermined,noise
dragged-0058,4,no_conflict,Is there sound in space?,,undetermined,noise
dragged-0058,5,no_conflict,Is there sound in space?,,undetermined,noise
dragged-0058,6,no_conflict,Is there sound in space?,,undetermined,noise
dragged-0058,7,no_conflict,Is there sound in space?,,undetermined,noise
dragged-0058,8,no_conflict,Is there sound in space?,,undetermined,noise
dragged-0058,9,no_conflict,Is there sound in space?,,undetermined,noise
dragged-0059,0,no_conflict,what is the name of the chief justice,1,derived_stringmatch,correct
dragged-0059,1,no_conflict,what is the name of the chief justice,1,derived_stringmatch,correct
dragged-0059,2,no_conflict,what is the name of the chief justice,0,derived_stringmatch,noise
dragged-0059,3,no_conflict,what is the name of the chief justice,0,derived_stringmatch,noise
dragged-0059,4,no_conflict,what is the name of the chief justice,0,derived_stringmatch,noise
dragged-0059,5,no_conflict,what is the name of the chief justice,0,derived_stringmatch,noise
dragged-0059,6,no_conflict,what is the name of the chief justice,1,derived_stringmatch,correct
dragged-0059,7,no_conflict,what is the name of the chief justice,0,derived_stringmatch,correct
dragged-0059,8,no_conflict,what is the name of the chief justice,0,derived_stringmatch,noise
dragged-0059,9,no_conflict,what is the name of the chief justice,0,derived_stringmatch,noise
dragged-0060,0,no_conflict,who has the highest paid contract in the nba,0,derived_stringmatch,correct
dragged-0060,1,no_conflict,who has the highest paid contract in the nba,0,derived_stringmatch,noise
dragged-0060,2,no_conflict,who has the highest paid contract in the nba,0,derived_stringmatch,correct
dragged-0060,3,no_conflict,who has the highest paid contract in the nba,0,derived_stringmatch,correct
dragged-0060,4,no_conflict,who has the highest paid contract in the nba,0,derived_stringmatch,correct
dragged-0060,5,no_conflict,who has the highest paid contract in the nba,0,derived_stringmatch,correct
dragged-0060,6,no_conflict,who has the highest paid contract in the nba,0,derived_stringmatch,correct
dragged-0060,7,no_conflict,who has the highest paid contract in the nba,0,derived_stringmatch,noise
dragged-0060,8,no_conflict,who has the highest paid contract in the nba,0,derived_stringmatch,noise
dragged-0065,0,no_conflict,How many undergraduate students enrolled in Reed College in the most recent fall semester?,0,derived_stringmatch,noise
dragged-0065,1,no_conflict,How many undergraduate students enrolled in Reed College in the most recent fall semester?,0,derived_stringmatch,noise
dragged-0065,2,no_conflict,How many undergraduate students enrolled in Reed College in the most recent fall semester?,1,derived_stringmatch,correct
dragged-0065,3,no_conflict,How many undergraduate students enrolled in Reed College in the most recent fall semester?,0,derived_stringmatch,noise
dragged-0065,4,no_conflict,How many undergraduate students enrolled in Reed College in the most recent fall semester?,0,derived_stringmatch,noise
dragged-0065,5,no_conflict,How many undergraduate students enrolled in Reed College in the most recent fall semester?,0,derived_stringmatch,noise
dragged-0065,6,no_conflict,How many undergraduate students enrolled in Reed College in the most recent fall semester?,0,derived_stringmatch,noise
dragged-0065,7,no_conflict,How many undergraduate students enrolled in Reed College in the most recent fall semester?,0,derived_stringmatch,noise
dragged-0066,0,no_conflict,Can the 'big bang' theory and creationism coexist?,,undetermined,noise
dragged-0066,1,no_conflict,Can the 'big bang' theory and creationism coexist?,,undetermined,noise
dragged-0066,2,no_conflict,Can the 'big bang' theory and creationism coexist?,,undetermined,noise
dragged-0066,3,no_conflict,Can the 'big bang' theory and creationism coexist?,,undetermined,noise
dragged-0066,4,no_conflict,Can the 'big bang' theory and creationism coexist?,,undetermined,noise
dragged-0068,0,no_conflict,Who is the oldest living actor and actress in hollywood?,0,derived_stringmatch,noise
dragged-0068,1,no_conflict,Who is the oldest living actor and actress in hollywood?,1,derived_stringmatch,correct
dragged-0068,2,no_conflict,Who is the oldest living actor and actress in hollywood?,0,derived_stringmatch,noise
dragged-0068,3,no_conflict,Who is the oldest living actor and actress in hollywood?,0,derived_stringmatch,noise
dragged-0068,4,no_conflict,Who is the oldest living actor and actress in hollywood?,0,derived_stringmatch,noise
dragged-0068,5,no_conflict,Who is the oldest living actor and actress in hollywood?,0,derived_stringmatch,noise
dragged-0068,6,no_conflict,Who is the oldest living actor and actress in hollywood?,0,derived_stringmatch,noise
dragged-0068,7,no_conflict,Who is the oldest living actor and actress in hollywood?,0,derived_stringmatch,noise
dragged-0068,8,no_conflict,Who is the oldest living actor and actress in hollywood?,0,derived_stringmatch,noise
dragged-0068,9,no_conflict,Who is the oldest living actor and actress in hollywood?,0,derived_stringmatch,noise
dragged-0070,0,no_conflict,Who defines economics as the science of wealth?,1,derived_stringmatch,correct
dragged-0070,1,no_conflict,Who defines economics as the science of wealth?,0,derived_stringmatch,noise
dragged-0070,2,no_conflict,Who defines economics as the science of wealth?,1,derived_stringmatch,correct
dragged-0070,3,no_conflict,Who defines economics as the science of wealth?,1,derived_stringmatch,correct
dragged-0070,4,no_conflict,Who defines economics as the science of wealth?,1,derived_stringmatch,correct
dragged-0070,5,no_conflict,Who defines economics as the science of wealth?,1,derived_stringmatch,correct
dragged-0070,6,no_conflict,Who defines economics as the science of wealth?,1,derived_stringmatch,correct
dragged-0070,7,no_conflict,Who defines economics as the science of wealth?,1,derived_stringmatch,correct
dragged-0073,0,no_conflict,What is the base price of a Tesla Model Y Long Range All-Wheel Drive?,0,derived_stringmatch,noise
dragged-0073,1,no_conflict,What is the base price of a Tesla Model Y Long Range All-Wheel Drive?,0,derived_stringmatch,noise
dragged-0073,2,no_conflict,What is the base price of a Tesla Model Y Long Range All-Wheel Drive?,0,derived_stringmatch,noise
dragged-0073,3,no_conflict,What is the base price of a Tesla Model Y Long Range All-Wheel Drive?,0,derived_stringmatch,noise
dragged-0073,4,no_conflict,What is the base price of a Tesla Model Y Long Range All-Wheel Drive?,0,derived_stringmatch,noise
dragged-0073,5,no_conflict,What is the base price of a Tesla Model Y Long Range All-Wheel Drive?,0,derived_stringmatch,noise
dragged-0078,0,no_conflict,how old do you have to be to buy tobacco,,undetermined,correct
dragged-0078,1,no_conflict,how old do you have to be to buy tobacco,,undetermined,correct
dragged-0078,2,no_conflict,how old do you have to be to buy tobacco,,undetermined,correct
dragged-0078,3,no_conflict,how old do you have to be to buy tobacco,,undetermined,noise
dragged-0078,4,no_conflict,how old do you have to be to buy tobacco,,undetermined,correct
dragged-0078,5,no_conflict,how old do you have to be to buy tobacco,,undetermined,correct
dragged-0078,6,no_conflict,how old do you have to be to buy tobacco,,undetermined,correct
dragged-0078,7,no_conflict,how old do you have to be to buy tobacco,,undetermined,correct
dragged-0078,8,no_conflict,how old do you have to be to buy tobacco,,undetermined,correct
dragged-0078,9,no_conflict,how old do you have to be to buy tobacco,,undetermined,correct
dragged-0079,0,no_conflict,when was the chain first used for f1?,1,derived_stringmatch,correct
dragged-0079,1,no_conflict,when was the chain first used for f1?,0,derived_stringmatch,noise
dragged-0079,2,no_conflict,when was the chain first used for f1?,1,derived_stringmatch,correct
dragged-0079,3,no_conflict,when was the chain first used for f1?,0,derived_stringmatch,noise
dragged-0079,4,no_conflict,when was the chain first used for f1?,1,derived_stringmatch,correct
dragged-0079,5,no_conflict,when was the chain first used for f1?,0,derived_stringmatch,noise
dragged-0079,6,no_conflict,when was the chain first used for f1?,1,derived_stringmatch,correct
dragged-0079,7,no_conflict,when was the chain first used for f1?,1,derived_stringmatch,correct
dragged-0079,8,no_conflict,when was the chain first used for f1?,0,derived_stringmatch,noise
dragged-0079,9,no_conflict,when was the chain first used for f1?,1,derived_stringmatch,correct
dragged-0083,0,no_conflict,Is cloud computing more secure than traditional IT systems?,,undetermined,noise
dragged-0083,1,no_conflict,Is cloud computing more secure than traditional IT systems?,,undetermined,noise
dragged-0083,2,no_conflict,Is cloud computing more secure than traditional IT systems?,,undetermined,noise
dragged-0083,3,no_conflict,Is cloud computing more secure than traditional IT systems?,,undetermined,noise
dragged-0083,4,no_conflict,Is cloud computing more secure than traditional IT systems?,,undetermined,noise
dragged-0083,5,no_conflict,Is cloud computing more secure than traditional IT systems?,,undetermined,noise
dragged-0083,6,no_conflict,Is cloud computing more secure than traditional IT systems?,,undetermined,noise
dragged-0083,7,no_conflict,Is cloud computing more secure than traditional IT systems?,,undetermined,noise
dragged-0085,0,no_conflict,Who won the most recent Time Magazine's Athlete of the Year?,1,derived_stringmatch,correct
dragged-0085,1,no_conflict,Who won the most recent Time Magazine's Athlete of the Year?,1,derived_stringmatch,correct
dragged-0085,2,no_conflict,Who won the most recent Time Magazine's Athlete of the Year?,1,derived_stringmatch,correct
dragged-0085,3,no_conflict,Who won the most recent Time Magazine's Athlete of the Year?,0,derived_stringmatch,noise
dragged-0085,4,no_conflict,Who won the most recent Time Magazine's Athlete of the Year?,1,derived_stringmatch,correct
dragged-0085,5,no_conflict,Who won the most recent Time Magazine's Athlete of the Year?,1,derived_stringmatch,correct
dragged-0085,6,no_conflict,Who won the most recent Time Magazine's Athlete of the Year?,0,derived_stringmatch,noise
dragged-0085,7,no_conflict,Who won the most recent Time Magazine's Athlete of the Year?,1,derived_stringmatch,correct
dragged-0085,8,no_conflict,Who won the most recent Time Magazine's Athlete of the Year?,1,derived_stringmatch,correct
dragged-0092,0,no_conflict,when does the emoji movie come out,1,derived_stringmatch,correct
dragged-0092,1,no_conflict,when does the emoji movie come out,0,derived_stringmatch,noise
dragged-0092,2,no_conflict,when does the emoji movie come out,1,derived_stringmatch,correct
dragged-0092,3,no_conflict,when does the emoji movie come out,0,derived_stringmatch,noise
dragged-0092,4,no_conflict,when does the emoji movie come out,0,derived_stringmatch,noise
dragged-0092,5,no_conflict,when does the emoji movie come out,0,derived_stringmatch,noise
dragged-0092,6,no_conflict,when does the emoji movie come out,0,derived_stringmatch,noise
dragged-0092,7,no_conflict,when does the emoji movie come out,0,derived_stringmatch,noise
dragged-0092,8,no_conflict,when does the emoji movie come out,0,derived_stringmatch,correct
dragged-0096,0,no_conflict,who is the current coach of the chicago bulls?,0,derived_stringmatch,noise
dragged-0096,1,no_conflict,who is the current coach of the chicago bulls?,1,derived_stringmatch,correct
dragged-0096,2,no_conflict,who is the current coach of the chicago bulls?,1,derived_stringmatch,correct
dragged-0096,3,no_conflict,who is the current coach of the chicago bulls?,1,derived_stringmatch,correct
dragged-0096,4,no_conflict,who is the current coach of the chicago bulls?,1,derived_stringmatch,correct
dragged-0096,5,no_conflict,who is the current coach of the chicago bulls?,1,derived_stringmatch,correct
dragged-0096,6,no_conflict,who is the current coach of the chicago bulls?,1,derived_stringmatch,correct
dragged-0096,7,no_conflict,who is the current coach of the chicago bulls?,1,derived_stringmatch,correct
dragged-0096,8,no_conflict,who is the current coach of the chicago bulls?,1,derived_stringmatch,correct
dragged-0098,0,no_conflict,when did the patriots became new england,0,derived_stringmatch,correct
dragged-0098,1,no_conflict,when did the patriots became new england,1,derived_stringmatch,correct
dragged-0098,2,no_conflict,when did the patriots became new england,0,derived_stringmatch,noise
dragged-0098,3,no_conflict,when did the patriots became new england,1,derived_stringmatch,correct
dragged-0098,4,no_conflict,when did the patriots became new england,0,derived_stringmatch,noise
dragged-0098,5,no_conflict,when did the patriots became new england,0,derived_stringmatch,noise
dragged-0098,6,no_conflict,when did the patriots became new england,0,derived_stringmatch,noise
dragged-0098,7,no_conflict,when did the patriots became new england,0,derived_stringmatch,correct
dragged-0098,8,no_conflict,when did the patriots became new england,0,derived_stringmatch,noise
dragged-0100,0,no_conflict,How much does the Netflix basic plan without ads cost in the US?,0,derived_stringmatch,noise
dragged-0100,1,no_conflict,How much does the Netflix basic plan without ads cost in the US?,1,derived_stringmatch,correct
dragged-0100,2,no_conflict,How much does the Netflix basic plan without ads cost in the US?,0,derived_stringmatch,correct
dragged-0100,3,no_conflict,How much does the Netflix basic plan without ads cost in the US?,0,derived_stringmatch,noise
dragged-0100,4,no_conflict,How much does the Netflix basic plan without ads cost in the US?,1,derived_stringmatch,correct
dragged-0100,5,no_conflict,How much does the Netflix basic plan without ads cost in the US?,0,derived_stringmatch,correct
dragged-0100,6,no_conflict,How much does the Netflix basic plan without ads cost in the US?,0,derived_stringmatch,correct
dragged-0100,7,no_conflict,How much does the Netflix basic plan without ads cost in the US?,0,derived_stringmatch,correct
dragged-0100,8,no_conflict,How much does the Netflix basic plan without ads cost in the US?,1,derived_stringmatch,correct
dragged-0100,9,no_conflict,How much does the Netflix basic plan without ads cost in the US?,0,derived_stringmatch,correct
dragged-0101,0,no_conflict,when was pin code system introduced,1,derived_stringmatch,correct
dragged-0101,1,no_conflict,when was pin code system introduced,0,derived_stringmatch,correct
dragged-0101,2,no_conflict,when was pin code system introduced,0,derived_stringmatch,correct
dragged-0101,3,no_conflict,when was pin code system introduced,1,derived_stringmatch,correct
dragged-0101,4,no_conflict,when was pin code system introduced,1,derived_stringmatch,correct
dragged-0101,5,no_conflict,when was pin code system introduced,0,derived_stringmatch,correct
dragged-0101,6,no_conflict,when was pin code system introduced,0,derived_stringmatch,correct
dragged-0101,7,no_conflict,when was pin code system introduced,1,derived_stringmatch,correct
dragged-0101,8,no_conflict,when was pin code system introduced,1,derived_stringmatch,correct
dragged-0102,0,no_conflict,Who is the most recent woman to become President of Peru?,1,derived_stringmatch,correct
dragged-0102,1,no_conflict,Who is the most recent woman to become President of Peru?,0,derived_stringmatch,noise
dragged-0102,2,no_conflict,Who is the most recent woman to become President of Peru?,1,derived_stringmatch,correct
dragged-0102,3,no_conflict,Who is the most recent woman to become President of Peru?,0,derived_stringmatch,correct
dragged-0102,4,no_conflict,Who is the most recent woman to become President of Peru?,1,derived_stringmatch,correct
dragged-0102,5,no_conflict,Who is the most recent woman to become President of Peru?,1,derived_stringmatch,correct
dragged-0102,6,no_conflict,Who is the most recent woman to become President of Peru?,1,derived_stringmatch,correct
dragged-0102,7,no_conflict,Who is the most recent woman to become President of Peru?,1,derived_stringmatch,correct
dragged-0102,8,no_conflict,Who is the most recent woman to become President of Peru?,1,derived_stringmatch,correct
dragged-0102,9,no_conflict,Who is the most recent woman to become President of Peru?,1,derived_stringmatch,correct
dragged-0104,0,no_conflict,How many novels has Stephen King published under his real name?,,undetermined,noise
dragged-0104,1,no_conflict,How many novels has Stephen King published under his real name?,,undetermined,noise
dragged-0104,2,no_conflict,How many novels has Stephen King published under his real name?,,undetermined,noise
dragged-0104,3,no_conflict,How many novels has Stephen King published under his real name?,,undetermined,noise
dragged-0104,4,no_conflict,How many novels has Stephen King published under his real name?,,undetermined,noise
dragged-0104,5,no_conflict,How many novels has Stephen King published under his real name?,,undetermined,noise
dragged-0104,6,no_conflict,How many novels has Stephen King published under his real name?,,undetermined,noise
dragged-0104,7,no_conflict,How many novels has Stephen King published under his real name?,,undetermined,noise
dragged-0104,8,no_conflict,How many novels has Stephen King published under his real name?,,undetermined,noise
dragged-0107,0,no_conflict,when did hurricane maria occur,0,derived_stringmatch,correct
dragged-0107,1,no_conflict,when did hurricane maria occur,0,derived_stringmatch,noise
dragged-0107,2,no_conflict,when did hurricane maria occur,0,derived_stringmatch,correct
dragged-0107,3,no_conflict,when did hurricane maria occur,0,derived_stringmatch,noise
dragged-0107,4,no_conflict,when did hurricane maria occur,0,derived_stringmatch,noise
dragged-0107,5,no_conflict,when did hurricane maria occur,0,derived_stringmatch,noise
dragged-0107,6,no_conflict,when did hurricane maria occur,0,derived_stringmatch,correct
dragged-0107,7,no_conflict,when did hurricane maria occur,0,derived_stringmatch,correct
dragged-0107,8,no_conflict,when did hurricane maria occur,0,derived_stringmatch,correct
dragged-0107,9,no_conflict,when did hurricane maria occur,0,derived_stringmatch,noise
dragged-0108,0,no_conflict,"Which state in the U.S. has the highest death rate of COVID-19 since Jan 1, 2020?",0,derived_stringmatch,noise
dragged-0108,1,no_conflict,"Which state in the U.S. has the highest death rate of COVID-19 since Jan 1, 2020?",0,derived_stringmatch,noise
dragged-0108,2,no_conflict,"Which state in the U.S. has the highest death rate of COVID-19 since Jan 1, 2020?",0,derived_stringmatch,noise
dragged-0108,3,no_conflict,"Which state in the U.S. has the highest death rate of COVID-19 since Jan 1, 2020?",0,derived_stringmatch,noise
dragged-0108,4,no_conflict,"Which state in the U.S. has the highest death rate of COVID-19 since Jan 1, 2020?",1,derived_stringmatch,correct
dragged-0108,5,no_conflict,"Which state in the U.S. has the highest death rate of COVID-19 since Jan 1, 2020?",0,derived_stringmatch,noise
dragged-0108,6,no_conflict,"Which state in the U.S. has the highest death rate of COVID-19 since Jan 1, 2020?",0,derived_stringmatch,noise
dragged-0108,7,no_conflict,"Which state in the U.S. has the highest death rate of COVID-19 since Jan 1, 2020?",0,derived_stringmatch,noise
dragged-0108,8,no_conflict,"Which state in the U.S. has the highest death rate of COVID-19 since Jan 1, 2020?",0,derived_stringmatch,noise
dragged-0108,9,no_conflict,"Which state in the U.S. has the highest death rate of COVID-19 since Jan 1, 2020?",0,derived_stringmatch,noise
dragged-0109,0,no_conflict,Are the brains of men and women wired differently?,,undetermined,noise
dragged-0109,1,no_conflict,Are the brains of men and women wired differently?,,undetermined,noise
dragged-0109,2,no_conflict,Are the brains of men and women wired differently?,,undetermined,noise
dragged-0109,3,no_conflict,Are the brains of men and women wired differently?,,undetermined,noise
dragged-0109,4,no_conflict,Are the brains of men and women wired differently?,,undetermined,noise
dragged-0109,5,no_conflict,Are the brains of men and women wired differently?,,undetermined,noise
dragged-0110,0,no_conflict,when was the first automobile invented,0,derived_stringmatch,noise
dragged-0110,1,no_conflict,when was the first automobile invented,0,derived_stringmatch,noise
dragged-0110,2,no_conflict,when was the first automobile invented,0,derived_stringmatch,noise
dragged-0110,3,no_conflict,when was the first automobile invented,0,derived_stringmatch,noise
dragged-0110,4,no_conflict,when was the first automobile invented,0,derived_stringmatch,noise
dragged-0110,5,no_conflict,when was the first automobile invented,1,derived_stringmatch,correct
dragged-0110,6,no_conflict,when was the first automobile invented,1,derived_stringmatch,correct
dragged-0110,7,no_conflict,when was the first automobile invented,1,derived_stringmatch,correct
dragged-0113,0,no_conflict,when did the civil war start,0,derived_stringmatch,correct
dragged-0113,1,no_conflict,when did the civil war start,1,derived_stringmatch,correct
dragged-0113,2,no_conflict,when did the civil war start,0,derived_stringmatch,noise
dragged-0113,3,no_conflict,when did the civil war start,0,derived_stringmatch,noise
dragged-0113,4,no_conflict,when did the civil war start,0,derived_stringmatch,noise
dragged-0113,5,no_conflict,when did the civil war start,0,derived_stringmatch,noise
dragged-0113,6,no_conflict,when did the civil war start,1,derived_stringmatch,correct
dragged-0113,7,no_conflict,when did the civil war start,1,derived_stringmatch,correct
dragged-0113,8,no_conflict,when did the civil war start,0,derived_stringmatch,noise
dragged-0117,0,no_conflict,Does 'dreaming' only take place during REM sleep?,,undetermined,correct
dragged-0117,1,no_conflict,Does 'dreaming' only take place during REM sleep?,,undetermined,correct
dragged-0117,2,no_conflict,Does 'dreaming' only take place during REM sleep?,,undetermined,correct
dragged-0117,3,no_conflict,Does 'dreaming' only take place during REM sleep?,,undetermined,correct
dragged-0117,4,no_conflict,Does 'dreaming' only take place during REM sleep?,,undetermined,correct
dragged-0117,5,no_conflict,Does 'dreaming' only take place during REM sleep?,,undetermined,correct
dragged-0118,0,no_conflict,which country is the last member of saarc,1,derived_stringmatch,correct
dragged-0118,1,no_conflict,which country is the last member of saarc,1,derived_stringmatch,correct
dragged-0118,2,no_conflict,which country is the last member of saarc,1,derived_stringmatch,correct
dragged-0118,3,no_conflict,which country is the last member of saarc,1,derived_stringmatch,correct
dragged-0118,4,no_conflict,which country is the last member of saarc,1,derived_stringmatch,correct
dragged-0118,5,no_conflict,which country is the last member of saarc,1,derived_stringmatch,correct
dragged-0118,6,no_conflict,which country is the last member of saarc,1,derived_stringmatch,correct
dragged-0118,7,no_conflict,which country is the last member of saarc,0,derived_stringmatch,noise
dragged-0118,8,no_conflict,which country is the last member of saarc,1,derived_stringmatch,correct
dragged-0120,0,no_conflict,what is the most viewed video on youtube ever,0,derived_stringmatch,correct
dragged-0120,1,no_conflict,what is the most viewed video on youtube ever,1,derived_stringmatch,correct
dragged-0120,2,no_conflict,what is the most viewed video on youtube ever,1,derived_stringmatch,correct
dragged-0120,3,no_conflict,what is the most viewed video on youtube ever,0,derived_stringmatch,noise
dragged-0120,4,no_conflict,what is the most viewed video on youtube ever,1,derived_stringmatch,correct
dragged-0120,5,no_conflict,what is the most viewed video on youtube ever,1,derived_stringmatch,correct
dragged-0120,6,no_conflict,what is the most viewed video on youtube ever,0,derived_stringmatch,noise
dragged-0120,7,no_conflict,what is the most viewed video on youtube ever,0,derived_stringmatch,noise
dragged-0120,8,no_conflict,what is the most viewed video on youtube ever,0,derived_stringmatch,noise
dragged-0125,0,no_conflict,Is a .COM domain better for SEO?,,undetermined,correct
dragged-0125,1,no_conflict,Is a .COM domain better for SEO?,,undetermined,correct
dragged-0125,2,no_conflict,Is a .COM domain better for SEO?,,undetermined,correct
dragged-0125,3,no_conflict,Is a .COM domain better for SEO?,,undetermined,correct
dragged-0125,4,no_conflict,Is a .COM domain better for SEO?,,undetermined,correct
dragged-0128,0,no_conflict,what stations in seattle are owned by sinclair,0,derived_stringmatch,noise
dragged-0128,1,no_conflict,what stations in seattle are owned by sinclair,0,derived_stringmatch,noise
dragged-0128,2,no_conflict,what stations in seattle are owned by sinclair,0,derived_stringmatch,noise
dragged-0128,3,no_conflict,what stations in seattle are owned by sinclair,1,derived_stringmatch,correct
dragged-0128,4,no_conflict,what stations in seattle are owned by sinclair,0,derived_stringmatch,noise
dragged-0128,5,no_conflict,what stations in seattle are owned by sinclair,0,derived_stringmatch,noise
dragged-0128,6,no_conflict,what stations in seattle are owned by sinclair,1,derived_stringmatch,correct
dragged-0128,7,no_conflict,what stations in seattle are owned by sinclair,1,derived_stringmatch,correct
dragged-0128,8,no_conflict,what stations in seattle are owned by sinclair,1,derived_stringmatch,correct
dragged-0133,0,no_conflict,what is the biggest country in europe by population?,1,derived_stringmatch,correct
dragged-0133,1,no_conflict,what is the biggest country in europe by population?,1,derived_stringmatch,correct
dragged-0133,2,no_conflict,what is the biggest country in europe by population?,0,derived_stringmatch,noise
dragged-0133,3,no_conflict,what is the biggest country in europe by population?,0,derived_stringmatch,noise
dragged-0133,4,no_conflict,what is the biggest country in europe by population?,1,derived_stringmatch,correct
dragged-0133,5,no_conflict,what is the biggest country in europe by population?,1,derived_stringmatch,correct
dragged-0133,6,no_conflict,what is the biggest country in europe by population?,1,derived_stringmatch,correct
dragged-0133,7,no_conflict,what is the biggest country in europe by population?,0,derived_stringmatch,noise
dragged-0133,8,no_conflict,what is the biggest country in europe by population?,1,derived_stringmatch,correct
dragged-0134,0,no_conflict,How many grand slams does Rafael Nadal have?,,undetermined,correct
dragged-0134,1,no_conflict,How many grand slams does Rafael Nadal have?,,undetermined,correct
dragged-0134,2,no_conflict,How many grand slams does Rafael Nadal have?,,undetermined,correct
dragged-0134,3,no_conflict,How many grand slams does Rafael Nadal have?,,undetermined,correct
dragged-0134,4,no_conflict,How many grand slams does Rafael Nadal have?,,undetermined,correct
dragged-0134,5,no_conflict,How many grand slams does Rafael Nadal have?,,undetermined,correct
dragged-0134,6,no_conflict,How many grand slams does Rafael Nadal have?,,undetermined,correct
dragged-0134,7,no_conflict,How many grand slams does Rafael Nadal have?,,undetermined,correct
dragged-0134,8,no_conflict,How many grand slams does Rafael Nadal have?,,undetermined,correct
dragged-0135,0,no_conflict,What is Brad Pitt's most recent movie as an actor?,0,derived_stringmatch,noise
dragged-0135,1,no_conflict,What is Brad Pitt's most recent movie as an actor?,0,derived_stringmatch,noise
dragged-0135,2,no_conflict,What is Brad Pitt's most recent movie as an actor?,0,derived_stringmatch,noise
dragged-0135,3,no_conflict,What is Brad Pitt's most recent movie as an actor?,0,derived_stringmatch,noise
dragged-0135,4,no_conflict,What is Brad Pitt's most recent movie as an actor?,0,derived_stringmatch,noise
dragged-0135,5,no_conflict,What is Brad Pitt's most recent movie as an actor?,0,derived_stringmatch,noise
dragged-0135,6,no_conflict,What is Brad Pitt's most recent movie as an actor?,0,derived_stringmatch,noise
dragged-0135,7,no_conflict,What is Brad Pitt's most recent movie as an actor?,1,derived_stringmatch,correct
dragged-0136,0,no_conflict,how many seasons are there for lost girl,,undetermined,correct
dragged-0136,1,no_conflict,how many seasons are there for lost girl,,undetermined,noise
dragged-0136,2,no_conflict,how many seasons are there for lost girl,,undetermined,correct
dragged-0136,3,no_conflict,how many seasons are there for lost girl,,undetermined,correct
dragged-0136,4,no_conflict,how many seasons are there for lost girl,,undetermined,noise
dragged-0136,5,no_conflict,how many seasons are there for lost girl,,undetermined,noise
dragged-0136,6,no_conflict,how many seasons are there for lost girl,,undetermined,noise
dragged-0136,7,no_conflict,how many seasons are there for lost girl,,undetermined,correct
dragged-0136,8,no_conflict,how many seasons are there for lost girl,,undetermined,noise
dragged-0138,0,no_conflict,How many people from Princeton University have won the Fields Medal?,,undetermined,correct
dragged-0138,1,no_conflict,How many people from Princeton University have won the Fields Medal?,,undetermined,noise
dragged-0138,2,no_conflict,How many people from Princeton University have won the Fields Medal?,,undetermined,correct
dragged-0138,3,no_conflict,How many people from Princeton University have won the Fields Medal?,,undetermined,correct
dragged-0138,4,no_conflict,How many people from Princeton University have won the Fields Medal?,,undetermined,correct
dragged-0138,5,no_conflict,How many people from Princeton University have won the Fields Medal?,,undetermined,noise
dragged-0138,6,no_conflict,How many people from Princeton University have won the Fields Medal?,,undetermined,correct
dragged-0138,7,no_conflict,How many people from Princeton University have won the Fields Medal?,,undetermined,correct
dragged-0138,8,no_conflict,How many people from Princeton University have won the Fields Medal?,,undetermined,correct
dragged-0138,9,no_conflict,How many people from Princeton University have won the Fields Medal?,,undetermined,correct
dragged-0140,0,no_conflict,who translated national song in english,1,derived_stringmatch,correct
dragged-0140,1,no_conflict,who translated national song in english,0,derived_stringmatch,correct
dragged-0140,2,no_conflict,who translated national song in english,0,derived_stringmatch,noise
dragged-0140,3,no_conflict,who translated national song in english,0,derived_stringmatch,noise
dragged-0140,4,no_conflict,who translated national song in english,0,derived_stringmatch,noise
dragged-0140,5,no_conflict,who translated national song in english,0,derived_stringmatch,noise
dragged-0140,6,no_conflict,who translated national song in english,0,derived_stringmatch,noise
dragged-0140,7,no_conflict,who translated national song in english,0,derived_stringmatch,noise
dragged-0140,8,no_conflict,who translated national song in english,1,derived_stringmatch,correct
dragged-0141,0,no_conflict,Does sugar directly lead to cavities?,0,derived_stringmatch,noise
dragged-0141,1,no_conflict,Does sugar directly lead to cavities?,0,derived_stringmatch,correct
dragged-0141,2,no_conflict,Does sugar directly lead to cavities?,0,derived_stringmatch,correct
dragged-0141,3,no_conflict,Does sugar directly lead to cavities?,0,derived_stringmatch,correct
dragged-0141,4,no_conflict,Does sugar directly lead to cavities?,0,derived_stringmatch,correct
dragged-0141,5,no_conflict,Does sugar directly lead to cavities?,0,derived_stringmatch,noise
dragged-0141,6,no_conflict,Does sugar directly lead to cavities?,0,derived_stringmatch,correct
dragged-0141,7,no_conflict,Does sugar directly lead to cavities?,0,derived_stringmatch,correct
dragged-0141,8,no_conflict,Does sugar directly lead to cavities?,0,derived_stringmatch,correct
dragged-0141,9,no_conflict,Does sugar directly lead to cavities?,0,derived_stringmatch,correct
dragged-0141,10,no_conflict,Does sugar directly lead to cavities?,0,derived_stringmatch,correct
dragged-0141,11,no_conflict,Does sugar directly lead to cavities?,0,derived_stringmatch,noise
dragged-0141,12,no_conflict,Does sugar directly lead to cavities?,0,derived_stringmatch,correct
dragged-0141,13,no_conflict,Does sugar directly lead to cavities?,0,derived_stringmatch,correct
dragged-0141,14,no_conflict,Does sugar directly lead to cavities?,0,derived_stringmatch,correct
dragged-0141,15,no_conflict,Does sugar directly lead to cavities?,0,derived_stringmatch,noise
dragged-0141,16,no_conflict,Does sugar directly lead to cavities?,0,derived_stringmatch,correct
dragged-0141,17,no_conflict,Does sugar directly lead to cavities?,0,derived_stringmatch,noise
dragged-0141,18,no_conflict,Does sugar directly lead to cavities?,0,derived_stringmatch,correct
dragged-0143,0,no_conflict,how many countries participated for the first time in the 2014 olympic winter games,,undetermined,correct
dragged-0143,1,no_conflict,how many countries participated for the first time in the 2014 olympic winter games,,undetermined,noise
dragged-0143,2,no_conflict,how many countries participated for the first time in the 2014 olympic winter games,,undetermined,noise
dragged-0143,3,no_conflict,how many countries participated for the first time in the 2014 olympic winter games,,undetermined,correct
dragged-0143,4,no_conflict,how many countries participated for the first time in the 2014 olympic winter games,,undetermined,noise
dragged-0143,5,no_conflict,how many countries participated for the first time in the 2014 olympic winter games,,undetermined,noise
dragged-0143,6,no_conflict,how many countries participated for the first time in the 2014 olympic winter games,,undetermined,correct
dragged-0143,7,no_conflict,how many countries participated for the first time in the 2014 olympic winter games,,undetermined,correct
dragged-0143,8,no_conflict,how many countries participated for the first time in the 2014 olympic winter games,,undetermined,correct
dragged-0144,0,no_conflict,When does the largest marathon in the world start this year?,0,derived_stringmatch,noise
dragged-0144,1,no_conflict,When does the largest marathon in the world start this year?,0,derived_stringmatch,noise
dragged-0144,2,no_conflict,When does the largest marathon in the world start this year?,0,derived_stringmatch,noise
dragged-0144,3,no_conflict,When does the largest marathon in the world start this year?,0,derived_stringmatch,noise
dragged-0144,4,no_conflict,When does the largest marathon in the world start this year?,0,derived_stringmatch,noise
dragged-0144,5,no_conflict,When does the largest marathon in the world start this year?,0,derived_stringmatch,noise
dragged-0144,6,no_conflict,When does the largest marathon in the world start this year?,1,derived_stringmatch,correct
dragged-0144,7,no_conflict,When does the largest marathon in the world start this year?,0,derived_stringmatch,noise
dragged-0144,8,no_conflict,When does the largest marathon in the world start this year?,0,derived_stringmatch,correct
dragged-0144,9,no_conflict,When does the largest marathon in the world start this year?,0,derived_stringmatch,correct
dragged-0146,0,no_conflict,what is the salary of the ceo of microsoft,0,derived_stringmatch,noise
dragged-0146,1,no_conflict,what is the salary of the ceo of microsoft,1,derived_stringmatch,correct
dragged-0146,2,no_conflict,what is the salary of the ceo of microsoft,0,derived_stringmatch,noise
dragged-0146,3,no_conflict,what is the salary of the ceo of microsoft,1,derived_stringmatch,correct
dragged-0146,4,no_conflict,what is the salary of the ceo of microsoft,1,derived_stringmatch,correct
dragged-0146,5,no_conflict,what is the salary of the ceo of microsoft,0,derived_stringmatch,noise
dragged-0146,6,no_conflict,what is the salary of the ceo of microsoft,0,derived_stringmatch,noise
dragged-0146,7,no_conflict,what is the salary of the ceo of microsoft,0,derived_stringmatch,noise
dragged-0146,8,no_conflict,what is the salary of the ceo of microsoft,1,derived_stringmatch,correct
dragged-0149,0,no_conflict,In which country was the richest woman in the world born?,0,derived_stringmatch,noise
dragged-0149,1,no_conflict,In which country was the richest woman in the world born?,0,derived_stringmatch,noise
dragged-0149,2,no_conflict,In which country was the richest woman in the world born?,1,derived_stringmatch,correct
dragged-0149,3,no_conflict,In which country was the richest woman in the world born?,0,derived_stringmatch,noise
dragged-0149,4,no_conflict,In which country was the richest woman in the world born?,0,derived_stringmatch,noise
dragged-0149,5,no_conflict,In which country was the richest woman in the world born?,0,derived_stringmatch,correct
dragged-0149,6,no_conflict,In which country was the richest woman in the world born?,1,derived_stringmatch,correct
dragged-0149,7,no_conflict,In which country was the richest woman in the world born?,0,derived_stringmatch,noise
dragged-0149,8,no_conflict,In which country was the richest woman in the world born?,1,derived_stringmatch,correct
dragged-0152,0,no_conflict,How many seasons did Everwood have?,,undetermined,correct
dragged-0152,1,no_conflict,How many seasons did Everwood have?,,undetermined,noise
dragged-0152,2,no_conflict,How many seasons did Everwood have?,,undetermined,correct
dragged-0152,3,no_conflict,How many seasons did Everwood have?,,undetermined,noise
dragged-0152,4,no_conflict,How many seasons did Everwood have?,,undetermined,noise
dragged-0152,5,no_conflict,How many seasons did Everwood have?,,undetermined,correct
dragged-0152,6,no_conflict,How many seasons did Everwood have?,,undetermined,correct
dragged-0152,7,no_conflict,How many seasons did Everwood have?,,undetermined,noise
dragged-0152,8,no_conflict,How many seasons did Everwood have?,,undetermined,correct
dragged-0153,0,no_conflict,Is standing desk better for health than sitting?,,undetermined,noise
dragged-0153,1,no_conflict,Is standing desk better for health than sitting?,,undetermined,noise
dragged-0153,2,no_conflict,Is standing desk better for health than sitting?,,undetermined,noise
dragged-0153,3,no_conflict,Is standing desk better for health than sitting?,,undetermined,noise
dragged-0153,4,no_conflict,Is standing desk better for health than sitting?,,undetermined,noise
dragged-0157,0,no_conflict,how many times has psg won champions league,,undetermined,correct
dragged-0157,1,no_conflict,how many times has psg won champions league,,undetermined,correct
dragged-0157,2,no_conflict,how many times has psg won champions league,,undetermined,noise
dragged-0157,3,no_conflict,how many times has psg won champions league,,undetermined,noise
dragged-0157,4,no_conflict,how many times has psg won champions league,,undetermined,correct
dragged-0157,5,no_conflict,how many times has psg won champions league,,undetermined,correct
dragged-0157,6,no_conflict,how many times has psg won champions league,,undetermined,noise
dragged-0160,0,no_conflict,Can evolution explain the existence of 'junk DNA'?,,undetermined,noise
dragged-0160,1,no_conflict,Can evolution explain the existence of 'junk DNA'?,,undetermined,noise
dragged-0160,2,no_conflict,Can evolution explain the existence of 'junk DNA'?,,undetermined,noise
dragged-0160,3,no_conflict,Can evolution explain the existence of 'junk DNA'?,,undetermined,noise
dragged-0160,4,no_conflict,Can evolution explain the existence of 'junk DNA'?,,undetermined,correct
dragged-0160,5,no_conflict,Can evolution explain the existence of 'junk DNA'?,,undetermined,noise
dragged-0161,0,no_conflict,Which GitHub repo has the most stars?,0,derived_stringmatch,noise
dragged-0161,1,no_conflict,Which GitHub repo has the most stars?,0,derived_stringmatch,noise
dragged-0161,2,no_conflict,Which GitHub repo has the most stars?,0,derived_stringmatch,noise
dragged-0161,3,no_conflict,Which GitHub repo has the most stars?,0,derived_stringmatch,noise
dragged-0161,4,no_conflict,Which GitHub repo has the most stars?,0,derived_stringmatch,noise
dragged-0161,5,no_conflict,Which GitHub repo has the most stars?,0,derived_stringmatch,noise
dragged-0161,6,no_conflict,Which GitHub repo has the most stars?,0,derived_stringmatch,noise
dragged-0161,7,no_conflict,Which GitHub repo has the most stars?,0,derived_stringmatch,noise
dragged-0161,8,no_conflict,Which GitHub repo has the most stars?,1,derived_stringmatch,correct
dragged-0161,9,no_conflict,Which GitHub repo has the most stars?,0,derived_stringmatch,noise
dragged-0165,0,no_conflict,What is the second largest city in Germany?,0,derived_stringmatch,noise
dragged-0165,1,no_conflict,What is the second largest city in Germany?,1,derived_stringmatch,correct
dragged-0165,2,no_conflict,What is the second largest city in Germany?,1,derived_stringmatch,correct
dragged-0165,3,no_conflict,What is the second largest city in Germany?,1,derived_stringmatch,correct
dragged-0165,4,no_conflict,What is the second largest city in Germany?,0,derived_stringmatch,noise
dragged-0165,5,no_conflict,What is the second largest city in Germany?,1,derived_stringmatch,correct
dragged-0165,6,no_conflict,What is the second largest city in Germany?,1,derived_stringmatch,correct
dragged-0165,7,no_conflict,What is the second largest city in Germany?,1,derived_stringmatch,correct
dragged-0165,8,no_conflict,What is the second largest city in Germany?,1,derived_stringmatch,correct
dragged-0166,0,no_conflict,Is sugar the primary cause of cavities?,,undetermined,noise
dragged-0166,1,no_conflict,Is sugar the primary cause of cavities?,,undetermined,noise
dragged-0166,2,no_conflict,Is sugar the primary cause of cavities?,,undetermined,correct
dragged-0166,3,no_conflict,Is sugar the primary cause of cavities?,,undetermined,noise
dragged-0166,4,no_conflict,Is sugar the primary cause of cavities?,,undetermined,noise
dragged-0166,5,no_conflict,Is sugar the primary cause of cavities?,,undetermined,noise
dragged-0166,6,no_conflict,Is sugar the primary cause of cavities?,,undetermined,noise
dragged-0166,7,no_conflict,Is sugar the primary cause of cavities?,,undetermined,noise
dragged-0166,8,no_conflict,Is sugar the primary cause of cavities?,,undetermined,noise
dragged-0167,0,no_conflict,who's the highest paid athlete in sports,0,derived_stringmatch,noise
dragged-0167,1,no_conflict,who's the highest paid athlete in sports,1,derived_stringmatch,correct
dragged-0167,2,no_conflict,who's the highest paid athlete in sports,1,derived_stringmatch,correct
dragged-0167,3,no_conflict,who's the highest paid athlete in sports,1,derived_stringmatch,correct
dragged-0167,4,no_conflict,who's the highest paid athlete in sports,1,derived_stringmatch,correct
dragged-0167,5,no_conflict,who's the highest paid athlete in sports,1,derived_stringmatch,correct
dragged-0167,6,no_conflict,who's the highest paid athlete in sports,1,derived_stringmatch,correct
dragged-0167,7,no_conflict,who's the highest paid athlete in sports,1,derived_stringmatch,correct
dragged-0167,8,no_conflict,who's the highest paid athlete in sports,1,derived_stringmatch,correct
dragged-0169,0,no_conflict,Who is the chancellor of UMass Amherst?,1,derived_stringmatch,correct
dragged-0169,1,no_conflict,Who is the chancellor of UMass Amherst?,1,derived_stringmatch,correct
dragged-0169,2,no_conflict,Who is the chancellor of UMass Amherst?,0,derived_stringmatch,correct
dragged-0169,3,no_conflict,Who is the chancellor of UMass Amherst?,0,derived_stringmatch,correct
dragged-0169,4,no_conflict,Who is the chancellor of UMass Amherst?,0,derived_stringmatch,correct
dragged-0169,5,no_conflict,Who is the chancellor of UMass Amherst?,0,derived_stringmatch,correct
dragged-0169,6,no_conflict,Who is the chancellor of UMass Amherst?,0,derived_stringmatch,noise
dragged-0169,7,no_conflict,Who is the chancellor of UMass Amherst?,0,derived_stringmatch,correct
dragged-0170,0,no_conflict,What U.S. state has the highest gross domestic product?,1,derived_stringmatch,correct
dragged-0170,1,no_conflict,What U.S. state has the highest gross domestic product?,1,derived_stringmatch,correct
dragged-0170,2,no_conflict,What U.S. state has the highest gross domestic product?,0,derived_stringmatch,noise
dragged-0170,3,no_conflict,What U.S. state has the highest gross domestic product?,0,derived_stringmatch,noise
dragged-0170,4,no_conflict,What U.S. state has the highest gross domestic product?,1,derived_stringmatch,correct
dragged-0170,5,no_conflict,What U.S. state has the highest gross domestic product?,1,derived_stringmatch,correct
dragged-0170,6,no_conflict,What U.S. state has the highest gross domestic product?,1,derived_stringmatch,correct
dragged-0170,7,no_conflict,What U.S. state has the highest gross domestic product?,1,derived_stringmatch,correct
dragged-0170,8,no_conflict,What U.S. state has the highest gross domestic product?,0,derived_stringmatch,noise
dragged-0173,0,no_conflict,Who is the X Corp.'s CEO?,1,derived_stringmatch,correct
dragged-0173,1,no_conflict,Who is the X Corp.'s CEO?,1,derived_stringmatch,correct
dragged-0173,2,no_conflict,Who is the X Corp.'s CEO?,0,derived_stringmatch,noise
dragged-0173,3,no_conflict,Who is the X Corp.'s CEO?,0,derived_stringmatch,noise
dragged-0173,4,no_conflict,Who is the X Corp.'s CEO?,1,derived_stringmatch,correct
dragged-0173,5,no_conflict,Who is the X Corp.'s CEO?,1,derived_stringmatch,correct
dragged-0173,6,no_conflict,Who is the X Corp.'s CEO?,1,derived_stringmatch,correct
dragged-0173,7,no_conflict,Who is the X Corp.'s CEO?,1,derived_stringmatch,correct
dragged-0173,8,no_conflict,Who is the X Corp.'s CEO?,1,derived_stringmatch,correct
dragged-0173,9,no_conflict,Who is the X Corp.'s CEO?,1,derived_stringmatch,correct
dragged-0175,0,no_conflict,Who has the most liked post on Instagram?,1,derived_stringmatch,correct
dragged-0175,1,no_conflict,Who has the most liked post on Instagram?,0,derived_stringmatch,noise
dragged-0175,2,no_conflict,Who has the most liked post on Instagram?,0,derived_stringmatch,noise
dragged-0175,3,no_conflict,Who has the most liked post on Instagram?,1,derived_stringmatch,correct
dragged-0175,4,no_conflict,Who has the most liked post on Instagram?,0,derived_stringmatch,noise
dragged-0175,5,no_conflict,Who has the most liked post on Instagram?,0,derived_stringmatch,correct
dragged-0175,6,no_conflict,Who has the most liked post on Instagram?,1,derived_stringmatch,correct
dragged-0175,7,no_conflict,Who has the most liked post on Instagram?,1,derived_stringmatch,correct
dragged-0175,8,no_conflict,Who has the most liked post on Instagram?,1,derived_stringmatch,correct
dragged-0179,0,no_conflict,who is the most followed user on instagram,1,derived_stringmatch,correct
dragged-0179,1,no_conflict,who is the most followed user on instagram,1,derived_stringmatch,correct
dragged-0179,2,no_conflict,who is the most followed user on instagram,1,derived_stringmatch,correct
dragged-0179,3,no_conflict,who is the most followed user on instagram,1,derived_stringmatch,correct
dragged-0179,4,no_conflict,who is the most followed user on instagram,0,derived_stringmatch,noise
dragged-0179,5,no_conflict,who is the most followed user on instagram,1,derived_stringmatch,correct
dragged-0179,6,no_conflict,who is the most followed user on instagram,1,derived_stringmatch,correct
dragged-0179,7,no_conflict,who is the most followed user on instagram,1,derived_stringmatch,correct
dragged-0179,8,no_conflict,who is the most followed user on instagram,1,derived_stringmatch,correct
dragged-0183,0,no_conflict,who is the father of ravana,1,derived_stringmatch,correct
dragged-0183,1,no_conflict,who is the father of ravana,0,derived_stringmatch,correct
dragged-0183,2,no_conflict,who is the father of ravana,1,derived_stringmatch,correct
dragged-0183,3,no_conflict,who is the father of ravana,1,derived_stringmatch,correct
dragged-0183,4,no_conflict,who is the father of ravana,1,derived_stringmatch,correct
dragged-0183,5,no_conflict,who is the father of ravana,0,derived_stringmatch,noise
dragged-0183,6,no_conflict,who is the father of ravana,0,derived_stringmatch,noise
dragged-0183,7,no_conflict,who is the father of ravana,1,derived_stringmatch,correct
dragged-0183,8,no_conflict,who is the father of ravana,1,derived_stringmatch,correct
dragged-0184,0,no_conflict,how much money did the film titanic make,0,derived_stringmatch,noise
dragged-0184,1,no_conflict,how much money did the film titanic make,0,derived_stringmatch,correct
dragged-0184,2,no_conflict,how much money did the film titanic make,0,derived_stringmatch,correct
dragged-0184,3,no_conflict,how much money did the film titanic make,0,derived_stringmatch,correct
dragged-0184,4,no_conflict,how much money did the film titanic make,0,derived_stringmatch,correct
dragged-0184,5,no_conflict,how much money did the film titanic make,0,derived_stringmatch,correct
dragged-0184,6,no_conflict,how much money did the film titanic make,0,derived_stringmatch,noise
dragged-0184,7,no_conflict,how much money did the film titanic make,0,derived_stringmatch,correct
dragged-0184,8,no_conflict,how much money did the film titanic make,0,derived_stringmatch,noise
dragged-0185,0,no_conflict,Who are the latest champions of the North America's oldest professional sports trophy?,1,derived_stringmatch,correct
dragged-0185,1,no_conflict,Who are the latest champions of the North America's oldest professional sports trophy?,1,derived_stringmatch,correct
dragged-0185,2,no_conflict,Who are the latest champions of the North America's oldest professional sports trophy?,0,derived_stringmatch,noise
dragged-0185,3,no_conflict,Who are the latest champions of the North America's oldest professional sports trophy?,0,derived_stringmatch,noise
dragged-0185,4,no_conflict,Who are the latest champions of the North America's oldest professional sports trophy?,0,derived_stringmatch,noise
dragged-0185,5,no_conflict,Who are the latest champions of the North America's oldest professional sports trophy?,0,derived_stringmatch,noise
dragged-0185,6,no_conflict,Who are the latest champions of the North America's oldest professional sports trophy?,0,derived_stringmatch,noise
dragged-0185,7,no_conflict,Who are the latest champions of the North America's oldest professional sports trophy?,1,derived_stringmatch,correct
dragged-0185,8,no_conflict,Who are the latest champions of the North America's oldest professional sports trophy?,0,derived_stringmatch,noise
dragged-0194,0,no_conflict,Does lactose intolerance lead to osteoporosis?,0,derived_stringmatch,correct
dragged-0194,1,no_conflict,Does lactose intolerance lead to osteoporosis?,0,derived_stringmatch,correct
dragged-0194,2,no_conflict,Does lactose intolerance lead to osteoporosis?,0,derived_stringmatch,correct
dragged-0194,3,no_conflict,Does lactose intolerance lead to osteoporosis?,0,derived_stringmatch,correct
dragged-0194,4,no_conflict,Does lactose intolerance lead to osteoporosis?,0,derived_stringmatch,correct
dragged-0194,5,no_conflict,Does lactose intolerance lead to osteoporosis?,0,derived_stringmatch,correct
dragged-0194,6,no_conflict,Does lactose intolerance lead to osteoporosis?,0,derived_stringmatch,correct
dragged-0211,0,no_conflict,What is the most recently released Studio Ghibli film?,0,derived_stringmatch,noise
dragged-0211,1,no_conflict,What is the most recently released Studio Ghibli film?,0,derived_stringmatch,noise
dragged-0211,2,no_conflict,What is the most recently released Studio Ghibli film?,0,derived_stringmatch,noise
dragged-0211,3,no_conflict,What is the most recently released Studio Ghibli film?,0,derived_stringmatch,noise
dragged-0211,4,no_conflict,What is the most recently released Studio Ghibli film?,1,derived_stringmatch,correct
dragged-0211,5,no_conflict,What is the most recently released Studio Ghibli film?,1,derived_stringmatch,correct
dragged-0211,6,no_conflict,What is the most recently released Studio Ghibli film?,0,derived_stringmatch,noise
dragged-0211,7,no_conflict,What is the most recently released Studio Ghibli film?,1,derived_stringmatch,correct
dragged-0211,8,no_conflict,What is the most recently released Studio Ghibli film?,1,derived_stringmatch,correct
dragged-0212,0,no_conflict,Is Apple's stock price above $170 per share?,,undetermined,noise
dragged-0212,1,no_conflict,Is Apple's stock price above $170 per share?,,undetermined,noise
dragged-0212,2,no_conflict,Is Apple's stock price above $170 per share?,,undetermined,noise
dragged-0212,3,no_conflict,Is Apple's stock price above $170 per share?,,undetermined,noise
dragged-0212,4,no_conflict,Is Apple's stock price above $170 per share?,,undetermined,noise
dragged-0212,5,no_conflict,Is Apple's stock price above $170 per share?,,undetermined,noise
dragged-0212,6,no_conflict,Is Apple's stock price above $170 per share?,,undetermined,noise
dragged-0212,7,no_conflict,Is Apple's stock price above $170 per share?,,undetermined,noise
dragged-0212,8,no_conflict,Is Apple's stock price above $170 per share?,,undetermined,correct
dragged-0212,9,no_conflict,Is Apple's stock price above $170 per share?,,undetermined,noise
dragged-0213,0,no_conflict,What was the shortest war in history?,1,derived_stringmatch,correct
dragged-0213,1,no_conflict,What was the shortest war in history?,1,derived_stringmatch,correct
dragged-0213,2,no_conflict,What was the shortest war in history?,1,derived_stringmatch,correct
dragged-0213,3,no_conflict,What was the shortest war in history?,1,derived_stringmatch,correct
dragged-0213,4,no_conflict,What was the shortest war in history?,1,derived_stringmatch,correct
dragged-0213,5,no_conflict,What was the shortest war in history?,0,derived_stringmatch,noise
dragged-0213,6,no_conflict,What was the shortest war in history?,1,derived_stringmatch,correct
dragged-0213,7,no_conflict,What was the shortest war in history?,0,derived_stringmatch,correct
dragged-0213,8,no_conflict,What was the shortest war in history?,1,derived_stringmatch,correct
dragged-0214,0,no_conflict,Can psoriasis be cured with UV light therapy?,,undetermined,correct
dragged-0214,1,no_conflict,Can psoriasis be cured with UV light therapy?,,undetermined,correct
dragged-0214,2,no_conflict,Can psoriasis be cured with UV light therapy?,,undetermined,correct
dragged-0214,3,no_conflict,Can psoriasis be cured with UV light therapy?,,undetermined,correct
dragged-0214,4,no_conflict,Can psoriasis be cured with UV light therapy?,,undetermined,correct
dragged-0218,0,no_conflict,When was Coldplay's last concert?,0,derived_stringmatch,correct
dragged-0218,1,no_conflict,When was Coldplay's last concert?,0,derived_stringmatch,noise
dragged-0218,2,no_conflict,When was Coldplay's last concert?,0,derived_stringmatch,correct
dragged-0218,3,no_conflict,When was Coldplay's last concert?,0,derived_stringmatch,noise
dragged-0218,4,no_conflict,When was Coldplay's last concert?,0,derived_stringmatch,noise
dragged-0218,5,no_conflict,When was Coldplay's last concert?,0,derived_stringmatch,noise
dragged-0218,6,no_conflict,When was Coldplay's last concert?,0,derived_stringmatch,noise
dragged-0218,7,no_conflict,When was Coldplay's last concert?,0,derived_stringmatch,correct
dragged-0218,8,no_conflict,When was Coldplay's last concert?,0,derived_stringmatch,noise
dragged-0219,0,no_conflict,Who is the current Prime Minister of the United Kingdom?,0,derived_stringmatch,noise
dragged-0219,1,no_conflict,Who is the current Prime Minister of the United Kingdom?,1,derived_stringmatch,correct
dragged-0219,2,no_conflict,Who is the current Prime Minister of the United Kingdom?,0,derived_stringmatch,noise
dragged-0219,3,no_conflict,Who is the current Prime Minister of the United Kingdom?,1,derived_stringmatch,correct
dragged-0219,4,no_conflict,Who is the current Prime Minister of the United Kingdom?,0,derived_stringmatch,noise
dragged-0219,5,no_conflict,Who is the current Prime Minister of the United Kingdom?,1,derived_stringmatch,correct
dragged-0219,6,no_conflict,Who is the current Prime Minister of the United Kingdom?,1,derived_stringmatch,correct
dragged-0219,7,no_conflict,Who is the current Prime Minister of the United Kingdom?,1,derived_stringmatch,correct
dragged-0228,0,no_conflict,Can smoking cause Rheumatoid Arthritis?,0,derived_stringmatch,correct
dragged-0228,1,no_conflict,Can smoking cause Rheumatoid Arthritis?,0,derived_stringmatch,correct
dragged-0228,2,no_conflict,Can smoking cause Rheumatoid Arthritis?,0,derived_stringmatch,correct
dragged-0228,3,no_conflict,Can smoking cause Rheumatoid Arthritis?,0,derived_stringmatch,correct
dragged-0228,4,no_conflict,Can smoking cause Rheumatoid Arthritis?,0,derived_stringmatch,correct
dragged-0228,5,no_conflict,Can smoking cause Rheumatoid Arthritis?,0,derived_stringmatch,correct
dragged-0229,0,no_conflict,Can the Paleo diet cause thyroid problems?,,undetermined,correct
dragged-0229,1,no_conflict,Can the Paleo diet cause thyroid problems?,,undetermined,correct
dragged-0229,2,no_conflict,Can the Paleo diet cause thyroid problems?,,undetermined,correct
dragged-0229,3,no_conflict,Can the Paleo diet cause thyroid problems?,,undetermined,correct
dragged-0229,4,no_conflict,Can the Paleo diet cause thyroid problems?,,undetermined,correct
dragged-0235,0,no_conflict,who was president in 1938,0,derived_stringmatch,noise
dragged-0235,1,no_conflict,who was president in 1938,1,derived_stringmatch,correct
dragged-0235,2,no_conflict,who was president in 1938,0,derived_stringmatch,noise
dragged-0235,3,no_conflict,who was president in 1938,1,derived_stringmatch,correct
dragged-0235,4,no_conflict,who was president in 1938,0,derived_stringmatch,noise
dragged-0235,5,no_conflict,who was president in 1938,0,derived_stringmatch,noise
dragged-0235,6,no_conflict,who was president in 1938,1,derived_stringmatch,correct
dragged-0235,7,no_conflict,who was president in 1938,0,derived_stringmatch,noise
dragged-0235,8,no_conflict,who was president in 1938,1,derived_stringmatch,correct
dragged-0237,0,no_conflict,who has the most subscribed channel on youtube,1,derived_stringmatch,correct
dragged-0237,1,no_conflict,who has the most subscribed channel on youtube,0,derived_stringmatch,noise
dragged-0237,2,no_conflict,who has the most subscribed channel on youtube,1,derived_stringmatch,correct
dragged-0237,3,no_conflict,who has the most subscribed channel on youtube,1,derived_stringmatch,correct
dragged-0237,4,no_conflict,who has the most subscribed channel on youtube,0,derived_stringmatch,noise
dragged-0237,5,no_conflict,who has the most subscribed channel on youtube,0,derived_stringmatch,noise
dragged-0237,6,no_conflict,who has the most subscribed channel on youtube,1,derived_stringmatch,correct
dragged-0237,7,no_conflict,who has the most subscribed channel on youtube,0,derived_stringmatch,noise
dragged-0237,8,no_conflict,who has the most subscribed channel on youtube,1,derived_stringmatch,correct
dragged-0238,0,no_conflict,Where will the upcoming International Mathematical Olympiad (IMO) be hosted?,0,derived_stringmatch,correct
dragged-0238,1,no_conflict,Where will the upcoming International Mathematical Olympiad (IMO) be hosted?,1,derived_stringmatch,correct
dragged-0238,2,no_conflict,Where will the upcoming International Mathematical Olympiad (IMO) be hosted?,0,derived_stringmatch,correct
dragged-0238,3,no_conflict,Where will the upcoming International Mathematical Olympiad (IMO) be hosted?,1,derived_stringmatch,correct
dragged-0238,4,no_conflict,Where will the upcoming International Mathematical Olympiad (IMO) be hosted?,0,derived_stringmatch,noise
dragged-0238,5,no_conflict,Where will the upcoming International Mathematical Olympiad (IMO) be hosted?,0,derived_stringmatch,noise
dragged-0238,6,no_conflict,Where will the upcoming International Mathematical Olympiad (IMO) be hosted?,0,derived_stringmatch,noise
dragged-0238,7,no_conflict,Where will the upcoming International Mathematical Olympiad (IMO) be hosted?,0,derived_stringmatch,noise
dragged-0238,8,no_conflict,Where will the upcoming International Mathematical Olympiad (IMO) be hosted?,0,derived_stringmatch,noise
dragged-0254,0,no_conflict,Who has the most followers on Twitter?,1,derived_stringmatch,correct
dragged-0254,1,no_conflict,Who has the most followers on Twitter?,1,derived_stringmatch,correct
dragged-0254,2,no_conflict,Who has the most followers on Twitter?,0,derived_stringmatch,noise
dragged-0254,3,no_conflict,Who has the most followers on Twitter?,0,derived_stringmatch,noise
dragged-0254,4,no_conflict,Who has the most followers on Twitter?,0,derived_stringmatch,noise
dragged-0254,5,no_conflict,Who has the most followers on Twitter?,1,derived_stringmatch,correct
dragged-0254,6,no_conflict,Who has the most followers on Twitter?,0,derived_stringmatch,noise
dragged-0254,7,no_conflict,Who has the most followers on Twitter?,0,derived_stringmatch,noise
dragged-0254,8,no_conflict,Who has the most followers on Twitter?,0,derived_stringmatch,noise
dragged-0255,0,no_conflict,Has water been found on the Moon?,,undetermined,noise
dragged-0255,1,no_conflict,Has water been found on the Moon?,,undetermined,noise
dragged-0255,2,no_conflict,Has water been found on the Moon?,,undetermined,noise
dragged-0255,3,no_conflict,Has water been found on the Moon?,,undetermined,noise
dragged-0255,4,no_conflict,Has water been found on the Moon?,,undetermined,noise
dragged-0255,5,no_conflict,Has water been found on the Moon?,,undetermined,noise
dragged-0263,0,no_conflict,Is Spanish Moss a type of Moss?,,undetermined,correct
dragged-0263,1,no_conflict,Is Spanish Moss a type of Moss?,,undetermined,correct
dragged-0263,2,no_conflict,Is Spanish Moss a type of Moss?,,undetermined,correct
dragged-0263,3,no_conflict,Is Spanish Moss a type of Moss?,,undetermined,correct
dragged-0263,4,no_conflict,Is Spanish Moss a type of Moss?,,undetermined,correct
dragged-0268,0,no_conflict,who was elected president in january 2006,1,derived_stringmatch,correct
dragged-0268,1,no_conflict,who was elected president in january 2006,0,derived_stringmatch,correct
dragged-0268,2,no_conflict,who was elected president in january 2006,0,derived_stringmatch,noise
dragged-0268,3,no_conflict,who was elected president in january 2006,1,derived_stringmatch,correct
dragged-0268,4,no_conflict,who was elected president in january 2006,1,derived_stringmatch,correct
dragged-0268,5,no_conflict,who was elected president in january 2006,1,derived_stringmatch,correct
dragged-0268,6,no_conflict,who was elected president in january 2006,1,derived_stringmatch,correct
dragged-0268,7,no_conflict,who was elected president in january 2006,0,derived_stringmatch,correct
dragged-0268,8,no_conflict,who was elected president in january 2006,0,derived_stringmatch,noise
dragged-0270,0,no_conflict,How many Women's Rugby World Cup titles has New Zealand won?,,undetermined,correct
dragged-0270,1,no_conflict,How many Women's Rugby World Cup titles has New Zealand won?,,undetermined,correct
dragged-0270,2,no_conflict,How many Women's Rugby World Cup titles has New Zealand won?,,undetermined,noise
dragged-0270,3,no_conflict,How many Women's Rugby World Cup titles has New Zealand won?,,undetermined,noise
dragged-0270,4,no_conflict,How many Women's Rugby World Cup titles has New Zealand won?,,undetermined,noise
dragged-0270,5,no_conflict,How many Women's Rugby World Cup titles has New Zealand won?,,undetermined,correct
dragged-0270,6,no_conflict,How many Women's Rugby World Cup titles has New Zealand won?,,undetermined,noise
dragged-0270,7,no_conflict,How many Women's Rugby World Cup titles has New Zealand won?,,undetermined,correct
dragged-0270,8,no_conflict,How many Women's Rugby World Cup titles has New Zealand won?,,undetermined,noise
dragged-0271,0,no_conflict,Does the entropy of the universe always increase?,,undetermined,noise
dragged-0271,1,no_conflict,Does the entropy of the universe always increase?,,undetermined,noise
dragged-0271,2,no_conflict,Does the entropy of the universe always increase?,,undetermined,noise
dragged-0271,3,no_conflict,Does the entropy of the universe always increase?,,undetermined,noise
dragged-0271,4,no_conflict,Does the entropy of the universe always increase?,,undetermined,correct
dragged-0271,5,no_conflict,Does the entropy of the universe always increase?,,undetermined,correct
dragged-0271,6,no_conflict,Does the entropy of the universe always increase?,,undetermined,noise
dragged-0271,7,no_conflict,Does the entropy of the universe always increase?,,undetermined,noise
dragged-0277,0,no_conflict,who permitted the british to establish their company,0,derived_stringmatch,noise
dragged-0277,1,no_conflict,who permitted the british to establish their company,0,derived_stringmatch,noise
dragged-0277,2,no_conflict,who permitted the british to establish their company,0,derived_stringmatch,noise
dragged-0277,3,no_conflict,who permitted the british to establish their company,1,derived_stringmatch,correct
dragged-0277,4,no_conflict,who permitted the british to establish their company,0,derived_stringmatch,noise
dragged-0277,5,no_conflict,who permitted the british to establish their company,0,derived_stringmatch,noise
dragged-0277,6,no_conflict,who permitted the british to establish their company,0,derived_stringmatch,correct
dragged-0283,0,no_conflict,How do you say evil eye in greek?,0,derived_stringmatch,noise
dragged-0283,1,no_conflict,How do you say evil eye in greek?,0,derived_stringmatch,noise
dragged-0283,2,no_conflict,How do you say evil eye in greek?,0,derived_stringmatch,noise
dragged-0283,3,no_conflict,How do you say evil eye in greek?,1,derived_stringmatch,correct
dragged-0283,4,no_conflict,How do you say evil eye in greek?,1,derived_stringmatch,correct
dragged-0283,5,no_conflict,How do you say evil eye in greek?,1,derived_stringmatch,correct
dragged-0283,6,no_conflict,How do you say evil eye in greek?,1,derived_stringmatch,correct
dragged-0283,7,no_conflict,How do you say evil eye in greek?,1,derived_stringmatch,correct
dragged-0284,0,no_conflict,How much does parking cost at the Big E?,0,derived_stringmatch,correct
dragged-0284,1,no_conflict,How much does parking cost at the Big E?,0,derived_stringmatch,noise
dragged-0284,2,no_conflict,How much does parking cost at the Big E?,0,derived_stringmatch,correct
dragged-0284,3,no_conflict,How much does parking cost at the Big E?,0,derived_stringmatch,correct
dragged-0284,4,no_conflict,How much does parking cost at the Big E?,0,derived_stringmatch,noise
dragged-0284,5,no_conflict,How much does parking cost at the Big E?,0,derived_stringmatch,noise
dragged-0284,6,no_conflict,How much does parking cost at the Big E?,0,derived_stringmatch,correct
dragged-0284,7,no_conflict,How much does parking cost at the Big E?,1,derived_stringmatch,correct
dragged-0284,8,no_conflict,How much does parking cost at the Big E?,0,derived_stringmatch,correct
dragged-0286,0,no_conflict,Does blood turn blue when it is deoxygenated?,,undetermined,correct
dragged-0286,1,no_conflict,Does blood turn blue when it is deoxygenated?,,undetermined,correct
dragged-0286,2,no_conflict,Does blood turn blue when it is deoxygenated?,,undetermined,correct
dragged-0286,3,no_conflict,Does blood turn blue when it is deoxygenated?,,undetermined,correct
dragged-0286,4,no_conflict,Does blood turn blue when it is deoxygenated?,,undetermined,correct
dragged-0286,5,no_conflict,Does blood turn blue when it is deoxygenated?,,undetermined,noise
dragged-0286,6,no_conflict,Does blood turn blue when it is deoxygenated?,,undetermined,correct
dragged-0286,7,no_conflict,Does blood turn blue when it is deoxygenated?,,undetermined,correct
dragged-0288,0,no_conflict,who is the owner of phoenix mall,0,derived_stringmatch,noise
dragged-0288,1,no_conflict,who is the owner of phoenix mall,0,derived_stringmatch,noise
dragged-0288,2,no_conflict,who is the owner of phoenix mall,0,derived_stringmatch,noise
dragged-0288,3,no_conflict,who is the owner of phoenix mall,0,derived_stringmatch,noise
dragged-0288,4,no_conflict,who is the owner of phoenix mall,0,derived_stringmatch,noise
dragged-0288,5,no_conflict,who is the owner of phoenix mall,0,derived_stringmatch,noise
dragged-0288,6,no_conflict,who is the owner of phoenix mall,1,derived_stringmatch,correct
dragged-0288,7,no_conflict,who is the owner of phoenix mall,0,derived_stringmatch,noise
dragged-0289,0,no_conflict,Can gene therapy reverse the aging process?,,undetermined,noise
dragged-0289,1,no_conflict,Can gene therapy reverse the aging process?,,undetermined,correct
dragged-0289,2,no_conflict,Can gene therapy reverse the aging process?,,undetermined,noise
dragged-0289,3,no_conflict,Can gene therapy reverse the aging process?,,undetermined,correct
dragged-0289,4,no_conflict,Can gene therapy reverse the aging process?,,undetermined,noise
dragged-0291,0,no_conflict,who is the captain of indian female cricket team,0,derived_stringmatch,noise
dragged-0291,1,no_conflict,who is the captain of indian female cricket team,0,derived_stringmatch,noise
dragged-0291,2,no_conflict,who is the captain of indian female cricket team,0,derived_stringmatch,noise
dragged-0291,3,no_conflict,who is the captain of indian female cricket team,0,derived_stringmatch,noise
dragged-0291,4,no_conflict,who is the captain of indian female cricket team,0,derived_stringmatch,noise
dragged-0291,5,no_conflict,who is the captain of indian female cricket team,0,derived_stringmatch,noise
dragged-0291,6,no_conflict,who is the captain of indian female cricket team,0,derived_stringmatch,noise
dragged-0291,7,no_conflict,who is the captain of indian female cricket team,0,derived_stringmatch,noise
dragged-0291,8,no_conflict,who is the captain of indian female cricket team,1,derived_stringmatch,correct
dragged-0293,0,no_conflict,what is the most common blood type,,undetermined,noise
dragged-0293,1,no_conflict,what is the most common blood type,,undetermined,noise
dragged-0293,2,no_conflict,what is the most common blood type,,undetermined,correct
dragged-0293,3,no_conflict,what is the most common blood type,,undetermined,noise
dragged-0293,4,no_conflict,what is the most common blood type,,undetermined,noise
dragged-0293,5,no_conflict,what is the most common blood type,,undetermined,noise
dragged-0293,6,no_conflict,what is the most common blood type,,undetermined,correct
dragged-0293,7,no_conflict,what is the most common blood type,,undetermined,noise
dragged-0295,0,no_conflict,what city has the most population in the us,1,derived_stringmatch,correct
dragged-0295,1,no_conflict,what city has the most population in the us,0,derived_stringmatch,noise
dragged-0295,2,no_conflict,what city has the most population in the us,0,derived_stringmatch,noise
dragged-0295,3,no_conflict,what city has the most population in the us,1,derived_stringmatch,correct
dragged-0295,4,no_conflict,what city has the most population in the us,1,derived_stringmatch,correct
dragged-0295,5,no_conflict,what city has the most population in the us,0,derived_stringmatch,noise
dragged-0295,6,no_conflict,what city has the most population in the us,0,derived_stringmatch,noise
dragged-0295,7,no_conflict,what city has the most population in the us,1,derived_stringmatch,correct
dragged-0295,8,no_conflict,what city has the most population in the us,1,derived_stringmatch,correct
dragged-0298,0,no_conflict,Who was the only roman catholic ever elected president?,1,derived_stringmatch,correct
dragged-0298,1,no_conflict,Who was the only roman catholic ever elected president?,1,derived_stringmatch,correct
dragged-0298,2,no_conflict,Who was the only roman catholic ever elected president?,0,derived_stringmatch,noise
dragged-0298,3,no_conflict,Who was the only roman catholic ever elected president?,0,derived_stringmatch,noise
dragged-0298,4,no_conflict,Who was the only roman catholic ever elected president?,0,derived_stringmatch,correct
dragged-0298,5,no_conflict,Who was the only roman catholic ever elected president?,1,derived_stringmatch,correct
dragged-0298,6,no_conflict,Who was the only roman catholic ever elected president?,1,derived_stringmatch,correct
dragged-0298,7,no_conflict,Who was the only roman catholic ever elected president?,1,derived_stringmatch,correct
dragged-0298,8,no_conflict,Who was the only roman catholic ever elected president?,1,derived_stringmatch,correct
dragged-0298,9,no_conflict,Who was the only roman catholic ever elected president?,0,derived_stringmatch,noise
dragged-0302,0,no_conflict,Who is the shortest-serving Prime Minister in the history of the United Kingdom?,1,derived_stringmatch,correct
dragged-0302,1,no_conflict,Who is the shortest-serving Prime Minister in the history of the United Kingdom?,1,derived_stringmatch,correct
dragged-0302,2,no_conflict,Who is the shortest-serving Prime Minister in the history of the United Kingdom?,1,derived_stringmatch,correct
dragged-0302,3,no_conflict,Who is the shortest-serving Prime Minister in the history of the United Kingdom?,1,derived_stringmatch,correct
dragged-0302,4,no_conflict,Who is the shortest-serving Prime Minister in the history of the United Kingdom?,1,derived_stringmatch,correct
dragged-0302,5,no_conflict,Who is the shortest-serving Prime Minister in the history of the United Kingdom?,1,derived_stringmatch,correct
dragged-0302,6,no_conflict,Who is the shortest-serving Prime Minister in the history of the United Kingdom?,1,derived_stringmatch,correct
dragged-0302,7,no_conflict,Who is the shortest-serving Prime Minister in the history of the United Kingdom?,1,derived_stringmatch,correct
dragged-0303,0,no_conflict,Did Walt Disney create Mickey Mouse?,0,derived_stringmatch,noise
dragged-0303,1,no_conflict,Did Walt Disney create Mickey Mouse?,0,derived_stringmatch,noise
dragged-0303,2,no_conflict,Did Walt Disney create Mickey Mouse?,0,derived_stringmatch,noise
dragged-0303,3,no_conflict,Did Walt Disney create Mickey Mouse?,0,derived_stringmatch,noise
dragged-0303,4,no_conflict,Did Walt Disney create Mickey Mouse?,0,derived_stringmatch,noise
dragged-0303,5,no_conflict,Did Walt Disney create Mickey Mouse?,0,derived_stringmatch,noise
dragged-0303,6,no_conflict,Did Walt Disney create Mickey Mouse?,0,derived_stringmatch,noise
dragged-0303,7,no_conflict,Did Walt Disney create Mickey Mouse?,0,derived_stringmatch,correct
dragged-0304,0,no_conflict,Are all pre-1965 US quarters made of 90% silver?,,undetermined,noise
dragged-0304,1,no_conflict,Are all pre-1965 US quarters made of 90% silver?,,undetermined,noise
dragged-0304,2,no_conflict,Are all pre-1965 US quarters made of 90% silver?,,undetermined,noise
dragged-0304,3,no_conflict,Are all pre-1965 US quarters made of 90% silver?,,undetermined,noise
dragged-0304,4,no_conflict,Are all pre-1965 US quarters made of 90% silver?,,undetermined,noise
dragged-0308,0,no_conflict,How many vehicle models does Tesla offer?,,undetermined,noise
dragged-0308,1,no_conflict,How many vehicle models does Tesla offer?,,undetermined,correct
dragged-0308,2,no_conflict,How many vehicle models does Tesla offer?,,undetermined,correct
dragged-0308,3,no_conflict,How many vehicle models does Tesla offer?,,undetermined,noise
dragged-0308,4,no_conflict,How many vehicle models does Tesla offer?,,undetermined,correct
dragged-0308,5,no_conflict,How many vehicle models does Tesla offer?,,undetermined,correct
dragged-0309,0,no_conflict,where are antibodies made and by what type of lymphocyte?,0,derived_stringmatch,correct
dragged-0309,1,no_conflict,where are antibodies made and by what type of lymphocyte?,0,derived_stringmatch,correct
dragged-0309,2,no_conflict,where are antibodies made and by what type of lymphocyte?,0,derived_stringmatch,noise
dragged-0309,3,no_conflict,where are antibodies made and by what type of lymphocyte?,0,derived_stringmatch,correct
dragged-0309,4,no_conflict,where are antibodies made and by what type of lymphocyte?,0,derived_stringmatch,correct
dragged-0309,5,no_conflict,where are antibodies made and by what type of lymphocyte?,0,derived_stringmatch,correct
dragged-0309,6,no_conflict,where are antibodies made and by what type of lymphocyte?,0,derived_stringmatch,correct
dragged-0309,7,no_conflict,where are antibodies made and by what type of lymphocyte?,0,derived_stringmatch,correct
dragged-0309,8,no_conflict,where are antibodies made and by what type of lymphocyte?,0,derived_stringmatch,correct
dragged-0311,0,no_conflict,Does Hell exist according to Buddhism?,,undetermined,noise
dragged-0311,1,no_conflict,Does Hell exist according to Buddhism?,,undetermined,noise
dragged-0311,2,no_conflict,Does Hell exist according to Buddhism?,,undetermined,noise
dragged-0311,3,no_conflict,Does Hell exist according to Buddhism?,,undetermined,noise
dragged-0311,4,no_conflict,Does Hell exist according to Buddhism?,,undetermined,noise
dragged-0311,5,no_conflict,Does Hell exist according to Buddhism?,,undetermined,noise
dragged-0311,6,no_conflict,Does Hell exist according to Buddhism?,,undetermined,noise
dragged-0311,7,no_conflict,Does Hell exist according to Buddhism?,,undetermined,noise
dragged-0312,0,no_conflict,who holds the record for most gold medals,0,derived_stringmatch,noise
dragged-0312,1,no_conflict,who holds the record for most gold medals,1,derived_stringmatch,correct
dragged-0312,2,no_conflict,who holds the record for most gold medals,0,derived_stringmatch,noise
dragged-0312,3,no_conflict,who holds the record for most gold medals,1,derived_stringmatch,correct
dragged-0312,4,no_conflict,who holds the record for most gold medals,1,derived_stringmatch,correct
dragged-0312,5,no_conflict,who holds the record for most gold medals,1,derived_stringmatch,correct
dragged-0312,6,no_conflict,who holds the record for most gold medals,1,derived_stringmatch,correct
dragged-0312,7,no_conflict,who holds the record for most gold medals,1,derived_stringmatch,correct
dragged-0312,8,no_conflict,who holds the record for most gold medals,0,derived_stringmatch,noise
dragged-0315,0,no_conflict,Did Jesus actually exist?,,undetermined,noise
dragged-0315,1,no_conflict,Did Jesus actually exist?,,undetermined,noise
dragged-0315,2,no_conflict,Did Jesus actually exist?,,undetermined,noise
dragged-0315,3,no_conflict,Did Jesus actually exist?,,undetermined,correct
dragged-0315,4,no_conflict,Did Jesus actually exist?,,undetermined,noise
dragged-0318,0,no_conflict,Do we know what causes Alzheimer's disease?,,undetermined,correct
dragged-0318,1,no_conflict,Do we know what causes Alzheimer's disease?,,undetermined,correct
dragged-0318,2,no_conflict,Do we know what causes Alzheimer's disease?,,undetermined,correct
dragged-0318,3,no_conflict,Do we know what causes Alzheimer's disease?,,undetermined,correct
dragged-0318,4,no_conflict,Do we know what causes Alzheimer's disease?,,undetermined,correct
dragged-0318,5,no_conflict,Do we know what causes Alzheimer's disease?,,undetermined,correct
dragged-0318,6,no_conflict,Do we know what causes Alzheimer's disease?,,undetermined,correct
dragged-0318,7,no_conflict,Do we know what causes Alzheimer's disease?,,undetermined,correct
dragged-0319,0,no_conflict,Are most octopuses venomous?,,undetermined,noise
dragged-0319,1,no_conflict,Are most octopuses venomous?,,undetermined,noise
dragged-0319,2,no_conflict,Are most octopuses venomous?,,undetermined,noise
dragged-0319,3,no_conflict,Are most octopuses venomous?,,undetermined,noise
dragged-0319,4,no_conflict,Are most octopuses venomous?,,undetermined,noise
dragged-0319,5,no_conflict,Are most octopuses venomous?,,undetermined,noise
dragged-0319,6,no_conflict,Are most octopuses venomous?,,undetermined,noise
dragged-0319,7,no_conflict,Are most octopuses venomous?,,undetermined,correct
dragged-0320,0,no_conflict,Can ideas be patented?,,undetermined,correct
dragged-0320,1,no_conflict,Can ideas be patented?,,undetermined,correct
dragged-0320,2,no_conflict,Can ideas be patented?,,undetermined,correct
dragged-0320,3,no_conflict,Can ideas be patented?,,undetermined,correct
dragged-0320,4,no_conflict,Can ideas be patented?,,undetermined,correct
dragged-0320,5,no_conflict,Can ideas be patented?,,undetermined,correct
dragged-0320,6,no_conflict,Can ideas be patented?,,undetermined,correct
dragged-0320,7,no_conflict,Can ideas be patented?,,undetermined,correct
dragged-0320,8,no_conflict,Can ideas be patented?,,undetermined,correct
dragged-0320,9,no_conflict,Can ideas be patented?,,undetermined,correct
dragged-0323,0,no_conflict,Who won the latest Nobel Prize in Literature?,0,derived_stringmatch,noise
dragged-0323,1,no_conflict,Who won the latest Nobel Prize in Literature?,1,derived_stringmatch,correct
dragged-0323,2,no_conflict,Who won the latest Nobel Prize in Literature?,0,derived_stringmatch,noise
dragged-0323,3,no_conflict,Who won the latest Nobel Prize in Literature?,0,derived_stringmatch,noise
dragged-0323,4,no_conflict,Who won the latest Nobel Prize in Literature?,0,derived_stringmatch,noise
dragged-0323,5,no_conflict,Who won the latest Nobel Prize in Literature?,0,derived_stringmatch,noise
dragged-0323,6,no_conflict,Who won the latest Nobel Prize in Literature?,1,derived_stringmatch,correct
dragged-0323,7,no_conflict,Who won the latest Nobel Prize in Literature?,1,derived_stringmatch,correct
dragged-0324,0,no_conflict,Can mercury be a solid at room temperature?,,undetermined,correct
dragged-0324,1,no_conflict,Can mercury be a solid at room temperature?,,undetermined,correct
dragged-0324,2,no_conflict,Can mercury be a solid at room temperature?,,undetermined,correct
dragged-0324,3,no_conflict,Can mercury be a solid at room temperature?,,undetermined,correct
dragged-0324,4,no_conflict,Can mercury be a solid at room temperature?,,undetermined,correct
dragged-0324,5,no_conflict,Can mercury be a solid at room temperature?,,undetermined,correct
dragged-0324,6,no_conflict,Can mercury be a solid at room temperature?,,undetermined,correct
dragged-0324,7,no_conflict,Can mercury be a solid at room temperature?,,undetermined,correct
dragged-0330,0,no_conflict,The voting rights act of 1965 was an effort to ensure voting rights for?,1,derived_stringmatch,correct
dragged-0330,1,no_conflict,The voting rights act of 1965 was an effort to ensure voting rights for?,0,derived_stringmatch,noise
dragged-0330,2,no_conflict,The voting rights act of 1965 was an effort to ensure voting rights for?,0,derived_stringmatch,noise
dragged-0330,3,no_conflict,The voting rights act of 1965 was an effort to ensure voting rights for?,0,derived_stringmatch,noise
dragged-0330,4,no_conflict,The voting rights act of 1965 was an effort to ensure voting rights for?,1,derived_stringmatch,correct
dragged-0330,5,no_conflict,The voting rights act of 1965 was an effort to ensure voting rights for?,1,derived_stringmatch,correct
dragged-0330,6,no_conflict,The voting rights act of 1965 was an effort to ensure voting rights for?,1,derived_stringmatch,correct
dragged-0330,7,no_conflict,The voting rights act of 1965 was an effort to ensure voting rights for?,1,derived_stringmatch,correct
dragged-0330,8,no_conflict,The voting rights act of 1965 was an effort to ensure voting rights for?,1,derived_stringmatch,correct
dragged-0334,0,no_conflict,Who plays marilyn in battle of the sexes?,1,derived_stringmatch,correct
dragged-0334,1,no_conflict,Who plays marilyn in battle of the sexes?,1,derived_stringmatch,correct
dragged-0334,2,no_conflict,Who plays marilyn in battle of the sexes?,0,derived_stringmatch,noise
dragged-0334,3,no_conflict,Who plays marilyn in battle of the sexes?,1,derived_stringmatch,correct
dragged-0334,4,no_conflict,Who plays marilyn in battle of the sexes?,1,derived_stringmatch,correct
dragged-0334,5,no_conflict,Who plays marilyn in battle of the sexes?,1,derived_stringmatch,correct
dragged-0334,6,no_conflict,Who plays marilyn in battle of the sexes?,1,derived_stringmatch,correct
dragged-0334,7,no_conflict,Who plays marilyn in battle of the sexes?,1,derived_stringmatch,correct
dragged-0334,8,no_conflict,Who plays marilyn in battle of the sexes?,0,derived_stringmatch,noise
dragged-0334,9,no_conflict,Who plays marilyn in battle of the sexes?,0,derived_stringmatch,noise
dragged-0336,0,no_conflict,When did the ottoman empire surrender in ww1?,0,derived_stringmatch,correct
dragged-0336,1,no_conflict,When did the ottoman empire surrender in ww1?,1,derived_stringmatch,correct
dragged-0336,2,no_conflict,When did the ottoman empire surrender in ww1?,0,derived_stringmatch,correct
dragged-0336,3,no_conflict,When did the ottoman empire surrender in ww1?,0,derived_stringmatch,correct
dragged-0336,4,no_conflict,When did the ottoman empire surrender in ww1?,0,derived_stringmatch,correct
dragged-0336,5,no_conflict,When did the ottoman empire surrender in ww1?,0,derived_stringmatch,noise
dragged-0336,6,no_conflict,When did the ottoman empire surrender in ww1?,0,derived_stringmatch,correct
dragged-0336,7,no_conflict,When did the ottoman empire surrender in ww1?,0,derived_stringmatch,correct
dragged-0336,8,no_conflict,When did the ottoman empire surrender in ww1?,0,derived_stringmatch,noise
dragged-0337,0,no_conflict,mlb record for most wins in a season,0,derived_stringmatch,noise
dragged-0337,1,no_conflict,mlb record for most wins in a season,0,derived_stringmatch,correct
dragged-0337,2,no_conflict,mlb record for most wins in a season,0,derived_stringmatch,noise
dragged-0337,3,no_conflict,mlb record for most wins in a season,0,derived_stringmatch,correct
dragged-0337,4,no_conflict,mlb record for most wins in a season,0,derived_stringmatch,noise
dragged-0337,5,no_conflict,mlb record for most wins in a season,0,derived_stringmatch,correct
dragged-0337,6,no_conflict,mlb record for most wins in a season,0,derived_stringmatch,noise
dragged-0337,7,no_conflict,mlb record for most wins in a season,0,derived_stringmatch,noise
dragged-0337,8,no_conflict,mlb record for most wins in a season,0,derived_stringmatch,noise
dragged-0338,0,no_conflict,who was president in 1965,0,derived_stringmatch,noise
dragged-0338,1,no_conflict,who was president in 1965,0,derived_stringmatch,noise
dragged-0338,2,no_conflict,who was president in 1965,1,derived_stringmatch,correct
dragged-0338,3,no_conflict,who was president in 1965,1,derived_stringmatch,correct
dragged-0338,4,no_conflict,who was president in 1965,1,derived_stringmatch,correct
dragged-0338,5,no_conflict,who was president in 1965,1,derived_stringmatch,correct
dragged-0338,6,no_conflict,who was president in 1965,1,derived_stringmatch,correct
dragged-0338,7,no_conflict,who was president in 1965,1,derived_stringmatch,correct
dragged-0338,8,no_conflict,who was president in 1965,1,derived_stringmatch,correct
dragged-0342,0,no_conflict,Did Spiderman originally have organic web shooters?,,undetermined,correct
dragged-0342,1,no_conflict,Did Spiderman originally have organic web shooters?,,undetermined,correct
dragged-0342,2,no_conflict,Did Spiderman originally have organic web shooters?,,undetermined,correct
dragged-0342,3,no_conflict,Did Spiderman originally have organic web shooters?,,undetermined,correct
dragged-0342,4,no_conflict,Did Spiderman originally have organic web shooters?,,undetermined,correct
dragged-0344,0,no_conflict,who discovered gold in the sierra nevada,0,derived_stringmatch,noise
dragged-0344,1,no_conflict,who discovered gold in the sierra nevada,0,derived_stringmatch,correct
dragged-0344,2,no_conflict,who discovered gold in the sierra nevada,0,derived_stringmatch,noise
dragged-0344,3,no_conflict,who discovered gold in the sierra nevada,0,derived_stringmatch,noise
dragged-0344,4,no_conflict,who discovered gold in the sierra nevada,0,derived_stringmatch,correct
dragged-0344,5,no_conflict,who discovered gold in the sierra nevada,0,derived_stringmatch,noise
dragged-0344,6,no_conflict,who discovered gold in the sierra nevada,0,derived_stringmatch,correct
dragged-0344,7,no_conflict,who discovered gold in the sierra nevada,1,derived_stringmatch,correct
dragged-0348,0,no_conflict,How many presidents has Peru had in the last 5 years?,,undetermined,correct
dragged-0348,1,no_conflict,How many presidents has Peru had in the last 5 years?,,undetermined,correct
dragged-0348,2,no_conflict,How many presidents has Peru had in the last 5 years?,,undetermined,correct
dragged-0348,3,no_conflict,How many presidents has Peru had in the last 5 years?,,undetermined,noise
dragged-0348,4,no_conflict,How many presidents has Peru had in the last 5 years?,,undetermined,correct
dragged-0348,5,no_conflict,How many presidents has Peru had in the last 5 years?,,undetermined,noise
dragged-0348,6,no_conflict,How many presidents has Peru had in the last 5 years?,,undetermined,correct
dragged-0348,7,no_conflict,How many presidents has Peru had in the last 5 years?,,undetermined,noise
dragged-0349,0,no_conflict,In which year was the last UEFA European Championship was held?,0,derived_stringmatch,noise
dragged-0349,1,no_conflict,In which year was the last UEFA European Championship was held?,0,derived_stringmatch,noise
dragged-0349,2,no_conflict,In which year was the last UEFA European Championship was held?,0,derived_stringmatch,noise
dragged-0349,3,no_conflict,In which year was the last UEFA European Championship was held?,0,derived_stringmatch,noise
dragged-0349,4,no_conflict,In which year was the last UEFA European Championship was held?,0,derived_stringmatch,noise
dragged-0349,5,no_conflict,In which year was the last UEFA European Championship was held?,0,derived_stringmatch,noise
dragged-0349,6,no_conflict,In which year was the last UEFA European Championship was held?,0,derived_stringmatch,noise
dragged-0349,7,no_conflict,In which year was the last UEFA European Championship was held?,0,derived_stringmatch,noise
dragged-0350,0,no_conflict,Who is the latest French player to win the Ballon d'Or?,1,derived_stringmatch,correct
dragged-0350,1,no_conflict,Who is the latest French player to win the Ballon d'Or?,0,derived_stringmatch,noise
dragged-0350,2,no_conflict,Who is the latest French player to win the Ballon d'Or?,0,derived_stringmatch,noise
dragged-0350,3,no_conflict,Who is the latest French player to win the Ballon d'Or?,0,derived_stringmatch,noise
dragged-0350,4,no_conflict,Who is the latest French player to win the Ballon d'Or?,0,derived_stringmatch,noise
dragged-0350,5,no_conflict,Who is the latest French player to win the Ballon d'Or?,0,derived_stringmatch,noise
dragged-0350,6,no_conflict,Who is the latest French player to win the Ballon d'Or?,1,derived_stringmatch,correct
dragged-0350,7,no_conflict,Who is the latest French player to win the Ballon d'Or?,0,derived_stringmatch,noise
dragged-0356,0,no_conflict,who won the 2017 open tennis tournament,0,derived_stringmatch,noise
dragged-0356,1,no_conflict,who won the 2017 open tennis tournament,1,derived_stringmatch,correct
dragged-0356,2,no_conflict,who won the 2017 open tennis tournament,0,derived_stringmatch,noise
dragged-0356,3,no_conflict,who won the 2017 open tennis tournament,1,derived_stringmatch,correct
dragged-0356,4,no_conflict,who won the 2017 open tennis tournament,1,derived_stringmatch,correct
dragged-0356,5,no_conflict,who won the 2017 open tennis tournament,1,derived_stringmatch,correct
dragged-0356,6,no_conflict,who won the 2017 open tennis tournament,1,derived_stringmatch,correct
dragged-0356,7,no_conflict,who won the 2017 open tennis tournament,0,derived_stringmatch,noise
dragged-0356,8,no_conflict,who won the 2017 open tennis tournament,1,derived_stringmatch,correct
dragged-0366,0,no_conflict,where do peaches come from,1,derived_stringmatch,correct
dragged-0366,1,no_conflict,where do peaches come from,1,derived_stringmatch,correct
dragged-0366,2,no_conflict,where do peaches come from,1,derived_stringmatch,correct
dragged-0366,3,no_conflict,where do peaches come from,0,derived_stringmatch,noise
dragged-0366,4,no_conflict,where do peaches come from,0,derived_stringmatch,noise
dragged-0366,5,no_conflict,where do peaches come from,0,derived_stringmatch,noise
dragged-0366,6,no_conflict,where do peaches come from,1,derived_stringmatch,correct
dragged-0366,7,no_conflict,where do peaches come from,1,derived_stringmatch,correct
dragged-0366,8,no_conflict,where do peaches come from,1,derived_stringmatch,correct
dragged-0371,0,no_conflict,places with no sales tax,1,derived_stringmatch,correct
dragged-0371,1,no_conflict,places with no sales tax,1,derived_stringmatch,correct
dragged-0371,2,no_conflict,places with no sales tax,0,derived_stringmatch,correct
dragged-0371,3,no_conflict,places with no sales tax,0,derived_stringmatch,noise
dragged-0371,4,no_conflict,places with no sales tax,0,derived_stringmatch,noise
dragged-0371,5,no_conflict,places with no sales tax,0,derived_stringmatch,noise
dragged-0371,6,no_conflict,places with no sales tax,0,derived_stringmatch,noise
dragged-0371,7,no_conflict,places with no sales tax,0,derived_stringmatch,correct
dragged-0371,8,no_conflict,places with no sales tax,0,derived_stringmatch,correct
dragged-0372,0,no_conflict,who signed the declaration of independence,0,derived_stringmatch,correct
dragged-0372,1,no_conflict,who signed the declaration of independence,1,derived_stringmatch,correct
dragged-0372,2,no_conflict,who signed the declaration of independence,0,derived_stringmatch,noise
dragged-0372,3,no_conflict,who signed the declaration of independence,0,derived_stringmatch,noise
dragged-0372,4,no_conflict,who signed the declaration of independence,0,derived_stringmatch,noise
dragged-0372,5,no_conflict,who signed the declaration of independence,0,derived_stringmatch,correct
dragged-0372,6,no_conflict,who signed the declaration of independence,0,derived_stringmatch,correct
dragged-0372,7,no_conflict,who signed the declaration of independence,0,derived_stringmatch,noise
dragged-0372,8,no_conflict,who signed the declaration of independence,0,derived_stringmatch,correct
dragged-0373,0,no_conflict,in which sea pearl is found,1,derived_stringmatch,correct
dragged-0373,1,no_conflict,in which sea pearl is found,1,derived_stringmatch,correct
dragged-0373,2,no_conflict,in which sea pearl is found,1,derived_stringmatch,correct
dragged-0373,3,no_conflict,in which sea pearl is found,1,derived_stringmatch,correct
dragged-0373,4,no_conflict,in which sea pearl is found,0,derived_stringmatch,noise
dragged-0373,5,no_conflict,in which sea pearl is found,0,derived_stringmatch,noise
dragged-0373,6,no_conflict,in which sea pearl is found,1,derived_stringmatch,correct
dragged-0373,7,no_conflict,in which sea pearl is found,1,derived_stringmatch,correct
dragged-0373,8,no_conflict,in which sea pearl is found,1,derived_stringmatch,correct
dragged-0374,0,no_conflict,Can women attend universities in Afghanistan?,,undetermined,correct
dragged-0374,1,no_conflict,Can women attend universities in Afghanistan?,,undetermined,correct
dragged-0374,2,no_conflict,Can women attend universities in Afghanistan?,,undetermined,correct
dragged-0374,3,no_conflict,Can women attend universities in Afghanistan?,,undetermined,noise
dragged-0374,4,no_conflict,Can women attend universities in Afghanistan?,,undetermined,correct
dragged-0374,5,no_conflict,Can women attend universities in Afghanistan?,,undetermined,correct
dragged-0374,6,no_conflict,Can women attend universities in Afghanistan?,,undetermined,correct
dragged-0374,7,no_conflict,Can women attend universities in Afghanistan?,,undetermined,noise
dragged-0374,8,no_conflict,Can women attend universities in Afghanistan?,,undetermined,correct
dragged-0376,0,no_conflict,How many UC schools are there in the United States?,,undetermined,correct
dragged-0376,1,no_conflict,How many UC schools are there in the United States?,,undetermined,noise
dragged-0376,2,no_conflict,How many UC schools are there in the United States?,,undetermined,correct
dragged-0376,3,no_conflict,How many UC schools are there in the United States?,,undetermined,noise
dragged-0376,4,no_conflict,How many UC schools are there in the United States?,,undetermined,correct
dragged-0376,5,no_conflict,How many UC schools are there in the United States?,,undetermined,noise
dragged-0376,6,no_conflict,How many UC schools are there in the United States?,,undetermined,noise
dragged-0376,7,no_conflict,How many UC schools are there in the United States?,,undetermined,correct
dragged-0376,8,no_conflict,How many UC schools are there in the United States?,,undetermined,noise
dragged-0379,0,no_conflict,Were radios used in the Trenches during World War I?,,undetermined,noise
dragged-0379,1,no_conflict,Were radios used in the Trenches during World War I?,,undetermined,noise
dragged-0379,2,no_conflict,Were radios used in the Trenches during World War I?,,undetermined,noise
dragged-0379,3,no_conflict,Were radios used in the Trenches during World War I?,,undetermined,noise
dragged-0379,4,no_conflict,Were radios used in the Trenches during World War I?,,undetermined,noise
dragged-0379,5,no_conflict,Were radios used in the Trenches during World War I?,,undetermined,noise
dragged-0382,0,no_conflict,How old is the latest American Nobel laureate in Physics?,,undetermined,noise
dragged-0382,1,no_conflict,How old is the latest American Nobel laureate in Physics?,,undetermined,noise
dragged-0382,2,no_conflict,How old is the latest American Nobel laureate in Physics?,,undetermined,noise
dragged-0382,3,no_conflict,How old is the latest American Nobel laureate in Physics?,,undetermined,correct
dragged-0382,4,no_conflict,How old is the latest American Nobel laureate in Physics?,,undetermined,noise
dragged-0382,5,no_conflict,How old is the latest American Nobel laureate in Physics?,,undetermined,noise
dragged-0382,6,no_conflict,How old is the latest American Nobel laureate in Physics?,,undetermined,noise
dragged-0382,7,no_conflict,How old is the latest American Nobel laureate in Physics?,,undetermined,noise
dragged-0382,8,no_conflict,How old is the latest American Nobel laureate in Physics?,,undetermined,noise
dragged-0382,9,no_conflict,How old is the latest American Nobel laureate in Physics?,,undetermined,noise
dragged-0388,0,no_conflict,Who is the latest winner of the Formula 1 world championship?,1,derived_stringmatch,correct
dragged-0388,1,no_conflict,Who is the latest winner of the Formula 1 world championship?,1,derived_stringmatch,correct
dragged-0388,2,no_conflict,Who is the latest winner of the Formula 1 world championship?,0,derived_stringmatch,noise
dragged-0388,3,no_conflict,Who is the latest winner of the Formula 1 world championship?,1,derived_stringmatch,correct
dragged-0388,4,no_conflict,Who is the latest winner of the Formula 1 world championship?,0,derived_stringmatch,noise
dragged-0388,5,no_conflict,Who is the latest winner of the Formula 1 world championship?,0,derived_stringmatch,noise
dragged-0388,6,no_conflict,Who is the latest winner of the Formula 1 world championship?,1,derived_stringmatch,correct
dragged-0388,7,no_conflict,Who is the latest winner of the Formula 1 world championship?,1,derived_stringmatch,correct
dragged-0388,8,no_conflict,Who is the latest winner of the Formula 1 world championship?,1,derived_stringmatch,correct
dragged-0388,9,no_conflict,Who is the latest winner of the Formula 1 world championship?,1,derived_stringmatch,correct
dragged-0389,0,no_conflict,What is King Gizzard’s most recent studio album?,0,derived_stringmatch,correct
dragged-0389,1,no_conflict,What is King Gizzard’s most recent studio album?,0,derived_stringmatch,correct
dragged-0389,2,no_conflict,What is King Gizzard’s most recent studio album?,0,derived_stringmatch,noise
dragged-0389,3,no_conflict,What is King Gizzard’s most recent studio album?,0,derived_stringmatch,correct
dragged-0389,4,no_conflict,What is King Gizzard’s most recent studio album?,0,derived_stringmatch,noise
dragged-0389,5,no_conflict,What is King Gizzard’s most recent studio album?,0,derived_stringmatch,noise
dragged-0389,6,no_conflict,What is King Gizzard’s most recent studio album?,0,derived_stringmatch,noise
dragged-0389,7,no_conflict,What is King Gizzard’s most recent studio album?,0,derived_stringmatch,correct
dragged-0389,8,no_conflict,What is King Gizzard’s most recent studio album?,0,derived_stringmatch,correct
dragged-0391,0,no_conflict,Which country is currently at the top rank at the FIBA Men's World Ranking?,1,derived_stringmatch,correct
dragged-0391,1,no_conflict,Which country is currently at the top rank at the FIBA Men's World Ranking?,0,derived_stringmatch,noise
dragged-0391,2,no_conflict,Which country is currently at the top rank at the FIBA Men's World Ranking?,1,derived_stringmatch,correct
dragged-0391,3,no_conflict,Which country is currently at the top rank at the FIBA Men's World Ranking?,1,derived_stringmatch,correct
dragged-0391,4,no_conflict,Which country is currently at the top rank at the FIBA Men's World Ranking?,1,derived_stringmatch,correct
dragged-0391,5,no_conflict,Which country is currently at the top rank at the FIBA Men's World Ranking?,0,derived_stringmatch,noise
dragged-0391,6,no_conflict,Which country is currently at the top rank at the FIBA Men's World Ranking?,1,derived_stringmatch,correct
dragged-0391,7,no_conflict,Which country is currently at the top rank at the FIBA Men's World Ranking?,1,derived_stringmatch,noise
dragged-0391,8,no_conflict,Which country is currently at the top rank at the FIBA Men's World Ranking?,1,derived_stringmatch,correct
dragged-0399,0,no_conflict,Is Pluto a planet?,,undetermined,correct
dragged-0399,1,no_conflict,Is Pluto a planet?,,undetermined,correct
dragged-0399,2,no_conflict,Is Pluto a planet?,,undetermined,correct
dragged-0399,3,no_conflict,Is Pluto a planet?,,undetermined,correct
dragged-0399,4,no_conflict,Is Pluto a planet?,,undetermined,correct
dragged-0400,0,no_conflict,How many children does Leonardo DiCaprio have?,,undetermined,noise
dragged-0400,1,no_conflict,How many children does Leonardo DiCaprio have?,,undetermined,noise
dragged-0400,2,no_conflict,How many children does Leonardo DiCaprio have?,,undetermined,noise
dragged-0400,3,no_conflict,How many children does Leonardo DiCaprio have?,,undetermined,noise
dragged-0400,4,no_conflict,How many children does Leonardo DiCaprio have?,,undetermined,correct
dragged-0400,5,no_conflict,How many children does Leonardo DiCaprio have?,,undetermined,noise
dragged-0400,6,no_conflict,How many children does Leonardo DiCaprio have?,,undetermined,noise
dragged-0400,7,no_conflict,How many children does Leonardo DiCaprio have?,,undetermined,noise
dragged-0400,8,no_conflict,How many children does Leonardo DiCaprio have?,,undetermined,noise
dragged-0407,0,no_conflict,Does champagne come solely from France?,,undetermined,noise
dragged-0407,1,no_conflict,Does champagne come solely from France?,,undetermined,noise
dragged-0407,2,no_conflict,Does champagne come solely from France?,,undetermined,noise
dragged-0407,3,no_conflict,Does champagne come solely from France?,,undetermined,noise
dragged-0407,4,no_conflict,Does champagne come solely from France?,,undetermined,noise
dragged-0407,5,no_conflict,Does champagne come solely from France?,,undetermined,noise
dragged-0407,6,no_conflict,Does champagne come solely from France?,,undetermined,noise
dragged-0407,7,no_conflict,Does champagne come solely from France?,,undetermined,noise
dragged-0407,8,no_conflict,Does champagne come solely from France?,,undetermined,noise
dragged-0407,9,no_conflict,Does champagne come solely from France?,,undetermined,noise
dragged-0407,10,no_conflict,Does champagne come solely from France?,,undetermined,noise
dragged-0408,0,no_conflict,Does teething cause fever in infants?,,undetermined,correct
dragged-0408,1,no_conflict,Does teething cause fever in infants?,,undetermined,correct
dragged-0408,2,no_conflict,Does teething cause fever in infants?,,undetermined,correct
dragged-0408,3,no_conflict,Does teething cause fever in infants?,,undetermined,correct
dragged-0408,4,no_conflict,Does teething cause fever in infants?,,undetermined,correct
dragged-0408,5,no_conflict,Does teething cause fever in infants?,,undetermined,correct
dragged-0408,6,no_conflict,Does teething cause fever in infants?,,undetermined,correct
dragged-0413,0,no_conflict,Who created the post of collecter in india?,0,derived_stringmatch,noise
dragged-0413,1,no_conflict,Who created the post of collecter in india?,0,derived_stringmatch,noise
dragged-0413,2,no_conflict,Who created the post of collecter in india?,0,derived_stringmatch,noise
dragged-0413,3,no_conflict,Who created the post of collecter in india?,0,derived_stringmatch,noise
dragged-0413,4,no_conflict,Who created the post of collecter in india?,1,derived_stringmatch,correct
dragged-0413,5,no_conflict,Who created the post of collecter in india?,1,derived_stringmatch,correct
dragged-0413,6,no_conflict,Who created the post of collecter in india?,1,derived_stringmatch,correct
dragged-0413,7,no_conflict,Who created the post of collecter in india?,0,derived_stringmatch,noise
dragged-0413,8,no_conflict,Who created the post of collecter in india?,0,derived_stringmatch,noise
dragged-0417,0,no_conflict,Who sang the song good morning good morning?,0,derived_stringmatch,noise
dragged-0417,1,no_conflict,Who sang the song good morning good morning?,0,derived_stringmatch,noise
dragged-0417,2,no_conflict,Who sang the song good morning good morning?,0,derived_stringmatch,correct
dragged-0417,3,no_conflict,Who sang the song good morning good morning?,0,derived_stringmatch,noise
dragged-0417,4,no_conflict,Who sang the song good morning good morning?,0,derived_stringmatch,noise
dragged-0417,5,no_conflict,Who sang the song good morning good morning?,1,derived_stringmatch,correct
dragged-0417,6,no_conflict,Who sang the song good morning good morning?,0,derived_stringmatch,noise
dragged-0417,7,no_conflict,Who sang the song good morning good morning?,0,derived_stringmatch,noise
dragged-0417,8,no_conflict,Who sang the song good morning good morning?,0,derived_stringmatch,noise
dragged-0417,9,no_conflict,Who sang the song good morning good morning?,0,derived_stringmatch,noise
dragged-0418,0,no_conflict,where in the bible is the book of revelation?,0,derived_stringmatch,noise
dragged-0418,1,no_conflict,where in the bible is the book of revelation?,0,derived_stringmatch,noise
dragged-0418,2,no_conflict,where in the bible is the book of revelation?,0,derived_stringmatch,noise
dragged-0418,3,no_conflict,where in the bible is the book of revelation?,0,derived_stringmatch,correct
dragged-0418,4,no_conflict,where in the bible is the book of revelation?,0,derived_stringmatch,noise
dragged-0418,5,no_conflict,where in the bible is the book of revelation?,0,derived_stringmatch,correct
dragged-0418,6,no_conflict,where in the bible is the book of revelation?,0,derived_stringmatch,correct
dragged-0418,7,no_conflict,where in the bible is the book of revelation?,0,derived_stringmatch,noise
dragged-0418,8,no_conflict,where in the bible is the book of revelation?,0,derived_stringmatch,noise
dragged-0419,0,no_conflict,who got the first arjun award in athletics?,0,derived_stringmatch,noise
dragged-0419,1,no_conflict,who got the first arjun award in athletics?,1,derived_stringmatch,correct
dragged-0419,2,no_conflict,who got the first arjun award in athletics?,0,derived_stringmatch,noise
dragged-0419,3,no_conflict,who got the first arjun award in athletics?,0,derived_stringmatch,correct
dragged-0419,4,no_conflict,who got the first arjun award in athletics?,0,derived_stringmatch,noise
dragged-0419,5,no_conflict,who got the first arjun award in athletics?,1,derived_stringmatch,correct
dragged-0419,6,no_conflict,who got the first arjun award in athletics?,0,derived_stringmatch,noise
dragged-0419,7,no_conflict,who got the first arjun award in athletics?,0,derived_stringmatch,noise
dragged-0419,8,no_conflict,who got the first arjun award in athletics?,0,derived_stringmatch,noise
dragged-0420,0,no_conflict,Where does most of earths oxygen come from today?,0,derived_stringmatch,correct
dragged-0420,1,no_conflict,Where does most of earths oxygen come from today?,0,derived_stringmatch,correct
dragged-0420,2,no_conflict,Where does most of earths oxygen come from today?,0,derived_stringmatch,noise
dragged-0420,3,no_conflict,Where does most of earths oxygen come from today?,0,derived_stringmatch,correct
dragged-0420,4,no_conflict,Where does most of earths oxygen come from today?,0,derived_stringmatch,noise
dragged-0420,5,no_conflict,Where does most of earths oxygen come from today?,0,derived_stringmatch,noise
dragged-0420,6,no_conflict,Where does most of earths oxygen come from today?,0,derived_stringmatch,noise
dragged-0420,7,no_conflict,Where does most of earths oxygen come from today?,0,derived_stringmatch,correct
dragged-0421,0,no_conflict,who wrote the song photograph by ringo starr?,0,derived_stringmatch,correct
dragged-0421,1,no_conflict,who wrote the song photograph by ringo starr?,0,derived_stringmatch,correct
dragged-0421,2,no_conflict,who wrote the song photograph by ringo starr?,0,derived_stringmatch,correct
dragged-0421,3,no_conflict,who wrote the song photograph by ringo starr?,0,derived_stringmatch,correct
dragged-0421,4,no_conflict,who wrote the song photograph by ringo starr?,0,derived_stringmatch,noise
dragged-0421,5,no_conflict,who wrote the song photograph by ringo starr?,0,derived_stringmatch,correct
dragged-0421,6,no_conflict,who wrote the song photograph by ringo starr?,0,derived_stringmatch,correct
dragged-0421,7,no_conflict,who wrote the song photograph by ringo starr?,0,derived_stringmatch,noise
dragged-0421,8,no_conflict,who wrote the song photograph by ringo starr?,0,derived_stringmatch,correct
dragged-0421,9,no_conflict,who wrote the song photograph by ringo starr?,0,derived_stringmatch,correct
dragged-0423,0,no_conflict,when did the nest 3rd generation come out?,0,derived_stringmatch,noise
dragged-0423,1,no_conflict,when did the nest 3rd generation come out?,0,derived_stringmatch,noise
dragged-0423,2,no_conflict,when did the nest 3rd generation come out?,0,derived_stringmatch,noise
dragged-0423,3,no_conflict,when did the nest 3rd generation come out?,1,derived_stringmatch,correct
dragged-0423,4,no_conflict,when did the nest 3rd generation come out?,0,derived_stringmatch,noise
dragged-0423,5,no_conflict,when did the nest 3rd generation come out?,1,derived_stringmatch,correct
dragged-0423,6,no_conflict,when did the nest 3rd generation come out?,0,derived_stringmatch,noise
dragged-0423,7,no_conflict,when did the nest 3rd generation come out?,0,derived_stringmatch,noise
dragged-0423,8,no_conflict,when did the nest 3rd generation come out?,0,derived_stringmatch,noise
dragged-0424,0,no_conflict,who was the first elected president of pakistan?,0,derived_stringmatch,noise
dragged-0424,1,no_conflict,who was the first elected president of pakistan?,0,derived_stringmatch,noise
dragged-0424,2,no_conflict,who was the first elected president of pakistan?,0,derived_stringmatch,noise
dragged-0424,3,no_conflict,who was the first elected president of pakistan?,1,derived_stringmatch,correct
dragged-0424,4,no_conflict,who was the first elected president of pakistan?,1,derived_stringmatch,correct
dragged-0424,5,no_conflict,who was the first elected president of pakistan?,0,derived_stringmatch,noise
dragged-0424,6,no_conflict,who was the first elected president of pakistan?,0,derived_stringmatch,noise
dragged-0424,7,no_conflict,who was the first elected president of pakistan?,1,derived_stringmatch,correct
dragged-0424,8,no_conflict,who was the first elected president of pakistan?,0,derived_stringmatch,noise
dragged-0424,9,no_conflict,who was the first elected president of pakistan?,0,derived_stringmatch,noise
dragged-0424,10,no_conflict,who was the first elected president of pakistan?,0,derived_stringmatch,noise
dragged-0424,11,no_conflict,who was the first elected president of pakistan?,1,derived_stringmatch,correct
dragged-0424,12,no_conflict,who was the first elected president of pakistan?,0,derived_stringmatch,noise
dragged-0424,13,no_conflict,who was the first elected president of pakistan?,0,derived_stringmatch,noise
dragged-0424,14,no_conflict,who was the first elected president of pakistan?,1,derived_stringmatch,correct
dragged-0424,15,no_conflict,who was the first elected president of pakistan?,0,derived_stringmatch,noise
dragged-0424,16,no_conflict,who was the first elected president of pakistan?,1,derived_stringmatch,correct
dragged-0424,17,no_conflict,who was the first elected president of pakistan?,1,derived_stringmatch,correct
dragged-0425,0,no_conflict,first dynasty to issue gold coins in india?,1,derived_stringmatch,correct
dragged-0425,1,no_conflict,first dynasty to issue gold coins in india?,1,derived_stringmatch,correct
dragged-0425,2,no_conflict,first dynasty to issue gold coins in india?,1,derived_stringmatch,correct
dragged-0425,3,no_conflict,first dynasty to issue gold coins in india?,0,derived_stringmatch,noise
dragged-0425,4,no_conflict,first dynasty to issue gold coins in india?,0,derived_stringmatch,noise
dragged-0425,5,no_conflict,first dynasty to issue gold coins in india?,1,derived_stringmatch,correct
dragged-0425,6,no_conflict,first dynasty to issue gold coins in india?,1,derived_stringmatch,correct
dragged-0425,7,no_conflict,first dynasty to issue gold coins in india?,1,derived_stringmatch,correct
dragged-0427,0,no_conflict,what was the religion in persia before islam?,1,derived_stringmatch,correct
dragged-0427,1,no_conflict,what was the religion in persia before islam?,1,derived_stringmatch,correct
dragged-0427,2,no_conflict,what was the religion in persia before islam?,1,derived_stringmatch,correct
dragged-0427,3,no_conflict,what was the religion in persia before islam?,1,derived_stringmatch,correct
dragged-0427,4,no_conflict,what was the religion in persia before islam?,1,derived_stringmatch,correct
dragged-0427,5,no_conflict,what was the religion in persia before islam?,1,derived_stringmatch,correct
dragged-0427,6,no_conflict,what was the religion in persia before islam?,0,derived_stringmatch,noise
dragged-0427,7,no_conflict,what was the religion in persia before islam?,1,derived_stringmatch,correct
dragged-0427,8,no_conflict,what was the religion in persia before islam?,0,derived_stringmatch,noise
dragged-0428,0,no_conflict,when did the titanic set sail,0,derived_stringmatch,correct
dragged-0428,1,no_conflict,when did the titanic set sail,0,derived_stringmatch,correct
dragged-0428,2,no_conflict,when did the titanic set sail,0,derived_stringmatch,correct
dragged-0428,3,no_conflict,when did the titanic set sail,0,derived_stringmatch,correct
dragged-0428,4,no_conflict,when did the titanic set sail,1,derived_stringmatch,correct
dragged-0428,5,no_conflict,when did the titanic set sail,0,derived_stringmatch,correct
dragged-0428,6,no_conflict,when did the titanic set sail,1,derived_stringmatch,correct
dragged-0428,7,no_conflict,when did the titanic set sail,1,derived_stringmatch,correct
dragged-0428,8,no_conflict,when did the titanic set sail,1,derived_stringmatch,correct
dragged-0429,0,no_conflict,What is the best-selling video game franchise of all time?,1,derived_stringmatch,correct
dragged-0429,1,no_conflict,What is the best-selling video game franchise of all time?,1,derived_stringmatch,correct
dragged-0429,2,no_conflict,What is the best-selling video game franchise of all time?,0,derived_stringmatch,noise
dragged-0429,3,no_conflict,What is the best-selling video game franchise of all time?,0,derived_stringmatch,noise
dragged-0429,4,no_conflict,What is the best-selling video game franchise of all time?,1,derived_stringmatch,correct
dragged-0429,5,no_conflict,What is the best-selling video game franchise of all time?,1,derived_stringmatch,correct
dragged-0429,6,no_conflict,What is the best-selling video game franchise of all time?,0,derived_stringmatch,noise
dragged-0429,7,no_conflict,What is the best-selling video game franchise of all time?,1,derived_stringmatch,correct
dragged-0429,8,no_conflict,What is the best-selling video game franchise of all time?,1,derived_stringmatch,correct
dragged-0430,0,no_conflict,Did flowers exist in the age of dinosaurs?,,undetermined,noise
dragged-0430,1,no_conflict,Did flowers exist in the age of dinosaurs?,,undetermined,noise
dragged-0430,2,no_conflict,Did flowers exist in the age of dinosaurs?,,undetermined,noise
dragged-0430,3,no_conflict,Did flowers exist in the age of dinosaurs?,,undetermined,noise
dragged-0430,4,no_conflict,Did flowers exist in the age of dinosaurs?,,undetermined,noise
dragged-0430,5,no_conflict,Did flowers exist in the age of dinosaurs?,,undetermined,noise
dragged-0430,6,no_conflict,Did flowers exist in the age of dinosaurs?,,undetermined,noise
dragged-0430,7,no_conflict,Did flowers exist in the age of dinosaurs?,,undetermined,noise
dragged-0441,0,no_conflict,Can plants survive without soil?,,undetermined,correct
dragged-0441,1,no_conflict,Can plants survive without soil?,,undetermined,noise
dragged-0441,2,no_conflict,Can plants survive without soil?,,undetermined,noise
dragged-0441,3,no_conflict,Can plants survive without soil?,,undetermined,noise
dragged-0441,4,no_conflict,Can plants survive without soil?,,undetermined,noise
dragged-0441,5,no_conflict,Can plants survive without soil?,,undetermined,noise
dragged-0441,6,no_conflict,Can plants survive without soil?,,undetermined,correct
dragged-0441,7,no_conflict,Can plants survive without soil?,,undetermined,correct
dragged-0441,8,no_conflict,Can plants survive without soil?,,undetermined,noise
dragged-0446,0,no_conflict,Who is the current Prime Minister of Japan?,0,derived_stringmatch,noise
dragged-0446,1,no_conflict,Who is the current Prime Minister of Japan?,0,derived_stringmatch,noise
dragged-0446,2,no_conflict,Who is the current Prime Minister of Japan?,1,derived_stringmatch,correct
dragged-0446,3,no_conflict,Who is the current Prime Minister of Japan?,0,derived_stringmatch,noise
dragged-0446,4,no_conflict,Who is the current Prime Minister of Japan?,1,derived_stringmatch,correct
dragged-0446,5,no_conflict,Who is the current Prime Minister of Japan?,0,derived_stringmatch,correct
dragged-0446,6,no_conflict,Who is the current Prime Minister of Japan?,1,derived_stringmatch,correct
dragged-0446,7,no_conflict,Who is the current Prime Minister of Japan?,1,derived_stringmatch,correct
dragged-0446,8,no_conflict,Who is the current Prime Minister of Japan?,0,derived_stringmatch,correct
dragged-0012,0,outdated,When does this year's Passover start?,0,derived_stringmatch,
dragged-0012,1,outdated,When does this year's Passover start?,0,derived_stringmatch,
dragged-0012,2,outdated,When does this year's Passover start?,0,derived_stringmatch,
dragged-0012,3,outdated,When does this year's Passover start?,0,derived_stringmatch,
dragged-0012,4,outdated,When does this year's Passover start?,0,derived_stringmatch,
dragged-0012,5,outdated,When does this year's Passover start?,0,derived_stringmatch,
dragged-0012,6,outdated,When does this year's Passover start?,0,derived_stringmatch,
dragged-0012,7,outdated,When does this year's Passover start?,1,derived_stringmatch,correct
dragged-0012,8,outdated,When does this year's Passover start?,0,derived_stringmatch,
dragged-0012,9,outdated,When does this year's Passover start?,0,derived_stringmatch,
dragged-0018,0,outdated,how many people in israel per square mile,0,derived_stringmatch,
dragged-0018,1,outdated,how many people in israel per square mile,0,derived_stringmatch,
dragged-0018,2,outdated,how many people in israel per square mile,0,derived_stringmatch,
dragged-0018,3,outdated,how many people in israel per square mile,0,derived_stringmatch,
dragged-0018,4,outdated,how many people in israel per square mile,0,derived_stringmatch,
dragged-0018,5,outdated,how many people in israel per square mile,0,derived_stringmatch,
dragged-0018,6,outdated,how many people in israel per square mile,1,derived_stringmatch,correct
dragged-0018,7,outdated,how many people in israel per square mile,0,derived_stringmatch,
dragged-0018,8,outdated,how many people in israel per square mile,0,derived_stringmatch,
dragged-0021,0,outdated,who is the director of the fbi,0,derived_stringmatch,
dragged-0021,1,outdated,who is the director of the fbi,1,derived_stringmatch,
dragged-0021,2,outdated,who is the director of the fbi,1,derived_stringmatch,correct
dragged-0021,3,outdated,who is the director of the fbi,0,derived_stringmatch,
dragged-0021,4,outdated,who is the director of the fbi,1,derived_stringmatch,
dragged-0021,5,outdated,who is the director of the fbi,1,derived_stringmatch,
dragged-0021,6,outdated,who is the director of the fbi,0,derived_stringmatch,
dragged-0021,7,outdated,who is the director of the fbi,0,derived_stringmatch,
dragged-0021,8,outdated,who is the director of the fbi,1,derived_stringmatch,
dragged-0028,0,outdated,When is the next U.S. federal holiday?,0,derived_stringmatch,
dragged-0028,1,outdated,When is the next U.S. federal holiday?,0,derived_stringmatch,correct
dragged-0028,2,outdated,When is the next U.S. federal holiday?,0,derived_stringmatch,
dragged-0028,3,outdated,When is the next U.S. federal holiday?,0,derived_stringmatch,
dragged-0028,4,outdated,When is the next U.S. federal holiday?,0,derived_stringmatch,
dragged-0028,5,outdated,When is the next U.S. federal holiday?,0,derived_stringmatch,
dragged-0028,6,outdated,When is the next U.S. federal holiday?,0,derived_stringmatch,
dragged-0028,7,outdated,When is the next U.S. federal holiday?,0,derived_stringmatch,
dragged-0028,8,outdated,When is the next U.S. federal holiday?,0,derived_stringmatch,
dragged-0031,0,outdated,Who is the latest winner of The Voice US?,0,derived_stringmatch,
dragged-0031,1,outdated,Who is the latest winner of The Voice US?,0,derived_stringmatch,
dragged-0031,2,outdated,Who is the latest winner of The Voice US?,0,derived_stringmatch,
dragged-0031,3,outdated,Who is the latest winner of The Voice US?,0,derived_stringmatch,
dragged-0031,4,outdated,Who is the latest winner of The Voice US?,1,derived_stringmatch,
dragged-0031,5,outdated,Who is the latest winner of The Voice US?,0,derived_stringmatch,
dragged-0031,6,outdated,Who is the latest winner of The Voice US?,1,derived_stringmatch,
dragged-0031,7,outdated,Who is the latest winner of The Voice US?,1,derived_stringmatch,
dragged-0031,8,outdated,Who is the latest winner of The Voice US?,1,derived_stringmatch,correct
dragged-0031,9,outdated,Who is the latest winner of The Voice US?,1,derived_stringmatch,
dragged-0056,0,outdated,Who won the latest Ballon D'or?,1,derived_stringmatch,correct
dragged-0056,1,outdated,Who won the latest Ballon D'or?,0,derived_stringmatch,
dragged-0056,2,outdated,Who won the latest Ballon D'or?,0,derived_stringmatch,
dragged-0056,3,outdated,Who won the latest Ballon D'or?,0,derived_stringmatch,
dragged-0056,4,outdated,Who won the latest Ballon D'or?,0,derived_stringmatch,
dragged-0056,5,outdated,Who won the latest Ballon D'or?,0,derived_stringmatch,
dragged-0056,6,outdated,Who won the latest Ballon D'or?,1,derived_stringmatch,
dragged-0056,7,outdated,Who won the latest Ballon D'or?,1,derived_stringmatch,
dragged-0056,8,outdated,Who won the latest Ballon D'or?,1,derived_stringmatch,
dragged-0056,9,outdated,Who won the latest Ballon D'or?,1,derived_stringmatch,
dragged-0064,0,outdated,Who won the most recent season of America's Got Talent?,1,derived_stringmatch,correct
dragged-0064,1,outdated,Who won the most recent season of America's Got Talent?,0,derived_stringmatch,
dragged-0064,2,outdated,Who won the most recent season of America's Got Talent?,1,derived_stringmatch,
dragged-0064,3,outdated,Who won the most recent season of America's Got Talent?,1,derived_stringmatch,
dragged-0064,4,outdated,Who won the most recent season of America's Got Talent?,1,derived_stringmatch,
dragged-0064,5,outdated,Who won the most recent season of America's Got Talent?,0,derived_stringmatch,
dragged-0064,6,outdated,Who won the most recent season of America's Got Talent?,1,derived_stringmatch,
dragged-0064,7,outdated,Who won the most recent season of America's Got Talent?,1,derived_stringmatch,
dragged-0064,8,outdated,Who won the most recent season of America's Got Talent?,0,derived_stringmatch,
dragged-0064,9,outdated,Who won the most recent season of America's Got Talent?,1,derived_stringmatch,
dragged-0069,0,outdated,how many billionaires are there,0,derived_stringmatch,
dragged-0069,1,outdated,how many billionaires are there,0,derived_stringmatch,
dragged-0069,2,outdated,how many billionaires are there,0,derived_stringmatch,
dragged-0069,3,outdated,how many billionaires are there,0,derived_stringmatch,
dragged-0069,4,outdated,how many billionaires are there,0,derived_stringmatch,
dragged-0069,5,outdated,how many billionaires are there,0,derived_stringmatch,
dragged-0069,6,outdated,how many billionaires are there,0,derived_stringmatch,
dragged-0069,7,outdated,how many billionaires are there,0,derived_stringmatch,
dragged-0069,8,outdated,how many billionaires are there,0,derived_stringmatch,
dragged-0069,9,outdated,how many billionaires are there,0,derived_stringmatch,
dragged-0071,0,outdated,In what country was the most recent winner of the Nobel Prize for Literature born?,0,derived_stringmatch,
dragged-0071,1,outdated,In what country was the most recent winner of the Nobel Prize for Literature born?,0,derived_stringmatch,
dragged-0071,2,outdated,In what country was the most recent winner of the Nobel Prize for Literature born?,0,derived_stringmatch,
dragged-0071,3,outdated,In what country was the most recent winner of the Nobel Prize for Literature born?,0,derived_stringmatch,
dragged-0071,4,outdated,In what country was the most recent winner of the Nobel Prize for Literature born?,0,derived_stringmatch,
dragged-0071,5,outdated,In what country was the most recent winner of the Nobel Prize for Literature born?,0,derived_stringmatch,
dragged-0071,6,outdated,In what country was the most recent winner of the Nobel Prize for Literature born?,0,derived_stringmatch,
dragged-0071,7,outdated,In what country was the most recent winner of the Nobel Prize for Literature born?,0,derived_stringmatch,
dragged-0071,8,outdated,In what country was the most recent winner of the Nobel Prize for Literature born?,0,derived_stringmatch,
dragged-0071,9,outdated,In what country was the most recent winner of the Nobel Prize for Literature born?,0,derived_stringmatch,
dragged-0080,0,outdated,how many cracker barrels in the united states?,0,derived_stringmatch,
dragged-0080,1,outdated,how many cracker barrels in the united states?,0,derived_stringmatch,
dragged-0080,2,outdated,how many cracker barrels in the united states?,0,derived_stringmatch,
dragged-0080,3,outdated,how many cracker barrels in the united states?,0,derived_stringmatch,
dragged-0080,4,outdated,how many cracker barrels in the united states?,1,derived_stringmatch,
dragged-0080,5,outdated,how many cracker barrels in the united states?,0,derived_stringmatch,
dragged-0080,6,outdated,how many cracker barrels in the united states?,1,derived_stringmatch,correct
dragged-0080,7,outdated,how many cracker barrels in the united states?,0,derived_stringmatch,
dragged-0080,8,outdated,how many cracker barrels in the united states?,0,derived_stringmatch,
dragged-0084,0,outdated,How many tornadoes have been confirmed so far in the United States this year?,0,derived_stringmatch,
dragged-0084,1,outdated,How many tornadoes have been confirmed so far in the United States this year?,0,derived_stringmatch,
dragged-0084,2,outdated,How many tornadoes have been confirmed so far in the United States this year?,0,derived_stringmatch,
dragged-0084,3,outdated,How many tornadoes have been confirmed so far in the United States this year?,1,derived_stringmatch,correct
dragged-0084,4,outdated,How many tornadoes have been confirmed so far in the United States this year?,0,derived_stringmatch,
dragged-0084,5,outdated,How many tornadoes have been confirmed so far in the United States this year?,0,derived_stringmatch,
dragged-0084,6,outdated,How many tornadoes have been confirmed so far in the United States this year?,0,derived_stringmatch,
dragged-0084,7,outdated,How many tornadoes have been confirmed so far in the United States this year?,0,derived_stringmatch,
dragged-0084,8,outdated,How many tornadoes have been confirmed so far in the United States this year?,0,derived_stringmatch,
dragged-0086,0,outdated,what is the most visited country in south america,0,derived_stringmatch,
dragged-0086,1,outdated,what is the most visited country in south america,0,derived_stringmatch,
dragged-0086,2,outdated,what is the most visited country in south america,0,derived_stringmatch,
dragged-0086,3,outdated,what is the most visited country in south america,1,derived_stringmatch,correct
dragged-0086,4,outdated,what is the most visited country in south america,1,derived_stringmatch,
dragged-0086,5,outdated,what is the most visited country in south america,0,derived_stringmatch,
dragged-0086,6,outdated,what is the most visited country in south america,0,derived_stringmatch,
dragged-0086,7,outdated,what is the most visited country in south america,0,derived_stringmatch,
dragged-0086,8,outdated,what is the most visited country in south america,1,derived_stringmatch,
dragged-0090,0,outdated,Who won the latest NBA championship?,0,derived_stringmatch,
dragged-0090,1,outdated,Who won the latest NBA championship?,0,derived_stringmatch,
dragged-0090,2,outdated,Who won the latest NBA championship?,0,derived_stringmatch,
dragged-0090,3,outdated,Who won the latest NBA championship?,0,derived_stringmatch,correct
dragged-0090,4,outdated,Who won the latest NBA championship?,0,derived_stringmatch,
dragged-0090,5,outdated,Who won the latest NBA championship?,0,derived_stringmatch,
dragged-0090,6,outdated,Who won the latest NBA championship?,0,derived_stringmatch,
dragged-0090,7,outdated,Who won the latest NBA championship?,0,derived_stringmatch,correct
dragged-0090,8,outdated,Who won the latest NBA championship?,0,derived_stringmatch,
dragged-0093,0,outdated,In what country was the current Miss World born?,0,derived_stringmatch,
dragged-0093,1,outdated,In what country was the current Miss World born?,0,derived_stringmatch,
dragged-0093,2,outdated,In what country was the current Miss World born?,0,derived_stringmatch,
dragged-0093,3,outdated,In what country was the current Miss World born?,1,derived_stringmatch,correct
dragged-0093,4,outdated,In what country was the current Miss World born?,0,derived_stringmatch,
dragged-0093,5,outdated,In what country was the current Miss World born?,0,derived_stringmatch,
dragged-0093,6,outdated,In what country was the current Miss World born?,0,derived_stringmatch,
dragged-0093,7,outdated,In what country was the current Miss World born?,0,derived_stringmatch,
dragged-0099,0,outdated,How many exoplanets have been discovered?,0,derived_stringmatch,
dragged-0099,1,outdated,How many exoplanets have been discovered?,0,derived_stringmatch,
dragged-0099,2,outdated,How many exoplanets have been discovered?,1,derived_stringmatch,
dragged-0099,3,outdated,How many exoplanets have been discovered?,0,derived_stringmatch,
dragged-0099,4,outdated,How many exoplanets have been discovered?,0,derived_stringmatch,
dragged-0099,5,outdated,How many exoplanets have been discovered?,0,derived_stringmatch,
dragged-0099,6,outdated,How many exoplanets have been discovered?,0,derived_stringmatch,
dragged-0099,7,outdated,How many exoplanets have been discovered?,0,derived_stringmatch,
dragged-0099,8,outdated,How many exoplanets have been discovered?,0,derived_stringmatch,
dragged-0103,0,outdated,Who is the current ATP top-ranked men's singles tennis player?,0,derived_stringmatch,
dragged-0103,1,outdated,Who is the current ATP top-ranked men's singles tennis player?,0,derived_stringmatch,
dragged-0103,2,outdated,Who is the current ATP top-ranked men's singles tennis player?,0,derived_stringmatch,
dragged-0103,3,outdated,Who is the current ATP top-ranked men's singles tennis player?,0,derived_stringmatch,correct
dragged-0103,4,outdated,Who is the current ATP top-ranked men's singles tennis player?,0,derived_stringmatch,correct
dragged-0103,5,outdated,Who is the current ATP top-ranked men's singles tennis player?,0,derived_stringmatch,
dragged-0103,6,outdated,Who is the current ATP top-ranked men's singles tennis player?,0,derived_stringmatch,
dragged-0103,7,outdated,Who is the current ATP top-ranked men's singles tennis player?,0,derived_stringmatch,
dragged-0103,8,outdated,Who is the current ATP top-ranked men's singles tennis player?,0,derived_stringmatch,
dragged-0112,0,outdated,when was the last time cleveland browns went to playoffs,1,derived_stringmatch,correct
dragged-0112,1,outdated,when was the last time cleveland browns went to playoffs,0,derived_stringmatch,
dragged-0112,2,outdated,when was the last time cleveland browns went to playoffs,0,derived_stringmatch,
dragged-0112,3,outdated,when was the last time cleveland browns went to playoffs,0,derived_stringmatch,
dragged-0112,4,outdated,when was the last time cleveland browns went to playoffs,0,derived_stringmatch,
dragged-0112,5,outdated,when was the last time cleveland browns went to playoffs,0,derived_stringmatch,
dragged-0112,6,outdated,when was the last time cleveland browns went to playoffs,0,derived_stringmatch,
dragged-0112,7,outdated,when was the last time cleveland browns went to playoffs,0,derived_stringmatch,
dragged-0112,8,outdated,when was the last time cleveland browns went to playoffs,0,derived_stringmatch,
dragged-0115,0,outdated,Where is EMNLP this year?,0,derived_stringmatch,
dragged-0115,1,outdated,Where is EMNLP this year?,0,derived_stringmatch,
dragged-0115,2,outdated,Where is EMNLP this year?,0,derived_stringmatch,
dragged-0115,3,outdated,Where is EMNLP this year?,1,derived_stringmatch,
dragged-0115,4,outdated,Where is EMNLP this year?,0,derived_stringmatch,
dragged-0115,5,outdated,Where is EMNLP this year?,0,derived_stringmatch,
dragged-0115,6,outdated,Where is EMNLP this year?,0,derived_stringmatch,
dragged-0115,7,outdated,Where is EMNLP this year?,1,derived_stringmatch,correct
dragged-0115,8,outdated,Where is EMNLP this year?,1,derived_stringmatch,
dragged-0123,0,outdated,What date is Thanksgiving this year?,0,derived_stringmatch,
dragged-0123,1,outdated,What date is Thanksgiving this year?,0,derived_stringmatch,
dragged-0123,2,outdated,What date is Thanksgiving this year?,0,derived_stringmatch,
dragged-0123,3,outdated,What date is Thanksgiving this year?,0,derived_stringmatch,
dragged-0123,4,outdated,What date is Thanksgiving this year?,0,derived_stringmatch,
dragged-0123,5,outdated,What date is Thanksgiving this year?,0,derived_stringmatch,
dragged-0123,6,outdated,What date is Thanksgiving this year?,0,derived_stringmatch,
dragged-0123,7,outdated,What date is Thanksgiving this year?,0,derived_stringmatch,correct
dragged-0123,8,outdated,What date is Thanksgiving this year?,0,derived_stringmatch,
dragged-0124,0,outdated,who was the oldest man elected president,0,derived_stringmatch,
dragged-0124,1,outdated,who was the oldest man elected president,0,derived_stringmatch,
dragged-0124,2,outdated,who was the oldest man elected president,1,derived_stringmatch,correct
dragged-0124,3,outdated,who was the oldest man elected president,1,derived_stringmatch,
dragged-0124,4,outdated,who was the oldest man elected president,1,derived_stringmatch,
dragged-0124,5,outdated,who was the oldest man elected president,0,derived_stringmatch,
dragged-0124,6,outdated,who was the oldest man elected president,0,derived_stringmatch,
dragged-0124,7,outdated,who was the oldest man elected president,1,derived_stringmatch,
dragged-0129,0,outdated,who is the current director of the cia,0,derived_stringmatch,
dragged-0129,1,outdated,who is the current director of the cia,0,derived_stringmatch,
dragged-0129,2,outdated,who is the current director of the cia,0,derived_stringmatch,
dragged-0129,3,outdated,who is the current director of the cia,0,derived_stringmatch,
dragged-0129,4,outdated,who is the current director of the cia,0,derived_stringmatch,
dragged-0129,5,outdated,who is the current director of the cia,0,derived_stringmatch,
dragged-0129,6,outdated,who is the current director of the cia,1,derived_stringmatch,
dragged-0129,7,outdated,who is the current director of the cia,0,derived_stringmatch,
dragged-0129,8,outdated,who is the current director of the cia,1,derived_stringmatch,
dragged-0129,9,outdated,who is the current director of the cia,0,derived_stringmatch,
dragged-0131,0,outdated,When is this year's Ramadan?,0,derived_stringmatch,correct
dragged-0131,1,outdated,When is this year's Ramadan?,0,derived_stringmatch,
dragged-0131,2,outdated,When is this year's Ramadan?,0,derived_stringmatch,
dragged-0131,3,outdated,When is this year's Ramadan?,0,derived_stringmatch,
dragged-0131,4,outdated,When is this year's Ramadan?,0,derived_stringmatch,
dragged-0131,5,outdated,When is this year's Ramadan?,0,derived_stringmatch,
dragged-0131,6,outdated,When is this year's Ramadan?,0,derived_stringmatch,correct
dragged-0131,7,outdated,When is this year's Ramadan?,0,derived_stringmatch,
dragged-0131,8,outdated,When is this year's Ramadan?,0,derived_stringmatch,correct
dragged-0131,9,outdated,When is this year's Ramadan?,0,derived_stringmatch,correct
dragged-0137,0,outdated,What is the name of the world's fastest supercomputer?,0,derived_stringmatch,
dragged-0137,1,outdated,What is the name of the world's fastest supercomputer?,0,derived_stringmatch,
dragged-0137,2,outdated,What is the name of the world's fastest supercomputer?,0,derived_stringmatch,
dragged-0137,3,outdated,What is the name of the world's fastest supercomputer?,0,derived_stringmatch,correct
dragged-0137,4,outdated,What is the name of the world's fastest supercomputer?,0,derived_stringmatch,
dragged-0137,5,outdated,What is the name of the world's fastest supercomputer?,0,derived_stringmatch,
dragged-0137,6,outdated,What is the name of the world's fastest supercomputer?,0,derived_stringmatch,
dragged-0137,7,outdated,What is the name of the world's fastest supercomputer?,0,derived_stringmatch,correct
dragged-0147,0,outdated,how many students attend university of texas at austin,0,derived_stringmatch,
dragged-0147,1,outdated,how many students attend university of texas at austin,0,derived_stringmatch,
dragged-0147,2,outdated,how many students attend university of texas at austin,0,derived_stringmatch,
dragged-0147,3,outdated,how many students attend university of texas at austin,0,derived_stringmatch,
dragged-0147,4,outdated,how many students attend university of texas at austin,0,derived_stringmatch,
dragged-0147,5,outdated,how many students attend university of texas at austin,0,derived_stringmatch,
dragged-0147,6,outdated,how many students attend university of texas at austin,0,derived_stringmatch,
dragged-0148,0,outdated,Where is the next Grand Prix?,0,derived_stringmatch,
dragged-0148,1,outdated,Where is the next Grand Prix?,0,derived_stringmatch,
dragged-0148,2,outdated,Where is the next Grand Prix?,0,derived_stringmatch,
dragged-0148,3,outdated,Where is the next Grand Prix?,0,derived_stringmatch,
dragged-0148,4,outdated,Where is the next Grand Prix?,0,derived_stringmatch,
dragged-0148,5,outdated,Where is the next Grand Prix?,0,derived_stringmatch,
dragged-0148,6,outdated,Where is the next Grand Prix?,0,derived_stringmatch,
dragged-0148,7,outdated,Where is the next Grand Prix?,0,derived_stringmatch,
dragged-0148,8,outdated,Where is the next Grand Prix?,0,derived_stringmatch,
dragged-0151,0,outdated,who was the last person executed,0,derived_stringmatch,
dragged-0151,1,outdated,who was the last person executed,0,derived_stringmatch,
dragged-0151,2,outdated,who was the last person executed,0,derived_stringmatch,
dragged-0151,3,outdated,who was the last person executed,0,derived_stringmatch,
dragged-0151,4,outdated,who was the last person executed,0,derived_stringmatch,
dragged-0151,5,outdated,who was the last person executed,0,derived_stringmatch,
dragged-0151,6,outdated,who was the last person executed,0,derived_stringmatch,
dragged-0151,7,outdated,who was the last person executed,0,derived_stringmatch,
dragged-0151,8,outdated,who was the last person executed,0,derived_stringmatch,
dragged-0171,0,outdated,What is the title of Taylor Swift's most recent studio album?,0,derived_stringmatch,
dragged-0171,1,outdated,What is the title of Taylor Swift's most recent studio album?,0,derived_stringmatch,
dragged-0171,2,outdated,What is the title of Taylor Swift's most recent studio album?,1,derived_stringmatch,
dragged-0171,3,outdated,What is the title of Taylor Swift's most recent studio album?,0,derived_stringmatch,
dragged-0171,4,outdated,What is the title of Taylor Swift's most recent studio album?,1,derived_stringmatch,correct
dragged-0171,5,outdated,What is the title of Taylor Swift's most recent studio album?,1,derived_stringmatch,
dragged-0171,6,outdated,What is the title of Taylor Swift's most recent studio album?,0,derived_stringmatch,
dragged-0171,7,outdated,What is the title of Taylor Swift's most recent studio album?,1,derived_stringmatch,
dragged-0171,8,outdated,What is the title of Taylor Swift's most recent studio album?,1,derived_stringmatch,
dragged-0190,0,outdated,What won the latest Academy Award for Best Animated Short Film?,0,derived_stringmatch,
dragged-0190,1,outdated,What won the latest Academy Award for Best Animated Short Film?,0,derived_stringmatch,
dragged-0190,2,outdated,What won the latest Academy Award for Best Animated Short Film?,1,derived_stringmatch,
dragged-0190,3,outdated,What won the latest Academy Award for Best Animated Short Film?,0,derived_stringmatch,correct
dragged-0190,4,outdated,What won the latest Academy Award for Best Animated Short Film?,1,derived_stringmatch,
dragged-0190,5,outdated,What won the latest Academy Award for Best Animated Short Film?,1,derived_stringmatch,
dragged-0190,6,outdated,What won the latest Academy Award for Best Animated Short Film?,0,derived_stringmatch,
dragged-0190,7,outdated,What won the latest Academy Award for Best Animated Short Film?,0,derived_stringmatch,
dragged-0192,0,outdated,What won the latest Academy Award for Best Animated Feature?,1,derived_stringmatch,
dragged-0192,1,outdated,What won the latest Academy Award for Best Animated Feature?,1,derived_stringmatch,correct
dragged-0192,2,outdated,What won the latest Academy Award for Best Animated Feature?,0,derived_stringmatch,
dragged-0192,3,outdated,What won the latest Academy Award for Best Animated Feature?,0,derived_stringmatch,
dragged-0192,4,outdated,What won the latest Academy Award for Best Animated Feature?,1,derived_stringmatch,
dragged-0192,5,outdated,What won the latest Academy Award for Best Animated Feature?,0,derived_stringmatch,
dragged-0192,6,outdated,What won the latest Academy Award for Best Animated Feature?,1,derived_stringmatch,
dragged-0192,7,outdated,What won the latest Academy Award for Best Animated Feature?,0,derived_stringmatch,
dragged-0192,8,outdated,What won the latest Academy Award for Best Animated Feature?,0,derived_stringmatch,
dragged-0220,0,outdated,On what date did the Patriots last play the Miami Dolphins?,0,derived_stringmatch,
dragged-0220,1,outdated,On what date did the Patriots last play the Miami Dolphins?,0,derived_stringmatch,
dragged-0220,2,outdated,On what date did the Patriots last play the Miami Dolphins?,1,derived_stringmatch,
dragged-0220,3,outdated,On what date did the Patriots last play the Miami Dolphins?,0,derived_stringmatch,
dragged-0220,4,outdated,On what date did the Patriots last play the Miami Dolphins?,0,derived_stringmatch,
dragged-0220,5,outdated,On what date did the Patriots last play the Miami Dolphins?,0,derived_stringmatch,
dragged-0220,6,outdated,On what date did the Patriots last play the Miami Dolphins?,0,derived_stringmatch,correct
dragged-0220,7,outdated,On what date did the Patriots last play the Miami Dolphins?,0,derived_stringmatch,
dragged-0220,8,outdated,On what date did the Patriots last play the Miami Dolphins?,0,derived_stringmatch,
dragged-0230,0,outdated,What Berber year corresponds to the present year?,1,derived_stringmatch,correct
dragged-0230,1,outdated,What Berber year corresponds to the present year?,0,derived_stringmatch,
dragged-0230,2,outdated,What Berber year corresponds to the present year?,0,derived_stringmatch,
dragged-0230,3,outdated,What Berber year corresponds to the present year?,0,derived_stringmatch,
dragged-0230,4,outdated,What Berber year corresponds to the present year?,0,derived_stringmatch,
dragged-0230,5,outdated,What Berber year corresponds to the present year?,1,derived_stringmatch,
dragged-0230,6,outdated,What Berber year corresponds to the present year?,0,derived_stringmatch,
dragged-0230,7,outdated,What Berber year corresponds to the present year?,0,derived_stringmatch,
dragged-0249,0,outdated,Who is the latest MotoGP World Riders' Champion?,0,derived_stringmatch,
dragged-0249,1,outdated,Who is the latest MotoGP World Riders' Champion?,0,derived_stringmatch,
dragged-0249,2,outdated,Who is the latest MotoGP World Riders' Champion?,0,derived_stringmatch,
dragged-0249,3,outdated,Who is the latest MotoGP World Riders' Champion?,0,derived_stringmatch,
dragged-0249,4,outdated,Who is the latest MotoGP World Riders' Champion?,1,derived_stringmatch,
dragged-0249,5,outdated,Who is the latest MotoGP World Riders' Champion?,0,derived_stringmatch,
dragged-0249,6,outdated,Who is the latest MotoGP World Riders' Champion?,1,derived_stringmatch,
dragged-0249,7,outdated,Who is the latest MotoGP World Riders' Champion?,1,derived_stringmatch,
dragged-0249,8,outdated,Who is the latest MotoGP World Riders' Champion?,1,derived_stringmatch,
dragged-0249,9,outdated,Who is the latest MotoGP World Riders' Champion?,0,derived_stringmatch,
dragged-0252,0,outdated,Who is the current leader of al-Qaeda?,0,derived_stringmatch,
dragged-0252,1,outdated,Who is the current leader of al-Qaeda?,1,derived_stringmatch,
dragged-0252,2,outdated,Who is the current leader of al-Qaeda?,0,derived_stringmatch,
dragged-0252,3,outdated,Who is the current leader of al-Qaeda?,0,derived_stringmatch,
dragged-0252,4,outdated,Who is the current leader of al-Qaeda?,0,derived_stringmatch,
dragged-0252,5,outdated,Who is the current leader of al-Qaeda?,0,derived_stringmatch,
dragged-0252,6,outdated,Who is the current leader of al-Qaeda?,0,derived_stringmatch,
dragged-0252,7,outdated,Who is the current leader of al-Qaeda?,0,derived_stringmatch,
dragged-0252,8,outdated,Who is the current leader of al-Qaeda?,0,derived_stringmatch,correct
dragged-0273,0,outdated,total number of cafe coffee day,0,derived_stringmatch,
dragged-0273,1,outdated,total number of cafe coffee day,0,derived_stringmatch,
dragged-0273,2,outdated,total number of cafe coffee day,0,derived_stringmatch,
dragged-0273,3,outdated,total number of cafe coffee day,1,derived_stringmatch,
dragged-0273,4,outdated,total number of cafe coffee day,0,derived_stringmatch,
dragged-0273,5,outdated,total number of cafe coffee day,1,derived_stringmatch,correct
dragged-0273,6,outdated,total number of cafe coffee day,1,derived_stringmatch,correct
dragged-0273,7,outdated,total number of cafe coffee day,0,derived_stringmatch,
dragged-0273,8,outdated,total number of cafe coffee day,0,derived_stringmatch,
dragged-0276,0,outdated,When did the latest NFL season begin?,0,derived_stringmatch,
dragged-0276,1,outdated,When did the latest NFL season begin?,0,derived_stringmatch,correct
dragged-0276,2,outdated,When did the latest NFL season begin?,0,derived_stringmatch,
dragged-0276,3,outdated,When did the latest NFL season begin?,0,derived_stringmatch,
dragged-0276,4,outdated,When did the latest NFL season begin?,0,derived_stringmatch,
dragged-0276,5,outdated,When did the latest NFL season begin?,0,derived_stringmatch,
dragged-0276,6,outdated,When did the latest NFL season begin?,0,derived_stringmatch,
dragged-0276,7,outdated,When did the latest NFL season begin?,0,derived_stringmatch,
dragged-0276,8,outdated,When did the latest NFL season begin?,0,derived_stringmatch,
dragged-0276,9,outdated,When did the latest NFL season begin?,0,derived_stringmatch,
dragged-0285,0,outdated,What is the host city of the upcoming International Olympiad in Informatics (IOI)?,0,derived_stringmatch,correct
dragged-0285,1,outdated,What is the host city of the upcoming International Olympiad in Informatics (IOI)?,0,derived_stringmatch,
dragged-0285,2,outdated,What is the host city of the upcoming International Olympiad in Informatics (IOI)?,0,derived_stringmatch,
dragged-0285,3,outdated,What is the host city of the upcoming International Olympiad in Informatics (IOI)?,0,derived_stringmatch,
dragged-0285,4,outdated,What is the host city of the upcoming International Olympiad in Informatics (IOI)?,0,derived_stringmatch,
dragged-0285,5,outdated,What is the host city of the upcoming International Olympiad in Informatics (IOI)?,0,derived_stringmatch,
dragged-0285,6,outdated,What is the host city of the upcoming International Olympiad in Informatics (IOI)?,0,derived_stringmatch,
dragged-0285,7,outdated,What is the host city of the upcoming International Olympiad in Informatics (IOI)?,0,derived_stringmatch,
dragged-0285,8,outdated,What is the host city of the upcoming International Olympiad in Informatics (IOI)?,0,derived_stringmatch,
dragged-0297,0,outdated,Which team holds the record for largest deficit overcome to win an NFL game?,0,derived_stringmatch,
dragged-0297,1,outdated,Which team holds the record for largest deficit overcome to win an NFL game?,1,derived_stringmatch,correct
dragged-0297,2,outdated,Which team holds the record for largest deficit overcome to win an NFL game?,0,derived_stringmatch,
dragged-0297,3,outdated,Which team holds the record for largest deficit overcome to win an NFL game?,0,derived_stringmatch,
dragged-0297,4,outdated,Which team holds the record for largest deficit overcome to win an NFL game?,1,derived_stringmatch,
dragged-0297,5,outdated,Which team holds the record for largest deficit overcome to win an NFL game?,0,derived_stringmatch,
dragged-0297,6,outdated,Which team holds the record for largest deficit overcome to win an NFL game?,1,derived_stringmatch,
dragged-0297,7,outdated,Which team holds the record for largest deficit overcome to win an NFL game?,0,derived_stringmatch,
dragged-0297,8,outdated,Which team holds the record for largest deficit overcome to win an NFL game?,0,derived_stringmatch,
dragged-0297,9,outdated,Which team holds the record for largest deficit overcome to win an NFL game?,0,derived_stringmatch,
dragged-0300,0,outdated,Which game won the Spiel des Jahres award most recently?,0,derived_stringmatch,
dragged-0300,1,outdated,Which game won the Spiel des Jahres award most recently?,0,derived_stringmatch,
dragged-0300,2,outdated,Which game won the Spiel des Jahres award most recently?,1,derived_stringmatch,correct
dragged-0300,3,outdated,Which game won the Spiel des Jahres award most recently?,0,derived_stringmatch,
dragged-0300,4,outdated,Which game won the Spiel des Jahres award most recently?,1,derived_stringmatch,
dragged-0300,5,outdated,Which game won the Spiel des Jahres award most recently?,0,derived_stringmatch,
dragged-0300,6,outdated,Which game won the Spiel des Jahres award most recently?,0,derived_stringmatch,
dragged-0300,7,outdated,Which game won the Spiel des Jahres award most recently?,0,derived_stringmatch,
dragged-0300,8,outdated,Which game won the Spiel des Jahres award most recently?,0,derived_stringmatch,
dragged-0310,0,outdated,what is the population of the state of utah,0,derived_stringmatch,correct
dragged-0310,1,outdated,what is the population of the state of utah,0,derived_stringmatch,
dragged-0310,2,outdated,what is the population of the state of utah,0,derived_stringmatch,
dragged-0310,3,outdated,what is the population of the state of utah,0,derived_stringmatch,
dragged-0310,4,outdated,what is the population of the state of utah,0,derived_stringmatch,
dragged-0310,5,outdated,what is the population of the state of utah,0,derived_stringmatch,
dragged-0310,6,outdated,what is the population of the state of utah,0,derived_stringmatch,
dragged-0310,7,outdated,what is the population of the state of utah,0,derived_stringmatch,
dragged-0310,8,outdated,what is the population of the state of utah,0,derived_stringmatch,
dragged-0316,0,outdated,Which video on youtube has the most dislikes?,0,derived_stringmatch,
dragged-0316,1,outdated,Which video on youtube has the most dislikes?,0,derived_stringmatch,
dragged-0316,2,outdated,Which video on youtube has the most dislikes?,0,derived_stringmatch,
dragged-0316,3,outdated,Which video on youtube has the most dislikes?,1,derived_stringmatch,correct
dragged-0316,4,outdated,Which video on youtube has the most dislikes?,0,derived_stringmatch,
dragged-0316,5,outdated,Which video on youtube has the most dislikes?,1,derived_stringmatch,
dragged-0316,6,outdated,Which video on youtube has the most dislikes?,0,derived_stringmatch,
dragged-0316,7,outdated,Which video on youtube has the most dislikes?,0,derived_stringmatch,
dragged-0316,8,outdated,Which video on youtube has the most dislikes?,1,derived_stringmatch,
dragged-0332,0,outdated,who was the last person appointed to the u.s. supreme court,0,derived_stringmatch,
dragged-0332,1,outdated,who was the last person appointed to the u.s. supreme court,0,derived_stringmatch,
dragged-0332,2,outdated,who was the last person appointed to the u.s. supreme court,0,derived_stringmatch,
dragged-0332,3,outdated,who was the last person appointed to the u.s. supreme court,0,derived_stringmatch,
dragged-0332,4,outdated,who was the last person appointed to the u.s. supreme court,0,derived_stringmatch,correct
dragged-0332,5,outdated,who was the last person appointed to the u.s. supreme court,0,derived_stringmatch,
dragged-0332,6,outdated,who was the last person appointed to the u.s. supreme court,0,derived_stringmatch,
dragged-0332,7,outdated,who was the last person appointed to the u.s. supreme court,0,derived_stringmatch,
dragged-0332,8,outdated,who was the last person appointed to the u.s. supreme court,0,derived_stringmatch,
dragged-0339,0,outdated,How many LauncherOne's flights have successfully reached the Low Earth orbit?,,undetermined,correct
dragged-0339,1,outdated,How many LauncherOne's flights have successfully reached the Low Earth orbit?,,undetermined,
dragged-0339,2,outdated,How many LauncherOne's flights have successfully reached the Low Earth orbit?,,undetermined,
dragged-0339,3,outdated,How many LauncherOne's flights have successfully reached the Low Earth orbit?,,undetermined,
dragged-0339,4,outdated,How many LauncherOne's flights have successfully reached the Low Earth orbit?,,undetermined,
dragged-0339,5,outdated,How many LauncherOne's flights have successfully reached the Low Earth orbit?,,undetermined,
dragged-0339,6,outdated,How many LauncherOne's flights have successfully reached the Low Earth orbit?,,undetermined,
dragged-0339,7,outdated,How many LauncherOne's flights have successfully reached the Low Earth orbit?,,undetermined,
dragged-0339,8,outdated,How many LauncherOne's flights have successfully reached the Low Earth orbit?,,undetermined,
dragged-0343,0,outdated,India's second largest integrated oil refining and marketing company?,0,derived_stringmatch,
dragged-0343,1,outdated,India's second largest integrated oil refining and marketing company?,0,derived_stringmatch,
dragged-0343,2,outdated,India's second largest integrated oil refining and marketing company?,0,derived_stringmatch,
dragged-0343,3,outdated,India's second largest integrated oil refining and marketing company?,0,derived_stringmatch,
dragged-0343,4,outdated,India's second largest integrated oil refining and marketing company?,0,derived_stringmatch,
dragged-0343,5,outdated,India's second largest integrated oil refining and marketing company?,0,derived_stringmatch,
dragged-0343,6,outdated,India's second largest integrated oil refining and marketing company?,0,derived_stringmatch,
dragged-0343,7,outdated,India's second largest integrated oil refining and marketing company?,0,derived_stringmatch,
dragged-0343,8,outdated,India's second largest integrated oil refining and marketing company?,0,derived_stringmatch,
dragged-0343,9,outdated,India's second largest integrated oil refining and marketing company?,0,derived_stringmatch,
dragged-0369,0,outdated,What is Greg Egan's latest novel?,0,derived_stringmatch,
dragged-0369,1,outdated,What is Greg Egan's latest novel?,0,derived_stringmatch,
dragged-0369,2,outdated,What is Greg Egan's latest novel?,0,derived_stringmatch,
dragged-0369,3,outdated,What is Greg Egan's latest novel?,0,derived_stringmatch,
dragged-0369,4,outdated,What is Greg Egan's latest novel?,0,derived_stringmatch,
dragged-0369,5,outdated,What is Greg Egan's latest novel?,0,derived_stringmatch,
dragged-0369,6,outdated,What is Greg Egan's latest novel?,0,derived_stringmatch,
dragged-0369,7,outdated,What is Greg Egan's latest novel?,0,derived_stringmatch,
dragged-0369,8,outdated,What is Greg Egan's latest novel?,1,derived_stringmatch,correct
dragged-0380,0,outdated,How many people are there in the world?,0,derived_stringmatch,
dragged-0380,1,outdated,How many people are there in the world?,0,derived_stringmatch,
dragged-0380,2,outdated,How many people are there in the world?,1,derived_stringmatch,
dragged-0380,3,outdated,How many people are there in the world?,0,derived_stringmatch,
dragged-0380,4,outdated,How many people are there in the world?,0,derived_stringmatch,
dragged-0380,5,outdated,How many people are there in the world?,1,derived_stringmatch,
dragged-0380,6,outdated,How many people are there in the world?,0,derived_stringmatch,
dragged-0380,7,outdated,How many people are there in the world?,0,derived_stringmatch,correct
dragged-0380,8,outdated,How many people are there in the world?,1,derived_stringmatch,
dragged-0380,9,outdated,How many people are there in the world?,0,derived_stringmatch,
dragged-0381,0,outdated,What is the hottest year on record?,0,derived_stringmatch,
dragged-0381,1,outdated,What is the hottest year on record?,0,derived_stringmatch,
dragged-0381,2,outdated,What is the hottest year on record?,0,derived_stringmatch,
dragged-0381,3,outdated,What is the hottest year on record?,1,derived_stringmatch,
dragged-0381,4,outdated,What is the hottest year on record?,1,derived_stringmatch,correct
dragged-0381,5,outdated,What is the hottest year on record?,1,derived_stringmatch,
dragged-0381,6,outdated,What is the hottest year on record?,1,derived_stringmatch,
dragged-0381,7,outdated,What is the hottest year on record?,0,derived_stringmatch,
dragged-0381,8,outdated,What is the hottest year on record?,0,derived_stringmatch,
dragged-0384,0,outdated,Is one US dollar worth more than 82 Indian rupees?,,undetermined,
dragged-0384,1,outdated,Is one US dollar worth more than 82 Indian rupees?,,undetermined,
dragged-0384,2,outdated,Is one US dollar worth more than 82 Indian rupees?,,undetermined,
dragged-0384,3,outdated,Is one US dollar worth more than 82 Indian rupees?,,undetermined,
dragged-0384,4,outdated,Is one US dollar worth more than 82 Indian rupees?,,undetermined,correct
dragged-0384,5,outdated,Is one US dollar worth more than 82 Indian rupees?,,undetermined,
dragged-0384,6,outdated,Is one US dollar worth more than 82 Indian rupees?,,undetermined,
dragged-0384,7,outdated,Is one US dollar worth more than 82 Indian rupees?,,undetermined,
dragged-0384,8,outdated,Is one US dollar worth more than 82 Indian rupees?,,undetermined,
dragged-0387,0,outdated,What is Croatia's current national currency?,1,derived_stringmatch,correct
dragged-0387,1,outdated,What is Croatia's current national currency?,1,derived_stringmatch,
dragged-0387,2,outdated,What is Croatia's current national currency?,1,derived_stringmatch,
dragged-0387,3,outdated,What is Croatia's current national currency?,1,derived_stringmatch,
dragged-0387,4,outdated,What is Croatia's current national currency?,1,derived_stringmatch,
dragged-0387,5,outdated,What is Croatia's current national currency?,1,derived_stringmatch,
dragged-0387,6,outdated,What is Croatia's current national currency?,1,derived_stringmatch,
dragged-0387,7,outdated,What is Croatia's current national currency?,1,derived_stringmatch,
dragged-0387,8,outdated,What is Croatia's current national currency?,1,derived_stringmatch,
dragged-0393,0,outdated,What is the host stadium of this year's Super Bowl?,1,derived_stringmatch,correct
dragged-0393,1,outdated,What is the host stadium of this year's Super Bowl?,0,derived_stringmatch,
dragged-0393,2,outdated,What is the host stadium of this year's Super Bowl?,1,derived_stringmatch,
dragged-0393,3,outdated,What is the host stadium of this year's Super Bowl?,0,derived_stringmatch,
dragged-0393,4,outdated,What is the host stadium of this year's Super Bowl?,0,derived_stringmatch,
dragged-0393,5,outdated,What is the host stadium of this year's Super Bowl?,1,derived_stringmatch,
dragged-0393,6,outdated,What is the host stadium of this year's Super Bowl?,1,derived_stringmatch,correct
dragged-0393,7,outdated,What is the host stadium of this year's Super Bowl?,1,derived_stringmatch,correct
dragged-0393,8,outdated,What is the host stadium of this year's Super Bowl?,0,derived_stringmatch,
dragged-0393,9,outdated,What is the host stadium of this year's Super Bowl?,0,derived_stringmatch,
dragged-0395,0,outdated,Who is the most recent former Prime Minister of the United Kingdom?,1,derived_stringmatch,
dragged-0395,1,outdated,Who is the most recent former Prime Minister of the United Kingdom?,1,derived_stringmatch,
dragged-0395,2,outdated,Who is the most recent former Prime Minister of the United Kingdom?,0,derived_stringmatch,
dragged-0395,3,outdated,Who is the most recent former Prime Minister of the United Kingdom?,0,derived_stringmatch,
dragged-0395,4,outdated,Who is the most recent former Prime Minister of the United Kingdom?,0,derived_stringmatch,
dragged-0395,5,outdated,Who is the most recent former Prime Minister of the United Kingdom?,1,derived_stringmatch,
dragged-0395,6,outdated,Who is the most recent former Prime Minister of the United Kingdom?,0,derived_stringmatch,
dragged-0395,7,outdated,Who is the most recent former Prime Minister of the United Kingdom?,0,derived_stringmatch,
dragged-0395,8,outdated,Who is the most recent former Prime Minister of the United Kingdom?,0,derived_stringmatch,
dragged-0395,9,outdated,Who is the most recent former Prime Minister of the United Kingdom?,0,derived_stringmatch,
dragged-0403,0,outdated,What was the largest acquisition deal of a tech company in history?,0,derived_stringmatch,
dragged-0403,1,outdated,What was the largest acquisition deal of a tech company in history?,0,derived_stringmatch,
dragged-0403,2,outdated,What was the largest acquisition deal of a tech company in history?,0,derived_stringmatch,
dragged-0403,3,outdated,What was the largest acquisition deal of a tech company in history?,0,derived_stringmatch,
dragged-0403,4,outdated,What was the largest acquisition deal of a tech company in history?,0,derived_stringmatch,
dragged-0403,5,outdated,What was the largest acquisition deal of a tech company in history?,0,derived_stringmatch,
dragged-0403,6,outdated,What was the largest acquisition deal of a tech company in history?,0,derived_stringmatch,
dragged-0403,7,outdated,What was the largest acquisition deal of a tech company in history?,0,derived_stringmatch,correct
dragged-0403,8,outdated,What was the largest acquisition deal of a tech company in history?,0,derived_stringmatch,
dragged-0405,0,outdated,How many novels has Stephen King published?,0,derived_stringmatch,
dragged-0405,1,outdated,How many novels has Stephen King published?,0,derived_stringmatch,
dragged-0405,2,outdated,How many novels has Stephen King published?,1,derived_stringmatch,correct
dragged-0405,3,outdated,How many novels has Stephen King published?,0,derived_stringmatch,
dragged-0405,4,outdated,How many novels has Stephen King published?,0,derived_stringmatch,
dragged-0405,5,outdated,How many novels has Stephen King published?,0,derived_stringmatch,
dragged-0405,6,outdated,How many novels has Stephen King published?,0,derived_stringmatch,
dragged-0405,7,outdated,How many novels has Stephen King published?,0,derived_stringmatch,
dragged-0405,8,outdated,How many novels has Stephen King published?,0,derived_stringmatch,
dragged-0405,9,outdated,How many novels has Stephen King published?,0,derived_stringmatch,
dragged-0416,0,outdated,Who won the last open at royal birkdale?,0,derived_stringmatch,
dragged-0416,1,outdated,Who won the last open at royal birkdale?,1,derived_stringmatch,
dragged-0416,2,outdated,Who won the last open at royal birkdale?,1,derived_stringmatch,
dragged-0416,3,outdated,Who won the last open at royal birkdale?,1,derived_stringmatch,
dragged-0416,4,outdated,Who won the last open at royal birkdale?,1,derived_stringmatch,correct
dragged-0416,5,outdated,Who won the last open at royal birkdale?,1,derived_stringmatch,
dragged-0416,6,outdated,Who won the last open at royal birkdale?,0,derived_stringmatch,
dragged-0416,7,outdated,Who won the last open at royal birkdale?,0,derived_stringmatch,
dragged-0416,8,outdated,Who won the last open at royal birkdale?,0,derived_stringmatch,
dragged-0433,0,outdated,Is the Giant Panda still considered an endangered species?,0,derived_stringmatch,
dragged-0433,1,outdated,Is the Giant Panda still considered an endangered species?,0,derived_stringmatch,
dragged-0433,2,outdated,Is the Giant Panda still considered an endangered species?,0,derived_stringmatch,
dragged-0433,3,outdated,Is the Giant Panda still considered an endangered species?,0,derived_stringmatch,
dragged-0433,4,outdated,Is the Giant Panda still considered an endangered species?,0,derived_stringmatch,
dragged-0433,5,outdated,Is the Giant Panda still considered an endangered species?,0,derived_stringmatch,
dragged-0433,6,outdated,Is the Giant Panda still considered an endangered species?,0,derived_stringmatch,
dragged-0433,7,outdated,Is the Giant Panda still considered an endangered species?,0,derived_stringmatch,
dragged-0433,8,outdated,Is the Giant Panda still considered an endangered species?,0,derived_stringmatch,
dragged-0433,9,outdated,Is the Giant Panda still considered an endangered species?,0,derived_stringmatch,
dragged-0433,10,outdated,Is the Giant Panda still considered an endangered species?,0,derived_stringmatch,
dragged-0433,11,outdated,Is the Giant Panda still considered an endangered species?,0,derived_stringmatch,
dragged-0433,12,outdated,Is the Giant Panda still considered an endangered species?,0,derived_stringmatch,
dragged-0433,13,outdated,Is the Giant Panda still considered an endangered species?,0,derived_stringmatch,
dragged-0433,14,outdated,Is the Giant Panda still considered an endangered species?,0,derived_stringmatch,
dragged-0433,15,outdated,Is the Giant Panda still considered an endangered species?,0,derived_stringmatch,
dragged-0433,16,outdated,Is the Giant Panda still considered an endangered species?,0,derived_stringmatch,
dragged-0433,17,outdated,Is the Giant Panda still considered an endangered species?,0,derived_stringmatch,
dragged-0433,18,outdated,Is the Giant Panda still considered an endangered species?,0,derived_stringmatch,
dragged-0433,19,outdated,Is the Giant Panda still considered an endangered species?,0,derived_stringmatch,
dragged-0435,0,outdated,"How many publicly traded American companies have, at any point, had a market capitalization in excess of $3 trillion?",0,derived_stringmatch,
dragged-0435,1,outdated,"How many publicly traded American companies have, at any point, had a market capitalization in excess of $3 trillion?",0,derived_stringmatch,correct
dragged-0435,2,outdated,"How many publicly traded American companies have, at any point, had a market capitalization in excess of $3 trillion?",0,derived_stringmatch,
dragged-0435,3,outdated,"How many publicly traded American companies have, at any point, had a market capitalization in excess of $3 trillion?",0,derived_stringmatch,
dragged-0435,4,outdated,"How many publicly traded American companies have, at any point, had a market capitalization in excess of $3 trillion?",0,derived_stringmatch,
dragged-0435,5,outdated,"How many publicly traded American companies have, at any point, had a market capitalization in excess of $3 trillion?",0,derived_stringmatch,
dragged-0435,6,outdated,"How many publicly traded American companies have, at any point, had a market capitalization in excess of $3 trillion?",0,derived_stringmatch,
dragged-0435,7,outdated,"How many publicly traded American companies have, at any point, had a market capitalization in excess of $3 trillion?",0,derived_stringmatch,
dragged-0435,8,outdated,"How many publicly traded American companies have, at any point, had a market capitalization in excess of $3 trillion?",0,derived_stringmatch,
dragged-0435,9,outdated,"How many publicly traded American companies have, at any point, had a market capitalization in excess of $3 trillion?",0,derived_stringmatch,
dragged-0440,0,outdated,Who is the highest-paid athlete in the world?,1,derived_stringmatch,
dragged-0440,1,outdated,Who is the highest-paid athlete in the world?,0,derived_stringmatch,
dragged-0440,2,outdated,Who is the highest-paid athlete in the world?,0,derived_stringmatch,
dragged-0440,3,outdated,Who is the highest-paid athlete in the world?,1,derived_stringmatch,correct
dragged-0440,4,outdated,Who is the highest-paid athlete in the world?,1,derived_stringmatch,
dragged-0440,5,outdated,Who is the highest-paid athlete in the world?,1,derived_stringmatch,
dragged-0440,6,outdated,Who is the highest-paid athlete in the world?,0,derived_stringmatch,
dragged-0440,7,outdated,Who is the highest-paid athlete in the world?,1,derived_stringmatch,
dragged-0440,8,outdated,Who is the highest-paid athlete in the world?,1,derived_stringmatch,
dragged-0440,9,outdated,Who is the highest-paid athlete in the world?,0,derived_stringmatch,
dragged-0448,0,outdated,How many people have been on the International Space Station?,0,derived_stringmatch,
dragged-0448,1,outdated,How many people have been on the International Space Station?,0,derived_stringmatch,
dragged-0448,2,outdated,How many people have been on the International Space Station?,0,derived_stringmatch,
dragged-0448,3,outdated,How many people have been on the International Space Station?,0,derived_stringmatch,
dragged-0448,4,outdated,How many people have been on the International Space Station?,0,derived_stringmatch,
dragged-0448,5,outdated,How many people have been on the International Space Station?,0,derived_stringmatch,
dragged-0448,6,outdated,How many people have been on the International Space Station?,0,derived_stringmatch,
dragged-0448,7,outdated,How many people have been on the International Space Station?,0,derived_stringmatch,
dragged-0448,8,outdated,How many people have been on the International Space Station?,1,derived_stringmatch,correct
dragged-0450,0,outdated,How many countries have recognized same-sex marriage?,,undetermined,
dragged-0450,1,outdated,How many countries have recognized same-sex marriage?,,undetermined,correct
dragged-0450,2,outdated,How many countries have recognized same-sex marriage?,,undetermined,
dragged-0450,3,outdated,How many countries have recognized same-sex marriage?,,undetermined,
dragged-0450,4,outdated,How many countries have recognized same-sex marriage?,,undetermined,
dragged-0450,5,outdated,How many countries have recognized same-sex marriage?,,undetermined,
dragged-0450,6,outdated,How many countries have recognized same-sex marriage?,,undetermined,
dragged-0450,7,outdated,How many countries have recognized same-sex marriage?,,undetermined,
dragged-0451,0,outdated,Who posted the most-liked tweet last year?,0,derived_stringmatch,
dragged-0451,1,outdated,Who posted the most-liked tweet last year?,1,derived_stringmatch,correct
dragged-0451,2,outdated,Who posted the most-liked tweet last year?,1,derived_stringmatch,
dragged-0451,3,outdated,Who posted the most-liked tweet last year?,0,derived_stringmatch,
dragged-0451,4,outdated,Who posted the most-liked tweet last year?,1,derived_stringmatch,
dragged-0451,5,outdated,Who posted the most-liked tweet last year?,0,derived_stringmatch,
dragged-0451,6,outdated,Who posted the most-liked tweet last year?,1,derived_stringmatch,
dragged-0451,7,outdated,Who posted the most-liked tweet last year?,0,derived_stringmatch,
dragged-0451,8,outdated,Who posted the most-liked tweet last year?,0,derived_stringmatch,
dragged-0451,9,outdated,Who posted the most-liked tweet last year?,1,derived_stringmatch,
dragged-0452,0,outdated,Do Tesla and X Corp. have the same CEO?,,undetermined,
dragged-0452,1,outdated,Do Tesla and X Corp. have the same CEO?,,undetermined,
dragged-0452,2,outdated,Do Tesla and X Corp. have the same CEO?,,undetermined,
dragged-0452,3,outdated,Do Tesla and X Corp. have the same CEO?,,undetermined,
dragged-0452,4,outdated,Do Tesla and X Corp. have the same CEO?,,undetermined,
dragged-0452,5,outdated,Do Tesla and X Corp. have the same CEO?,,undetermined,
dragged-0452,6,outdated,Do Tesla and X Corp. have the same CEO?,,undetermined,correct
dragged-0452,7,outdated,Do Tesla and X Corp. have the same CEO?,,undetermined,
dragged-0452,8,outdated,Do Tesla and X Corp. have the same CEO?,,undetermined,
dragged-0454,0,outdated,what percent of schools wear uniforms,,undetermined,
dragged-0454,1,outdated,what percent of schools wear uniforms,,undetermined,
dragged-0454,2,outdated,what percent of schools wear uniforms,,undetermined,correct
dragged-0454,3,outdated,what percent of schools wear uniforms,,undetermined,
dragged-0454,4,outdated,what percent of schools wear uniforms,,undetermined,
dragged-0454,5,outdated,what percent of schools wear uniforms,,undetermined,
dragged-0454,6,outdated,what percent of schools wear uniforms,,undetermined,
dragged-0454,7,outdated,what percent of schools wear uniforms,,undetermined,
dragged-0455,0,outdated,Who is the richest man on earth?,1,derived_stringmatch,
dragged-0455,1,outdated,Who is the richest man on earth?,1,derived_stringmatch,correct
dragged-0455,2,outdated,Who is the richest man on earth?,1,derived_stringmatch,
dragged-0455,3,outdated,Who is the richest man on earth?,0,derived_stringmatch,
dragged-0455,4,outdated,Who is the richest man on earth?,1,derived_stringmatch,
dragged-0455,5,outdated,Who is the richest man on earth?,1,derived_stringmatch,
dragged-0455,6,outdated,Who is the richest man on earth?,0,derived_stringmatch,
dragged-0455,7,outdated,Who is the richest man on earth?,1,derived_stringmatch,
